timestamp,pod,metric,value,namespace
1700000000,pod-a,cpu_cores,0.27920031787519006,demo-ocs
1700000000,pod-a,latency_ms,21.500902391612914,demo-ocs
1700000000,pod-a,request_total,8,demo-ocs
1700000010,pod-a,cpu_cores,0.3188112943278243,demo-ocs
1700000010,pod-a,latency_ms,16.097929622692327,demo-ocs
1700000010,pod-a,request_total,21,demo-ocs
1700000020,pod-a,cpu_cores,0.3025568080633457,demo-ocs
1700000020,pod-a,latency_ms,19.367514815312834,demo-ocs
1700000020,pod-a,request_total,32,demo-ocs
1700000030,pod-a,cpu_cores,0.2996639768499142,demo-ocs
1700000030,pod-a,latency_ms,18.29391214485284,demo-ocs
1700000030,pod-a,request_total,46,demo-ocs
1700000040,pod-a,cpu_cores,0.31555583870857895,demo-ocs
1700000040,pod-a,latency_ms,20.13206139512243,demo-ocs
1700000040,pod-a,request_total,57,demo-ocs
1700000050,pod-a,cpu_cores,0.32254482413936064,demo-ocs
1700000050,pod-a,latency_ms,20.93501868450409,demo-ocs
1700000050,pod-a,request_total,67,demo-ocs
1700000060,pod-a,cpu_cores,0.30737501568165,demo-ocs
1700000060,pod-a,latency_ms,18.082234798342004,demo-ocs
1700000060,pod-a,request_total,78,demo-ocs
1700000070,pod-a,cpu_cores,0.31756900602614546,demo-ocs
1700000070,pod-a,latency_ms,19.900148178027493,demo-ocs
1700000070,pod-a,request_total,87,demo-ocs
1700000080,pod-a,cpu_cores,0.28638140911192117,demo-ocs
1700000080,pod-a,latency_ms,22.44508267734806,demo-ocs
1700000080,pod-a,request_total,96,demo-ocs
1700000090,pod-a,cpu_cores,0.29690941035862395,demo-ocs
1700000090,pod-a,latency_ms,19.143344355673786,demo-ocs
1700000090,pod-a,request_total,109,demo-ocs
1700000100,pod-a,cpu_cores,0.31064618371106695,demo-ocs
1700000100,pod-a,latency_ms,20.730888128728157,demo-ocs
1700000100,pod-a,request_total,122,demo-ocs
1700000110,pod-a,cpu_cores,0.3082546522319198,demo-ocs
1700000110,pod-a,latency_ms,20.861642006015764,demo-ocs
1700000110,pod-a,request_total,131,demo-ocs
1700000120,pod-a,cpu_cores,0.2918716996723077,demo-ocs
1700000120,pod-a,latency_ms,18.975514541856924,demo-ocs
1700000120,pod-a,request_total,145,demo-ocs
1700000130,pod-a,cpu_cores,0.28372454543504244,demo-ocs
1700000130,pod-a,latency_ms,21.23195884515099,demo-ocs
1700000130,pod-a,request_total,158,demo-ocs
1700000140,pod-a,cpu_cores,0.2977210508469025,demo-ocs
1700000140,pod-a,latency_ms,18.319687046074943,demo-ocs
1700000140,pod-a,request_total,171,demo-ocs
1700000150,pod-a,cpu_cores,0.2835103756861752,demo-ocs
1700000150,pod-a,latency_ms,21.301185575649402,demo-ocs
1700000150,pod-a,request_total,180,demo-ocs
1700000160,pod-a,cpu_cores,0.3108630853661039,demo-ocs
1700000160,pod-a,latency_ms,18.668980585422613,demo-ocs
1700000160,pod-a,request_total,194,demo-ocs
1700000170,pod-a,cpu_cores,0.3046432264613344,demo-ocs
1700000170,pod-a,latency_ms,20.233371618281456,demo-ocs
1700000170,pod-a,request_total,205,demo-ocs
1700000180,pod-a,cpu_cores,0.3174285755589638,demo-ocs
1700000180,pod-a,latency_ms,20.447191097549364,demo-ocs
1700000180,pod-a,request_total,219,demo-ocs
1700000190,pod-a,cpu_cores,0.3135782712614379,demo-ocs
1700000190,pod-a,latency_ms,20.135158138977783,demo-ocs
1700000190,pod-a,request_total,229,demo-ocs
1700000200,pod-a,cpu_cores,0.3126257645167708,demo-ocs
1700000200,pod-a,latency_ms,17.085688360288668,demo-ocs
1700000200,pod-a,request_total,242,demo-ocs
1700000210,pod-a,cpu_cores,0.293606575672854,demo-ocs
1700000210,pod-a,latency_ms,19.05925469141441,demo-ocs
1700000210,pod-a,request_total,255,demo-ocs
1700000220,pod-a,cpu_cores,0.2944971549754663,demo-ocs
1700000220,pod-a,latency_ms,22.98988262246879,demo-ocs
1700000220,pod-a,request_total,266,demo-ocs
1700000230,pod-a,cpu_cores,0.2826833776861351,demo-ocs
1700000230,pod-a,latency_ms,21.936556709182963,demo-ocs
1700000230,pod-a,request_total,277,demo-ocs
1700000240,pod-a,cpu_cores,0.2933022994002845,demo-ocs
1700000240,pod-a,latency_ms,20.325506130210012,demo-ocs
1700000240,pod-a,request_total,290,demo-ocs
1700000250,pod-a,cpu_cores,0.31172444662718557,demo-ocs
1700000250,pod-a,latency_ms,21.42245315958571,demo-ocs
1700000250,pod-a,request_total,301,demo-ocs
1700000260,pod-a,cpu_cores,0.29302549855503124,demo-ocs
1700000260,pod-a,latency_ms,19.075296414670866,demo-ocs
1700000260,pod-a,request_total,314,demo-ocs
1700000270,pod-a,cpu_cores,0.31715951762514305,demo-ocs
1700000270,pod-a,latency_ms,19.61739135023677,demo-ocs
1700000270,pod-a,request_total,324,demo-ocs
1700000280,pod-a,cpu_cores,0.27733425571993037,demo-ocs
1700000280,pod-a,latency_ms,18.161095427996777,demo-ocs
1700000280,pod-a,request_total,338,demo-ocs
1700000290,pod-a,cpu_cores,0.3099432148810753,demo-ocs
1700000290,pod-a,latency_ms,20.28485147214113,demo-ocs
1700000290,pod-a,request_total,351,demo-ocs
1700000300,pod-a,cpu_cores,0.2914549470732693,demo-ocs
1700000300,pod-a,latency_ms,20.317079382153427,demo-ocs
1700000300,pod-a,request_total,362,demo-ocs
1700000310,pod-a,cpu_cores,0.31251180787934674,demo-ocs
1700000310,pod-a,latency_ms,19.381306920559524,demo-ocs
1700000310,pod-a,request_total,374,demo-ocs
1700000320,pod-a,cpu_cores,0.28676148117866695,demo-ocs
1700000320,pod-a,latency_ms,19.273892306869858,demo-ocs
1700000320,pod-a,request_total,384,demo-ocs
1700000330,pod-a,cpu_cores,0.2923652421200334,demo-ocs
1700000330,pod-a,latency_ms,17.60832070882192,demo-ocs
1700000330,pod-a,request_total,397,demo-ocs
1700000340,pod-a,cpu_cores,0.2906119531959455,demo-ocs
1700000340,pod-a,latency_ms,20.024988237455375,demo-ocs
1700000340,pod-a,request_total,409,demo-ocs
1700000350,pod-a,cpu_cores,0.30961493317811817,demo-ocs
1700000350,pod-a,latency_ms,20.89306235205989,demo-ocs
1700000350,pod-a,request_total,420,demo-ocs
1700000360,pod-a,cpu_cores,0.29803029030981154,demo-ocs
1700000360,pod-a,latency_ms,19.153403375911694,demo-ocs
1700000360,pod-a,request_total,431,demo-ocs
1700000370,pod-a,cpu_cores,0.298405635781872,demo-ocs
1700000370,pod-a,latency_ms,16.62533113208394,demo-ocs
1700000370,pod-a,request_total,442,demo-ocs
1700000380,pod-a,cpu_cores,0.27354600775291193,demo-ocs
1700000380,pod-a,latency_ms,18.005506344797038,demo-ocs
1700000380,pod-a,request_total,456,demo-ocs
1700000390,pod-a,cpu_cores,0.30799548453446873,demo-ocs
1700000390,pod-a,latency_ms,18.189041889279878,demo-ocs
1700000390,pod-a,request_total,464,demo-ocs
1700000400,pod-a,cpu_cores,0.3259845659557213,demo-ocs
1700000400,pod-a,latency_ms,19.28747205787715,demo-ocs
1700000400,pod-a,request_total,475,demo-ocs
1700000410,pod-a,cpu_cores,0.31475031136934173,demo-ocs
1700000410,pod-a,latency_ms,18.132764639980245,demo-ocs
1700000410,pod-a,request_total,484,demo-ocs
1700000420,pod-a,cpu_cores,0.28099955890178835,demo-ocs
1700000420,pod-a,latency_ms,19.321933848198874,demo-ocs
1700000420,pod-a,request_total,497,demo-ocs
1700000430,pod-a,cpu_cores,0.3168061627491479,demo-ocs
1700000430,pod-a,latency_ms,16.5453591536153,demo-ocs
1700000430,pod-a,request_total,506,demo-ocs
1700000440,pod-a,cpu_cores,0.30475471204664556,demo-ocs
1700000440,pod-a,latency_ms,18.81170008860641,demo-ocs
1700000440,pod-a,request_total,519,demo-ocs
1700000450,pod-a,cpu_cores,0.2710788429122309,demo-ocs
1700000450,pod-a,latency_ms,20.14425901542774,demo-ocs
1700000450,pod-a,request_total,529,demo-ocs
1700000460,pod-a,cpu_cores,0.3046535242270941,demo-ocs
1700000460,pod-a,latency_ms,20.043704291046886,demo-ocs
1700000460,pod-a,request_total,540,demo-ocs
1700000470,pod-a,cpu_cores,0.3320355778264183,demo-ocs
1700000470,pod-a,latency_ms,19.52128874505395,demo-ocs
1700000470,pod-a,request_total,553,demo-ocs
1700000480,pod-a,cpu_cores,0.3035855126991263,demo-ocs
1700000480,pod-a,latency_ms,20.43999336794353,demo-ocs
1700000480,pod-a,request_total,565,demo-ocs
1700000490,pod-a,cpu_cores,0.3271837515048087,demo-ocs
1700000490,pod-a,latency_ms,21.670222491829158,demo-ocs
1700000490,pod-a,request_total,573,demo-ocs
1700000500,pod-a,cpu_cores,0.3292660578243912,demo-ocs
1700000500,pod-a,latency_ms,17.622473891354296,demo-ocs
1700000500,pod-a,request_total,585,demo-ocs
1700000510,pod-a,cpu_cores,0.28720496934500506,demo-ocs
1700000510,pod-a,latency_ms,18.14684811718895,demo-ocs
1700000510,pod-a,request_total,594,demo-ocs
1700000520,pod-a,cpu_cores,0.27246627704887383,demo-ocs
1700000520,pod-a,latency_ms,21.270301893628808,demo-ocs
1700000520,pod-a,request_total,608,demo-ocs
1700000530,pod-a,cpu_cores,0.29555554605802453,demo-ocs
1700000530,pod-a,latency_ms,17.058387410994683,demo-ocs
1700000530,pod-a,request_total,620,demo-ocs
1700000540,pod-a,cpu_cores,0.3062702769490039,demo-ocs
1700000540,pod-a,latency_ms,21.676253135788762,demo-ocs
1700000540,pod-a,request_total,630,demo-ocs
1700000550,pod-a,cpu_cores,0.3399346178338357,demo-ocs
1700000550,pod-a,latency_ms,25.82772493201466,demo-ocs
1700000550,pod-a,request_total,641,demo-ocs
1700000560,pod-a,cpu_cores,0.2802092375993627,demo-ocs
1700000560,pod-a,latency_ms,15.735907438537382,demo-ocs
1700000560,pod-a,request_total,652,demo-ocs
1700000570,pod-a,cpu_cores,0.3053542292468767,demo-ocs
1700000570,pod-a,latency_ms,18.37411780937935,demo-ocs
1700000570,pod-a,request_total,666,demo-ocs
1700000580,pod-a,cpu_cores,0.2877580640188038,demo-ocs
1700000580,pod-a,latency_ms,19.71841822716723,demo-ocs
1700000580,pod-a,request_total,677,demo-ocs
1700000590,pod-a,cpu_cores,0.3213196046157529,demo-ocs
1700000590,pod-a,latency_ms,20.31409713489069,demo-ocs
1700000590,pod-a,request_total,688,demo-ocs
1700000600,pod-a,cpu_cores,0.2792869249434837,demo-ocs
1700000600,pod-a,latency_ms,16.650634110591287,demo-ocs
1700000600,pod-a,request_total,699,demo-ocs
1700000610,pod-a,cpu_cores,0.2902738418185334,demo-ocs
1700000610,pod-a,latency_ms,19.89243489836336,demo-ocs
1700000610,pod-a,request_total,707,demo-ocs
1700000620,pod-a,cpu_cores,0.3026054904294577,demo-ocs
1700000620,pod-a,latency_ms,21.965479022046114,demo-ocs
1700000620,pod-a,request_total,720,demo-ocs
1700000630,pod-a,cpu_cores,0.29001408802921697,demo-ocs
1700000630,pod-a,latency_ms,17.63011246716595,demo-ocs
1700000630,pod-a,request_total,733,demo-ocs
1700000640,pod-a,cpu_cores,0.28549547870928493,demo-ocs
1700000640,pod-a,latency_ms,24.256939464870328,demo-ocs
1700000640,pod-a,request_total,742,demo-ocs
1700000650,pod-a,cpu_cores,0.28357226641551225,demo-ocs
1700000650,pod-a,latency_ms,21.67697840747269,demo-ocs
1700000650,pod-a,request_total,750,demo-ocs
1700000660,pod-a,cpu_cores,0.3186314602574849,demo-ocs
1700000660,pod-a,latency_ms,20.769901932211727,demo-ocs
1700000660,pod-a,request_total,764,demo-ocs
1700000670,pod-a,cpu_cores,0.2968672420468382,demo-ocs
1700000670,pod-a,latency_ms,19.91847494772913,demo-ocs
1700000670,pod-a,request_total,774,demo-ocs
1700000680,pod-a,cpu_cores,0.3089214440296416,demo-ocs
1700000680,pod-a,latency_ms,19.09003303931844,demo-ocs
1700000680,pod-a,request_total,788,demo-ocs
1700000690,pod-a,cpu_cores,0.275487884724655,demo-ocs
1700000690,pod-a,latency_ms,17.444124851360762,demo-ocs
1700000690,pod-a,request_total,802,demo-ocs
1700000700,pod-a,cpu_cores,0.33158182512820866,demo-ocs
1700000700,pod-a,latency_ms,,demo-ocs
1700000700,pod-a,request_total,811,demo-ocs
1700000710,pod-a,cpu_cores,0.29762723347780234,demo-ocs
1700000710,pod-a,latency_ms,20.571652279205086,demo-ocs
1700000710,pod-a,request_total,825,demo-ocs
1700000720,pod-a,cpu_cores,0.30438765002727713,demo-ocs
1700000720,pod-a,latency_ms,19.178145538332526,demo-ocs
1700000720,pod-a,request_total,836,demo-ocs
1700000730,pod-a,cpu_cores,0.32212577420119776,demo-ocs
1700000730,pod-a,latency_ms,20.857512876923227,demo-ocs
1700000730,pod-a,request_total,846,demo-ocs
1700000740,pod-a,cpu_cores,0.30366468874443814,demo-ocs
1700000740,pod-a,latency_ms,17.551061936558998,demo-ocs
1700000740,pod-a,request_total,859,demo-ocs
1700000750,pod-a,cpu_cores,0.2726368160150867,demo-ocs
1700000750,pod-a,latency_ms,23.3018558644625,demo-ocs
1700000750,pod-a,request_total,872,demo-ocs
1700000760,pod-a,cpu_cores,0.296409615734348,demo-ocs
1700000760,pod-a,latency_ms,19.233625357728023,demo-ocs
1700000760,pod-a,request_total,880,demo-ocs
1700000770,pod-a,cpu_cores,0.32922888584484405,demo-ocs
1700000770,pod-a,latency_ms,17.785908635913025,demo-ocs
1700000770,pod-a,request_total,893,demo-ocs
1700000780,pod-a,cpu_cores,0.3128665358937809,demo-ocs
1700000780,pod-a,latency_ms,19.21078975428082,demo-ocs
1700000780,pod-a,request_total,902,demo-ocs
1700000790,pod-a,cpu_cores,0.2998975626655986,demo-ocs
1700000790,pod-a,latency_ms,19.673114202950973,demo-ocs
1700000790,pod-a,request_total,912,demo-ocs
1700000800,pod-a,cpu_cores,0.3281496372262743,demo-ocs
1700000800,pod-a,latency_ms,20.181169813803493,demo-ocs
1700000800,pod-a,request_total,926,demo-ocs
1700000810,pod-a,cpu_cores,0.31287877586553714,demo-ocs
1700000810,pod-a,latency_ms,15.899655797937955,demo-ocs
1700000810,pod-a,request_total,934,demo-ocs
1700000820,pod-a,cpu_cores,0.28313539459414255,demo-ocs
1700000820,pod-a,latency_ms,17.562373879152744,demo-ocs
1700000820,pod-a,request_total,944,demo-ocs
1700000830,pod-a,cpu_cores,0.282436952661425,demo-ocs
1700000830,pod-a,latency_ms,19.331753118598375,demo-ocs
1700000830,pod-a,request_total,955,demo-ocs
1700000840,pod-a,cpu_cores,0.2734721456452087,demo-ocs
1700000840,pod-a,latency_ms,20.061262985188836,demo-ocs
1700000840,pod-a,request_total,963,demo-ocs
1700000850,pod-a,cpu_cores,0.2903166113333284,demo-ocs
1700000850,pod-a,latency_ms,19.34465381127608,demo-ocs
1700000850,pod-a,request_total,976,demo-ocs
1700000860,pod-a,cpu_cores,0.3107623087400785,demo-ocs
1700000860,pod-a,latency_ms,22.674796214885486,demo-ocs
1700000860,pod-a,request_total,984,demo-ocs
1700000870,pod-a,cpu_cores,0.296909886415002,demo-ocs
1700000870,pod-a,latency_ms,18.608114776658596,demo-ocs
1700000870,pod-a,request_total,995,demo-ocs
1700000880,pod-a,cpu_cores,0.3048499358254244,demo-ocs
1700000880,pod-a,latency_ms,20.35314671690742,demo-ocs
1700000880,pod-a,request_total,1006,demo-ocs
1700000890,pod-a,cpu_cores,0.27831223855533266,demo-ocs
1700000890,pod-a,latency_ms,20.180979563255747,demo-ocs
1700000890,pod-a,request_total,1014,demo-ocs
1700000900,pod-a,cpu_cores,0.3503494807506784,demo-ocs
1700000900,pod-a,latency_ms,23.75368922256334,demo-ocs
1700000900,pod-a,request_total,1027,demo-ocs
1700000910,pod-a,cpu_cores,0.2829351329888236,demo-ocs
1700000910,pod-a,latency_ms,19.425233276901647,demo-ocs
1700000910,pod-a,request_total,1037,demo-ocs
1700000920,pod-a,cpu_cores,0.28818585972073024,demo-ocs
1700000920,pod-a,latency_ms,20.63121000718068,demo-ocs
1700000920,pod-a,request_total,1048,demo-ocs
1700000930,pod-a,cpu_cores,0.32411707241776466,demo-ocs
1700000930,pod-a,latency_ms,18.541832324512782,demo-ocs
1700000930,pod-a,request_total,1059,demo-ocs
1700000940,pod-a,cpu_cores,0.2570542194052269,demo-ocs
1700000940,pod-a,latency_ms,19.674668158910183,demo-ocs
1700000940,pod-a,request_total,1068,demo-ocs
1700000950,pod-a,cpu_cores,0.2787517117628087,demo-ocs
1700000950,pod-a,latency_ms,18.941121145267854,demo-ocs
1700000950,pod-a,request_total,1081,demo-ocs
1700000960,pod-a,cpu_cores,0.3224772146158529,demo-ocs
1700000960,pod-a,latency_ms,19.811474891494885,demo-ocs
1700000960,pod-a,request_total,1089,demo-ocs
1700000970,pod-a,cpu_cores,0.2648454321728674,demo-ocs
1700000970,pod-a,latency_ms,17.06590950921802,demo-ocs
1700000970,pod-a,request_total,1099,demo-ocs
1700000980,pod-a,cpu_cores,0.27425154837451937,demo-ocs
1700000980,pod-a,latency_ms,17.80642884309072,demo-ocs
1700000980,pod-a,request_total,1110,demo-ocs
1700000990,pod-a,cpu_cores,0.33673827056642625,demo-ocs
1700000990,pod-a,latency_ms,25.810134338480815,demo-ocs
1700000990,pod-a,request_total,1119,demo-ocs
1700001000,pod-a,cpu_cores,0.29263502086423937,demo-ocs
1700001000,pod-a,latency_ms,20.683111101881018,demo-ocs
1700001000,pod-a,request_total,1133,demo-ocs
1700001010,pod-a,cpu_cores,0.3345739528881118,demo-ocs
1700001010,pod-a,latency_ms,18.026285843143526,demo-ocs
1700001010,pod-a,request_total,1141,demo-ocs
1700001020,pod-a,cpu_cores,0.31554675152123485,demo-ocs
1700001020,pod-a,latency_ms,20.86953214893324,demo-ocs
1700001020,pod-a,request_total,1155,demo-ocs
1700001030,pod-a,cpu_cores,0.292476878575398,demo-ocs
1700001030,pod-a,latency_ms,19.73235407096792,demo-ocs
1700001030,pod-a,request_total,1164,demo-ocs
1700001040,pod-a,cpu_cores,0.2952365251205067,demo-ocs
1700001040,pod-a,latency_ms,19.467225019982088,demo-ocs
1700001040,pod-a,request_total,1175,demo-ocs
1700001050,pod-a,cpu_cores,0.3046433977925251,demo-ocs
1700001050,pod-a,latency_ms,18.889345562361967,demo-ocs
1700001050,pod-a,request_total,1183,demo-ocs
1700001060,pod-a,cpu_cores,0.32025431635639656,demo-ocs
1700001060,pod-a,latency_ms,20.310858655336933,demo-ocs
1700001060,pod-a,request_total,1194,demo-ocs
1700001070,pod-a,cpu_cores,0.30703512816798406,demo-ocs
1700001070,pod-a,latency_ms,20.106310695155734,demo-ocs
1700001070,pod-a,request_total,1206,demo-ocs
1700001080,pod-a,cpu_cores,0.28556883932914306,demo-ocs
1700001080,pod-a,latency_ms,20.632988523346615,demo-ocs
1700001080,pod-a,request_total,1219,demo-ocs
1700001090,pod-a,cpu_cores,0.2980542680317302,demo-ocs
1700001090,pod-a,latency_ms,24.18633661786119,demo-ocs
1700001090,pod-a,request_total,1233,demo-ocs
1700001100,pod-a,cpu_cores,0.30771693105113,demo-ocs
1700001100,pod-a,latency_ms,18.473885580610464,demo-ocs
1700001100,pod-a,request_total,1245,demo-ocs
1700001110,pod-a,cpu_cores,0.2777517705603316,demo-ocs
1700001110,pod-a,latency_ms,22.38228590617773,demo-ocs
1700001110,pod-a,request_total,1256,demo-ocs
1700001120,pod-a,cpu_cores,0.3096028680678322,demo-ocs
1700001120,pod-a,latency_ms,16.510828026051616,demo-ocs
1700001120,pod-a,request_total,1264,demo-ocs
1700001130,pod-a,cpu_cores,0.31854876963116363,demo-ocs
1700001130,pod-a,latency_ms,20.908840676428724,demo-ocs
1700001130,pod-a,request_total,1272,demo-ocs
1700001140,pod-a,cpu_cores,0.290569503851001,demo-ocs
1700001140,pod-a,latency_ms,20.527434408713038,demo-ocs
1700001140,pod-a,request_total,1281,demo-ocs
1700001150,pod-a,cpu_cores,0.30104933596712485,demo-ocs
1700001150,pod-a,latency_ms,19.41565762839289,demo-ocs
1700001150,pod-a,request_total,1295,demo-ocs
1700001160,pod-a,cpu_cores,0.2949604524358623,demo-ocs
1700001160,pod-a,latency_ms,20.305125024204937,demo-ocs
1700001160,pod-a,request_total,1308,demo-ocs
1700001170,pod-a,cpu_cores,0.32942983945986315,demo-ocs
1700001170,pod-a,latency_ms,14.866683118137406,demo-ocs
1700001170,pod-a,request_total,1316,demo-ocs
1700001180,pod-a,cpu_cores,0.3035302484274489,demo-ocs
1700001180,pod-a,latency_ms,20.5919879793742,demo-ocs
1700001180,pod-a,request_total,1329,demo-ocs
1700001190,pod-a,cpu_cores,0.2925617083735742,demo-ocs
1700001190,pod-a,latency_ms,16.486556435042836,demo-ocs
1700001190,pod-a,request_total,1339,demo-ocs
1700001200,pod-a,cpu_cores,0.3345470042832837,demo-ocs
1700001200,pod-a,latency_ms,16.932277190167724,demo-ocs
1700001200,pod-a,request_total,1348,demo-ocs
1700001210,pod-a,cpu_cores,0.3172765602739638,demo-ocs
1700001210,pod-a,latency_ms,19.342949553754213,demo-ocs
1700001210,pod-a,request_total,1358,demo-ocs
1700001220,pod-a,cpu_cores,0.27894202978592103,demo-ocs
1700001220,pod-a,latency_ms,19.331087655288247,demo-ocs
1700001220,pod-a,request_total,1369,demo-ocs
1700001230,pod-a,cpu_cores,0.3260008918939792,demo-ocs
1700001230,pod-a,latency_ms,21.165310483975414,demo-ocs
1700001230,pod-a,request_total,1379,demo-ocs
1700001240,pod-a,cpu_cores,0.3235482377795539,demo-ocs
1700001240,pod-a,latency_ms,20.878173357859154,demo-ocs
1700001240,pod-a,request_total,1392,demo-ocs
1700001250,pod-a,cpu_cores,0.33487869052335584,demo-ocs
1700001250,pod-a,latency_ms,20.877986317476598,demo-ocs
1700001250,pod-a,request_total,1403,demo-ocs
1700001260,pod-a,cpu_cores,0.2940685809293058,demo-ocs
1700001260,pod-a,latency_ms,20.13309163171841,demo-ocs
1700001260,pod-a,request_total,1412,demo-ocs
1700001270,pod-a,cpu_cores,0.28605152353399443,demo-ocs
1700001270,pod-a,latency_ms,21.979167869189705,demo-ocs
1700001270,pod-a,request_total,1425,demo-ocs
1700001280,pod-a,cpu_cores,0.31564700684835323,demo-ocs
1700001280,pod-a,latency_ms,19.618697884989682,demo-ocs
1700001280,pod-a,request_total,1433,demo-ocs
1700001290,pod-a,cpu_cores,0.3234249418693464,demo-ocs
1700001290,pod-a,latency_ms,21.50173797746252,demo-ocs
1700001290,pod-a,request_total,1442,demo-ocs
1700001300,pod-a,cpu_cores,0.3146154938227729,demo-ocs
1700001300,pod-a,latency_ms,16.85591948869352,demo-ocs
1700001300,pod-a,request_total,1454,demo-ocs
1700001310,pod-a,cpu_cores,0.29866093654203596,demo-ocs
1700001310,pod-a,latency_ms,17.65598561481037,demo-ocs
1700001310,pod-a,request_total,1467,demo-ocs
1700001320,pod-a,cpu_cores,0.3302245686655344,demo-ocs
1700001320,pod-a,latency_ms,21.275067621795394,demo-ocs
1700001320,pod-a,request_total,1476,demo-ocs
1700001330,pod-a,cpu_cores,0.2860213914284251,demo-ocs
1700001330,pod-a,latency_ms,17.9725652671192,demo-ocs
1700001330,pod-a,request_total,1489,demo-ocs
1700001340,pod-a,cpu_cores,0.27566879701237745,demo-ocs
1700001340,pod-a,latency_ms,18.657719445206837,demo-ocs
1700001340,pod-a,request_total,1497,demo-ocs
1700001350,pod-a,cpu_cores,0.3062401894310249,demo-ocs
1700001350,pod-a,latency_ms,22.310624072213393,demo-ocs
1700001350,pod-a,request_total,1506,demo-ocs
1700001360,pod-a,cpu_cores,0.254174209828038,demo-ocs
1700001360,pod-a,latency_ms,20.60873345806052,demo-ocs
1700001360,pod-a,request_total,1514,demo-ocs
1700001370,pod-a,cpu_cores,0.30144067146465153,demo-ocs
1700001370,pod-a,latency_ms,20.827780570745386,demo-ocs
1700001370,pod-a,request_total,1526,demo-ocs
1700001380,pod-a,cpu_cores,0.2587352344639051,demo-ocs
1700001380,pod-a,latency_ms,18.81779314961779,demo-ocs
1700001380,pod-a,request_total,1537,demo-ocs
1700001390,pod-a,cpu_cores,0.3118181264558671,demo-ocs
1700001390,pod-a,latency_ms,16.836811201092114,demo-ocs
1700001390,pod-a,request_total,1548,demo-ocs
1700001400,pod-a,cpu_cores,0.30736713225401313,demo-ocs
1700001400,pod-a,latency_ms,21.693167971686808,demo-ocs
1700001400,pod-a,request_total,1561,demo-ocs
1700001410,pod-a,cpu_cores,0.2885811267695641,demo-ocs
1700001410,pod-a,latency_ms,21.62752737993242,demo-ocs
1700001410,pod-a,request_total,1569,demo-ocs
1700001420,pod-a,cpu_cores,0.30465756040274333,demo-ocs
1700001420,pod-a,latency_ms,20.468801785397392,demo-ocs
1700001420,pod-a,request_total,1582,demo-ocs
1700001430,pod-a,cpu_cores,0.3054068647856345,demo-ocs
1700001430,pod-a,latency_ms,18.273309470521237,demo-ocs
1700001430,pod-a,request_total,1592,demo-ocs
1700001440,pod-a,cpu_cores,0.2969495493509528,demo-ocs
1700001440,pod-a,latency_ms,20.76678772870699,demo-ocs
1700001440,pod-a,request_total,1603,demo-ocs
1700001450,pod-a,cpu_cores,0.31999648493820587,demo-ocs
1700001450,pod-a,latency_ms,17.88292783604318,demo-ocs
1700001450,pod-a,request_total,1613,demo-ocs
1700001460,pod-a,cpu_cores,0.3296291109531795,demo-ocs
1700001460,pod-a,latency_ms,18.51282354237487,demo-ocs
1700001460,pod-a,request_total,1626,demo-ocs
1700001470,pod-a,cpu_cores,0.28355499965419356,demo-ocs
1700001470,pod-a,latency_ms,20.404612383662386,demo-ocs
1700001470,pod-a,request_total,1636,demo-ocs
1700001480,pod-a,cpu_cores,0.3002285211112132,demo-ocs
1700001480,pod-a,latency_ms,22.657921180873977,demo-ocs
1700001480,pod-a,request_total,1648,demo-ocs
1700001490,pod-a,cpu_cores,0.3171358796513305,demo-ocs
1700001490,pod-a,latency_ms,21.683640133780123,demo-ocs
1700001490,pod-a,request_total,1659,demo-ocs
1700001500,pod-a,cpu_cores,0.3465530620069217,demo-ocs
1700001500,pod-a,latency_ms,19.589676622267913,demo-ocs
1700001500,pod-a,request_total,0,demo-ocs
1700001510,pod-a,cpu_cores,0.2599295541586697,demo-ocs
1700001510,pod-a,latency_ms,23.20850872303428,demo-ocs
1700001510,pod-a,request_total,8,demo-ocs
1700001520,pod-a,cpu_cores,0.30215760888686066,demo-ocs
1700001520,pod-a,latency_ms,22.619101369721054,demo-ocs
1700001520,pod-a,request_total,16,demo-ocs
1700001530,pod-a,cpu_cores,0.2679548091788215,demo-ocs
1700001530,pod-a,latency_ms,17.49670557178772,demo-ocs
1700001530,pod-a,request_total,28,demo-ocs
1700001540,pod-a,cpu_cores,0.2841172741994915,demo-ocs
1700001540,pod-a,latency_ms,20.879273212033986,demo-ocs
1700001540,pod-a,request_total,42,demo-ocs
1700001550,pod-a,cpu_cores,0.3104837568562554,demo-ocs
1700001550,pod-a,latency_ms,20.55254835865711,demo-ocs
1700001550,pod-a,request_total,53,demo-ocs
1700001560,pod-a,cpu_cores,0.2537979312673471,demo-ocs
1700001560,pod-a,latency_ms,20.108707170780765,demo-ocs
1700001560,pod-a,request_total,64,demo-ocs
1700001570,pod-a,cpu_cores,0.2905644793272333,demo-ocs
1700001570,pod-a,latency_ms,20.918771543433223,demo-ocs
1700001570,pod-a,request_total,72,demo-ocs
1700001580,pod-a,cpu_cores,0.3027648286411736,demo-ocs
1700001580,pod-a,latency_ms,21.520266170751707,demo-ocs
1700001580,pod-a,request_total,80,demo-ocs
1700001590,pod-a,cpu_cores,0.30458422748230135,demo-ocs
1700001590,pod-a,latency_ms,21.060129411202933,demo-ocs
1700001590,pod-a,request_total,88,demo-ocs
1700001600,pod-a,cpu_cores,0.2964077717233708,demo-ocs
1700001600,pod-a,latency_ms,20.393552193313916,demo-ocs
1700001600,pod-a,request_total,97,demo-ocs
1700001610,pod-a,cpu_cores,0.31641056950834834,demo-ocs
1700001610,pod-a,latency_ms,19.212517655550855,demo-ocs
1700001610,pod-a,request_total,106,demo-ocs
1700001620,pod-a,cpu_cores,0.2946832241616924,demo-ocs
1700001620,pod-a,latency_ms,19.76491566534374,demo-ocs
1700001620,pod-a,request_total,116,demo-ocs
1700001630,pod-a,cpu_cores,0.31659038084048147,demo-ocs
1700001630,pod-a,latency_ms,16.013879257891688,demo-ocs
1700001630,pod-a,request_total,128,demo-ocs
1700001640,pod-a,cpu_cores,0.2703562920511436,demo-ocs
1700001640,pod-a,latency_ms,15.33276776030339,demo-ocs
1700001640,pod-a,request_total,142,demo-ocs
1700001650,pod-a,cpu_cores,0.28643471119689645,demo-ocs
1700001650,pod-a,latency_ms,21.498867799455482,demo-ocs
1700001650,pod-a,request_total,155,demo-ocs
1700001660,pod-a,cpu_cores,0.303955801638837,demo-ocs
1700001660,pod-a,latency_ms,22.178434993421586,demo-ocs
1700001660,pod-a,request_total,169,demo-ocs
1700001670,pod-a,cpu_cores,0.3265537226453538,demo-ocs
1700001670,pod-a,latency_ms,19.86172413054772,demo-ocs
1700001670,pod-a,request_total,183,demo-ocs
1700001680,pod-a,cpu_cores,0.29803831058259744,demo-ocs
1700001680,pod-a,latency_ms,22.707171779138793,demo-ocs
1700001680,pod-a,request_total,191,demo-ocs
1700001690,pod-a,cpu_cores,0.30184253316868215,demo-ocs
1700001690,pod-a,latency_ms,18.325203552345076,demo-ocs
1700001690,pod-a,request_total,199,demo-ocs
1700001700,pod-a,cpu_cores,0.27038926974869965,demo-ocs
1700001700,pod-a,latency_ms,18.223732292532695,demo-ocs
1700001700,pod-a,request_total,210,demo-ocs
1700001710,pod-a,cpu_cores,1.2928396662385113,demo-ocs
1700001710,pod-a,latency_ms,21.607170038757204,demo-ocs
1700001710,pod-a,request_total,219,demo-ocs
1700001720,pod-a,cpu_cores,1.2723563696924591,demo-ocs
1700001720,pod-a,latency_ms,20.785654936519837,demo-ocs
1700001720,pod-a,request_total,230,demo-ocs
1700001730,pod-a,cpu_cores,1.2791891212168494,demo-ocs
1700001730,pod-a,latency_ms,20.949394176926404,demo-ocs
1700001730,pod-a,request_total,244,demo-ocs
1700001740,pod-a,cpu_cores,1.2633818834830493,demo-ocs
1700001740,pod-a,latency_ms,21.856593983136968,demo-ocs
1700001740,pod-a,request_total,253,demo-ocs
1700001750,pod-a,cpu_cores,1.2878999857438254,demo-ocs
1700001750,pod-a,latency_ms,18.93219952325289,demo-ocs
1700001750,pod-a,request_total,267,demo-ocs
1700001760,pod-a,cpu_cores,1.2869143344662488,demo-ocs
1700001760,pod-a,latency_ms,20.855780881389833,demo-ocs
1700001760,pod-a,request_total,277,demo-ocs
1700001770,pod-a,cpu_cores,1.2962151131812718,demo-ocs
1700001770,pod-a,latency_ms,20.657324004564963,demo-ocs
1700001770,pod-a,request_total,291,demo-ocs
1700001780,pod-a,cpu_cores,1.3264132331105634,demo-ocs
1700001780,pod-a,latency_ms,19.314427698271242,demo-ocs
1700001780,pod-a,request_total,302,demo-ocs
1700001790,pod-a,cpu_cores,1.2704628436630854,demo-ocs
1700001790,pod-a,latency_ms,22.134444833143966,demo-ocs
1700001790,pod-a,request_total,311,demo-ocs
1700001800,pod-a,cpu_cores,1.3222918488915476,demo-ocs
1700001800,pod-a,latency_ms,20.76675422636494,demo-ocs
1700001800,pod-a,request_total,320,demo-ocs
1700001810,pod-a,cpu_cores,1.297377249395933,demo-ocs
1700001810,pod-a,latency_ms,20.69755178809259,demo-ocs
1700001810,pod-a,request_total,332,demo-ocs
1700001820,pod-a,cpu_cores,1.341539610581075,demo-ocs
1700001820,pod-a,latency_ms,20.13876227026556,demo-ocs
1700001820,pod-a,request_total,346,demo-ocs
1700001830,pod-a,cpu_cores,1.3032038118663416,demo-ocs
1700001830,pod-a,latency_ms,22.15248031493277,demo-ocs
1700001830,pod-a,request_total,357,demo-ocs
1700001840,pod-a,cpu_cores,1.306661407452365,demo-ocs
1700001840,pod-a,latency_ms,19.948274304092287,demo-ocs
1700001840,pod-a,request_total,369,demo-ocs
1700001850,pod-a,cpu_cores,1.306278164229151,demo-ocs
1700001850,pod-a,latency_ms,18.33326238810119,demo-ocs
1700001850,pod-a,request_total,379,demo-ocs
1700001860,pod-a,cpu_cores,1.2585403312801742,demo-ocs
1700001860,pod-a,latency_ms,17.765231774020783,demo-ocs
1700001860,pod-a,request_total,392,demo-ocs
1700001870,pod-a,cpu_cores,1.2908264943012133,demo-ocs
1700001870,pod-a,latency_ms,19.413616826702476,demo-ocs
1700001870,pod-a,request_total,401,demo-ocs
1700001880,pod-a,cpu_cores,1.322119867398146,demo-ocs
1700001880,pod-a,latency_ms,18.075817767316746,demo-ocs
1700001880,pod-a,request_total,412,demo-ocs
1700001890,pod-a,cpu_cores,1.3069541690490192,demo-ocs
1700001890,pod-a,latency_ms,19.18584352729935,demo-ocs
1700001890,pod-a,request_total,423,demo-ocs
1700001900,pod-a,cpu_cores,0.30370651298830764,demo-ocs
1700001900,pod-a,latency_ms,21.238342233950785,demo-ocs
1700001900,pod-a,request_total,434,demo-ocs
1700001910,pod-a,cpu_cores,0.2932148303223197,demo-ocs
1700001910,pod-a,latency_ms,22.127703065468715,demo-ocs
1700001910,pod-a,request_total,446,demo-ocs
1700001920,pod-a,cpu_cores,0.30012678124724534,demo-ocs
1700001920,pod-a,latency_ms,25.195347453191665,demo-ocs
1700001920,pod-a,request_total,455,demo-ocs
1700001930,pod-a,cpu_cores,0.3044615948525055,demo-ocs
1700001930,pod-a,latency_ms,22.866429013212347,demo-ocs
1700001930,pod-a,request_total,466,demo-ocs
1700001940,pod-a,cpu_cores,0.3116155419065959,demo-ocs
1700001940,pod-a,latency_ms,19.886433611214617,demo-ocs
1700001940,pod-a,request_total,477,demo-ocs
1700001950,pod-a,cpu_cores,0.2965918483767159,demo-ocs
1700001950,pod-a,latency_ms,18.44103520654916,demo-ocs
1700001950,pod-a,request_total,491,demo-ocs
1700001960,pod-a,cpu_cores,0.28296925621628466,demo-ocs
1700001960,pod-a,latency_ms,21.33117047262686,demo-ocs
1700001960,pod-a,request_total,500,demo-ocs
1700001970,pod-a,cpu_cores,0.32170574008891817,demo-ocs
1700001970,pod-a,latency_ms,20.73306281447446,demo-ocs
1700001970,pod-a,request_total,510,demo-ocs
1700001980,pod-a,cpu_cores,0.3090793115861739,demo-ocs
1700001980,pod-a,latency_ms,19.382653888907175,demo-ocs
1700001980,pod-a,request_total,518,demo-ocs
1700001990,pod-a,cpu_cores,0.318710942509303,demo-ocs
1700001990,pod-a,latency_ms,16.337187831569754,demo-ocs
1700001990,pod-a,request_total,527,demo-ocs
1700002000,pod-a,cpu_cores,0.26018376009752003,demo-ocs
1700002000,pod-a,latency_ms,17.00987833954559,demo-ocs
1700002000,pod-a,request_total,541,demo-ocs
1700002010,pod-a,cpu_cores,0.32727724459627816,demo-ocs
1700002010,pod-a,latency_ms,21.790369963943373,demo-ocs
1700002010,pod-a,request_total,549,demo-ocs
1700002020,pod-a,cpu_cores,0.26994993087918207,demo-ocs
1700002020,pod-a,latency_ms,14.070942324316697,demo-ocs
1700002020,pod-a,request_total,558,demo-ocs
1700002030,pod-a,cpu_cores,0.2891300898413473,demo-ocs
1700002030,pod-a,latency_ms,24.840830024494807,demo-ocs
1700002030,pod-a,request_total,570,demo-ocs
1700002040,pod-a,cpu_cores,0.2888085542790102,demo-ocs
1700002040,pod-a,latency_ms,20.93016041900061,demo-ocs
1700002040,pod-a,request_total,581,demo-ocs
1700002050,pod-a,cpu_cores,0.2687808329401111,demo-ocs
1700002050,pod-a,latency_ms,19.405353274604728,demo-ocs
1700002050,pod-a,request_total,594,demo-ocs
1700002060,pod-a,cpu_cores,0.29827798696357904,demo-ocs
1700002060,pod-a,latency_ms,21.58161224338016,demo-ocs
1700002060,pod-a,request_total,608,demo-ocs
1700002070,pod-a,cpu_cores,0.306892904524721,demo-ocs
1700002070,pod-a,latency_ms,21.336652036215995,demo-ocs
1700002070,pod-a,request_total,620,demo-ocs
1700002080,pod-a,cpu_cores,0.31795630816821097,demo-ocs
1700002080,pod-a,latency_ms,23.257873895247982,demo-ocs
1700002080,pod-a,request_total,632,demo-ocs
1700002090,pod-a,cpu_cores,0.28059700960697176,demo-ocs
1700002090,pod-a,latency_ms,18.224608688570882,demo-ocs
1700002090,pod-a,request_total,641,demo-ocs
1700002100,pod-a,cpu_cores,0.29617312026609877,demo-ocs
1700002100,pod-a,latency_ms,22.807642784133115,demo-ocs
1700002100,pod-a,request_total,654,demo-ocs
1700002110,pod-a,cpu_cores,0.2911492857621563,demo-ocs
1700002110,pod-a,latency_ms,22.910091152541423,demo-ocs
1700002110,pod-a,request_total,668,demo-ocs
1700002120,pod-a,cpu_cores,0.3051645764664539,demo-ocs
1700002120,pod-a,latency_ms,23.12943604333981,demo-ocs
1700002120,pod-a,request_total,681,demo-ocs
1700002130,pod-a,cpu_cores,0.2927645904511166,demo-ocs
1700002130,pod-a,latency_ms,18.117755808150083,demo-ocs
1700002130,pod-a,request_total,694,demo-ocs
1700002140,pod-a,cpu_cores,0.30904667901286276,demo-ocs
1700002140,pod-a,latency_ms,16.868481855638972,demo-ocs
1700002140,pod-a,request_total,703,demo-ocs
1700002150,pod-a,cpu_cores,0.3127494180530224,demo-ocs
1700002150,pod-a,latency_ms,18.922457364764515,demo-ocs
1700002150,pod-a,request_total,717,demo-ocs
1700002160,pod-a,cpu_cores,0.25211479390199054,demo-ocs
1700002160,pod-a,latency_ms,18.426868449791662,demo-ocs
1700002160,pod-a,request_total,731,demo-ocs
1700002170,pod-a,cpu_cores,0.26627063697531794,demo-ocs
1700002170,pod-a,latency_ms,18.347541067272093,demo-ocs
1700002170,pod-a,request_total,743,demo-ocs
1700002180,pod-a,cpu_cores,0.2964154674910049,demo-ocs
1700002180,pod-a,latency_ms,19.49324486210397,demo-ocs
1700002180,pod-a,request_total,756,demo-ocs
1700002190,pod-a,cpu_cores,0.29681630257239877,demo-ocs
1700002190,pod-a,latency_ms,20.406776481239888,demo-ocs
1700002190,pod-a,request_total,768,demo-ocs
1700002200,pod-a,cpu_cores,0.314136992817981,demo-ocs
1700002200,pod-a,latency_ms,21.32533194077097,demo-ocs
1700002200,pod-a,request_total,781,demo-ocs
1700002210,pod-a,cpu_cores,0.30770075875312203,demo-ocs
1700002210,pod-a,latency_ms,21.113066885502526,demo-ocs
1700002210,pod-a,request_total,791,demo-ocs
1700002220,pod-a,cpu_cores,0.3407014660546213,demo-ocs
1700002220,pod-a,latency_ms,19.82581165789498,demo-ocs
1700002220,pod-a,request_total,802,demo-ocs
1700002230,pod-a,cpu_cores,0.29385833563330843,demo-ocs
1700002230,pod-a,latency_ms,18.492944839285244,demo-ocs
1700002230,pod-a,request_total,815,demo-ocs
1700002240,pod-a,cpu_cores,0.2751105642479785,demo-ocs
1700002240,pod-a,latency_ms,18.222405373538162,demo-ocs
1700002240,pod-a,request_total,823,demo-ocs
1700002250,pod-a,cpu_cores,0.29858639236695855,demo-ocs
1700002250,pod-a,latency_ms,20.66859025699543,demo-ocs
1700002250,pod-a,request_total,836,demo-ocs
1700002260,pod-a,cpu_cores,0.28468929445140573,demo-ocs
1700002260,pod-a,latency_ms,21.800369128039925,demo-ocs
1700002260,pod-a,request_total,848,demo-ocs
1700002270,pod-a,cpu_cores,0.31478825344601896,demo-ocs
1700002270,pod-a,latency_ms,19.680703385155965,demo-ocs
1700002270,pod-a,request_total,860,demo-ocs
1700002280,pod-a,cpu_cores,0.310968558416596,demo-ocs
1700002280,pod-a,latency_ms,20.375947174972207,demo-ocs
1700002280,pod-a,request_total,872,demo-ocs
1700002290,pod-a,cpu_cores,0.27103745481169905,demo-ocs
1700002290,pod-a,latency_ms,19.86403948803119,demo-ocs
1700002290,pod-a,request_total,886,demo-ocs
1700002300,pod-a,cpu_cores,0.2820061042702449,demo-ocs
1700002300,pod-a,latency_ms,20.379686785674885,demo-ocs
1700002300,pod-a,request_total,896,demo-ocs
1700002310,pod-a,cpu_cores,0.2709035502948442,demo-ocs
1700002310,pod-a,latency_ms,22.67237220002434,demo-ocs
1700002310,pod-a,request_total,905,demo-ocs
1700002320,pod-a,cpu_cores,0.2949496533139407,demo-ocs
1700002320,pod-a,latency_ms,20.726908675678146,demo-ocs
1700002320,pod-a,request_total,919,demo-ocs
1700002330,pod-a,cpu_cores,0.2518015606840025,demo-ocs
1700002330,pod-a,latency_ms,17.687304679469335,demo-ocs
1700002330,pod-a,request_total,930,demo-ocs
1700002340,pod-a,cpu_cores,0.2785573395714628,demo-ocs
1700002340,pod-a,latency_ms,21.428792965261316,demo-ocs
1700002340,pod-a,request_total,942,demo-ocs
1700002350,pod-a,cpu_cores,0.33994593061495987,demo-ocs
1700002350,pod-a,latency_ms,17.646770561141395,demo-ocs
1700002350,pod-a,request_total,955,demo-ocs
1700002360,pod-a,cpu_cores,0.30470896736619857,demo-ocs
1700002360,pod-a,latency_ms,23.22223229699924,demo-ocs
1700002360,pod-a,request_total,967,demo-ocs
1700002370,pod-a,cpu_cores,0.2755525137492019,demo-ocs
1700002370,pod-a,latency_ms,20.498072244613883,demo-ocs
1700002370,pod-a,request_total,978,demo-ocs
1700002380,pod-a,cpu_cores,0.2669648170364146,demo-ocs
1700002380,pod-a,latency_ms,17.437861586308337,demo-ocs
1700002380,pod-a,request_total,991,demo-ocs
1700002390,pod-a,cpu_cores,0.2915278678707832,demo-ocs
1700002390,pod-a,latency_ms,18.95882317428918,demo-ocs
1700002390,pod-a,request_total,1004,demo-ocs
1700000000,pod-b,cpu_cores,0.30483319439641676,demo-ocs
1700000000,pod-b,latency_ms,16.450075880715744,demo-ocs
1700000000,pod-b,request_total,14,demo-ocs
1700000010,pod-b,cpu_cores,0.31030820805801623,demo-ocs
1700000010,pod-b,latency_ms,18.8449222252887,demo-ocs
1700000010,pod-b,request_total,28,demo-ocs
1700000020,pod-b,cpu_cores,0.2874482492712616,demo-ocs
1700000020,pod-b,latency_ms,18.72676943379553,demo-ocs
1700000020,pod-b,request_total,40,demo-ocs
1700000030,pod-b,cpu_cores,0.31082263221609063,demo-ocs
1700000030,pod-b,latency_ms,21.525852964673874,demo-ocs
1700000030,pod-b,request_total,48,demo-ocs
1700000040,pod-b,cpu_cores,0.26628805365230385,demo-ocs
1700000040,pod-b,latency_ms,21.076068879856503,demo-ocs
1700000040,pod-b,request_total,57,demo-ocs
1700000050,pod-b,cpu_cores,0.279313838966512,demo-ocs
1700000050,pod-b,latency_ms,20.470552223176526,demo-ocs
1700000050,pod-b,request_total,65,demo-ocs
1700000060,pod-b,cpu_cores,0.30892644295086125,demo-ocs
1700000060,pod-b,latency_ms,18.386802191385254,demo-ocs
1700000060,pod-b,request_total,78,demo-ocs
1700000070,pod-b,cpu_cores,0.27434730699478954,demo-ocs
1700000070,pod-b,latency_ms,21.427640272964798,demo-ocs
1700000070,pod-b,request_total,90,demo-ocs
1700000080,pod-b,cpu_cores,0.28772046397214207,demo-ocs
1700000080,pod-b,latency_ms,22.902357698042128,demo-ocs
1700000080,pod-b,request_total,100,demo-ocs
1700000090,pod-b,cpu_cores,0.29118695156860513,demo-ocs
1700000090,pod-b,latency_ms,20.064215347941868,demo-ocs
1700000090,pod-b,request_total,108,demo-ocs
1700000100,pod-b,cpu_cores,0.2876066813174277,demo-ocs
1700000100,pod-b,latency_ms,20.94227258679986,demo-ocs
1700000100,pod-b,request_total,122,demo-ocs
1700000110,pod-b,cpu_cores,0.2893309530567055,demo-ocs
1700000110,pod-b,latency_ms,19.17672335556758,demo-ocs
1700000110,pod-b,request_total,133,demo-ocs
1700000120,pod-b,cpu_cores,0.27918827894975135,demo-ocs
1700000120,pod-b,latency_ms,15.17443933814102,demo-ocs
1700000120,pod-b,request_total,145,demo-ocs
1700000130,pod-b,cpu_cores,0.33221873990023787,demo-ocs
1700000130,pod-b,latency_ms,25.098655905214006,demo-ocs
1700000130,pod-b,request_total,157,demo-ocs
1700000140,pod-b,cpu_cores,0.2612632391875963,demo-ocs
1700000140,pod-b,latency_ms,19.379032047608113,demo-ocs
1700000140,pod-b,request_total,171,demo-ocs
1700000150,pod-b,cpu_cores,0.2942755410031866,demo-ocs
1700000150,pod-b,latency_ms,19.620152317955487,demo-ocs
1700000150,pod-b,request_total,181,demo-ocs
1700000160,pod-b,cpu_cores,0.31159122284952956,demo-ocs
1700000160,pod-b,latency_ms,21.049014750572173,demo-ocs
1700000160,pod-b,request_total,195,demo-ocs
1700000170,pod-b,cpu_cores,0.2701118876036139,demo-ocs
1700000170,pod-b,latency_ms,21.398393463389777,demo-ocs
1700000170,pod-b,request_total,204,demo-ocs
1700000180,pod-b,cpu_cores,0.3034392066487412,demo-ocs
1700000180,pod-b,latency_ms,19.325349675862988,demo-ocs
1700000180,pod-b,request_total,215,demo-ocs
1700000190,pod-b,cpu_cores,0.29715993571184957,demo-ocs
1700000190,pod-b,latency_ms,21.230513533937124,demo-ocs
1700000190,pod-b,request_total,229,demo-ocs
1700000200,pod-b,cpu_cores,0.2745843582437083,demo-ocs
1700000200,pod-b,latency_ms,16.538656788985563,demo-ocs
1700000200,pod-b,request_total,238,demo-ocs
1700000210,pod-b,cpu_cores,0.303287814059546,demo-ocs
1700000210,pod-b,latency_ms,19.21907210107438,demo-ocs
1700000210,pod-b,request_total,252,demo-ocs
1700000220,pod-b,cpu_cores,0.2965165453239008,demo-ocs
1700000220,pod-b,latency_ms,23.33577522223904,demo-ocs
1700000220,pod-b,request_total,261,demo-ocs
1700000230,pod-b,cpu_cores,0.27792518604435984,demo-ocs
1700000230,pod-b,latency_ms,21.174518333605583,demo-ocs
1700000230,pod-b,request_total,272,demo-ocs
1700000240,pod-b,cpu_cores,0.28261905504270435,demo-ocs
1700000240,pod-b,latency_ms,20.35479222927388,demo-ocs
1700000240,pod-b,request_total,283,demo-ocs
1700000250,pod-b,cpu_cores,0.324250376736632,demo-ocs
1700000250,pod-b,latency_ms,19.3524165914268,demo-ocs
1700000250,pod-b,request_total,291,demo-ocs
1700000260,pod-b,cpu_cores,0.29964874347045106,demo-ocs
1700000260,pod-b,latency_ms,18.195153810414975,demo-ocs
1700000260,pod-b,request_total,305,demo-ocs
1700000270,pod-b,cpu_cores,0.29315318122672235,demo-ocs
1700000270,pod-b,latency_ms,19.836824460629757,demo-ocs
1700000270,pod-b,request_total,319,demo-ocs
1700000280,pod-b,cpu_cores,0.26768683321358644,demo-ocs
1700000280,pod-b,latency_ms,20.96413367105105,demo-ocs
1700000280,pod-b,request_total,329,demo-ocs
1700000290,pod-b,cpu_cores,0.2895456260766064,demo-ocs
1700000290,pod-b,latency_ms,14.870511316358865,demo-ocs
1700000290,pod-b,request_total,338,demo-ocs
1700000300,pod-b,cpu_cores,0.3054473951054848,demo-ocs
1700000300,pod-b,latency_ms,18.572250351927032,demo-ocs
1700000300,pod-b,request_total,347,demo-ocs
1700000310,pod-b,cpu_cores,0.27366339577883514,demo-ocs
1700000310,pod-b,latency_ms,21.671615792628675,demo-ocs
1700000310,pod-b,request_total,359,demo-ocs
1700000320,pod-b,cpu_cores,0.34765204565368146,demo-ocs
1700000320,pod-b,latency_ms,20.840377197449875,demo-ocs
1700000320,pod-b,request_total,368,demo-ocs
1700000330,pod-b,cpu_cores,0.30775406282524026,demo-ocs
1700000330,pod-b,latency_ms,19.66614413978287,demo-ocs
1700000330,pod-b,request_total,377,demo-ocs
1700000340,pod-b,cpu_cores,0.3125017040249631,demo-ocs
1700000340,pod-b,latency_ms,22.50345001713039,demo-ocs
1700000340,pod-b,request_total,389,demo-ocs
1700000350,pod-b,cpu_cores,0.2895735416272543,demo-ocs
1700000350,pod-b,latency_ms,19.129185054112074,demo-ocs
1700000350,pod-b,request_total,400,demo-ocs
1700000360,pod-b,cpu_cores,0.31581603442357975,demo-ocs
1700000360,pod-b,latency_ms,22.996748880593465,demo-ocs
1700000360,pod-b,request_total,411,demo-ocs
1700000370,pod-b,cpu_cores,0.29082319013701396,demo-ocs
1700000370,pod-b,latency_ms,19.150452544413817,demo-ocs
1700000370,pod-b,request_total,420,demo-ocs
1700000380,pod-b,cpu_cores,0.295084769999742,demo-ocs
1700000380,pod-b,latency_ms,21.90410730627978,demo-ocs
1700000380,pod-b,request_total,433,demo-ocs
1700000390,pod-b,cpu_cores,0.25496445418761904,demo-ocs
1700000390,pod-b,latency_ms,18.346589906166212,demo-ocs
1700000390,pod-b,request_total,444,demo-ocs
1700000400,pod-b,cpu_cores,0.25359287975227707,demo-ocs
1700000400,pod-b,latency_ms,18.07272311126239,demo-ocs
1700000400,pod-b,request_total,454,demo-ocs
1700000410,pod-b,cpu_cores,0.2816968776830815,demo-ocs
1700000410,pod-b,latency_ms,19.597790690962338,demo-ocs
1700000410,pod-b,request_total,462,demo-ocs
1700000420,pod-b,cpu_cores,0.29509878697618597,demo-ocs
1700000420,pod-b,latency_ms,17.938372559457694,demo-ocs
1700000420,pod-b,request_total,475,demo-ocs
1700000430,pod-b,cpu_cores,0.2988609091757294,demo-ocs
1700000430,pod-b,latency_ms,22.0983472428827,demo-ocs
1700000430,pod-b,request_total,485,demo-ocs
1700000440,pod-b,cpu_cores,0.28178850232157104,demo-ocs
1700000440,pod-b,latency_ms,21.117097918548446,demo-ocs
1700000440,pod-b,request_total,499,demo-ocs
1700000450,pod-b,cpu_cores,0.295569277685384,demo-ocs
1700000450,pod-b,latency_ms,21.294969381418948,demo-ocs
1700000450,pod-b,request_total,511,demo-ocs
1700000460,pod-b,cpu_cores,0.31403327296179134,demo-ocs
1700000460,pod-b,latency_ms,17.92984377191872,demo-ocs
1700000460,pod-b,request_total,520,demo-ocs
1700000470,pod-b,cpu_cores,0.2997583069842346,demo-ocs
1700000470,pod-b,latency_ms,19.578619971273685,demo-ocs
1700000470,pod-b,request_total,528,demo-ocs
1700000480,pod-b,cpu_cores,0.2687304410426262,demo-ocs
1700000480,pod-b,latency_ms,21.371498070549322,demo-ocs
1700000480,pod-b,request_total,537,demo-ocs
1700000490,pod-b,cpu_cores,0.2929809523556404,demo-ocs
1700000490,pod-b,latency_ms,17.95543943670534,demo-ocs
1700000490,pod-b,request_total,548,demo-ocs
1700000500,pod-b,cpu_cores,0.32256037714698604,demo-ocs
1700000500,pod-b,latency_ms,15.438524309256154,demo-ocs
1700000500,pod-b,request_total,559,demo-ocs
1700000510,pod-b,cpu_cores,0.27006722620193346,demo-ocs
1700000510,pod-b,latency_ms,18.154227116209466,demo-ocs
1700000510,pod-b,request_total,568,demo-ocs
1700000520,pod-b,cpu_cores,0.30565173965838593,demo-ocs
1700000520,pod-b,latency_ms,21.534634480922453,demo-ocs
1700000520,pod-b,request_total,578,demo-ocs
1700000530,pod-b,cpu_cores,0.2771967816174754,demo-ocs
1700000530,pod-b,latency_ms,17.76092824945895,demo-ocs
1700000530,pod-b,request_total,587,demo-ocs
1700000540,pod-b,cpu_cores,0.3011654866187089,demo-ocs
1700000540,pod-b,latency_ms,21.097477637728254,demo-ocs
1700000540,pod-b,request_total,601,demo-ocs
1700000550,pod-b,cpu_cores,0.29624658018143096,demo-ocs
1700000550,pod-b,latency_ms,20.556287452909253,demo-ocs
1700000550,pod-b,request_total,613,demo-ocs
1700000560,pod-b,cpu_cores,0.31555534778169847,demo-ocs
1700000560,pod-b,latency_ms,21.614016563888942,demo-ocs
1700000560,pod-b,request_total,621,demo-ocs
1700000570,pod-b,cpu_cores,0.2676025601121646,demo-ocs
1700000570,pod-b,latency_ms,15.505462889318288,demo-ocs
1700000570,pod-b,request_total,629,demo-ocs
1700000580,pod-b,cpu_cores,0.32375450186523874,demo-ocs
1700000580,pod-b,latency_ms,17.958753960973326,demo-ocs
1700000580,pod-b,request_total,640,demo-ocs
1700000590,pod-b,cpu_cores,0.2628032918690874,demo-ocs
1700000590,pod-b,latency_ms,20.198069642014403,demo-ocs
1700000590,pod-b,request_total,649,demo-ocs
1700000600,pod-b,cpu_cores,0.3359518904486863,demo-ocs
1700000600,pod-b,latency_ms,21.0325951442029,demo-ocs
1700000600,pod-b,request_total,658,demo-ocs
1700000610,pod-b,cpu_cores,0.2925656660682861,demo-ocs
1700000610,pod-b,latency_ms,18.213738756830274,demo-ocs
1700000610,pod-b,request_total,671,demo-ocs
1700000620,pod-b,cpu_cores,0.29401470592229484,demo-ocs
1700000620,pod-b,latency_ms,17.969864188542367,demo-ocs
1700000620,pod-b,request_total,681,demo-ocs
1700000630,pod-b,cpu_cores,0.34097511301726574,demo-ocs
1700000630,pod-b,latency_ms,23.57033680414426,demo-ocs
1700000630,pod-b,request_total,690,demo-ocs
1700000640,pod-b,cpu_cores,0.2815829920438174,demo-ocs
1700000640,pod-b,latency_ms,21.71003864859456,demo-ocs
1700000640,pod-b,request_total,698,demo-ocs
1700000650,pod-b,cpu_cores,0.312792528189958,demo-ocs
1700000650,pod-b,latency_ms,20.885091248408106,demo-ocs
1700000650,pod-b,request_total,708,demo-ocs
1700000660,pod-b,cpu_cores,0.3127074228572255,demo-ocs
1700000660,pod-b,latency_ms,21.48002847260867,demo-ocs
1700000660,pod-b,request_total,718,demo-ocs
1700000670,pod-b,cpu_cores,0.3127381256674442,demo-ocs
1700000670,pod-b,latency_ms,20.681582816004212,demo-ocs
1700000670,pod-b,request_total,727,demo-ocs
1700000680,pod-b,cpu_cores,0.3016724215482111,demo-ocs
1700000680,pod-b,latency_ms,18.88761608230175,demo-ocs
1700000680,pod-b,request_total,740,demo-ocs
1700000690,pod-b,cpu_cores,0.27440318084719956,demo-ocs
1700000690,pod-b,latency_ms,23.363633238601647,demo-ocs
1700000690,pod-b,request_total,750,demo-ocs
1700000700,pod-b,cpu_cores,0.32718441200591225,demo-ocs
1700000700,pod-b,latency_ms,,demo-ocs
1700000700,pod-b,request_total,760,demo-ocs
1700000710,pod-b,cpu_cores,0.3270125024190531,demo-ocs
1700000710,pod-b,latency_ms,20.02410636120365,demo-ocs
1700000710,pod-b,request_total,773,demo-ocs
1700000720,pod-b,cpu_cores,0.27813057259076035,demo-ocs
1700000720,pod-b,latency_ms,20.79398260899768,demo-ocs
1700000720,pod-b,request_total,786,demo-ocs
1700000730,pod-b,cpu_cores,0.3012077185684883,demo-ocs
1700000730,pod-b,latency_ms,17.394695766331072,demo-ocs
1700000730,pod-b,request_total,795,demo-ocs
1700000740,pod-b,cpu_cores,0.2984054087228638,demo-ocs
1700000740,pod-b,latency_ms,23.59512233328928,demo-ocs
1700000740,pod-b,request_total,804,demo-ocs
1700000750,pod-b,cpu_cores,0.3178842665702682,demo-ocs
1700000750,pod-b,latency_ms,20.02289087818293,demo-ocs
1700000750,pod-b,request_total,812,demo-ocs
1700000760,pod-b,cpu_cores,0.30088424756208393,demo-ocs
1700000760,pod-b,latency_ms,19.594172030408906,demo-ocs
1700000760,pod-b,request_total,824,demo-ocs
1700000770,pod-b,cpu_cores,0.27835145605223427,demo-ocs
1700000770,pod-b,latency_ms,19.69789624478614,demo-ocs
1700000770,pod-b,request_total,838,demo-ocs
1700000780,pod-b,cpu_cores,0.27499368922153705,demo-ocs
1700000780,pod-b,latency_ms,21.02244362909507,demo-ocs
1700000780,pod-b,request_total,851,demo-ocs
1700000790,pod-b,cpu_cores,0.3078252931986647,demo-ocs
1700000790,pod-b,latency_ms,16.426584977263843,demo-ocs
1700000790,pod-b,request_total,859,demo-ocs
1700000800,pod-b,cpu_cores,0.3199140277179985,demo-ocs
1700000800,pod-b,latency_ms,22.118447477792643,demo-ocs
1700000800,pod-b,request_total,868,demo-ocs
1700000810,pod-b,cpu_cores,0.32051673685770476,demo-ocs
1700000810,pod-b,latency_ms,20.07782641380292,demo-ocs
1700000810,pod-b,request_total,876,demo-ocs
1700000820,pod-b,cpu_cores,0.2783260234528388,demo-ocs
1700000820,pod-b,latency_ms,20.689209809500714,demo-ocs
1700000820,pod-b,request_total,888,demo-ocs
1700000830,pod-b,cpu_cores,0.30758560068730323,demo-ocs
1700000830,pod-b,latency_ms,22.57466222321013,demo-ocs
1700000830,pod-b,request_total,900,demo-ocs
1700000840,pod-b,cpu_cores,0.29735542686937655,demo-ocs
1700000840,pod-b,latency_ms,17.51158824227826,demo-ocs
1700000840,pod-b,request_total,913,demo-ocs
1700000850,pod-b,cpu_cores,0.293617868059782,demo-ocs
1700000850,pod-b,latency_ms,20.43446238962105,demo-ocs
1700000850,pod-b,request_total,924,demo-ocs
1700000860,pod-b,cpu_cores,0.28844211783844687,demo-ocs
1700000860,pod-b,latency_ms,20.5057696299398,demo-ocs
1700000860,pod-b,request_total,938,demo-ocs
1700000870,pod-b,cpu_cores,0.2899208451717878,demo-ocs
1700000870,pod-b,latency_ms,18.743867832549252,demo-ocs
1700000870,pod-b,request_total,946,demo-ocs
1700000880,pod-b,cpu_cores,0.2919601483974159,demo-ocs
1700000880,pod-b,latency_ms,20.488208777956704,demo-ocs
1700000880,pod-b,request_total,959,demo-ocs
1700000890,pod-b,cpu_cores,0.30546408045704243,demo-ocs
1700000890,pod-b,latency_ms,17.72114199781685,demo-ocs
1700000890,pod-b,request_total,973,demo-ocs
1700000900,pod-b,cpu_cores,0.32875553879832925,demo-ocs
1700000900,pod-b,latency_ms,17.675840974531425,demo-ocs
1700000900,pod-b,request_total,982,demo-ocs
1700000910,pod-b,cpu_cores,0.25766691102058936,demo-ocs
1700000910,pod-b,latency_ms,16.27630969351498,demo-ocs
1700000910,pod-b,request_total,991,demo-ocs
1700000920,pod-b,cpu_cores,0.300618345560654,demo-ocs
1700000920,pod-b,latency_ms,19.76477828914976,demo-ocs
1700000920,pod-b,request_total,1003,demo-ocs
1700000930,pod-b,cpu_cores,0.32428379657857004,demo-ocs
1700000930,pod-b,latency_ms,14.654331133794123,demo-ocs
1700000930,pod-b,request_total,1017,demo-ocs
1700000940,pod-b,cpu_cores,0.33122876403607143,demo-ocs
1700000940,pod-b,latency_ms,17.744438470216572,demo-ocs
1700000940,pod-b,request_total,1028,demo-ocs
1700000950,pod-b,cpu_cores,0.2924038697642021,demo-ocs
1700000950,pod-b,latency_ms,18.49421616554276,demo-ocs
1700000950,pod-b,request_total,1041,demo-ocs
1700000960,pod-b,cpu_cores,0.2934747598995392,demo-ocs
1700000960,pod-b,latency_ms,22.85497056736901,demo-ocs
1700000960,pod-b,request_total,1055,demo-ocs
1700000970,pod-b,cpu_cores,0.3367477335097504,demo-ocs
1700000970,pod-b,latency_ms,19.328121549919704,demo-ocs
1700000970,pod-b,request_total,1068,demo-ocs
1700000980,pod-b,cpu_cores,0.3007115295396925,demo-ocs
1700000980,pod-b,latency_ms,23.50738205340216,demo-ocs
1700000980,pod-b,request_total,1077,demo-ocs
1700000990,pod-b,cpu_cores,0.29813402700693015,demo-ocs
1700000990,pod-b,latency_ms,20.262115652092287,demo-ocs
1700000990,pod-b,request_total,1091,demo-ocs
1700001000,pod-b,cpu_cores,0.3635770735873507,demo-ocs
1700001000,pod-b,latency_ms,21.70257114968958,demo-ocs
1700001000,pod-b,request_total,1103,demo-ocs
1700001010,pod-b,cpu_cores,0.28585470940097074,demo-ocs
1700001010,pod-b,latency_ms,21.937995740551717,demo-ocs
1700001010,pod-b,request_total,1113,demo-ocs
1700001020,pod-b,cpu_cores,0.29020499634197583,demo-ocs
1700001020,pod-b,latency_ms,21.817202719784223,demo-ocs
1700001020,pod-b,request_total,1125,demo-ocs
1700001030,pod-b,cpu_cores,0.30062171175542307,demo-ocs
1700001030,pod-b,latency_ms,20.557151829023613,demo-ocs
1700001030,pod-b,request_total,1139,demo-ocs
1700001040,pod-b,cpu_cores,0.3067316625321087,demo-ocs
1700001040,pod-b,latency_ms,20.849931794872298,demo-ocs
1700001040,pod-b,request_total,1152,demo-ocs
1700001050,pod-b,cpu_cores,0.26126066134589165,demo-ocs
1700001050,pod-b,latency_ms,21.33314533721907,demo-ocs
1700001050,pod-b,request_total,1160,demo-ocs
1700001060,pod-b,cpu_cores,0.2711540172888118,demo-ocs
1700001060,pod-b,latency_ms,19.883177512282636,demo-ocs
1700001060,pod-b,request_total,1173,demo-ocs
1700001070,pod-b,cpu_cores,0.30167962006628907,demo-ocs
1700001070,pod-b,latency_ms,18.61298767085544,demo-ocs
1700001070,pod-b,request_total,1182,demo-ocs
1700001080,pod-b,cpu_cores,0.27315649667258185,demo-ocs
1700001080,pod-b,latency_ms,19.186112502454883,demo-ocs
1700001080,pod-b,request_total,1193,demo-ocs
1700001090,pod-b,cpu_cores,0.28830251730134,demo-ocs
1700001090,pod-b,latency_ms,19.906825459321322,demo-ocs
1700001090,pod-b,request_total,1202,demo-ocs
1700001100,pod-b,cpu_cores,0.2798421410075291,demo-ocs
1700001100,pod-b,latency_ms,21.448565354912457,demo-ocs
1700001100,pod-b,request_total,1210,demo-ocs
1700001110,pod-b,cpu_cores,0.301260047366694,demo-ocs
1700001110,pod-b,latency_ms,16.216107493376178,demo-ocs
1700001110,pod-b,request_total,1218,demo-ocs
1700001120,pod-b,cpu_cores,0.29975361414141377,demo-ocs
1700001120,pod-b,latency_ms,19.558065364427293,demo-ocs
1700001120,pod-b,request_total,1232,demo-ocs
1700001130,pod-b,cpu_cores,0.2979315977285073,demo-ocs
1700001130,pod-b,latency_ms,19.944035086939564,demo-ocs
1700001130,pod-b,request_total,1240,demo-ocs
1700001140,pod-b,cpu_cores,0.318952992196966,demo-ocs
1700001140,pod-b,latency_ms,17.777790198164883,demo-ocs
1700001140,pod-b,request_total,1253,demo-ocs
1700001150,pod-b,cpu_cores,0.2765605681419841,demo-ocs
1700001150,pod-b,latency_ms,17.813352284225235,demo-ocs
1700001150,pod-b,request_total,1267,demo-ocs
1700001160,pod-b,cpu_cores,0.3248989475729289,demo-ocs
1700001160,pod-b,latency_ms,19.13732112352098,demo-ocs
1700001160,pod-b,request_total,1277,demo-ocs
1700001170,pod-b,cpu_cores,0.2499660031168069,demo-ocs
1700001170,pod-b,latency_ms,16.59201427477925,demo-ocs
1700001170,pod-b,request_total,1285,demo-ocs
1700001180,pod-b,cpu_cores,0.2888454222500957,demo-ocs
1700001180,pod-b,latency_ms,19.183222745490546,demo-ocs
1700001180,pod-b,request_total,1298,demo-ocs
1700001190,pod-b,cpu_cores,0.3007716224596183,demo-ocs
1700001190,pod-b,latency_ms,19.376507338355104,demo-ocs
1700001190,pod-b,request_total,1310,demo-ocs
1700001200,pod-b,cpu_cores,0.2864796538863726,demo-ocs
1700001200,pod-b,latency_ms,18.275364081048913,demo-ocs
1700001200,pod-b,request_total,1318,demo-ocs
1700001210,pod-b,cpu_cores,0.30957751077040924,demo-ocs
1700001210,pod-b,latency_ms,16.92871586014776,demo-ocs
1700001210,pod-b,request_total,1331,demo-ocs
1700001220,pod-b,cpu_cores,0.30205106367452533,demo-ocs
1700001220,pod-b,latency_ms,19.705115020163664,demo-ocs
1700001220,pod-b,request_total,1344,demo-ocs
1700001230,pod-b,cpu_cores,0.3317655221429852,demo-ocs
1700001230,pod-b,latency_ms,18.755585109410564,demo-ocs
1700001230,pod-b,request_total,1354,demo-ocs
1700001240,pod-b,cpu_cores,0.295491371015438,demo-ocs
1700001240,pod-b,latency_ms,17.445967110059545,demo-ocs
1700001240,pod-b,request_total,1364,demo-ocs
1700001250,pod-b,cpu_cores,0.3013983916198965,demo-ocs
1700001250,pod-b,latency_ms,17.847509599362464,demo-ocs
1700001250,pod-b,request_total,1372,demo-ocs
1700001260,pod-b,cpu_cores,0.30794066600030984,demo-ocs
1700001260,pod-b,latency_ms,21.11116417730025,demo-ocs
1700001260,pod-b,request_total,1384,demo-ocs
1700001270,pod-b,cpu_cores,0.2875566459949148,demo-ocs
1700001270,pod-b,latency_ms,21.9748102900928,demo-ocs
1700001270,pod-b,request_total,1393,demo-ocs
1700001280,pod-b,cpu_cores,0.3287260351312658,demo-ocs
1700001280,pod-b,latency_ms,21.058826814251443,demo-ocs
1700001280,pod-b,request_total,1401,demo-ocs
1700001290,pod-b,cpu_cores,0.32726857424171396,demo-ocs
1700001290,pod-b,latency_ms,16.238403144051883,demo-ocs
1700001290,pod-b,request_total,1414,demo-ocs
1700001300,pod-b,cpu_cores,0.2826598948735315,demo-ocs
1700001300,pod-b,latency_ms,20.238451722254784,demo-ocs
1700001300,pod-b,request_total,1424,demo-ocs
1700001310,pod-b,cpu_cores,0.28857101561606524,demo-ocs
1700001310,pod-b,latency_ms,19.667684316100534,demo-ocs
1700001310,pod-b,request_total,1433,demo-ocs
1700001320,pod-b,cpu_cores,0.2966056040715924,demo-ocs
1700001320,pod-b,latency_ms,20.82758463438043,demo-ocs
1700001320,pod-b,request_total,1442,demo-ocs
1700001330,pod-b,cpu_cores,0.2953546134015153,demo-ocs
1700001330,pod-b,latency_ms,20.151426575913668,demo-ocs
1700001330,pod-b,request_total,1453,demo-ocs
1700001340,pod-b,cpu_cores,0.3089664813194632,demo-ocs
1700001340,pod-b,latency_ms,22.330615071094353,demo-ocs
1700001340,pod-b,request_total,1463,demo-ocs
1700001350,pod-b,cpu_cores,0.3329478799520666,demo-ocs
1700001350,pod-b,latency_ms,20.619240163818333,demo-ocs
1700001350,pod-b,request_total,1471,demo-ocs
1700001360,pod-b,cpu_cores,0.27698270981628864,demo-ocs
1700001360,pod-b,latency_ms,19.82424651516876,demo-ocs
1700001360,pod-b,request_total,1481,demo-ocs
1700001370,pod-b,cpu_cores,0.3188057892976718,demo-ocs
1700001370,pod-b,latency_ms,21.731937276834305,demo-ocs
1700001370,pod-b,request_total,1492,demo-ocs
1700001380,pod-b,cpu_cores,0.31772787919135903,demo-ocs
1700001380,pod-b,latency_ms,20.981533417987638,demo-ocs
1700001380,pod-b,request_total,1501,demo-ocs
1700001390,pod-b,cpu_cores,0.3240061251651864,demo-ocs
1700001390,pod-b,latency_ms,20.578718313914223,demo-ocs
1700001390,pod-b,request_total,1515,demo-ocs
1700001400,pod-b,cpu_cores,0.30671682513866044,demo-ocs
1700001400,pod-b,latency_ms,14.138811248294449,demo-ocs
1700001400,pod-b,request_total,1526,demo-ocs
1700001410,pod-b,cpu_cores,0.307657714727701,demo-ocs
1700001410,pod-b,latency_ms,12.703174349570432,demo-ocs
1700001410,pod-b,request_total,1537,demo-ocs
1700001420,pod-b,cpu_cores,0.3090353720188197,demo-ocs
1700001420,pod-b,latency_ms,20.95505867453359,demo-ocs
1700001420,pod-b,request_total,1547,demo-ocs
1700001430,pod-b,cpu_cores,0.27675142439720135,demo-ocs
1700001430,pod-b,latency_ms,18.57579591624212,demo-ocs
1700001430,pod-b,request_total,1558,demo-ocs
1700001440,pod-b,cpu_cores,0.29031939736854645,demo-ocs
1700001440,pod-b,latency_ms,24.48584062480597,demo-ocs
1700001440,pod-b,request_total,1572,demo-ocs
1700001450,pod-b,cpu_cores,0.29996160293647306,demo-ocs
1700001450,pod-b,latency_ms,20.816072353762532,demo-ocs
1700001450,pod-b,request_total,1582,demo-ocs
1700001460,pod-b,cpu_cores,0.30262054232386837,demo-ocs
1700001460,pod-b,latency_ms,17.995312038618398,demo-ocs
1700001460,pod-b,request_total,1595,demo-ocs
1700001470,pod-b,cpu_cores,0.29780545096611416,demo-ocs
1700001470,pod-b,latency_ms,19.92877852761982,demo-ocs
1700001470,pod-b,request_total,1604,demo-ocs
1700001480,pod-b,cpu_cores,0.29488335857318354,demo-ocs
1700001480,pod-b,latency_ms,18.515615812005127,demo-ocs
1700001480,pod-b,request_total,1615,demo-ocs
1700001490,pod-b,cpu_cores,0.31848715514374865,demo-ocs
1700001490,pod-b,latency_ms,20.06922374837051,demo-ocs
1700001490,pod-b,request_total,1629,demo-ocs
1700001500,pod-b,cpu_cores,0.29787636138754847,demo-ocs
1700001500,pod-b,latency_ms,20.44624403681233,demo-ocs
1700001500,pod-b,request_total,0,demo-ocs
1700001510,pod-b,cpu_cores,0.3123362839937956,demo-ocs
1700001510,pod-b,latency_ms,18.000575542661238,demo-ocs
1700001510,pod-b,request_total,9,demo-ocs
1700001520,pod-b,cpu_cores,0.3220935843080506,demo-ocs
1700001520,pod-b,latency_ms,19.175326255590537,demo-ocs
1700001520,pod-b,request_total,19,demo-ocs
1700001530,pod-b,cpu_cores,0.2716631581480625,demo-ocs
1700001530,pod-b,latency_ms,20.88762541876621,demo-ocs
1700001530,pod-b,request_total,32,demo-ocs
1700001540,pod-b,cpu_cores,0.26938569485486585,demo-ocs
1700001540,pod-b,latency_ms,20.458963430927213,demo-ocs
1700001540,pod-b,request_total,44,demo-ocs
1700001550,pod-b,cpu_cores,0.31471166184856747,demo-ocs
1700001550,pod-b,latency_ms,20.748772903412526,demo-ocs
1700001550,pod-b,request_total,58,demo-ocs
1700001560,pod-b,cpu_cores,0.271914618038185,demo-ocs
1700001560,pod-b,latency_ms,20.66208030999239,demo-ocs
1700001560,pod-b,request_total,70,demo-ocs
1700001570,pod-b,cpu_cores,0.29394760481059107,demo-ocs
1700001570,pod-b,latency_ms,19.03441968255071,demo-ocs
1700001570,pod-b,request_total,78,demo-ocs
1700001580,pod-b,cpu_cores,0.3295854902134846,demo-ocs
1700001580,pod-b,latency_ms,23.588740109200717,demo-ocs
1700001580,pod-b,request_total,87,demo-ocs
1700001590,pod-b,cpu_cores,0.3262961574301181,demo-ocs
1700001590,pod-b,latency_ms,19.78053163673963,demo-ocs
1700001590,pod-b,request_total,97,demo-ocs
1700001600,pod-b,cpu_cores,0.31533645743568484,demo-ocs
1700001600,pod-b,latency_ms,20.242355898598923,demo-ocs
1700001600,pod-b,request_total,111,demo-ocs
1700001610,pod-b,cpu_cores,0.3026152837582309,demo-ocs
1700001610,pod-b,latency_ms,21.647506263752366,demo-ocs
1700001610,pod-b,request_total,122,demo-ocs
1700001620,pod-b,cpu_cores,0.2854142612725268,demo-ocs
1700001620,pod-b,latency_ms,19.171053868328283,demo-ocs
1700001620,pod-b,request_total,131,demo-ocs
1700001630,pod-b,cpu_cores,0.31267820755467485,demo-ocs
1700001630,pod-b,latency_ms,20.005986582399913,demo-ocs
1700001630,pod-b,request_total,143,demo-ocs
1700001640,pod-b,cpu_cores,0.3134015848440438,demo-ocs
1700001640,pod-b,latency_ms,19.25031707420478,demo-ocs
1700001640,pod-b,request_total,156,demo-ocs
1700001650,pod-b,cpu_cores,0.3151249632725961,demo-ocs
1700001650,pod-b,latency_ms,20.75768520691679,demo-ocs
1700001650,pod-b,request_total,164,demo-ocs
1700001660,pod-b,cpu_cores,0.32884609582372487,demo-ocs
1700001660,pod-b,latency_ms,18.998510512486167,demo-ocs
1700001660,pod-b,request_total,178,demo-ocs
1700001670,pod-b,cpu_cores,0.2668980931362963,demo-ocs
1700001670,pod-b,latency_ms,17.909912580827395,demo-ocs
1700001670,pod-b,request_total,188,demo-ocs
1700001680,pod-b,cpu_cores,0.30104346637315066,demo-ocs
1700001680,pod-b,latency_ms,19.452298988907526,demo-ocs
1700001680,pod-b,request_total,202,demo-ocs
1700001690,pod-b,cpu_cores,0.2932633606471881,demo-ocs
1700001690,pod-b,latency_ms,21.239403930964958,demo-ocs
1700001690,pod-b,request_total,214,demo-ocs
1700001700,pod-b,cpu_cores,0.30632095741288573,demo-ocs
1700001700,pod-b,latency_ms,20.819656914657386,demo-ocs
1700001700,pod-b,request_total,223,demo-ocs
1700001710,pod-b,cpu_cores,0.31232269336004476,demo-ocs
1700001710,pod-b,latency_ms,15.784093316445114,demo-ocs
1700001710,pod-b,request_total,235,demo-ocs
1700001720,pod-b,cpu_cores,0.2563957987102105,demo-ocs
1700001720,pod-b,latency_ms,20.07211985359559,demo-ocs
1700001720,pod-b,request_total,248,demo-ocs
1700001730,pod-b,cpu_cores,0.2999073405555131,demo-ocs
1700001730,pod-b,latency_ms,22.09106454957936,demo-ocs
1700001730,pod-b,request_total,262,demo-ocs
1700001740,pod-b,cpu_cores,0.30405550096504735,demo-ocs
1700001740,pod-b,latency_ms,18.9992778452062,demo-ocs
1700001740,pod-b,request_total,275,demo-ocs
1700001750,pod-b,cpu_cores,0.30970322225091473,demo-ocs
1700001750,pod-b,latency_ms,18.944164725351374,demo-ocs
1700001750,pod-b,request_total,289,demo-ocs
1700001760,pod-b,cpu_cores,0.31972272633921534,demo-ocs
1700001760,pod-b,latency_ms,18.884457308021155,demo-ocs
1700001760,pod-b,request_total,301,demo-ocs
1700001770,pod-b,cpu_cores,0.31611357278485,demo-ocs
1700001770,pod-b,latency_ms,21.354802737384606,demo-ocs
1700001770,pod-b,request_total,315,demo-ocs
1700001780,pod-b,cpu_cores,0.319477882564348,demo-ocs
1700001780,pod-b,latency_ms,21.39713269074301,demo-ocs
1700001780,pod-b,request_total,325,demo-ocs
1700001790,pod-b,cpu_cores,0.30203851774745316,demo-ocs
1700001790,pod-b,latency_ms,18.475353083944697,demo-ocs
1700001790,pod-b,request_total,335,demo-ocs
1700001800,pod-b,cpu_cores,0.28924674846193954,demo-ocs
1700001800,pod-b,latency_ms,121.08518892658392,demo-ocs
1700001800,pod-b,request_total,348,demo-ocs
1700001810,pod-b,cpu_cores,0.28088749665197205,demo-ocs
1700001810,pod-b,latency_ms,20.87502449723974,demo-ocs
1700001810,pod-b,request_total,357,demo-ocs
1700001820,pod-b,cpu_cores,0.295918628311223,demo-ocs
1700001820,pod-b,latency_ms,20.21929550914802,demo-ocs
1700001820,pod-b,request_total,365,demo-ocs
1700001830,pod-b,cpu_cores,0.3489026029011783,demo-ocs
1700001830,pod-b,latency_ms,17.245368688959264,demo-ocs
1700001830,pod-b,request_total,378,demo-ocs
1700001840,pod-b,cpu_cores,0.3029968482797456,demo-ocs
1700001840,pod-b,latency_ms,20.822343836031926,demo-ocs
1700001840,pod-b,request_total,390,demo-ocs
1700001850,pod-b,cpu_cores,0.30236695826776405,demo-ocs
1700001850,pod-b,latency_ms,20.889453636390467,demo-ocs
1700001850,pod-b,request_total,399,demo-ocs
1700001860,pod-b,cpu_cores,0.32908100362914916,demo-ocs
1700001860,pod-b,latency_ms,19.087057711550557,demo-ocs
1700001860,pod-b,request_total,409,demo-ocs
1700001870,pod-b,cpu_cores,0.32264469144358493,demo-ocs
1700001870,pod-b,latency_ms,18.711265759573955,demo-ocs
1700001870,pod-b,request_total,419,demo-ocs
1700001880,pod-b,cpu_cores,0.2785607489541956,demo-ocs
1700001880,pod-b,latency_ms,20.91004744069504,demo-ocs
1700001880,pod-b,request_total,429,demo-ocs
1700001890,pod-b,cpu_cores,0.32890251913853064,demo-ocs
1700001890,pod-b,latency_ms,19.845287640358293,demo-ocs
1700001890,pod-b,request_total,437,demo-ocs
1700001900,pod-b,cpu_cores,0.27770766073864145,demo-ocs
1700001900,pod-b,latency_ms,19.541414692895383,demo-ocs
1700001900,pod-b,request_total,449,demo-ocs
1700001910,pod-b,cpu_cores,0.26814411480556943,demo-ocs
1700001910,pod-b,latency_ms,18.174244026562345,demo-ocs
1700001910,pod-b,request_total,462,demo-ocs
1700001920,pod-b,cpu_cores,0.3263802639548279,demo-ocs
1700001920,pod-b,latency_ms,25.618421722459004,demo-ocs
1700001920,pod-b,request_total,476,demo-ocs
1700001930,pod-b,cpu_cores,0.28826829829858197,demo-ocs
1700001930,pod-b,latency_ms,22.87060031329088,demo-ocs
1700001930,pod-b,request_total,485,demo-ocs
1700001940,pod-b,cpu_cores,0.2969750470650725,demo-ocs
1700001940,pod-b,latency_ms,20.865188903452303,demo-ocs
1700001940,pod-b,request_total,497,demo-ocs
1700001950,pod-b,cpu_cores,0.30123832967359915,demo-ocs
1700001950,pod-b,latency_ms,20.220791451224436,demo-ocs
1700001950,pod-b,request_total,505,demo-ocs
1700001960,pod-b,cpu_cores,0.27203780680402295,demo-ocs
1700001960,pod-b,latency_ms,16.912749594955837,demo-ocs
1700001960,pod-b,request_total,514,demo-ocs
1700001970,pod-b,cpu_cores,0.3130648976656245,demo-ocs
1700001970,pod-b,latency_ms,19.446599819828574,demo-ocs
1700001970,pod-b,request_total,526,demo-ocs
1700001980,pod-b,cpu_cores,0.3001701125344631,demo-ocs
1700001980,pod-b,latency_ms,21.589864505831255,demo-ocs
1700001980,pod-b,request_total,537,demo-ocs
1700001990,pod-b,cpu_cores,0.30360727886052796,demo-ocs
1700001990,pod-b,latency_ms,18.687890126718067,demo-ocs
1700001990,pod-b,request_total,548,demo-ocs
1700002000,pod-b,cpu_cores,0.2986584314089744,demo-ocs
1700002000,pod-b,latency_ms,23.158371005963264,demo-ocs
1700002000,pod-b,request_total,556,demo-ocs
1700002010,pod-b,cpu_cores,0.30989113310645705,demo-ocs
1700002010,pod-b,latency_ms,21.94732702268818,demo-ocs
1700002010,pod-b,request_total,570,demo-ocs
1700002020,pod-b,cpu_cores,0.3226019863280903,demo-ocs
1700002020,pod-b,latency_ms,21.22819835422525,demo-ocs
1700002020,pod-b,request_total,580,demo-ocs
1700002030,pod-b,cpu_cores,0.31196694094149763,demo-ocs
1700002030,pod-b,latency_ms,21.039321146693005,demo-ocs
1700002030,pod-b,request_total,590,demo-ocs
1700002040,pod-b,cpu_cores,0.3140144631371917,demo-ocs
1700002040,pod-b,latency_ms,17.28837205774689,demo-ocs
1700002040,pod-b,request_total,603,demo-ocs
1700002050,pod-b,cpu_cores,0.2841080108974989,demo-ocs
1700002050,pod-b,latency_ms,22.607130135616174,demo-ocs
1700002050,pod-b,request_total,613,demo-ocs
1700002060,pod-b,cpu_cores,0.32974796579371723,demo-ocs
1700002060,pod-b,latency_ms,19.456651232625415,demo-ocs
1700002060,pod-b,request_total,623,demo-ocs
1700002070,pod-b,cpu_cores,0.27695502317446463,demo-ocs
1700002070,pod-b,latency_ms,19.519125605859315,demo-ocs
1700002070,pod-b,request_total,633,demo-ocs
1700002080,pod-b,cpu_cores,0.30157977432680017,demo-ocs
1700002080,pod-b,latency_ms,22.267360957513404,demo-ocs
1700002080,pod-b,request_total,642,demo-ocs
1700002090,pod-b,cpu_cores,0.29277459149993107,demo-ocs
1700002090,pod-b,latency_ms,20.704068943605847,demo-ocs
1700002090,pod-b,request_total,651,demo-ocs
1700002100,pod-b,cpu_cores,0.30900634556087625,demo-ocs
1700002100,pod-b,latency_ms,20.006217100371273,demo-ocs
1700002100,pod-b,request_total,660,demo-ocs
1700002110,pod-b,cpu_cores,0.28500373323430966,demo-ocs
1700002110,pod-b,latency_ms,19.528341275650295,demo-ocs
1700002110,pod-b,request_total,668,demo-ocs
1700002120,pod-b,cpu_cores,0.29459689741325806,demo-ocs
1700002120,pod-b,latency_ms,23.542682484535366,demo-ocs
1700002120,pod-b,request_total,676,demo-ocs
1700002130,pod-b,cpu_cores,0.29803107995384237,demo-ocs
1700002130,pod-b,latency_ms,19.512207779645326,demo-ocs
1700002130,pod-b,request_total,684,demo-ocs
1700002140,pod-b,cpu_cores,0.2821158529604104,demo-ocs
1700002140,pod-b,latency_ms,19.473853151087294,demo-ocs
1700002140,pod-b,request_total,692,demo-ocs
1700002150,pod-b,cpu_cores,0.2862829464764671,demo-ocs
1700002150,pod-b,latency_ms,22.763415186755594,demo-ocs
1700002150,pod-b,request_total,706,demo-ocs
1700002160,pod-b,cpu_cores,0.325768884986365,demo-ocs
1700002160,pod-b,latency_ms,20.123409268100737,demo-ocs
1700002160,pod-b,request_total,716,demo-ocs
1700002170,pod-b,cpu_cores,0.30074455672843153,demo-ocs
1700002170,pod-b,latency_ms,19.822407104575,demo-ocs
1700002170,pod-b,request_total,726,demo-ocs
1700002180,pod-b,cpu_cores,0.33437590006099716,demo-ocs
1700002180,pod-b,latency_ms,15.360778546497563,demo-ocs
1700002180,pod-b,request_total,737,demo-ocs
1700002190,pod-b,cpu_cores,0.2599690851112264,demo-ocs
1700002190,pod-b,latency_ms,18.91365833788777,demo-ocs
1700002190,pod-b,request_total,750,demo-ocs
1700002200,pod-b,cpu_cores,0.31380208849528024,demo-ocs
1700002200,pod-b,latency_ms,20.94617439605495,demo-ocs
1700002200,pod-b,request_total,762,demo-ocs
1700002210,pod-b,cpu_cores,0.29231508174238857,demo-ocs
1700002210,pod-b,latency_ms,22.038087386483525,demo-ocs
1700002210,pod-b,request_total,775,demo-ocs
1700002220,pod-b,cpu_cores,0.3036811566254313,demo-ocs
1700002220,pod-b,latency_ms,21.925315144973684,demo-ocs
1700002220,pod-b,request_total,783,demo-ocs
1700002230,pod-b,cpu_cores,0.30545290526864255,demo-ocs
1700002230,pod-b,latency_ms,18.87703394643423,demo-ocs
1700002230,pod-b,request_total,796,demo-ocs
1700002240,pod-b,cpu_cores,0.30221226245157357,demo-ocs
1700002240,pod-b,latency_ms,20.002679693508973,demo-ocs
1700002240,pod-b,request_total,805,demo-ocs
1700002250,pod-b,cpu_cores,0.3294590714437915,demo-ocs
1700002250,pod-b,latency_ms,15.098255742919827,demo-ocs
1700002250,pod-b,request_total,816,demo-ocs
1700002260,pod-b,cpu_cores,0.2762585914725126,demo-ocs
1700002260,pod-b,latency_ms,19.273478704862388,demo-ocs
1700002260,pod-b,request_total,827,demo-ocs
1700002270,pod-b,cpu_cores,0.2949078366046794,demo-ocs
1700002270,pod-b,latency_ms,16.985348704453905,demo-ocs
1700002270,pod-b,request_total,836,demo-ocs
1700002280,pod-b,cpu_cores,0.2827831664295286,demo-ocs
1700002280,pod-b,latency_ms,24.914848184151783,demo-ocs
1700002280,pod-b,request_total,844,demo-ocs
1700002290,pod-b,cpu_cores,0.3360348389549429,demo-ocs
1700002290,pod-b,latency_ms,19.1765011646307,demo-ocs
1700002290,pod-b,request_total,855,demo-ocs
1700002300,pod-b,cpu_cores,0.2770159200562341,demo-ocs
1700002300,pod-b,latency_ms,16.183739173549466,demo-ocs
1700002300,pod-b,request_total,866,demo-ocs
1700002310,pod-b,cpu_cores,0.2976623962718295,demo-ocs
1700002310,pod-b,latency_ms,18.00429603351195,demo-ocs
1700002310,pod-b,request_total,874,demo-ocs
1700002320,pod-b,cpu_cores,0.26799588301913047,demo-ocs
1700002320,pod-b,latency_ms,18.476051083379485,demo-ocs
1700002320,pod-b,request_total,883,demo-ocs
1700002330,pod-b,cpu_cores,0.3029725419060566,demo-ocs
1700002330,pod-b,latency_ms,20.732419195567875,demo-ocs
1700002330,pod-b,request_total,896,demo-ocs
1700002340,pod-b,cpu_cores,0.27359022031685926,demo-ocs
1700002340,pod-b,latency_ms,21.70937146027112,demo-ocs
1700002340,pod-b,request_total,904,demo-ocs
1700002350,pod-b,cpu_cores,0.283995766067963,demo-ocs
1700002350,pod-b,latency_ms,21.265715829214614,demo-ocs
1700002350,pod-b,request_total,915,demo-ocs
1700002360,pod-b,cpu_cores,0.27247225001844105,demo-ocs
1700002360,pod-b,latency_ms,19.367604590837622,demo-ocs
1700002360,pod-b,request_total,925,demo-ocs
1700002370,pod-b,cpu_cores,0.30730727484127535,demo-ocs
1700002370,pod-b,latency_ms,21.225930760949197,demo-ocs
1700002370,pod-b,request_total,933,demo-ocs
1700002380,pod-b,cpu_cores,0.330635577812021,demo-ocs
1700002380,pod-b,latency_ms,22.01502154197312,demo-ocs
1700002380,pod-b,request_total,946,demo-ocs
1700002390,pod-b,cpu_cores,0.29486691767200496,demo-ocs
1700002390,pod-b,latency_ms,21.50024362427389,demo-ocs
1700002390,pod-b,request_total,960,demo-ocs
1700000000,pod-c,cpu_cores,0.33920969201566054,demo-ocs
1700000000,pod-c,latency_ms,17.544000238355004,demo-ocs
1700000000,pod-c,request_total,10,demo-ocs
1700000010,pod-c,cpu_cores,0.28146933777685695,demo-ocs
1700000010,pod-c,latency_ms,22.9698375734677,demo-ocs
1700000010,pod-c,request_total,19,demo-ocs
1700000020,pod-c,cpu_cores,0.2735491773341664,demo-ocs
1700000020,pod-c,latency_ms,19.027611738601905,demo-ocs
1700000020,pod-c,request_total,33,demo-ocs
1700000030,pod-c,cpu_cores,0.3084045341894917,demo-ocs
1700000030,pod-c,latency_ms,19.79520658677781,demo-ocs
1700000030,pod-c,request_total,41,demo-ocs
1700000040,pod-c,cpu_cores,0.28651575076550984,demo-ocs
1700000040,pod-c,latency_ms,18.575325871174584,demo-ocs
1700000040,pod-c,request_total,53,demo-ocs
1700000050,pod-c,cpu_cores,0.28240980742682115,demo-ocs
1700000050,pod-c,latency_ms,24.563265754552123,demo-ocs
1700000050,pod-c,request_total,67,demo-ocs
1700000060,pod-c,cpu_cores,0.31773518108809473,demo-ocs
1700000060,pod-c,latency_ms,19.021845063762154,demo-ocs
1700000060,pod-c,request_total,77,demo-ocs
1700000070,pod-c,cpu_cores,0.296280866456279,demo-ocs
1700000070,pod-c,latency_ms,18.57289203725929,demo-ocs
1700000070,pod-c,request_total,86,demo-ocs
1700000080,pod-c,cpu_cores,0.27243981446304266,demo-ocs
1700000080,pod-c,latency_ms,16.37876264003921,demo-ocs
1700000080,pod-c,request_total,98,demo-ocs
1700000090,pod-c,cpu_cores,0.2550043244409678,demo-ocs
1700000090,pod-c,latency_ms,17.609282051403795,demo-ocs
1700000090,pod-c,request_total,106,demo-ocs
1700000100,pod-c,cpu_cores,0.2991112766459129,demo-ocs
1700000100,pod-c,latency_ms,22.581127524642348,demo-ocs
1700000100,pod-c,request_total,115,demo-ocs
1700000110,pod-c,cpu_cores,0.3082196515380175,demo-ocs
1700000110,pod-c,latency_ms,21.56511765143032,demo-ocs
1700000110,pod-c,request_total,128,demo-ocs
1700000120,pod-c,cpu_cores,0.3104790190838534,demo-ocs
1700000120,pod-c,latency_ms,21.45742846814869,demo-ocs
1700000120,pod-c,request_total,139,demo-ocs
1700000130,pod-c,cpu_cores,0.28846705415532614,demo-ocs
1700000130,pod-c,latency_ms,21.11908074123233,demo-ocs
1700000130,pod-c,request_total,147,demo-ocs
1700000140,pod-c,cpu_cores,0.2890089475773983,demo-ocs
1700000140,pod-c,latency_ms,17.75446313545801,demo-ocs
1700000140,pod-c,request_total,161,demo-ocs
1700000150,pod-c,cpu_cores,0.2763174333620345,demo-ocs
1700000150,pod-c,latency_ms,20.173011083842923,demo-ocs
1700000150,pod-c,request_total,174,demo-ocs
1700000160,pod-c,cpu_cores,0.2841494833908417,demo-ocs
1700000160,pod-c,latency_ms,20.053170682652198,demo-ocs
1700000160,pod-c,request_total,187,demo-ocs
1700000170,pod-c,cpu_cores,0.3114107407227697,demo-ocs
1700000170,pod-c,latency_ms,21.236381429330603,demo-ocs
1700000170,pod-c,request_total,197,demo-ocs
1700000180,pod-c,cpu_cores,0.32553961664396086,demo-ocs
1700000180,pod-c,latency_ms,17.997417134486913,demo-ocs
1700000180,pod-c,request_total,211,demo-ocs
1700000190,pod-c,cpu_cores,0.3336717241907604,demo-ocs
1700000190,pod-c,latency_ms,18.93804699088857,demo-ocs
1700000190,pod-c,request_total,219,demo-ocs
1700000200,pod-c,cpu_cores,0.3013597325210218,demo-ocs
1700000200,pod-c,latency_ms,19.175701243086063,demo-ocs
1700000200,pod-c,request_total,230,demo-ocs
1700000210,pod-c,cpu_cores,0.26384606280450135,demo-ocs
1700000210,pod-c,latency_ms,19.656870979567305,demo-ocs
1700000210,pod-c,request_total,241,demo-ocs
1700000220,pod-c,cpu_cores,0.31934598471685544,demo-ocs
1700000220,pod-c,latency_ms,23.033585314278497,demo-ocs
1700000220,pod-c,request_total,254,demo-ocs
1700000230,pod-c,cpu_cores,0.2840617802140662,demo-ocs
1700000230,pod-c,latency_ms,20.603941485038543,demo-ocs
1700000230,pod-c,request_total,264,demo-ocs
1700000240,pod-c,cpu_cores,0.2874303053972642,demo-ocs
1700000240,pod-c,latency_ms,21.548989407730744,demo-ocs
1700000240,pod-c,request_total,274,demo-ocs
1700000250,pod-c,cpu_cores,0.29922923476313174,demo-ocs
1700000250,pod-c,latency_ms,23.479296083862025,demo-ocs
1700000250,pod-c,request_total,285,demo-ocs
1700000260,pod-c,cpu_cores,0.3199867266494898,demo-ocs
1700000260,pod-c,latency_ms,20.194826825915563,demo-ocs
1700000260,pod-c,request_total,295,demo-ocs
1700000270,pod-c,cpu_cores,0.31591556019488465,demo-ocs
1700000270,pod-c,latency_ms,19.10568468534011,demo-ocs
1700000270,pod-c,request_total,304,demo-ocs
1700000280,pod-c,cpu_cores,0.2976900224140213,demo-ocs
1700000280,pod-c,latency_ms,18.327885770308427,demo-ocs
1700000280,pod-c,request_total,317,demo-ocs
1700000290,pod-c,cpu_cores,0.313241630691635,demo-ocs
1700000290,pod-c,latency_ms,21.30049801115673,demo-ocs
1700000290,pod-c,request_total,330,demo-ocs
1700000300,pod-c,cpu_cores,0.33073931307835286,demo-ocs
1700000300,pod-c,latency_ms,22.898689602472608,demo-ocs
1700000300,pod-c,request_total,338,demo-ocs
1700000310,pod-c,cpu_cores,0.2925011062030173,demo-ocs
1700000310,pod-c,latency_ms,20.746104636868356,demo-ocs
1700000310,pod-c,request_total,350,demo-ocs
1700000320,pod-c,cpu_cores,0.3004671063222911,demo-ocs
1700000320,pod-c,latency_ms,18.800501101762272,demo-ocs
1700000320,pod-c,request_total,364,demo-ocs
1700000330,pod-c,cpu_cores,0.332401406182721,demo-ocs
1700000330,pod-c,latency_ms,20.727396300685925,demo-ocs
1700000330,pod-c,request_total,376,demo-ocs
1700000340,pod-c,cpu_cores,0.32387237143712755,demo-ocs
1700000340,pod-c,latency_ms,15.658769180409177,demo-ocs
1700000340,pod-c,request_total,384,demo-ocs
1700000350,pod-c,cpu_cores,0.2597179481026942,demo-ocs
1700000350,pod-c,latency_ms,21.591677310439547,demo-ocs
1700000350,pod-c,request_total,392,demo-ocs
1700000360,pod-c,cpu_cores,0.3050089260052152,demo-ocs
1700000360,pod-c,latency_ms,17.3472077933629,demo-ocs
1700000360,pod-c,request_total,403,demo-ocs
1700000370,pod-c,cpu_cores,0.2995353257829927,demo-ocs
1700000370,pod-c,latency_ms,24.007018820802685,demo-ocs
1700000370,pod-c,request_total,411,demo-ocs
1700000380,pod-c,cpu_cores,0.3033941309028562,demo-ocs
1700000380,pod-c,latency_ms,19.121892179790123,demo-ocs
1700000380,pod-c,request_total,424,demo-ocs
1700000390,pod-c,cpu_cores,0.2921085429626121,demo-ocs
1700000390,pod-c,latency_ms,15.741604221599964,demo-ocs
1700000390,pod-c,request_total,435,demo-ocs
1700000400,pod-c,cpu_cores,0.31690966216963706,demo-ocs
1700000400,pod-c,latency_ms,16.84876134565877,demo-ocs
1700000400,pod-c,request_total,444,demo-ocs
1700000410,pod-c,cpu_cores,0.2867716621538637,demo-ocs
1700000410,pod-c,latency_ms,17.685070735533156,demo-ocs
1700000410,pod-c,request_total,455,demo-ocs
1700000420,pod-c,cpu_cores,0.301069632536438,demo-ocs
1700000420,pod-c,latency_ms,15.831195690023051,demo-ocs
1700000420,pod-c,request_total,469,demo-ocs
1700000430,pod-c,cpu_cores,0.3122854087671413,demo-ocs
1700000430,pod-c,latency_ms,21.507710139867363,demo-ocs
1700000430,pod-c,request_total,481,demo-ocs
1700000440,pod-c,cpu_cores,0.25038582980030916,demo-ocs
1700000440,pod-c,latency_ms,18.00716274799522,demo-ocs
1700000440,pod-c,request_total,490,demo-ocs
1700000450,pod-c,cpu_cores,0.3246580386820539,demo-ocs
1700000450,pod-c,latency_ms,14.444011438542855,demo-ocs
1700000450,pod-c,request_total,501,demo-ocs
1700000460,pod-c,cpu_cores,0.27639998443065483,demo-ocs
1700000460,pod-c,latency_ms,21.609140603169674,demo-ocs
1700000460,pod-c,request_total,509,demo-ocs
1700000470,pod-c,cpu_cores,0.2864977209571308,demo-ocs
1700000470,pod-c,latency_ms,20.807908041471222,demo-ocs
1700000470,pod-c,request_total,519,demo-ocs
1700000480,pod-c,cpu_cores,0.33672451679460036,demo-ocs
1700000480,pod-c,latency_ms,19.59411611264926,demo-ocs
1700000480,pod-c,request_total,531,demo-ocs
1700000490,pod-c,cpu_cores,0.3075208873924522,demo-ocs
1700000490,pod-c,latency_ms,17.02988904174513,demo-ocs
1700000490,pod-c,request_total,541,demo-ocs
1700000500,pod-c,cpu_cores,0.2847898230385727,demo-ocs
1700000500,pod-c,latency_ms,18.87849167182451,demo-ocs
1700000500,pod-c,request_total,552,demo-ocs
1700000510,pod-c,cpu_cores,0.29955504410301576,demo-ocs
1700000510,pod-c,latency_ms,16.8742313093203,demo-ocs
1700000510,pod-c,request_total,564,demo-ocs
1700000520,pod-c,cpu_cores,0.3193493254585002,demo-ocs
1700000520,pod-c,latency_ms,20.585867646994583,demo-ocs
1700000520,pod-c,request_total,572,demo-ocs
1700000530,pod-c,cpu_cores,0.26822204871642547,demo-ocs
1700000530,pod-c,latency_ms,19.752381411340682,demo-ocs
1700000530,pod-c,request_total,580,demo-ocs
1700000540,pod-c,cpu_cores,0.26244022468068184,demo-ocs
1700000540,pod-c,latency_ms,17.850467972364573,demo-ocs
1700000540,pod-c,request_total,592,demo-ocs
1700000550,pod-c,cpu_cores,0.3175308720816304,demo-ocs
1700000550,pod-c,latency_ms,20.540190868394575,demo-ocs
1700000550,pod-c,request_total,601,demo-ocs
1700000560,pod-c,cpu_cores,0.3371898961524662,demo-ocs
1700000560,pod-c,latency_ms,20.937105557012405,demo-ocs
1700000560,pod-c,request_total,610,demo-ocs
1700000570,pod-c,cpu_cores,0.3131577602086636,demo-ocs
1700000570,pod-c,latency_ms,25.42149105443665,demo-ocs
1700000570,pod-c,request_total,623,demo-ocs
1700000580,pod-c,cpu_cores,0.28404234472763007,demo-ocs
1700000580,pod-c,latency_ms,20.855592796494264,demo-ocs
1700000580,pod-c,request_total,637,demo-ocs
1700000590,pod-c,cpu_cores,0.30877982058777786,demo-ocs
1700000590,pod-c,latency_ms,18.946569216107584,demo-ocs
1700000590,pod-c,request_total,649,demo-ocs
1700000600,pod-c,cpu_cores,0.3461968884418015,demo-ocs
1700000600,pod-c,latency_ms,20.653686940776044,demo-ocs
1700000600,pod-c,request_total,659,demo-ocs
1700000610,pod-c,cpu_cores,0.2853542923719585,demo-ocs
1700000610,pod-c,latency_ms,21.831860604559196,demo-ocs
1700000610,pod-c,request_total,673,demo-ocs
1700000620,pod-c,cpu_cores,0.29494237107364335,demo-ocs
1700000620,pod-c,latency_ms,21.124545743828985,demo-ocs
1700000620,pod-c,request_total,684,demo-ocs
1700000630,pod-c,cpu_cores,0.2741623546353662,demo-ocs
1700000630,pod-c,latency_ms,20.705254407834346,demo-ocs
1700000630,pod-c,request_total,698,demo-ocs
1700000640,pod-c,cpu_cores,0.3093235532439462,demo-ocs
1700000640,pod-c,latency_ms,19.24757579243307,demo-ocs
1700000640,pod-c,request_total,706,demo-ocs
1700000650,pod-c,cpu_cores,0.28985789439143517,demo-ocs
1700000650,pod-c,latency_ms,19.17932005330978,demo-ocs
1700000650,pod-c,request_total,719,demo-ocs
1700000660,pod-c,cpu_cores,0.2924438693448346,demo-ocs
1700000660,pod-c,latency_ms,21.832622882149135,demo-ocs
1700000660,pod-c,request_total,731,demo-ocs
1700000670,pod-c,cpu_cores,0.26533581793582034,demo-ocs
1700000670,pod-c,latency_ms,21.724000100824266,demo-ocs
1700000670,pod-c,request_total,741,demo-ocs
1700000680,pod-c,cpu_cores,0.30753895571390744,demo-ocs
1700000680,pod-c,latency_ms,17.746024179598272,demo-ocs
1700000680,pod-c,request_total,754,demo-ocs
1700000690,pod-c,cpu_cores,0.3265726213369887,demo-ocs
1700000690,pod-c,latency_ms,22.491269920343747,demo-ocs
1700000690,pod-c,request_total,763,demo-ocs
1700000700,pod-c,cpu_cores,0.2697049044841292,demo-ocs
1700000700,pod-c,latency_ms,,demo-ocs
1700000700,pod-c,request_total,771,demo-ocs
1700000710,pod-c,cpu_cores,0.30809710175271415,demo-ocs
1700000710,pod-c,latency_ms,16.789457505734866,demo-ocs
1700000710,pod-c,request_total,783,demo-ocs
1700000720,pod-c,cpu_cores,0.30729068978066526,demo-ocs
1700000720,pod-c,latency_ms,21.1121505476463,demo-ocs
1700000720,pod-c,request_total,795,demo-ocs
1700000730,pod-c,cpu_cores,0.3035452273389771,demo-ocs
1700000730,pod-c,latency_ms,20.58246283369476,demo-ocs
1700000730,pod-c,request_total,803,demo-ocs
1700000740,pod-c,cpu_cores,0.32452067819821356,demo-ocs
1700000740,pod-c,latency_ms,14.265890092434514,demo-ocs
1700000740,pod-c,request_total,812,demo-ocs
1700000750,pod-c,cpu_cores,0.29365122890324635,demo-ocs
1700000750,pod-c,latency_ms,19.670697944912096,demo-ocs
1700000750,pod-c,request_total,826,demo-ocs
1700000760,pod-c,cpu_cores,0.3018836611646462,demo-ocs
1700000760,pod-c,latency_ms,22.497515544821013,demo-ocs
1700000760,pod-c,request_total,835,demo-ocs
1700000770,pod-c,cpu_cores,0.2782686428081882,demo-ocs
1700000770,pod-c,latency_ms,20.672801877379744,demo-ocs
1700000770,pod-c,request_total,845,demo-ocs
1700000780,pod-c,cpu_cores,0.28656175952640645,demo-ocs
1700000780,pod-c,latency_ms,22.95478726834007,demo-ocs
1700000780,pod-c,request_total,858,demo-ocs
1700000790,pod-c,cpu_cores,0.2891488435977635,demo-ocs
1700000790,pod-c,latency_ms,20.92442497802125,demo-ocs
1700000790,pod-c,request_total,869,demo-ocs
1700000800,pod-c,cpu_cores,0.3372463512278976,demo-ocs
1700000800,pod-c,latency_ms,21.205304892612997,demo-ocs
1700000800,pod-c,request_total,883,demo-ocs
1700000870,pod-c,cpu_cores,0.26864139167139,demo-ocs
1700000870,pod-c,latency_ms,22.52187464712597,demo-ocs
1700000870,pod-c,request_total,960,demo-ocs
1700000880,pod-c,cpu_cores,0.2829568238806881,demo-ocs
1700000880,pod-c,latency_ms,24.458547221111946,demo-ocs
1700000880,pod-c,request_total,968,demo-ocs
1700000890,pod-c,cpu_cores,0.31990980565890637,demo-ocs
1700000890,pod-c,latency_ms,21.942278013645822,demo-ocs
1700000890,pod-c,request_total,978,demo-ocs
1700000900,pod-c,cpu_cores,0.2956554768356265,demo-ocs
1700000900,pod-c,latency_ms,19.581182345920784,demo-ocs
1700000900,pod-c,request_total,991,demo-ocs
1700000910,pod-c,cpu_cores,0.3078106119263903,demo-ocs
1700000910,pod-c,latency_ms,22.802372550067794,demo-ocs
1700000910,pod-c,request_total,1001,demo-ocs
1700000920,pod-c,cpu_cores,0.2817711275372542,demo-ocs
1700000920,pod-c,latency_ms,21.648854124769958,demo-ocs
1700000920,pod-c,request_total,1010,demo-ocs
1700000930,pod-c,cpu_cores,0.3184230149278958,demo-ocs
1700000930,pod-c,latency_ms,21.30931905689557,demo-ocs
1700000930,pod-c,request_total,1022,demo-ocs
1700000940,pod-c,cpu_cores,0.29458143739684384,demo-ocs
1700000940,pod-c,latency_ms,18.14202166573884,demo-ocs
1700000940,pod-c,request_total,1036,demo-ocs
1700000950,pod-c,cpu_cores,0.2826361313871844,demo-ocs
1700000950,pod-c,latency_ms,16.729073503084283,demo-ocs
1700000950,pod-c,request_total,1045,demo-ocs
1700000960,pod-c,cpu_cores,0.2983310243354681,demo-ocs
1700000960,pod-c,latency_ms,19.12002459094058,demo-ocs
1700000960,pod-c,request_total,1056,demo-ocs
1700000970,pod-c,cpu_cores,0.2408876235130986,demo-ocs
1700000970,pod-c,latency_ms,17.505365060611663,demo-ocs
1700000970,pod-c,request_total,1067,demo-ocs
1700000980,pod-c,cpu_cores,0.28670747999873736,demo-ocs
1700000980,pod-c,latency_ms,20.721183355313684,demo-ocs
1700000980,pod-c,request_total,1078,demo-ocs
1700000990,pod-c,cpu_cores,0.2721862914004949,demo-ocs
1700000990,pod-c,latency_ms,22.87741096471846,demo-ocs
1700000990,pod-c,request_total,1089,demo-ocs
1700001000,pod-c,cpu_cores,0.3058008079296707,demo-ocs
1700001000,pod-c,latency_ms,24.65155958376337,demo-ocs
1700001000,pod-c,request_total,1102,demo-ocs
1700001010,pod-c,cpu_cores,0.33032880201178805,demo-ocs
1700001010,pod-c,latency_ms,19.386868757425884,demo-ocs
1700001010,pod-c,request_total,1114,demo-ocs
1700001020,pod-c,cpu_cores,0.29348909976960935,demo-ocs
1700001020,pod-c,latency_ms,21.01979649695307,demo-ocs
1700001020,pod-c,request_total,1123,demo-ocs
1700001030,pod-c,cpu_cores,0.29789551731498254,demo-ocs
1700001030,pod-c,latency_ms,19.209511709993055,demo-ocs
1700001030,pod-c,request_total,1134,demo-ocs
1700001040,pod-c,cpu_cores,0.29771580216444327,demo-ocs
1700001040,pod-c,latency_ms,24.59917818607464,demo-ocs
1700001040,pod-c,request_total,1148,demo-ocs
1700001050,pod-c,cpu_cores,0.3018148512750434,demo-ocs
1700001050,pod-c,latency_ms,23.570636788449455,demo-ocs
1700001050,pod-c,request_total,1158,demo-ocs
1700001060,pod-c,cpu_cores,0.3192592114649889,demo-ocs
1700001060,pod-c,latency_ms,18.55077789696455,demo-ocs
1700001060,pod-c,request_total,1169,demo-ocs
1700001070,pod-c,cpu_cores,0.2829248155482518,demo-ocs
1700001070,pod-c,latency_ms,20.919411910029975,demo-ocs
1700001070,pod-c,request_total,1181,demo-ocs
1700001080,pod-c,cpu_cores,0.30080513004000925,demo-ocs
1700001080,pod-c,latency_ms,17.427213329832604,demo-ocs
1700001080,pod-c,request_total,1193,demo-ocs
1700001090,pod-c,cpu_cores,0.27279483267421345,demo-ocs
1700001090,pod-c,latency_ms,17.14572719562752,demo-ocs
1700001090,pod-c,request_total,1206,demo-ocs
1700001100,pod-c,cpu_cores,0.3021897071889417,demo-ocs
1700001100,pod-c,latency_ms,22.25008784341605,demo-ocs
1700001100,pod-c,request_total,1218,demo-ocs
1700001110,pod-c,cpu_cores,0.2997316842615038,demo-ocs
1700001110,pod-c,latency_ms,15.479170485324296,demo-ocs
1700001110,pod-c,request_total,1231,demo-ocs
1700001120,pod-c,cpu_cores,0.29674402006734785,demo-ocs
1700001120,pod-c,latency_ms,24.191997500450878,demo-ocs
1700001120,pod-c,request_total,1240,demo-ocs
1700001130,pod-c,cpu_cores,0.27085724174160886,demo-ocs
1700001130,pod-c,latency_ms,19.21864479480161,demo-ocs
1700001130,pod-c,request_total,1254,demo-ocs
1700001140,pod-c,cpu_cores,0.30899956682693097,demo-ocs
1700001140,pod-c,latency_ms,21.126626147032848,demo-ocs
1700001140,pod-c,request_total,1263,demo-ocs
1700001150,pod-c,cpu_cores,0.30229168874047757,demo-ocs
1700001150,pod-c,latency_ms,20.65988707731453,demo-ocs
1700001150,pod-c,request_total,1272,demo-ocs
1700001160,pod-c,cpu_cores,0.28381027362214467,demo-ocs
1700001160,pod-c,latency_ms,21.756117157816398,demo-ocs
1700001160,pod-c,request_total,1281,demo-ocs
1700001170,pod-c,cpu_cores,0.2725399396622892,demo-ocs
1700001170,pod-c,latency_ms,20.656735945663076,demo-ocs
1700001170,pod-c,request_total,1293,demo-ocs
1700001180,pod-c,cpu_cores,0.28767413823615784,demo-ocs
1700001180,pod-c,latency_ms,19.954629449348708,demo-ocs
1700001180,pod-c,request_total,1303,demo-ocs
1700001190,pod-c,cpu_cores,0.2875491969466889,demo-ocs
1700001190,pod-c,latency_ms,17.856597346276512,demo-ocs
1700001190,pod-c,request_total,1312,demo-ocs
1700001200,pod-c,cpu_cores,0.27792022729256677,demo-ocs
1700001200,pod-c,latency_ms,20.645594928186497,demo-ocs
1700001200,pod-c,request_total,1321,demo-ocs
1700001210,pod-c,cpu_cores,0.2769982901169527,demo-ocs
1700001210,pod-c,latency_ms,21.423954045982104,demo-ocs
1700001210,pod-c,request_total,1329,demo-ocs
1700001220,pod-c,cpu_cores,0.28867410168837987,demo-ocs
1700001220,pod-c,latency_ms,18.75079318356964,demo-ocs
1700001220,pod-c,request_total,1338,demo-ocs
1700001230,pod-c,cpu_cores,0.3265029345774968,demo-ocs
1700001230,pod-c,latency_ms,20.660579891233184,demo-ocs
1700001230,pod-c,request_total,1349,demo-ocs
1700001240,pod-c,cpu_cores,0.30997438882139444,demo-ocs
1700001240,pod-c,latency_ms,15.785615305340624,demo-ocs
1700001240,pod-c,request_total,1358,demo-ocs
1700001250,pod-c,cpu_cores,0.29913732820718186,demo-ocs
1700001250,pod-c,latency_ms,23.995028355609527,demo-ocs
1700001250,pod-c,request_total,1369,demo-ocs
1700001260,pod-c,cpu_cores,0.3013582633833867,demo-ocs
1700001260,pod-c,latency_ms,21.096256759284394,demo-ocs
1700001260,pod-c,request_total,1378,demo-ocs
1700001270,pod-c,cpu_cores,0.3179121048662869,demo-ocs
1700001270,pod-c,latency_ms,16.00506661422028,demo-ocs
1700001270,pod-c,request_total,1387,demo-ocs
1700001280,pod-c,cpu_cores,0.3042058258217229,demo-ocs
1700001280,pod-c,latency_ms,18.57024687620498,demo-ocs
1700001280,pod-c,request_total,1401,demo-ocs
1700001290,pod-c,cpu_cores,0.3262405052443983,demo-ocs
1700001290,pod-c,latency_ms,19.369651220229553,demo-ocs
1700001290,pod-c,request_total,1410,demo-ocs
1700001300,pod-c,cpu_cores,0.27463972166312006,demo-ocs
1700001300,pod-c,latency_ms,14.50064796073885,demo-ocs
1700001300,pod-c,request_total,1418,demo-ocs
1700001310,pod-c,cpu_cores,0.29531748925434176,demo-ocs
1700001310,pod-c,latency_ms,19.623231745471234,demo-ocs
1700001310,pod-c,request_total,1432,demo-ocs
1700001320,pod-c,cpu_cores,0.3215775807805948,demo-ocs
1700001320,pod-c,latency_ms,22.397039673033387,demo-ocs
1700001320,pod-c,request_total,1443,demo-ocs
1700001330,pod-c,cpu_cores,0.2965922315328778,demo-ocs
1700001330,pod-c,latency_ms,15.730612665046287,demo-ocs
1700001330,pod-c,request_total,1456,demo-ocs
1700001340,pod-c,cpu_cores,0.3111072045701715,demo-ocs
1700001340,pod-c,latency_ms,20.61878314031389,demo-ocs
1700001340,pod-c,request_total,1467,demo-ocs
1700001350,pod-c,cpu_cores,0.3196295949861623,demo-ocs
1700001350,pod-c,latency_ms,17.67034380707792,demo-ocs
1700001350,pod-c,request_total,1478,demo-ocs
1700001360,pod-c,cpu_cores,0.28081144493716265,demo-ocs
1700001360,pod-c,latency_ms,21.49844585440171,demo-ocs
1700001360,pod-c,request_total,1492,demo-ocs
1700001370,pod-c,cpu_cores,0.26625304611173295,demo-ocs
1700001370,pod-c,latency_ms,18.1394706254599,demo-ocs
1700001370,pod-c,request_total,1500,demo-ocs
1700001380,pod-c,cpu_cores,0.294782003539983,demo-ocs
1700001380,pod-c,latency_ms,21.679845210265597,demo-ocs
1700001380,pod-c,request_total,1512,demo-ocs
1700001390,pod-c,cpu_cores,0.3047391077743849,demo-ocs
1700001390,pod-c,latency_ms,19.790083687999655,demo-ocs
1700001390,pod-c,request_total,1526,demo-ocs
1700001400,pod-c,cpu_cores,0.295266823506962,demo-ocs
1700001400,pod-c,latency_ms,16.43852378487306,demo-ocs
1700001400,pod-c,request_total,1539,demo-ocs
1700001410,pod-c,cpu_cores,0.2839351981609659,demo-ocs
1700001410,pod-c,latency_ms,21.102383457403388,demo-ocs
1700001410,pod-c,request_total,1551,demo-ocs
1700001420,pod-c,cpu_cores,0.2686588349952912,demo-ocs
1700001420,pod-c,latency_ms,18.551314961183596,demo-ocs
1700001420,pod-c,request_total,1560,demo-ocs
1700001430,pod-c,cpu_cores,0.28836557301595506,demo-ocs
1700001430,pod-c,latency_ms,19.26906081177155,demo-ocs
1700001430,pod-c,request_total,1569,demo-ocs
1700001440,pod-c,cpu_cores,0.2874325778376104,demo-ocs
1700001440,pod-c,latency_ms,18.542779029480947,demo-ocs
1700001440,pod-c,request_total,1577,demo-ocs
1700001450,pod-c,cpu_cores,0.3154306651952384,demo-ocs
1700001450,pod-c,latency_ms,21.61824262198049,demo-ocs
1700001450,pod-c,request_total,1590,demo-ocs
1700001460,pod-c,cpu_cores,0.29215920408258533,demo-ocs
1700001460,pod-c,latency_ms,20.279848624078227,demo-ocs
1700001460,pod-c,request_total,1604,demo-ocs
1700001470,pod-c,cpu_cores,0.2836684978508885,demo-ocs
1700001470,pod-c,latency_ms,17.70633583566512,demo-ocs
1700001470,pod-c,request_total,1613,demo-ocs
1700001480,pod-c,cpu_cores,0.28730373672057086,demo-ocs
1700001480,pod-c,latency_ms,17.673052400415457,demo-ocs
1700001480,pod-c,request_total,1623,demo-ocs
1700001490,pod-c,cpu_cores,0.3032411911812575,demo-ocs
1700001490,pod-c,latency_ms,21.459431347567417,demo-ocs
1700001490,pod-c,request_total,1632,demo-ocs
1700001500,pod-c,cpu_cores,0.30050257422432064,demo-ocs
1700001500,pod-c,latency_ms,19.56012840946733,demo-ocs
1700001500,pod-c,request_total,0,demo-ocs
1700001510,pod-c,cpu_cores,0.30683017371073606,demo-ocs
1700001510,pod-c,latency_ms,19.974122463792824,demo-ocs
1700001510,pod-c,request_total,11,demo-ocs
1700001520,pod-c,cpu_cores,0.27475221402285666,demo-ocs
1700001520,pod-c,latency_ms,20.058847151169946,demo-ocs
1700001520,pod-c,request_total,24,demo-ocs
1700001530,pod-c,cpu_cores,0.32057561839491017,demo-ocs
1700001530,pod-c,latency_ms,15.571625257913993,demo-ocs
1700001530,pod-c,request_total,37,demo-ocs
1700001540,pod-c,cpu_cores,0.32379244010575287,demo-ocs
1700001540,pod-c,latency_ms,19.693948247587574,demo-ocs
1700001540,pod-c,request_total,51,demo-ocs
1700001550,pod-c,cpu_cores,0.3110040499205288,demo-ocs
1700001550,pod-c,latency_ms,18.593861838204397,demo-ocs
1700001550,pod-c,request_total,59,demo-ocs
1700001560,pod-c,cpu_cores,0.267581729633837,demo-ocs
1700001560,pod-c,latency_ms,15.311313383162252,demo-ocs
1700001560,pod-c,request_total,67,demo-ocs
1700001570,pod-c,cpu_cores,0.3188553160245055,demo-ocs
1700001570,pod-c,latency_ms,18.030010144551117,demo-ocs
1700001570,pod-c,request_total,77,demo-ocs
1700001580,pod-c,cpu_cores,0.27227115493459614,demo-ocs
1700001580,pod-c,latency_ms,17.18006059383225,demo-ocs
1700001580,pod-c,request_total,88,demo-ocs
1700001590,pod-c,cpu_cores,0.29652324599810764,demo-ocs
1700001590,pod-c,latency_ms,18.540845611728706,demo-ocs
1700001590,pod-c,request_total,98,demo-ocs
1700001600,pod-c,cpu_cores,0.30905076837959183,demo-ocs
1700001600,pod-c,latency_ms,20.641699292649214,demo-ocs
1700001600,pod-c,request_total,106,demo-ocs
1700001610,pod-c,cpu_cores,0.3047720158185689,demo-ocs
1700001610,pod-c,latency_ms,23.15553640986377,demo-ocs
1700001610,pod-c,request_total,120,demo-ocs
1700001620,pod-c,cpu_cores,0.2989013026759416,demo-ocs
1700001620,pod-c,latency_ms,22.26537964103918,demo-ocs
1700001620,pod-c,request_total,134,demo-ocs
1700001630,pod-c,cpu_cores,0.3252907961867607,demo-ocs
1700001630,pod-c,latency_ms,17.156472701310854,demo-ocs
1700001630,pod-c,request_total,147,demo-ocs
1700001640,pod-c,cpu_cores,0.3271624219173452,demo-ocs
1700001640,pod-c,latency_ms,21.01615821039813,demo-ocs
1700001640,pod-c,request_total,156,demo-ocs
1700001650,pod-c,cpu_cores,0.30390526062959544,demo-ocs
1700001650,pod-c,latency_ms,19.564630613130685,demo-ocs
1700001650,pod-c,request_total,165,demo-ocs
1700001660,pod-c,cpu_cores,0.3057643812618065,demo-ocs
1700001660,pod-c,latency_ms,19.495251750031034,demo-ocs
1700001660,pod-c,request_total,176,demo-ocs
1700001670,pod-c,cpu_cores,0.2991484275791111,demo-ocs
1700001670,pod-c,latency_ms,20.157197412230076,demo-ocs
1700001670,pod-c,request_total,189,demo-ocs
1700001680,pod-c,cpu_cores,0.31064258747762874,demo-ocs
1700001680,pod-c,latency_ms,25.82848929683084,demo-ocs
1700001680,pod-c,request_total,197,demo-ocs
1700001690,pod-c,cpu_cores,0.2644602672134785,demo-ocs
1700001690,pod-c,latency_ms,20.64802504837996,demo-ocs
1700001690,pod-c,request_total,211,demo-ocs
1700001700,pod-c,cpu_cores,0.311548051550385,demo-ocs
1700001700,pod-c,latency_ms,20.09311494665572,demo-ocs
1700001700,pod-c,request_total,220,demo-ocs
1700001710,pod-c,cpu_cores,0.31523709548084927,demo-ocs
1700001710,pod-c,latency_ms,22.351013153017558,demo-ocs
1700001710,pod-c,request_total,228,demo-ocs
1700001720,pod-c,cpu_cores,0.32264104576828356,demo-ocs
1700001720,pod-c,latency_ms,15.311404212422644,demo-ocs
1700001720,pod-c,request_total,238,demo-ocs
1700001730,pod-c,cpu_cores,0.33180904595832045,demo-ocs
1700001730,pod-c,latency_ms,20.75012430378468,demo-ocs
1700001730,pod-c,request_total,252,demo-ocs
1700001740,pod-c,cpu_cores,0.27560248510316954,demo-ocs
1700001740,pod-c,latency_ms,18.338460236789327,demo-ocs
1700001740,pod-c,request_total,266,demo-ocs
1700001750,pod-c,cpu_cores,0.30291876588289546,demo-ocs
1700001750,pod-c,latency_ms,19.965924221325075,demo-ocs
1700001750,pod-c,request_total,280,demo-ocs
1700001760,pod-c,cpu_cores,0.3216903032185993,demo-ocs
1700001760,pod-c,latency_ms,16.4695593693943,demo-ocs
1700001760,pod-c,request_total,288,demo-ocs
1700001770,pod-c,cpu_cores,0.31947638143434615,demo-ocs
1700001770,pod-c,latency_ms,20.016563819915856,demo-ocs
1700001770,pod-c,request_total,301,demo-ocs
1700001780,pod-c,cpu_cores,0.2705776953123022,demo-ocs
1700001780,pod-c,latency_ms,21.00609733675373,demo-ocs
1700001780,pod-c,request_total,310,demo-ocs
1700001790,pod-c,cpu_cores,0.25171784297937927,demo-ocs
1700001790,pod-c,latency_ms,21.296788022477426,demo-ocs
1700001790,pod-c,request_total,321,demo-ocs
1700001800,pod-c,cpu_cores,0.3010691582523495,demo-ocs
1700001800,pod-c,latency_ms,19.761662325344158,demo-ocs
1700001800,pod-c,request_total,335,demo-ocs
1700001810,pod-c,cpu_cores,0.32339076294587765,demo-ocs
1700001810,pod-c,latency_ms,19.64268966197222,demo-ocs
1700001810,pod-c,request_total,344,demo-ocs
1700001820,pod-c,cpu_cores,0.2898679460805759,demo-ocs
1700001820,pod-c,latency_ms,22.545765537509325,demo-ocs
1700001820,pod-c,request_total,357,demo-ocs
1700001830,pod-c,cpu_cores,0.31072593938361787,demo-ocs
1700001830,pod-c,latency_ms,19.228740036953678,demo-ocs
1700001830,pod-c,request_total,370,demo-ocs
1700001840,pod-c,cpu_cores,0.26865645818829104,demo-ocs
1700001840,pod-c,latency_ms,20.77694840170308,demo-ocs
1700001840,pod-c,request_total,379,demo-ocs
1700001850,pod-c,cpu_cores,0.26480368584609065,demo-ocs
1700001850,pod-c,latency_ms,21.503592931670912,demo-ocs
1700001850,pod-c,request_total,390,demo-ocs
1700001860,pod-c,cpu_cores,0.34773903599147843,demo-ocs
1700001860,pod-c,latency_ms,17.79972889255139,demo-ocs
1700001860,pod-c,request_total,403,demo-ocs
1700001870,pod-c,cpu_cores,0.2979467581791873,demo-ocs
1700001870,pod-c,latency_ms,23.596575401846124,demo-ocs
1700001870,pod-c,request_total,417,demo-ocs
1700001880,pod-c,cpu_cores,0.286075758968402,demo-ocs
1700001880,pod-c,latency_ms,20.447934856746894,demo-ocs
1700001880,pod-c,request_total,425,demo-ocs
1700001890,pod-c,cpu_cores,0.3000399871283017,demo-ocs
1700001890,pod-c,latency_ms,20.563911734788313,demo-ocs
1700001890,pod-c,request_total,439,demo-ocs
1700001900,pod-c,cpu_cores,0.2982135919459853,demo-ocs
1700001900,pod-c,latency_ms,16.803895249446573,demo-ocs
1700001900,pod-c,request_total,450,demo-ocs
1700001910,pod-c,cpu_cores,0.30270246903736164,demo-ocs
1700001910,pod-c,latency_ms,20.900041346843665,demo-ocs
1700001910,pod-c,request_total,463,demo-ocs
1700001920,pod-c,cpu_cores,0.26769898218830424,demo-ocs
1700001920,pod-c,latency_ms,21.977063725702926,demo-ocs
1700001920,pod-c,request_total,472,demo-ocs
1700001930,pod-c,cpu_cores,0.30729050075985603,demo-ocs
1700001930,pod-c,latency_ms,18.547969804598047,demo-ocs
1700001930,pod-c,request_total,485,demo-ocs
1700001940,pod-c,cpu_cores,0.2699866119443632,demo-ocs
1700001940,pod-c,latency_ms,17.94917974444419,demo-ocs
1700001940,pod-c,request_total,499,demo-ocs
1700001950,pod-c,cpu_cores,0.2892437730728572,demo-ocs
1700001950,pod-c,latency_ms,22.4568416245603,demo-ocs
1700001950,pod-c,request_total,507,demo-ocs
1700001960,pod-c,cpu_cores,0.31280427318657517,demo-ocs
1700001960,pod-c,latency_ms,18.92336759427684,demo-ocs
1700001960,pod-c,request_total,518,demo-ocs
1700001970,pod-c,cpu_cores,0.3049589512170375,demo-ocs
1700001970,pod-c,latency_ms,19.717208995712397,demo-ocs
1700001970,pod-c,request_total,526,demo-ocs
1700001980,pod-c,cpu_cores,0.28930377323562884,demo-ocs
1700001980,pod-c,latency_ms,16.85494349999512,demo-ocs
1700001980,pod-c,request_total,536,demo-ocs
1700001990,pod-c,cpu_cores,0.27236101937272733,demo-ocs
1700001990,pod-c,latency_ms,18.936245012114487,demo-ocs
1700001990,pod-c,request_total,550,demo-ocs
1700002000,pod-c,cpu_cores,0.308204240313591,demo-ocs
1700002000,pod-c,latency_ms,19.068463670283844,demo-ocs
1700002000,pod-c,request_total,560,demo-ocs
1700002010,pod-c,cpu_cores,0.3474921310005286,demo-ocs
1700002010,pod-c,latency_ms,16.524570809725738,demo-ocs
1700002010,pod-c,request_total,569,demo-ocs
1700002020,pod-c,cpu_cores,0.27744093952988663,demo-ocs
1700002020,pod-c,latency_ms,19.013197319234642,demo-ocs
1700002020,pod-c,request_total,579,demo-ocs
1700002030,pod-c,cpu_cores,0.3028283894668109,demo-ocs
1700002030,pod-c,latency_ms,15.349257250251426,demo-ocs
1700002030,pod-c,request_total,587,demo-ocs
1700002040,pod-c,cpu_cores,0.33805814924548333,demo-ocs
1700002040,pod-c,latency_ms,19.093123403262815,demo-ocs
1700002040,pod-c,request_total,601,demo-ocs
1700002050,pod-c,cpu_cores,0.3051961571361102,demo-ocs
1700002050,pod-c,latency_ms,22.0498433862508,demo-ocs
1700002050,pod-c,request_total,612,demo-ocs
1700002060,pod-c,cpu_cores,0.28838079622937035,demo-ocs
1700002060,pod-c,latency_ms,15.448527192556496,demo-ocs
1700002060,pod-c,request_total,620,demo-ocs
1700002070,pod-c,cpu_cores,0.31281981438789946,demo-ocs
1700002070,pod-c,latency_ms,19.773663180542204,demo-ocs
1700002070,pod-c,request_total,634,demo-ocs
1700002080,pod-c,cpu_cores,0.30253193420555385,demo-ocs
1700002080,pod-c,latency_ms,18.832639286387636,demo-ocs
1700002080,pod-c,request_total,643,demo-ocs
1700002090,pod-c,cpu_cores,0.2894314773776895,demo-ocs
1700002090,pod-c,latency_ms,21.212582312217418,demo-ocs
1700002090,pod-c,request_total,657,demo-ocs
1700002100,pod-c,cpu_cores,0.32094630572147514,demo-ocs
1700002100,pod-c,latency_ms,17.20462767376319,demo-ocs
1700002100,pod-c,request_total,667,demo-ocs
1700002110,pod-c,cpu_cores,0.2867459718328947,demo-ocs
1700002110,pod-c,latency_ms,23.845892388133155,demo-ocs
1700002110,pod-c,request_total,676,demo-ocs
1700002120,pod-c,cpu_cores,0.3019520798499088,demo-ocs
1700002120,pod-c,latency_ms,18.11893956899757,demo-ocs
1700002120,pod-c,request_total,684,demo-ocs
1700002130,pod-c,cpu_cores,0.2894145538660021,demo-ocs
1700002130,pod-c,latency_ms,20.146550629171394,demo-ocs
1700002130,pod-c,request_total,692,demo-ocs
1700002140,pod-c,cpu_cores,0.2981825814074807,demo-ocs
1700002140,pod-c,latency_ms,19.93833497183163,demo-ocs
1700002140,pod-c,request_total,700,demo-ocs
1700002150,pod-c,cpu_cores,0.2957124978058977,demo-ocs
1700002150,pod-c,latency_ms,17.116042528719973,demo-ocs
1700002150,pod-c,request_total,712,demo-ocs
1700002160,pod-c,cpu_cores,0.3182924810797369,demo-ocs
1700002160,pod-c,latency_ms,17.263331404897766,demo-ocs
1700002160,pod-c,request_total,722,demo-ocs
1700002170,pod-c,cpu_cores,0.29620888976921445,demo-ocs
1700002170,pod-c,latency_ms,18.360492142458313,demo-ocs
1700002170,pod-c,request_total,733,demo-ocs
1700002180,pod-c,cpu_cores,0.2922273363786636,demo-ocs
1700002180,pod-c,latency_ms,22.954787329949337,demo-ocs
1700002180,pod-c,request_total,746,demo-ocs
1700002190,pod-c,cpu_cores,0.3101316630838051,demo-ocs
1700002190,pod-c,latency_ms,17.376393668445576,demo-ocs
1700002190,pod-c,request_total,755,demo-ocs
1700002200,pod-c,cpu_cores,0.28450696287475874,demo-ocs
1700002200,pod-c,latency_ms,18.84600725724493,demo-ocs
1700002200,pod-c,request_total,769,demo-ocs
1700002210,pod-c,cpu_cores,0.30627638040214245,demo-ocs
1700002210,pod-c,latency_ms,19.01650516053973,demo-ocs
1700002210,pod-c,request_total,781,demo-ocs
1700002220,pod-c,cpu_cores,0.2845097987697321,demo-ocs
1700002220,pod-c,latency_ms,18.762106894817272,demo-ocs
1700002220,pod-c,request_total,794,demo-ocs
1700002230,pod-c,cpu_cores,0.2868725821290378,demo-ocs
1700002230,pod-c,latency_ms,18.868722503289924,demo-ocs
1700002230,pod-c,request_total,803,demo-ocs
1700002240,pod-c,cpu_cores,0.31257592587220606,demo-ocs
1700002240,pod-c,latency_ms,23.419887908024144,demo-ocs
1700002240,pod-c,request_total,812,demo-ocs
1700002250,pod-c,cpu_cores,0.3453528840779851,demo-ocs
1700002250,pod-c,latency_ms,17.93856593613532,demo-ocs
1700002250,pod-c,request_total,822,demo-ocs
1700002260,pod-c,cpu_cores,0.2764759936671313,demo-ocs
1700002260,pod-c,latency_ms,18.444788144503466,demo-ocs
1700002260,pod-c,request_total,836,demo-ocs
1700002270,pod-c,cpu_cores,0.2873983497948866,demo-ocs
1700002270,pod-c,latency_ms,17.885690251723453,demo-ocs
1700002270,pod-c,request_total,844,demo-ocs
1700002280,pod-c,cpu_cores,0.2971143124295949,demo-ocs
1700002280,pod-c,latency_ms,17.566563163227187,demo-ocs
1700002280,pod-c,request_total,857,demo-ocs
1700002290,pod-c,cpu_cores,0.3168425391827526,demo-ocs
1700002290,pod-c,latency_ms,18.16449292516497,demo-ocs
1700002290,pod-c,request_total,868,demo-ocs
1700002300,pod-c,cpu_cores,0.2909723109807121,demo-ocs
1700002300,pod-c,latency_ms,20.144035283834103,demo-ocs
1700002300,pod-c,request_total,881,demo-ocs
1700002310,pod-c,cpu_cores,0.2740931763106793,demo-ocs
1700002310,pod-c,latency_ms,23.41218351625528,demo-ocs
1700002310,pod-c,request_total,894,demo-ocs
1700002320,pod-c,cpu_cores,0.3059383174147222,demo-ocs
1700002320,pod-c,latency_ms,17.306394902440868,demo-ocs
1700002320,pod-c,request_total,902,demo-ocs
1700002330,pod-c,cpu_cores,0.30421333755449237,demo-ocs
1700002330,pod-c,latency_ms,17.75713790796549,demo-ocs
1700002330,pod-c,request_total,914,demo-ocs
1700002340,pod-c,cpu_cores,0.3161838946370634,demo-ocs
1700002340,pod-c,latency_ms,20.190878076975473,demo-ocs
1700002340,pod-c,request_total,928,demo-ocs
1700002350,pod-c,cpu_cores,0.25127248673505354,demo-ocs
1700002350,pod-c,latency_ms,18.03316804268194,demo-ocs
1700002350,pod-c,request_total,941,demo-ocs
1700002360,pod-c,cpu_cores,0.32425767383446313,demo-ocs
1700002360,pod-c,latency_ms,22.218339622984264,demo-ocs
1700002360,pod-c,request_total,951,demo-ocs
1700002370,pod-c,cpu_cores,0.2681597399551709,demo-ocs
1700002370,pod-c,latency_ms,20.60310461362581,demo-ocs
1700002370,pod-c,request_total,962,demo-ocs
1700002380,pod-c,cpu_cores,0.2668332886883551,demo-ocs
1700002380,pod-c,latency_ms,19.98419096925353,demo-ocs
1700002380,pod-c,request_total,972,demo-ocs
1700002390,pod-c,cpu_cores,0.30547684796616914,demo-ocs
1700002390,pod-c,latency_ms,19.39847083030653,demo-ocs
1700002390,pod-c,request_total,981,demo-ocs
1700000000,pod-a,cpu_cores,0.27920031787519006,demo-ocs
1700000000,pod-a,latency_ms,999,demo-ocs
