time,adservice_cpu,cartservice_cpu,checkoutservice_cpu,currencyservice_cpu,emailservice_cpu,frontend_cpu,main_cpu,paymentservice_cpu,productcatalogservice_cpu,recommendationservice_cpu,redis_cpu,shippingservice_cpu,adservice_mem,cartservice_mem,checkoutservice_mem,currencyservice_mem,emailservice_mem,frontend_mem,main_mem,paymentservice_mem,productcatalogservice_mem,recommendationservice_mem,redis_mem,shippingservice_mem,adservice_load,cartservice_load,checkoutservice_load,currencyservice_load,emailservice_load,frontend_load,paymentservice_load,productcatalogservice_load,recommendationservice_load,shippingservice_load,adservice_latency,cartservice_latency,checkoutservice_latency,currencyservice_latency,emailservice_latency,frontend_latency,paymentservice_latency,productcatalogservice_latency,recommendationservice_latency,shippingservice_latency,frontend_error
1685301450,2.166549936368591,4.891948696349108,1.0197396515355346,17.892269151629076,0.8395585649190135,18.671496386241735,16.72032681078635,1.3711162052199144,10.61341472604182,11.990182389801504,0.3169138311125687,0.8843018974079863,101776114.5263158,59030258.526315786,12652975.157894736,39229332.21052632,42905600.0,25055016.42105263,186867712.0,35346324.21052632,9636810.105263159,51433472.0,3020261.052631579,9598652.631578946,36.421052631578945,59.473684210526315,1.894736842105263,212.73684210526315,1.7894736842105263,32.73684210526316,1.894736842105263,392.3157894736842,50.526315789473685,20.31578947368421,0.08241312970287629,0.3468029751379645,0.8530451127819549,0.1734472539868718,0.0046,3.9148233121162623,0.030511695906432757,0.18517221920930205,0.22515982692103928,0.0468026829746101,0.0
1685301480,2.4578211773611947,5.293690924293772,1.049632768257959,19.09436169438156,0.8363655606588823,17.98950137379399,16.485802924770038,1.4011396548304036,10.497813844060637,13.102659746607843,0.26115292238815196,0.832757198112745,101823010.13333334,59016806.4,12471364.266666668,39356279.46666667,43023564.8,25311368.533333335,186889557.33333334,35611170.13333333,9896618.666666666,51433472.0,3020526.933333333,10391552.0,38.2,61.19643333333333,2.2,203.46666666666667,2.6,30.2,2.3333333333333335,419.4,54.266666666666666,19.533333333333335,0.08837987003843643,0.45310116754760144,1.0083600668337511,0.19801564518397705,0.004600000000000001,4.28902427386011,0.03536973905723906,0.20678798515850533,0.2422687239333096,0.052986577332828015,0.0
1685301510,3.0814007801693433,5.823489039641832,1.052919550595245,17.088266418236692,0.8466280055257549,18.1540276108394,16.73040388609015,1.4614369103793174,12.748067009814003,12.368607327226368,0.28407405894527776,0.8856247502858808,101819460.26666667,59023360.0,12512460.8,38929066.666666664,42906282.666666664,26101213.866666667,186896384.0,35365410.13333333,10427596.8,51433472.0,3083741.8666666667,9923652.266666668,40.333333333333336,69.60106666666667,2.533333333333333,207.32413333333335,2.0,31.474466666666668,2.0,364.12780000000004,49.62583333333334,17.933333333333334,0.08701763390931469,0.40220802667251027,0.9400429292929292,0.19371683880658513,0.004600000000000001,4.157237459245042,0.038059854497354495,0.20673289828062247,0.23855023311502732,0.05150034651070983,0.0
1685301540,3.09742669932151,5.7872154489241785,0.966568243552548,17.14806617016892,0.7879341575592506,18.2197103811712,18.027910219160542,2.045334600364764,12.411206158507357,12.517694501064549,0.2821800613903081,0.9143057583337362,101781913.6,59065139.2,12771874.133333333,39015765.333333336,42909696.0,25957853.866666667,186899933.86666667,35902259.2,9828488.533333333,51433472.0,3156923.7333333334,9490295.466666667,37.333333333333336,57.93333333333333,2.6666666666666665,207.13333333333333,2.6666666666666665,37.2,2.7333333333333334,382.7965666666667,50.733333333333334,19.133333333333333,0.08794327094645686,0.27552191020097533,0.8373559757236227,0.1992108868700263,0.004600000000000001,4.163982332531686,0.04594627033505711,0.20616474337254717,0.2342723659957124,0.05261314630549342,0.0
1685301570,4.0843672593038,5.293492984871176,1.0188588589156002,17.202904766316912,0.8146057010235548,18.42628951827197,16.47799580676822,1.7335282010012538,10.948602380180745,12.07377077806043,0.271390830158225,0.9368952503959717,101948074.66666667,59061179.733333334,12490752.0,39250329.6,42907374.93333333,24673075.2,186904576.0,35733367.46666667,10067968.0,51462144.0,3197337.6,9752849.066666666,34.46666666666667,63.333333333333336,2.2666666666666666,193.73333333333332,1.6666666666666667,35.93333333333333,1.7333333333333334,332.2,48.6,19.466666666666665,0.08494221402367688,0.23953182739239015,0.8207266344766346,0.19716832192835002,0.004600000000000001,4.2825132562444725,0.043733153998779,0.2042702412905843,0.2584204906234157,0.0478649110968834,0.0
1685301600,4.300968446539047,5.35547635682254,0.9691061050209482,17.67455798871038,0.8166025840719848,17.91730639142892,16.56641708253663,1.3804709798733303,11.348777199054307,13.054503119593026,0.27682242739809715,0.8712366797643561,102001322.66666667,59026090.666666664,12458666.666666666,39202816.0,42905600.0,24740659.2,186926421.33333334,35804637.86666667,9878459.733333332,51434564.266666666,3195016.533333333,9734417.066666666,36.333333333333336,75.06666666666666,2.8666666666666667,207.08973333333333,2.4,34.53333333333333,2.332133333333333,381.0,50.2,19.533333333333335,0.08368173938094667,0.2376419204615226,0.7073468013468013,0.1933453776541256,0.004600000000000001,4.107914364530107,0.03913888888888888,0.20089049923180485,0.2444875449268717,0.04762226374795744,0.0
1685301630,2.942186852459888,5.8395902115887335,1.1391496346885606,15.961410423148406,0.8599347469498327,18.232089697836706,17.086248561052678,1.3925739204436063,10.861743147981757,14.034584297137341,0.3218840520885482,0.9376754656085006,102013747.2,59028548.266666666,12598886.4,39686144.0,42905600.0,24174865.066666666,186970658.13333333,35587686.4,10144426.666666666,51433472.0,3105860.2666666666,9533440.0,54.333333333333336,88.53333333333333,4.133333333333334,294.2487,3.933333333333333,50.13333333333333,3.8,505.93333333333334,62.93333333333333,28.32743333333333,0.08036697858388477,0.20093169118848098,0.49202123170365664,0.1948767325446586,0.004600000000000001,3.9879754394628923,0.030885164141414154,0.19536450159169735,0.22397232744504555,0.04534640993612038,0.0
1685301660,2.1988644774120263,5.304857671898542,1.543748531345828,10.853412862795523,0.9417412178818799,18.448156772824014,10.861336777013314,0.7156396766678275,10.136146559754144,8.444035737496485,0.466108060766391,1.2670546653770889,102003916.8,58998920.53333333,12464401.066666666,39762875.733333334,42909149.86666667,22561723.733333334,186920960.0,35621546.666666664,10046395.733333332,51433472.0,3082240.0,9648537.6,60.8,98.6,3.533333333333333,328.0,3.7333333333333334,53.333333333333336,3.7333333333333334,543.0519,71.66666666666667,28.733333333333334,0.047471549279626796,0.11039392634596802,0.3699703615098352,0.12132056922835648,0.004600000000000001,3.0690731371535303,0.017513036881419235,0.12580548932225272,0.15062423172042755,0.029020059870733354,0.0
1685301690,1.6819688527554346,5.999908981954379,1.547634546411305,8.12571731540258,0.9172811105691066,18.761570641024285,7.700471967027473,0.4243333924409104,9.877949492523593,6.584397206044846,0.5719568861584181,1.3338127617002005,101795430.4,59068962.13333333,12475323.733333332,42545015.46666667,42906146.13333333,22569779.2,186920960.0,35495116.8,10262937.6,51433472.0,3025169.066666667,9712571.733333332,58.46666666666667,96.8,3.6,316.1333333333333,3.533333333333333,52.6,3.933333333333333,558.8,71.0,32.46666666666667,0.0050660067764714154,0.010140219426381178,0.058295069146238526,0.005792496345064061,0.004600000000000001,0.3653806463333463,0.004791607315966162,0.005831474999077972,0.010228158041696396,0.004894747857708016,0.0
1685301720,1.5259236676111856,6.217930761460092,1.465350726895575,9.589140588220205,0.8885754692816489,18.272495213516947,9.56610024530932,0.555194485918641,10.348693465135835,7.108560126512688,0.523227300127622,1.3376642006556687,101864516.26666667,59100910.93333333,12264106.666666666,39867323.733333334,42905600.0,24258969.6,186923690.66666666,35685171.2,9944268.8,51433472.0,3017659.7333333334,9805141.333333334,44.86666666666667,69.0,2.1333333333333333,223.18696666666668,2.2666666666666666,33.666666666666664,2.2666666666666666,384.1333333333333,49.666666666666664,18.6,0.01747984696000949,0.04388802947825562,0.1310177048414942,0.03582347979360146,0.004600000000000001,0.9342003436041036,0.008811081316344477,0.03810605612028519,0.057674709425459776,0.008749538780538241,0.0
1685301750,2.1384546751164324,6.988957561125681,1.1817702978757998,14.030261038101024,0.8746782072548787,18.3217067669183,15.759704396838618,1.143673287499439,10.911883419676547,11.25198926804599,0.3608625567938576,1.0516616846917797,101908480.0,59149107.2,12410743.466666667,39452945.06666667,42905600.0,25311095.466666665,186933248.0,35710566.4,9999018.666666666,51433472.0,3024896.0,9717623.466666667,37.46773333333333,71.80643333333335,3.2,194.8174,3.2,33.4,3.1994666666666665,356.92266666666666,45.1336,19.466933333333333,0.07253252613073782,0.1375680494197787,0.4315325548824181,0.15494323313362438,0.004600000000000001,3.156492034880238,0.030421735063182444,0.1673028206082556,0.1980028439429909,0.03750055146411854,0.0
1685301780,2.7773329169931538,7.620389035269799,1.3506937348580843,16.417789818658644,0.874328792945314,18.435114423654273,17.476294227623324,2.2503218755027934,10.764922960847116,13.31638067467291,0.2974478210146686,0.9669172437249473,101919948.8,59125760.0,12655547.733333332,39238860.8,42906146.13333333,25817634.133333333,186993595.73333332,35915366.4,11234508.8,51433472.0,3030084.2666666666,9664512.0,37.5914,69.86666666666666,3.2666666666666666,224.4426,2.8,38.53333333333333,3.0,415.94713333333334,51.34713333333333,22.933333333333334,0.08910940979776144,0.18203037449650603,0.48442811381689044,0.20401505295780667,0.004600000000000001,4.157018296222328,0.0410430720899471,0.2037775906584026,0.22866725415712755,0.049577502526516194,0.0
1685301810,3.4946031286146986,7.6727381059969515,1.3101401376870814,18.64058782225828,0.8764501161628915,18.325260354949084,18.325440089437784,2.1996959708771437,11.597302506718112,12.955398280099011,0.2817754178441521,0.988814065010995,101987805.86666666,59162350.93333333,12429721.6,39407616.0,42907511.46666667,25994308.266666666,187002880.0,35868398.93333333,9653452.8,51433472.0,3109683.2,9499852.8,38.333333333333336,64.86666666666666,3.0,209.26666666666668,2.4,33.8,2.2,365.0,49.2,18.866666666666667,0.08686530289169371,0.1835725401202676,0.49575985160756025,0.207196920381282,0.004600000000000001,4.156786007345195,0.041628540305010904,0.20048040904645698,0.2267715624904821,0.052563542909280093,0.0
1685301840,3.059494918129468,5.942800243749096,0.9822918566147065,18.620494165529585,0.8603900277589358,18.694682780382134,18.320099536439738,1.8767126667823666,11.440693146719465,13.593103945491926,0.2845202448649083,0.9231677871312025,102158199.46666667,59024725.333333336,12440780.8,39127176.53333333,42905600.0,24731374.933333334,187006293.33333334,35763404.8,10013081.6,51433472.0,3102446.933333333,9701785.6,44.0083,65.5336,2.933866666666667,222.21393333333333,2.6,34.0,2.6656,390.49236666666667,56.337333333333326,19.400166666666667,0.08768455461197916,0.19636616546211083,0.5371217387039383,0.20288521229964018,0.004600000000000001,4.134011526496,0.04031383547008548,0.19738747704986942,0.22810937531206807,0.06409984780953232,0.0
1685301870,3.3047844657483227,5.07510872104671,1.0231786526715365,20.374590071251653,0.8342201550553069,18.293562706086572,17.54827321779482,1.2869410214757184,11.801845939059707,13.073638215151147,0.2748885946071155,0.898851698145302,102170624.0,58992913.06666667,12522291.2,38977945.6,42905600.0,24909004.8,187011345.06666666,35713024.0,10048853.333333334,51433472.0,3113096.533333333,9681442.133333333,40.59843333333333,61.74263333333333,1.5550333333333333,211.4439,1.9266333333333334,34.02823333333333,1.6,360.3938,46.66356666666666,17.066666666666666,0.08687587544236543,0.26568227028330443,0.567647126022126,0.1972779421495165,0.004600000000000001,4.179686777936127,0.036307523495023496,0.2015477979195185,0.2374353508776795,0.06423734008068853,0.0
1685301900,2.7978256838715425,4.779923679929494,0.9731433681091274,19.04081586624218,0.8366742109506781,17.693911239653644,17.292772177375845,1.7740178216009919,11.781118039694803,11.536651739856678,0.26813886923507796,0.9460982771606896,102262784.0,58998784.0,12633429.333333334,39428642.13333333,42909013.333333336,25245286.4,187038105.6,35681621.333333336,9722675.2,51433472.0,3181499.7333333334,9677619.2,35.221700000000006,65.64186666666667,2.4,228.41306666666665,2.0530333333333335,37.77643333333333,2.1333333333333333,381.9209333333334,47.7442,18.759333333333334,0.08149130320195795,0.48527555377926695,0.8188690476190476,0.20021707357855403,0.004600000000000001,4.127106536156318,0.03961360398860399,0.2027086449044336,0.23762798655783196,0.048400578415225035,0.0
1685301930,2.523320552759932,6.803945234044174,1.1334015812892069,18.915514152628482,0.828446132263333,18.42723348479885,17.79406678500876,1.8963527236108173,10.72219078000234,12.599191381203152,0.3045767468271545,0.9579005361945597,102294323.2,59037696.0,12356812.8,38966067.2,42993254.4,23868211.2,187039744.0,36091630.93333333,10021683.2,51433472.0,3022848.0,9715302.4,57.2,88.46666666666667,3.7333333333333334,278.06666666666666,4.065733333333333,49.391,4.2,549.0666666666667,69.06666666666666,29.266666666666666,0.07247915800618698,0.31832194848081513,0.830534794110881,0.1939254533633726,0.004600000000000001,3.915576181073936,0.03763135822510822,0.19365432526553678,0.2290943866846374,0.04412424414384113,0.06666666666666667
1685301960,1.8116820194615968,6.311231531000605,1.6044025961412471,12.084913275901947,0.9421922288276239,18.46642584515714,11.318676368178972,0.838559905694248,10.028702463701348,8.8806698974864,0.4695980140521951,1.2707131484484888,102123929.6,59033053.86666667,12338517.333333334,39350818.13333333,42950792.53333333,22628761.6,187039744.0,36185975.46666667,9846510.933333334,51435246.93333333,3017796.2666666666,9528934.4,62.333333333333336,100.8,3.2,316.6905666666667,3.533333333333333,53.4,3.7333333333333334,561.4869333333334,74.5536,28.802,0.03978235844407504,0.12439389457700951,0.4170621241839777,0.1109291568219064,0.004600000000000001,2.523620030463786,0.017399650349650356,0.11939308017674219,0.1584799560650772,0.02943428280477588,0.0
1685301990,1.6490434454025462,5.537354525392484,1.5713069666641954,8.170723430512542,0.9350521106962878,18.732702147479316,7.860006754249944,0.4400540336613528,9.952165197458276,6.539221791376075,0.5816225763089719,1.3795145361967018,102113280.0,59035101.86666667,12445969.066666666,39340851.2,42907511.46666667,22587938.133333333,187039744.0,36185975.46666667,10011033.6,51433472.0,3010560.0,9629422.933333334,61.86666666666667,105.08836666666666,3.7441999999999998,320.8434,3.8108666666666666,54.0,3.7441999999999998,601.2325666666667,77.86666666666666,31.8217,0.005309380513231728,0.015745528551017084,0.06365902947335728,0.006987905515527792,0.004600000000000001,0.4008405934507054,0.004708719163359298,0.0069067029965865796,0.012992881808711422,0.005064577049494829,0.0
1685302020,1.957202698405599,5.341355572770103,1.3743717103153228,9.735660041731405,0.911833361026624,18.414662211915946,9.3219195292724,0.4972373999381292,10.08909289375253,7.410553919023171,0.5296854329174764,1.319580455401861,101962274.13333334,59041518.93333333,12396953.6,39659929.6,42906146.13333333,24488891.733333334,187048755.2,35986909.86666667,9920238.933333334,51433472.0,3118694.4,9668608.0,42.6,71.46666666666667,1.8,225.21973333333332,1.8666666666666667,36.266666666666666,2.0,422.73333333333335,56.6,18.8,0.01776602813032752,0.047068861404725174,0.09021161967528914,0.037325963508124234,0.004600000000000001,1.0194092661137615,0.006245925248968223,0.03424908926533377,0.06069477995092328,0.009657716646467763,0.0
1685302050,3.249301945040201,5.764826766940216,1.0600334655804702,16.412685259955126,0.8275217506160171,18.14058779694518,15.410875636453737,1.2208874185931373,10.455139394949974,11.04955310152892,0.34230632843429465,0.9857642049076724,101957632.0,59088213.333333336,12366506.666666666,39183701.333333336,42906828.8,25054003.2,187064320.0,36158805.333333336,9957376.0,51521536.0,3136989.8666666667,9614677.333333334,40.666666666666664,71.26666666666667,2.0,212.73333333333332,1.5333333333333334,36.001200000000004,1.8666666666666667,389.73333333333335,51.86666666666667,19.2,0.06948087915299576,0.1558331011322135,0.44594253513371157,0.16419489158250375,0.004600000000000001,3.6108024218564285,0.02532563131313131,0.15652168547761372,0.21007718669121717,0.042965715119573956,0.0
1685302080,3.1647217584077767,6.608334653912447,1.0128490142713598,18.834725323856976,0.8235450535177027,18.13337394818903,18.17321928404154,1.3493825622031894,11.716772001981298,13.135267920199803,0.28463232781884995,0.8952882423919717,101957632.0,59119206.4,12428902.4,39204454.4,42907648.0,25027106.133333333,187069644.8,36336844.8,10204228.266666668,51439342.93333333,3113369.6,9478417.066666666,43.07416666666666,67.59689999999999,2.2,201.70853333333335,2.6,32.3141,2.134266666666667,384.35616666666664,51.25406666666667,18.691033333333333,0.08597173745157732,0.18235470974709544,0.6179037397787398,0.20859023691169026,0.004600000000000001,4.2120007566122615,0.03990162037037037,0.2003714331254677,0.23514215054623672,0.056133738828168495,0.0
1685302110,3.890190941070192,6.6827362475303795,1.0687037241576054,20.29183672839965,0.845453888738845,18.20987970721023,17.851982778111335,1.566824091752651,12.061942594681192,13.197561979701533,0.29085195461233276,0.954465332587492,101982208.0,59047936.0,12435319.466666667,39116800.0,42906965.333333336,24793634.133333333,187083025.06666666,36525397.333333336,9966387.2,51433472.0,3020253.8666666667,9592149.333333334,39.4,66.86666666666666,2.533333333333333,218.2,2.6,35.86666666666667,2.533333333333333,395.73333333333335,47.46666666666667,19.466666666666665,0.08473812142275403,0.17507107743503536,0.6748055555555555,0.21260001284709454,0.004600000000000001,4.319788225487411,0.045335648148148146,0.20818325195376364,0.23043383999586425,0.04827236276187916,0.0
1685302140,3.8019546062154297,7.460038821087932,1.1195351744377198,21.37726556823044,0.8274912775880269,18.02093804480749,17.556689395932228,1.5962438975597484,10.897339792431017,12.286471225464838,0.2894932246609193,0.9185787825230751,102019072.0,59126306.13333333,12343978.666666666,38908450.13333333,42907784.53333333,25228902.4,187084800.0,36302848.0,9933892.266666668,51433472.0,3118967.466666667,9534122.666666666,38.0434,72.23876666666666,3.4325666666666668,218.40156666666664,2.7199,32.267266666666664,2.933333333333333,363.59843333333333,49.66356666666666,19.410866666666667,0.08542001435163052,0.16910936536577606,0.7354174806674807,0.21300263153137958,0.004600000000000001,4.369214904731395,0.045314536970883716,0.21255393507399717,0.2298289705067035,0.04952224634642436,0.0
1685302170,3.321452710294439,7.276448619752531,1.1942229663074897,21.106818374680802,0.8640934521354642,18.129809332708252,19.380511213584093,1.5039920231199608,11.462615860543185,11.835809826166093,0.2945237768790143,0.8904027819242538,102124748.8,59079065.6,12498944.0,38888379.733333334,43752243.2,25398476.8,187089169.06666666,36145425.06666667,9700010.666666666,51433472.0,3134668.8,9836407.466666667,37.2,62.53333333333333,2.2666666666666666,202.93333333333334,2.7333333333333334,35.93333333333333,2.533333333333333,379.3333333333333,50.46666666666667,20.933333333333334,0.08387927383171669,0.1677663739817879,0.7681961367880485,0.2110565663501364,0.004600000000000001,4.277308730393496,0.03744107744107745,0.21007889883665257,0.23265544864124416,0.05487543416921166,0.0
1685302200,2.6441976630172603,4.914546090307308,1.1506304022426308,19.62489163942718,0.8273023864807205,18.22943284694925,18.603182947879304,1.6906669407048507,12.002685211940365,13.269548147757613,0.2926767182758379,0.9580137592095602,102199022.93333334,59087394.13333333,12303837.866666667,38928110.93333333,42907784.53333333,25059464.533333335,187115110.4,36562944.0,9956147.2,51433472.0,3114188.8,9632836.266666668,38.666666666666664,72.86666666666666,3.0,219.86666666666667,2.6,35.333333333333336,2.466666666666667,407.1333333333333,52.8,19.666666666666668,0.08324986896680339,0.16667279547437613,0.6249019183430949,0.20814020595879504,0.004600000000000001,4.257550661168461,0.03724200336700336,0.20787874044826254,0.2287750137377828,0.049144451650107356,0.0
1685302230,3.007384705539379,5.82250143071701,1.3619557874638493,17.998245816788973,0.9190477108392106,18.367726614345646,18.76645305440231,1.627366641723449,11.198947465204862,13.010776889674188,0.3112579808772385,0.9968612425439395,102152601.6,59088896.0,12362820.266666668,38985181.86666667,42905600.0,23067579.733333334,187146103.46666667,36349815.46666667,9983726.933333334,51433472.0,3066129.066666667,9596108.8,54.46666666666667,89.46666666666667,3.8,297.6666666666667,4.8,48.733333333333334,4.466666666666667,523.8666666666667,67.53333333333333,30.0,0.08306167512085331,0.1632730383115086,0.49140164617073445,0.2011509332322455,0.004600000000000001,4.202724248488072,0.04107015931372549,0.2009143928532437,0.2240884561916617,0.04348004148451304,0.0
1685302260,2.604364871074611,6.592591027778449,1.6382453262688148,12.882594149904616,0.9051050101566697,19.18992142413959,12.681895122441512,0.9325932331533632,11.040419724108286,9.018695837325536,0.4696085021799766,1.2845301395029274,102092800.0,59094903.46666667,12813107.2,39524215.46666667,42905600.0,22402116.266666666,187162624.0,36310766.93333333,10118758.4,51433472.0,3037593.6,9644441.6,59.13333333333333,103.75086666666667,4.116966666666666,323.34270000000004,4.2503,53.1695,4.3754333333333335,563.4426333333333,75.26666666666667,31.748866666666668,0.04997171945305572,0.09189114048341364,0.38509008185301286,0.1223277594873648,0.004600000000000001,2.941304855488218,0.024175772144522142,0.11995170298262002,0.16333115541984167,0.022133064155600273,0.0
1685302290,1.684566351842822,6.59231960862473,1.5450128617486505,8.670656283685325,0.9210086551650581,19.238198655787162,8.107755429894448,0.4536508280836232,10.270950627879282,6.751930031478637,0.5776215566550934,1.403824703298894,101851682.13333334,59139686.4,12271069.866666667,40568422.4,42905600.0,22340676.266666666,187162624.0,36419993.6,9729638.4,51435793.06666667,3086336.0,9627511.466666667,58.8,97.66666666666667,3.533333333333333,305.73333333333335,3.4617999999999998,51.70366666666666,3.1333333333333333,551.6666666666666,72.73333333333333,28.6,0.005406419408838001,0.009630547679738382,0.06209545157281726,0.006895802612154329,0.004600000000000001,0.3454482323190598,0.004675516691237821,0.006510560495243858,0.013277314819964602,0.0049879210466584134,0.0
1685302320,1.7912158936438574,6.450878942170433,1.4320648473039996,9.584494475912624,0.9389400138842253,18.606344774489433,9.934120860101034,0.514765327000329,10.47516255025127,7.839826484055893,0.5401710543544987,1.3296769861382722,101730986.66666667,59107737.6,12201574.4,39714542.93333333,42907374.93333333,24172134.4,187239901.86666667,36570316.8,9977036.8,51433472.0,3052475.7333333334,9692501.333333334,39.44716666666667,63.551966666666665,2.2,210.23860000000002,2.6666666666666665,27.999466666666667,2.6666666666666665,366.82463333333334,46.832766666666664,18.867066666666666,0.016295800040319823,0.03782312018760544,0.14449357456920683,0.037489734098467425,0.004600000000000001,1.0947111713251956,0.008250534021112189,0.03729700776121774,0.06519328051101386,0.008870769084885858,0.0
1685302350,2.64884175262506,6.213104494365705,1.1820584912738694,14.279702309291842,0.8555941347223892,18.672577130630366,16.274087896904245,1.2794163426285232,11.2226130652492,10.924201152999938,0.33330480278988117,1.0276500463968095,102011426.13333334,59049847.46666667,12493892.266666668,39405568.0,42908057.6,24466363.733333334,187310080.0,36530858.666666664,9710114.133333333,51433472.0,3055616.0,9731003.733333332,39.666666666666664,63.8,2.6,197.1641,2.7333333333333334,34.266666666666666,2.8,367.96410000000003,46.333333333333336,20.066666666666666,0.06594279716171997,0.2383221450516048,0.6256942229310651,0.1582501984138088,0.004600000000000001,3.9695945600363993,0.027790306337181346,0.17485777803516517,0.22348155171042955,0.036325471369022526,0.0
1685302380,2.982119949069983,6.360162496396149,1.0872777017878765,17.43525844238737,0.8490912411800295,17.86052405589871,19.512311013793344,1.529299141347085,11.832170774338339,12.551629226028524,0.2655807860557258,0.9484450683284947,102079146.66666667,59011072.0,12410333.866666667,39221521.06666667,42908194.13333333,25492002.133333333,187311308.8,36781533.86666667,9904537.6,51728384.0,3054387.2,9718033.066666666,36.1689,70.86666666666666,2.2,198.37893333333335,2.6,36.86666666666667,2.4,374.9739666666666,47.32716666666667,21.395766666666667,0.08552960904267713,0.5362602780334857,0.8662823444529325,0.20008228199755382,0.004600000000000001,4.314689342115809,0.040078914141414144,0.20998235500232693,0.2696032952235406,0.047241063007805846,0.0
1685302410,3.0865438562205147,5.93331477769219,1.153718301598377,18.97367523842517,0.8189331738987385,17.600235457259167,19.987979333747813,1.7370127237964283,11.90915115262204,14.015627171090996,0.2840227692012472,0.916395434161097,102203392.0,59144328.53333333,12559291.733333332,39084578.13333333,42906009.6,25074892.8,187314176.0,37330944.0,10122581.333333334,51495731.2,3153920.0,9691409.066666666,36.32816666666667,67.33333333333333,1.8,204.6046,1.8666666666666667,34.266666666666666,2.1333333333333333,366.58796666666666,47.7515,18.066666666666666,0.08820729099477961,0.4743438968940657,0.8551447440087147,0.2010592572795274,0.004600000000000001,4.000888524238778,0.03992404817404817,0.20574488858384715,0.29600511940687896,0.046664742943005134,0.0
1685302440,3.336061108900855,6.887811955322889,1.0594004706043008,17.123746033959108,0.8391568362643594,17.989417572818024,18.567284377931422,2.1626816662295827,10.886448582662133,14.372746249978409,0.27411317298192656,0.9090937262928466,102203392.0,59112516.266666666,12629060.266666668,39183018.666666664,42906965.333333336,24776977.066666666,187327829.33333334,36820855.46666667,10109747.2,52128153.6,3151462.4,9623142.4,40.333333333333336,62.46666666666667,2.2666666666666666,194.8619666666667,2.2,29.4,1.8666666666666667,371.4697666666667,47.3898,17.666666666666668,0.08921619028702076,0.37528759808427675,0.8844444444444444,0.20357239847592318,0.004600000000000001,3.9534952964197174,0.041022817460317454,0.20330515319310655,0.274104141682264,0.046119801584621214,0.0
1685302470,2.9606514755598416,6.255675081762011,1.0525634128752686,18.099721408687056,0.8023419247899013,18.25267310412021,18.67427959112289,1.4488055992067543,10.513004545313539,13.798197581545802,0.269119398494475,0.9489169550163994,102099763.2,59131221.333333336,12361318.4,39211144.53333333,42905600.0,25606144.0,187330560.0,36563490.13333333,9942630.4,51433472.0,3022848.0,9582455.466666667,39.2,67.26666666666667,2.6,195.16986666666665,2.7333333333333334,36.46666666666667,2.533333333333333,375.3159,49.89416666666667,20.0,0.08629658761623611,0.23737167067339165,0.7898862433862435,0.20414420988360282,0.004600000000000001,4.232708529512927,0.03728432158119658,0.20616139480541013,0.23561344776133283,0.04915442930634417,0.0
1685302500,3.1495740115715796,6.526230888918445,1.2050868349936221,19.507426616331706,0.8657429114137133,17.709487802575303,18.29984825431817,1.2070851357333332,11.296781774025307,13.89928544286825,0.2912813092694228,0.9526869499385751,102022894.93333334,59163033.6,12518604.8,39052083.2,42958711.46666667,24993928.533333335,187330560.0,36725964.8,9940582.4,51433472.0,3017386.6666666665,9585595.733333332,38.568533333333335,64.93023333333333,2.466666666666667,208.485,3.0766666666666667,36.4801,2.933333333333333,388.8441,50.45916666666667,22.508533333333332,0.08537623741156022,0.17760956749243667,0.48392987721613245,0.20427800836853363,0.004600000000000001,4.328147878234969,0.03378483322233323,0.20756641928626854,0.22442181987753418,0.04904592037863422,0.0
1685302530,2.895443662614629,7.085379579926889,1.3246475131153714,19.19995751955618,0.8679961314710286,17.661681067279332,17.318201354919342,1.603157437581188,11.514181138542865,12.674323045360932,0.3174850335743822,0.9301183401825501,102076416.0,59154705.06666667,12522700.8,38850286.93333333,42970726.4,24706662.4,187330560.0,36820309.333333336,9787528.533333333,51434564.266666666,3130026.6666666665,9569348.266666668,54.8,89.13333333333334,3.8666666666666667,282.03546666666665,3.7333333333333334,49.666666666666664,3.4,499.46666666666664,64.46666666666667,26.933333333333334,0.08134026346383977,0.14997956239970298,0.4744252235848433,0.19424942530273243,0.004600000000000001,4.031663122804747,0.028378753842775585,0.19672307638276004,0.21636842034605178,0.04342426413977582,0.0
1685302560,2.201899314201968,6.73792589804309,1.4511620961547231,12.935083636126418,0.9233780410241175,18.827479423345856,11.933619863006989,0.8391810050428153,10.643426385244787,9.445945720137512,0.4712601428413933,1.19849041119808,102105088.0,59183240.53333333,12621004.8,39631257.6,42907784.53333333,22421367.466666665,187330560.0,36669030.4,10058274.133333333,51434427.733333334,3052475.7333333334,9613312.0,59.99523333333333,101.64886666666666,3.5244333333333335,304.8715666666667,3.257766666666667,51.576566666666665,3.5244333333333335,557.1318666666666,75.66733333333333,29.526766666666667,0.0486640971545121,0.08284791182037173,0.421835555057969,0.10754247616289542,0.004600000000000001,2.5150405501262667,0.016594843514328817,0.11247167554853406,0.1521308195864985,0.0249099481924725,0.0
1685302590,1.627827691537554,6.709478779845029,1.3872088885711482,7.97647536555655,0.8921399328822647,18.173013191631306,7.645289112538548,0.3951114404373854,10.15412596951277,6.493060527205079,0.5693342272862496,1.3656145025139057,101944524.8,59195392.0,12482286.933333334,40982664.53333333,42905600.0,22532096.0,187330560.0,36741120.0,10072200.533333333,51433472.0,3032678.4,9564160.0,60.270700000000005,99.6,3.066666666666667,329.54136666666665,3.2750666666666666,53.33513333333334,3.2662666666666667,559.2284666666667,73.2,28.729499999999998,0.0059189456738323295,0.009993212365040588,0.0695703538217827,0.007629311232738207,0.004600000000000001,0.3396174832706427,0.004695628215737737,0.006661063173914306,0.01305633384637911,0.004958510618696482,0.0
1685302620,2.106079454525598,6.66757586281254,1.4940108032881037,10.342890912973585,0.8999218225329891,19.09008841066629,9.363072785469528,0.5659651042378128,9.734189622611916,7.353693128639709,0.5378292094078824,1.2808550058573878,101765120.0,59188974.93333333,12576358.4,39379763.2,42905600.0,24051302.4,187332061.86666667,36808157.86666667,10117666.133333333,51433472.0,3134259.2,9779609.6,37.8,69.93333333333334,2.1333333333333333,231.50983333333335,2.933333333333333,36.6487,2.533333333333333,402.62600000000003,53.063700000000004,19.2,0.016379051015220393,0.03575785392323805,0.18126371292106594,0.037893286417168034,0.004600000000000001,0.8261059582771483,0.008904844327836083,0.03558748414915468,0.058200245318437954,0.009731117296281008,0.0
1685302650,3.214211650162743,6.47690510921539,1.0948117318122086,14.97227700446237,0.8278394020661832,18.53569191314595,14.336001565601638,1.5267646043318968,10.334413206154412,11.560165798514015,0.3440056247062404,1.0311238371042553,101949440.0,59110058.666666664,12575539.2,39825681.06666667,42905600.0,25334033.066666666,187336294.4,36719001.6,9904537.6,51433472.0,3035682.1333333333,9547639.466666667,39.2,68.06666666666666,1.9333333333333333,223.2389,2.2,36.53333333333333,2.533333333333333,387.42483333333337,48.523133333333334,18.6,0.06548195876179426,0.1638442181834337,0.6166707875457875,0.15367906577160081,0.004600000000000001,3.3393549860238134,0.03196858974358974,0.1526955914955465,0.2171845354923885,0.03835431198108739,0.0
1685302680,2.735203961767889,5.426481605861393,1.1007487332674526,17.481871546514164,0.8394589263039332,18.024533451407898,15.926428225156773,2.1068343462954773,11.365146746584971,12.27076940249002,0.26903382148967403,0.9012700170444368,101965004.8,59083980.8,12163208.533333333,39766971.733333334,42905600.0,25161318.4,187349674.66666666,36911240.53333333,9811012.266666668,51438933.333333336,3139037.8666666667,9556104.533333333,40.697066666666665,66.117,2.5814000000000004,206.77983333333336,2.248066666666667,31.732966666666666,2.1803666666666666,415.9615333333333,51.846599999999995,19.357566666666667,0.08608913610444319,0.2745394697821595,0.9469131054131055,0.2028482223670842,0.004600000000000001,4.149738695266056,0.04527285561660563,0.19593370427253093,0.23934464731702662,0.05026532723605319,0.0
1685302710,2.983039541147638,5.721541809230901,1.0464313770367002,17.904112374191364,0.8475336661314327,18.072373133181326,17.266133671045324,1.6221438796169714,11.4286685918738,12.662105119354557,0.2772811874467399,0.9286172637399724,102128162.13333334,59115110.4,12202120.533333333,39329245.86666667,42907374.93333333,25444352.0,187407291.73333332,36961484.8,9831219.2,51672814.93333333,3195562.6666666665,9583547.733333332,41.13533333333333,61.6699,2.7333333333333334,202.52103333333335,3.1501666666666663,35.062466666666666,2.8666666666666667,397.4076333333333,49.718833333333336,18.866133333333334,0.0848627340238748,0.2292678809248198,0.834766058016058,0.20860205491744413,0.004600000000000001,4.2502225533341935,0.0412682994089244,0.2042670469036464,0.2316042008036391,0.046113454545010035,0.0
1685302740,3.501653456458721,5.827759808582713,1.2071892642271558,18.22817814644891,0.8301724679710936,18.478950781345198,17.433062345837453,1.4850184034230334,10.980919694131682,12.987239626036663,0.29757270479442666,0.9303526546035238,102158336.0,59084800.0,12539767.466666667,39235447.46666667,42907101.86666667,24780526.933333334,187410022.4,37119453.86666667,10084898.133333333,51716096.0,3057390.933333333,9716667.733333332,37.9102,71.3543,3.0004,207.0804,2.6687000000000003,40.1544,2.9992,363.4722,52.87233333333334,22.049500000000002,0.08371316537749371,0.19065472224463909,0.6961914983164981,0.20494397881207455,0.004600000000000001,4.171947707692498,0.04071390415140416,0.20607176757004847,0.2274934248842471,0.04516997245859455,0.0
1685302770,2.8569454991823053,5.77104578584456,1.1545703527214244,18.441127158142127,0.8969518907470041,17.477824603465965,19.16791972779452,1.2927106252933278,11.223455963741339,12.591490418583593,0.29207291521177,0.9597210543613317,102002688.0,59119342.93333333,12560520.533333333,38897254.4,42908330.666666664,26000179.2,187416576.0,37035758.93333333,10213512.533333333,52849049.6,3018888.533333333,9622186.666666666,37.53333333333333,67.93333333333334,3.1333333333333333,219.56446666666668,3.533333333333333,34.0883,3.5993333333333335,405.4373,53.7421,21.532266666666665,0.08262485780023779,0.19644704282847472,0.6919860368389781,0.19910505705036474,0.004600000000000001,4.011317901415116,0.04038718158203452,0.20305858281283914,0.22696251845547274,0.048462628791343484,0.0
1685302800,2.5663272700981534,5.3440064309258135,1.1750905561784848,18.16382626732479,0.8329300346105803,17.809309818998784,18.45525771731082,1.7426462796606654,11.362339019075586,13.725524044266404,0.2814660375939074,0.9382032626128465,102131165.86666666,59126579.2,12529390.933333334,39147110.4,42907784.53333333,25210333.866666667,187416849.06666666,37194547.2,9995195.733333332,51433472.0,3063261.8666666667,9599249.066666666,39.13333333333333,68.81223333333334,2.1333333333333333,200.8,2.1347,31.6084,2.1347,375.96476666666666,47.333333333333336,20.8068,0.08513351042572061,0.288332338775548,0.838154411764706,0.2032858983784701,0.004600000000000001,4.118049299599054,0.03805303649237473,0.20677012719368987,0.24068038036163847,0.0469451214210113,0.0
1685302830,3.332128308248382,5.837643290284665,1.2361837276345855,17.740064305485095,0.865374745300332,18.045125146237794,15.933983839946052,1.4952103734538302,11.499306197201987,13.359124080163195,0.312289116241856,1.0016347844795144,102156424.53333333,59102003.2,12784844.8,38879641.6,42937275.733333334,24166809.6,187499042.13333333,37483315.2,9844599.466666667,51433472.0,3075276.8,9620957.866666667,53.534099999999995,90.53333333333333,3.466666666666667,284.657,3.5347,51.09403333333333,3.2680333333333333,510.24486666666667,68.86666666666666,26.140666666666668,0.08010282728978378,0.256535349420915,0.7723013218665394,0.19764514630672694,0.004600000000000001,4.1367224692694915,0.036448780080213905,0.20044619022951454,0.23253218351404956,0.04164635838899348,0.0
1685302860,2.3123532593550347,5.499979194037027,1.605169886104165,12.599810275372727,0.9509852852169693,18.357864027604368,10.114938138664481,0.8254197160482927,11.034298872144056,8.81611401456662,0.47748974317899706,1.2951791593181683,102054297.6,59092992.0,12452932.266666668,40574020.266666666,42905600.0,22371259.733333334,187555840.0,37464064.0,9652224.0,51433472.0,3135351.466666667,9625190.4,58.4,97.73333333333333,3.8,318.6666666666667,4.6,55.4,4.2,533.3687666666667,70.66666666666667,30.868666666666666,0.03794359345139648,0.12459794281938388,0.41375375712832807,0.11638220283847926,0.004600000000000001,2.9893864365832408,0.019817035217035216,0.1225286132583389,0.15174655842782603,0.021088317825359724,0.0
1685302890,1.571038413505664,5.1865336308762355,1.6709663070746763,8.595685405527753,0.9477744803037661,18.559995122966402,7.9723604353358954,0.4412967479262276,9.144529671226593,6.4511174551552335,0.5462774487217906,1.4022224400223848,101909845.33333333,59114973.86666667,12317218.133333333,39670442.666666664,42907101.86666667,22673817.6,187555840.0,37850589.86666667,10022775.466666667,51433472.0,3036364.8,9578086.4,61.333333333333336,102.73333333333333,4.0,328.6,3.4,53.06666666666667,3.466666666666667,570.7333333333333,74.53333333333333,29.4,0.00524621379723919,0.014815180776343712,0.06382519332519336,0.007146156066750808,0.004600000000000001,0.42088481783571846,0.0046358344827586205,0.006149988299773501,0.013207344566690472,0.0048191350823092545,0.0
1685302920,1.6662345740770141,6.25478178852146,1.4170317951205758,9.679554424340127,0.8807269314296163,18.945135123083666,9.561688596535163,0.620948535884849,10.348370985995318,7.407920378820113,0.537504406361369,1.3092088768625803,101874346.66666667,59217237.333333336,12351214.933333334,39127313.06666667,42906965.333333336,23281254.4,187580416.0,37929779.2,9889928.533333333,52084736.0,3131118.933333333,9573171.2,44.2704,72.6024,2.2666666666666666,202.52676666666667,2.8666666666666667,28.666666666666668,3.1333333333333333,410.9628,53.804566666666666,21.467466666666667,0.016953123007463843,0.03694082922597453,0.1566891534391535,0.0321125767746361,0.004600000000000001,0.9021471238208948,0.007291266109135677,0.039524631572899024,0.06429852731396435,0.010531272820984412,0.0
1685302950,2.525662940347353,6.805216456194433,1.16259021255335,16.080657352925027,0.8500902652822283,18.48625080441786,15.260306196272033,1.1195389287088122,10.630743976296051,11.424670453814464,0.3485380017403923,1.0657731795775558,101865062.4,59239901.86666667,12353126.4,38879914.666666664,42905736.53333333,25176473.6,187617280.0,37773448.53333333,9545181.866666667,52019609.6,3089476.2666666666,9457664.0,40.86666666666667,66.2,3.8666666666666667,210.26666666666668,2.8666666666666667,31.4,3.466666666666667,398.3333333333333,50.06666666666667,21.533333333333335,0.07185068186187718,0.11609200195411867,0.4678242031050002,0.15749154615368768,0.004600000000000001,3.4533969221707297,0.021858063300454606,0.1720943250435982,0.21059420100773232,0.0378335741965338,0.0
1685302980,3.0326868052883276,7.0083589070889865,1.1944291369144213,18.01214119532339,0.9039571168466698,17.864856515848807,17.39588072029858,1.590952243849439,11.253457443732525,13.522707265888767,0.28576874490348936,0.9205114531301277,101824648.53333333,59118114.13333333,12381115.733333332,38853973.333333336,42907784.53333333,24900812.8,187617280.0,37949849.6,10110293.333333334,51433472.0,3136716.8,9578359.466666667,40.2,67.6,2.2,204.46666666666667,2.533333333333333,34.586800000000004,2.3333333333333335,401.93333333333334,50.4,21.0,0.0884826439051368,0.17268658682234841,0.5469260990960741,0.2075686087879115,0.004600000000000001,4.151716936434563,0.02605941681312705,0.21071551260447124,0.23485918945755888,0.04763726571018304,0.0
1685303010,3.2827225720565583,6.420982703138761,1.1273239053482447,18.436382757101136,0.8351061109291582,17.1726166285637,18.550713989642563,1.4488323870194943,12.964135227758208,14.777174630998076,0.29157543765534905,0.8946771277117944,101802803.2,59004518.4,12543044.266666668,39828138.666666664,42909969.06666667,24950374.4,187621376.0,38072046.93333333,9674888.533333333,51433472.0,3119923.2,9641710.933333334,33.13333333333333,64.33333333333333,3.933333333333333,224.26666666666668,3.1333333333333333,38.333333333333336,3.466666666666667,390.4954333333333,47.266666666666666,20.8,0.08648290413102536,0.20022853232398657,0.795920099553678,0.20426290468756517,0.004600000000000001,3.8460619478043516,0.03491030092592594,0.20635890307276494,0.2339146239797234,0.04537078827891628,0.0
1685303040,2.8911404729383015,5.954644944026152,1.1840619931791676,18.175506157559045,0.8865054962494133,17.87859616016475,17.895175529502314,1.4095767299847437,11.846051702260809,13.406223257162777,0.27349315520872214,0.9377960960147639,101880627.2,59070873.6,12460032.0,39184384.0,42906419.2,25205009.066666666,187622331.73333332,38035456.0,11080635.733333332,51433472.0,3026397.8666666667,9666833.066666666,40.53333333333333,64.8,3.2,197.53333333333333,3.2,35.666666666666664,3.3333333333333335,388.4,55.06666666666667,22.933333333333334,0.08643676868908903,0.22298796653783176,0.8676263436047544,0.2048256997948554,0.004600000000000001,3.886291435406028,0.042895207790718634,0.20187242251128845,0.2363141484983493,0.04602102806380426,0.0
1685303070,3.280607518498772,6.362875049014346,1.2011616633015303,18.317214146746473,0.8663636984461138,18.13573757084158,18.39557960951422,1.6395165884521805,10.697776598034109,13.157552192671178,0.2840779207469501,0.9513507449055478,101925683.2,60889634.13333333,12405691.733333332,38910634.666666664,42977689.6,24398506.666666668,187626154.66666666,38186734.93333333,9815381.333333334,51467878.4,3025305.6,9650858.666666666,42.2,65.26666666666667,1.5333333333333334,222.4,1.9501666666666668,30.990266666666667,1.6666666666666667,378.1333333333333,52.6,17.266666666666666,0.08119897436269276,0.2361032517451924,0.8676190070900223,0.20417208663501676,0.004600000000000001,4.004830169539709,0.04638860271672773,0.20181884626728694,0.23577508921153761,0.04653569289638967,0.0
1685303100,3.2212112441873035,6.1301659723580615,1.060921154032965,18.427035897421874,0.8249108351653561,18.04430896685636,19.0180334129166,1.5503226570793707,10.695382894670066,12.796351675296911,0.27672326685457743,0.9174512794999111,101913804.8,61717708.8,12448972.8,39463185.06666667,42937958.4,25422370.133333333,187629568.0,38446148.266666666,9916006.4,51433472.0,3095756.8,9654818.133333333,41.333333333333336,67.86666666666666,2.533333333333333,209.33333333333334,2.1333333333333333,37.13333333333333,2.2666666666666666,360.2,48.4,18.266666666666666,0.08021763602796456,0.23194307665820696,0.8487789987789988,0.2018531791187702,0.004600000000000001,4.1667265562694675,0.049155934343434335,0.20452519299326163,0.23458375315275992,0.04550586651886468,0.0
1685303130,2.595004396098689,5.495573629424215,1.1145662383144403,18.811180436812553,0.8514823951628447,17.903304329736144,16.68078354965738,2.0864869735449894,10.307658069430044,12.528702281982856,0.2977632626891531,0.9561499342925137,102962790.4,61667464.53333333,12365824.0,38878139.733333334,42905600.0,23552273.066666666,187629568.0,38799769.6,9852518.4,51433472.0,3156923.7333333334,9757491.2,56.46666666666667,89.13333333333334,4.6,288.72549999999995,3.8666666666666667,47.86666666666667,3.8666666666666667,533.0072666666667,64.4731,28.866666666666667,0.08056569431229758,0.18632435022886065,0.5959424603174603,0.1945332345114704,0.004600000000000001,4.1573940552938655,0.04034722222222222,0.19680843834762574,0.2311895056149447,0.044540480530184105,0.0
1685303160,2.1112051006572714,5.68572423911415,1.6643471909616268,12.802135324305777,0.9757431677628426,18.112920036663677,11.447211680819754,0.9607939480771779,10.070282077843618,8.59120840464101,0.45328828052952075,1.314542397673515,101911756.8,61678114.13333333,12363366.4,39561079.46666667,42907374.93333333,22248789.333333332,187677627.73333332,38340471.46666667,10070289.066666666,51433472.0,3058483.2,9614677.333333334,58.93333333333333,101.86666666666666,4.133333333333334,321.3333333333333,3.6666666666666665,52.733333333333334,4.000533333333333,570.7333333333333,74.73333333333333,30.403633333333335,0.05176489788023305,0.10935994464357482,0.3716581558061821,0.11865077064201168,0.004600000000000001,2.888933176821147,0.01711587159970178,0.11215338432398343,0.16887191706322813,0.02632037395561807,0.0
1685303190,1.5827110522389953,5.341219182880376,1.5310250017686722,7.99569772483925,0.956001986725204,17.372751448687698,7.788215444272564,0.42947758612290343,9.838797746486229,6.548198759633835,0.5259583055880842,1.3551783066880179,101933056.0,61677568.0,12585779.2,40435438.93333333,42925124.266666666,22463419.733333334,187629568.0,38551688.53333333,9814562.133333333,51434973.86666667,3014246.4,10069606.4,59.0,98.86666666666666,4.533333333333333,284.93333333333334,3.6,50.06666666666667,3.7333333333333334,553.9333333333333,74.93333333333334,26.933333333333334,0.006139870557187582,0.02099388254046448,0.06865358946608947,0.007537725839609255,0.004600000000000001,0.4529909112456141,0.004647244220146595,0.007885659596143903,0.01589527735178397,0.005171283827979215,0.0
1685303220,1.9865814558362245,5.056363635906076,1.4257748121713476,9.664987036908439,0.9210121420230518,17.91667847410377,9.473488736982146,0.6130761324094289,9.912286570783237,7.094985860326832,0.5030379541070528,1.2156217835105336,101906158.93333334,61684940.8,12708932.266666668,39886848.0,43051144.53333333,24816571.733333334,187629568.0,38690679.46666667,9846101.333333334,51433745.06666667,3112413.8666666667,9686766.933333334,41.733333333333334,76.8,3.2666666666666666,210.13333333333333,2.533333333333333,35.53333333333333,2.6666666666666665,360.03313333333335,52.0,20.2,0.021187600112483943,0.19467732928639123,0.21758249158249166,0.040316109120494416,0.004600000000000001,1.0236719098250193,0.008017026918571863,0.039737059229745166,0.07177056791623657,0.010113368406975352,0.0
1685303250,2.641458682017918,5.421308801116758,1.199236011154958,15.710430863706668,0.8266222281219042,17.594411725029925,15.528043654888585,1.1918024313703255,10.519678513126028,10.391800562674936,0.3159624477077101,0.9254166502535706,101892096.0,61664733.86666667,12523110.4,39593437.86666667,42906146.13333333,26283212.8,187643221.33333334,38578585.6,10087901.866666667,51433472.0,3044693.3333333335,9916416.0,41.06666666666667,64.26666666666667,2.066666666666667,191.53333333333333,2.1333333333333333,30.666666666666668,2.066666666666667,351.4,48.13333333333333,18.0,0.07409802011863076,0.37288020200365957,0.733834388990639,0.1764553719099234,0.004600000000000001,3.7503967078444918,0.026809463684463693,0.1697296967407567,0.2169894562381756,0.038174667376914814,0.0
1685303280,2.687185767551689,5.6713796810085935,1.0358758123414469,18.377352349476464,0.8197429955367995,18.202917849575336,16.537704881168317,1.4999999371737627,11.106964240662155,10.416689988415964,0.26340702691425133,0.9112962442848449,101938244.26666667,61774506.666666664,12548232.533333333,39273676.8,42906965.333333336,25165824.0,187650048.0,39130726.4,10117802.666666666,51433472.0,3096029.8666666667,9532893.866666667,36.92986666666666,65.464,1.7997333333333332,211.715,2.2,34.2,1.8,352.9311333333333,48.19813333333333,19.066666666666666,0.0862628041479869,0.3445170688643887,0.9145857475857475,0.20962117591178892,0.004600000000000001,4.339159928045198,0.04586278998778999,0.20401492368649424,0.24235395877677673,0.04743820830747243,0.0
1685303310,3.117293988965267,5.511976531914834,1.057186629256464,17.934996145142698,0.8519051508960997,18.18214075231287,17.67586282679128,1.5276790898870867,10.949269417661947,12.586469424223226,0.28714971986463805,0.9131838640955477,102431948.8,62669619.2,12362274.133333333,39140010.666666664,42905600.0,24930713.6,187652915.2,39122807.46666667,9913958.4,51433472.0,3068996.2666666666,9734144.0,39.2,63.266666666666666,2.6666666666666665,209.0,2.7333333333333334,33.86666666666667,2.4,393.93333333333334,49.13333333333333,17.866666666666667,0.08113207270140439,0.20522746695405006,0.6294346993162783,0.19508867295914836,0.004600000000000001,3.915417917418911,0.045709984459984455,0.1990295609452214,0.23038352206671436,0.04528017976521299,0.0
1685303340,3.1586403476537646,5.621774973424887,1.1750831448768038,17.146914142471044,0.854672338453314,18.047963945183813,18.317458467728862,1.585826003630906,11.126077594225187,13.036888578651608,0.28234894880308586,0.9204298824745035,101945344.0,61742284.8,12460851.2,39178240.0,42905600.0,25636864.0,187698380.8,39300573.86666667,9917781.333333334,51441117.86666667,3092343.466666667,9403596.8,34.8,73.06666666666666,2.3333333333333335,197.2,2.7333333333333334,34.666666666666664,2.4004,364.26666666666665,47.0,20.136566666666667,0.08119809823809197,0.2371676558807408,0.7957189564821143,0.18863705881508613,0.004600000000000001,3.8670696082202354,0.036879419191919206,0.19731143185104474,0.23513234312103376,0.045426501456342985,0.0
1685303370,2.6728301175750526,5.978527386794678,1.0252170479665492,17.870873017776272,0.8241410966006456,18.264393944491726,16.99345607468986,1.6896948487191576,12.010267161612733,13.339883399836827,0.2743391343072607,0.9057783836703244,101945344.0,61745834.666666664,12403370.666666666,39301802.666666664,42908467.2,25320379.733333334,187730739.2,39399150.93333333,9840366.933333334,51437294.93333333,3023121.066666667,9627238.4,41.86666666666667,63.41103333333333,2.3443666666666667,208.3554,2.8110333333333335,29.466666666666665,2.2106333333333335,348.4,46.6,19.288733333333333,0.08085727967507135,0.2898724108512453,1.0786135531135532,0.20267875711269545,0.004600000000000001,4.107976591612665,0.03987731481481482,0.19726414779660598,0.23977478283987794,0.04575091923601282,0.0
1685303400,2.7110796166007836,6.607725611807483,1.1083368858619447,20.21998513110729,0.8568272025464859,18.497744358154982,18.7058089362614,2.261116813209987,11.036830584784818,12.62787467341146,0.28376081938844216,0.9093409287840495,101945344.0,61742830.93333333,12142182.4,39142195.2,42908057.6,25672499.2,187733879.46666667,39214284.8,9782886.4,51433472.0,3145181.8666666667,9555968.0,40.333333333333336,71.33333333333333,2.8666666666666667,222.46666666666667,2.8666666666666667,36.53333333333333,3.066666666666667,387.2896666666667,49.53333333333333,20.734933333333334,0.08081480179161414,0.19635071232553064,0.6936321548821548,0.20975504041148316,0.004600000000000001,4.276566449281741,0.04962698412698414,0.20328719339964813,0.23203484539876185,0.046293711058576915,0.0
1685303430,3.4356073056562946,6.822033416392212,1.1937927889424416,19.72424076639727,0.8253147587224865,18.235414146355087,18.20881130355591,1.8046241476360274,11.127050625254098,12.070213220649295,0.30654568846204755,1.0039102038062058,101861785.6,61834717.86666667,12479692.8,38954734.93333333,42906009.6,23784652.8,187736064.0,39505920.0,9679121.066666666,52477952.0,3144908.8,9681032.533333333,52.0,84.46666666666667,3.466666666666667,284.07980000000003,2.7333333333333334,52.13333333333333,2.933333333333333,475.3333333333333,63.266666666666666,25.666666666666668,0.08035736342181461,0.18151721271511867,0.5262155546695021,0.19031495499252937,0.004600000000000001,4.186722459530936,0.04577585200746966,0.19816967946375785,0.22071766890725214,0.04347060025075403,0.0
1685303460,2.5776445406457045,6.007669848033322,1.4857864663565614,12.179195469575516,0.9356114939921585,18.604179901420515,12.178404711608197,1.0053396806984927,10.718919529363639,8.995395985014612,0.4801382924436442,1.2153275350953687,101736448.0,63283200.0,12521335.466666667,41712435.2,42908876.8,22331665.066666666,187736064.0,39437107.2,9900987.733333332,51433472.0,3090568.533333333,9769779.2,59.649166666666666,103.53333333333333,3.6,330.39166666666665,3.2666666666666666,50.6,3.533333333333333,583.8709666666667,76.47096666666667,31.066666666666666,0.05124305463446007,0.0968397898167985,0.39766705246913586,0.09998378225779146,0.004600000000000001,2.7051273861191474,0.020645502645502658,0.10987277398633924,0.1392044021145483,0.02247388096883597,0.0
1685303490,1.5284259812331875,5.802044997401003,1.4704014935476484,8.353775403233533,0.9199760947921256,18.36317861922244,7.890516645593398,0.4062998515485559,9.729774005799634,6.469604909143971,0.5306440658426763,1.3331972854599339,101971285.33333333,63289753.6,12326365.866666667,38246809.6,42906282.666666664,22185710.933333334,187736064.0,39821721.6,9806233.6,51433472.0,3065719.466666667,9560064.0,56.53333333333333,100.8,3.8,322.93333333333334,3.466666666666667,53.666666666666664,3.6,553.8,73.0,30.2024,0.005938132789922144,0.014298450425457297,0.06778471145865957,0.007946072873413838,0.004600000000000001,0.3893003682887645,0.004647209834982944,0.0070121881764044,0.013394531396242838,0.00488066382323716,0.0
1685303520,1.7873686186953193,5.716990579727193,1.4219770054764973,9.498094047253517,0.9044410845904937,18.18122482488876,9.183654359446885,0.48823292165771837,10.218193231584184,7.232487904392913,0.5150220050125222,1.265183889356272,101815364.26666667,63275008.0,12362956.8,38764134.4,42906828.8,23012693.333333332,187737156.26666668,39651328.0,9664921.6,51433472.0,3073501.8666666667,9571532.8,40.93963333333333,68.0,1.6,219.25276666666664,2.6,32.93333333333333,2.4,430.3840333333334,52.58403333333333,21.333333333333332,0.017428972790588963,0.04976558430604538,0.12500619796869802,0.034633934891203484,0.004600000000000001,0.9475552997761085,0.008410556068622089,0.03349426354356215,0.057294759105532764,0.012005114915828136,0.0
1685303550,2.3900465000545754,6.755084996287289,1.1523803236352823,16.788624118319156,0.865826338759755,18.763682182409006,14.581225536086102,1.1302855899896964,10.841183896519242,10.944422967858037,0.3558143878864422,1.0415742671024764,101793792.0,63307776.0,12351897.6,39293747.2,42909286.4,25105203.2,187876693.33333334,39850666.666666664,10227165.866666667,51433472.0,3095483.7333333334,9688132.266666668,38.53333333333333,63.93333333333333,2.7333333333333334,207.93333333333334,2.6,35.13333333333333,2.6,373.6666666666667,50.266666666666666,20.666666666666668,0.06461131919626072,0.12465366578381289,0.4190219200416916,0.1651094989093301,0.004600000000000001,3.752641349930607,0.031161736411736418,0.16169836025779608,0.20430629521152086,0.03898072779260027,0.0
1685303580,2.750456681057725,6.086688771374428,56.54594522730756,19.316702382875835,0.7986867682084726,18.087662351943614,16.56981943348716,1.4242995391740942,10.676421898881182,12.67211398362618,0.255714998139429,0.9061137804637378,101816866.13333334,63319108.266666666,16802747.733333334,39102600.53333333,42906828.8,25429469.866666667,187957248.0,39837696.0,9848695.466666667,51433472.0,3058892.8,9680486.4,39.4,69.93333333333334,2.7333333333333334,223.2,2.2666666666666666,35.46666666666667,2.0,375.8666666666667,52.13333333333333,18.598666666666666,0.0815867934463959,0.16190676824593983,0.513047065387149,0.21243817396145767,0.004600000000000001,4.428033932390951,0.042638078038232836,0.2096808418123052,0.2324825534212393,0.04787318527501738,0.0
1685303610,2.617194661783738,5.799901641006724,98.76962575956159,19.221773201921668,0.7800353918468849,18.479082350756336,16.441772706042638,1.2588910777117885,10.771633747100816,12.748503290107477,0.25349711325633767,0.8756936400078726,101873664.0,63284565.333333336,17022293.333333332,39217971.2,42906555.733333334,24736426.666666668,187957248.0,40004949.333333336,9999701.333333334,51433472.0,3031313.066666667,9592832.0,37.39946666666666,71.53333333333333,1.8,212.8,1.8,31.666666666666668,1.6,348.3333333333333,48.333333333333336,19.532533333333333,0.08004520544961129,0.18170231565948303,0.6892568542568543,0.20936752898661834,0.004600000000000001,4.255172259715491,0.04246792328042328,0.20417702555935655,0.23203032288288863,0.04855981783498217,0.0
1685303640,2.9949299231329056,5.748521825209411,97.75327824993006,19.574435463236583,0.7855194213676197,17.75298135149201,17.027808220926676,1.4268512608974884,11.721095043279153,12.385896656972118,0.26003641839600883,0.8791265952007693,101958724.26666667,63453866.666666664,17000448.0,39206092.8,42905600.0,25621572.266666666,187959705.6,40004266.666666664,9734280.533333333,51433472.0,3024213.3333333335,9629149.866666667,42.86666666666667,66.8,2.2666666666666666,219.93333333333334,2.6,31.733333333333334,2.2666666666666666,401.7552333333333,49.733333333333334,18.8,0.08411188951773617,0.21828091292924542,0.7586660052910055,0.20067276297808423,0.004600000000000001,3.9816736070269294,0.03953907203907204,0.19705878082205663,0.23264416408438515,0.04755241974146926,0.0
1685303670,3.18599070801585,6.318726924106424,99.48751919061935,17.834602125592934,0.8211546286915615,17.99737962644894,18.56727638705595,1.7867653407595983,10.997874485223992,13.297496736247824,0.2641443663971793,0.9470045372531312,101950395.73333333,63356928.0,16849305.6,39414169.6,42905600.0,25930410.666666668,187979093.33333334,41350758.4,9775513.6,51433472.0,3015748.2666666666,9596518.4,40.46666666666667,63.333333333333336,2.066666666666667,197.97406666666666,2.4,34.4,2.4,364.076,49.010200000000005,19.533333333333335,0.08597082923562874,0.19694637986478686,0.6723820270328106,0.19824048741645575,0.004600000000000001,4.037277307567404,0.03788888888888888,0.20018919208015407,0.2285696400765805,0.04577148568995308,0.0
1685303700,2.9958725793365835,6.934363582095268,99.48889660735706,18.518526292915187,0.8484575256871767,17.51878667707914,18.17426511470864,1.3473270820230578,11.48204391608334,12.92069320971492,0.25737545304269044,0.9199072443405292,101892096.0,63303680.0,16854493.866666667,39311769.6,42907374.93333333,24887978.666666668,187985920.0,40492100.266666666,9778380.8,51460369.06666667,3046058.6666666665,9627374.933333334,44.06666666666667,68.06666666666666,3.066666666666667,210.33333333333334,2.6666666666666665,35.13333333333333,2.6,411.3333333333333,50.06666666666667,21.2,0.08636174265067502,0.17066169313830978,0.5298690711462452,0.20254260099127747,0.004600000000000001,4.185522366839364,0.04184569035947712,0.20583659698102544,0.22974477195825516,0.04714978698445922,0.0
1685303730,3.0558526527449827,7.1333388601735885,97.13791449471792,18.563564450772944,0.8695361058612971,18.421698430473466,16.77633856229335,1.4102831827474394,11.263307315888731,12.55416867649904,0.2902756456970927,0.9926690451199863,101769352.53333333,63287159.46666667,16979694.933333334,39345356.8,42907921.06666667,23174348.8,187985920.0,40745369.6,9833403.733333332,51477299.2,3055752.533333333,9690316.8,55.93333333333333,94.6,2.6666666666666665,301.37690000000003,2.933333333333333,48.733333333333334,2.8674666666666666,538.3252333333334,68.06666666666666,27.6,0.0818705762459153,0.1524933920804173,0.5292050803532128,0.19660872876305868,0.004600000000000001,3.869136932068733,0.046661458333333336,0.1907656096743057,0.22178952670100566,0.0462389681701803,0.0
1685303760,2.1256823239840696,6.020191340193397,98.3295977605198,13.03257836070707,0.9352246448695373,18.13520073299516,11.86232171575018,0.7761650424594908,10.881835652330833,8.891025461112045,0.46348471571560773,1.2538615129423385,101756928.0,63258624.0,16702122.666666666,40961092.266666666,42905600.0,22519808.0,187985920.0,40511897.6,9668744.533333333,51466240.0,3014656.0,9774694.4,60.266666666666666,107.95576666666666,4.477866666666667,321.77819999999997,4.744533333333334,57.0,5.211200000000001,607.6039666666667,79.4,35.487100000000005,0.047368716023363906,0.08550402915386605,0.4047392195767196,0.11284525308032319,0.004600000000000001,2.239513597845615,0.026275587606837607,0.09103794150360672,0.1398495975942862,0.02508600875530093,0.0
1685303790,1.6410309435951722,5.730286892291967,96.67756726422498,8.462400351028734,0.9511357744501112,19.25057245546668,7.886925585687788,0.4175454406033197,10.440879728762114,6.841392826732832,0.5392451836454321,1.4077374495219723,101581073.06666666,63261354.666666664,16889582.933333334,39659929.6,42907648.0,22364979.2,187985920.0,40675191.46666667,9814152.533333333,51466240.0,3082513.066666667,9810739.2,61.8043,99.13333333333334,3.533333333333333,308.53333333333336,3.6,52.06666666666667,3.7337333333333333,570.7084333333333,75.53333333333333,28.0699,0.005582413915172607,0.0117783544361974,0.0543639916073309,0.007274121162850999,0.004600000000000001,0.3122035443074645,0.0046367030696576154,0.00604151050277239,0.012742639731090157,0.004842913078193283,0.0
1685303820,1.9349707307125383,6.030332845847267,100.00981082559574,8.949766228926494,0.8712708774577158,17.889899780141455,9.051610910687291,0.6778622886525774,10.592017173016114,7.425168224070477,0.4904730428325002,1.2017779566336115,101621760.0,63322794.666666664,16823910.4,39353275.733333334,42907374.93333333,23231692.8,187985920.0,40648840.53333333,10033152.0,51466240.0,3080192.0,9543406.933333334,41.29716666666666,73.14206666666668,1.8248666666666666,207.1593,2.0550333333333333,37.612700000000004,2.1352333333333333,421.5568333333333,59.07033333333333,19.164499999999997,0.017851321045793848,0.04972835417854955,0.18025500696321972,0.031336288364588606,0.004600000000000001,0.8729053619814608,0.010080489959213366,0.03689366558744604,0.06319435945276353,0.01047016769499532,0.0
1685303850,2.6708244025819807,7.040903007351958,93.03321511450604,17.100051985820606,0.8204084856560458,18.244720074451553,14.350747427905047,1.184991849767413,11.70914502167635,11.407267536769423,0.3391151754661747,0.968327415715088,101740544.0,63373721.6,16854630.4,39584972.8,42906419.2,24456942.933333334,187985920.0,40645427.2,9950003.2,51466240.0,3031449.6,9541222.4,38.06666666666667,66.0,2.933333333333333,203.2,2.6,33.13333333333333,2.3333333333333335,387.8,50.333333333333336,19.4664,0.05898145100224113,0.12325245623157058,0.4674318319439638,0.1552965571158043,0.004600000000000001,3.174025346696866,0.029109078353563644,0.15869742632064293,0.2066027453687847,0.03561660343931883,0.0
1685303880,3.2048395938251772,6.91946621954058,98.32869542254213,18.968934627602792,0.7736781898033545,18.3035378609972,16.653108010529593,1.525416717964103,11.330940870670672,12.130940790588204,0.2629311349856306,0.8260752922038144,101752832.0,63356381.86666667,16896819.2,39653102.93333333,42905600.0,24920746.666666668,187989606.4,41113190.4,9896072.533333333,51611238.4,3021346.1333333333,9642666.666666666,39.86666666666667,60.8,1.8666666666666667,199.6,2.533333333333333,36.2,2.066666666666667,373.3333333333333,49.0,18.466666666666665,0.07787665169447434,0.17704459156314944,0.502772630837147,0.21187510026741466,0.004600000000000001,4.293125556126696,0.040808080808080814,0.20338653944146087,0.2313992862963013,0.04616537659419137,0.0
1685303910,2.6944210482948137,6.48898964887843,99.42115711816099,18.579799168428863,0.8177808736362701,18.31280058882655,18.24062912724229,1.4256839787371793,11.904522757547568,12.25462439559183,0.2757392558261961,0.9151613979422298,101752832.0,63368806.4,16773529.6,39533909.333333336,42907784.53333333,25236002.133333333,188008174.93333334,40755200.0,9996697.6,51466240.0,3033634.1333333333,9566617.6,37.534099999999995,65.6,3.6,222.86833333333334,3.2,34.266666666666666,3.932666666666667,349.7663,45.966300000000004,22.3976,0.08283023664997462,0.1753765685213646,0.5751875000000002,0.2154209976533062,0.004600000000000001,4.361336584279428,0.0434271978021978,0.2046668283862367,0.2295757569832052,0.044453164669105066,0.0
1685303940,2.736316523572928,6.656143294865867,98.7978288246503,19.02202393185735,0.8732416641910724,18.07158563362339,17.203988495685685,2.2650865741044215,11.138136519071997,12.924324343131833,0.2549438569000318,0.9047891303510245,101752832.0,63431748.266666666,16804932.266666666,39318323.2,42905600.0,25597815.466666665,188027289.6,35850376.53333333,9786026.666666666,51466240.0,3108864.0,9613312.0,38.6,59.93333333333333,2.0,203.73333333333332,1.8666666666666667,34.46666666666667,1.9333333333333333,337.6666666666667,43.266666666666666,18.666666666666668,0.08548080132505381,0.1743159326553568,0.7454763176638176,0.2130910481663154,0.004600000000000001,4.427138085144841,0.041007714507714524,0.20766111710850804,0.23090124594528583,0.04412516037159526,0.0
1685303970,3.0711929745949953,5.8854800895378485,97.6393424086802,17.46560682846693,0.8207861843153382,18.196464429740917,15.982532918677395,1.83833367101245,10.896222160132016,12.531226887086007,0.2544347038128241,0.9169039635030098,101860693.33333333,63266269.86666667,16905966.933333334,39559441.06666667,42905600.0,24988876.8,188032750.93333334,36150476.8,9767321.6,51466240.0,3020117.3333333335,9669973.333333334,44.2,67.4,2.533333333333333,227.33333333333334,2.7333333333333334,33.733333333333334,2.6666666666666665,401.6666666666667,53.46666666666667,20.066666666666666,0.09040311282853626,0.20340633329382815,0.749102564102564,0.21504302317965784,0.004600000000000001,4.410124638891329,0.031540178571428566,0.20165760992916415,0.23098660998112072,0.04586686086988941,0.0
1685304000,2.662956228162206,5.830185764300846,98.90587092619853,18.097153206549834,0.8424194692810044,18.83463932237828,18.06224346725361,1.470211572085524,11.437579318680035,12.545724167694823,0.2575940064300657,0.8411371802680753,101908480.0,63936648.53333333,16770662.4,39673856.0,42906146.13333333,24907229.866666667,188040396.8,36139554.13333333,9825484.8,51466240.0,3019844.2666666666,9696460.8,37.94063333333334,71.13333333333334,2.6,214.6436,2.466666666666667,33.13333333333333,2.2666666666666666,361.9583333333333,43.825,20.933333333333334,0.09299934557115752,0.2257812285129865,0.8315833333333332,0.2029372949060744,0.004600000000000001,4.032157832350901,0.032927083333333336,0.18929245537252912,0.23349288661341028,0.04730061160732479,0.0
1685304030,2.847584981486326,6.582305322924187,97.11840112612119,18.028412577297466,0.8236678069803668,17.549160676447276,17.286957218080243,1.2776730784881247,11.105172106536036,12.246140214444127,0.3011385416393981,0.9985226786252753,101908480.0,65049122.13333333,16962355.2,39192439.46666667,42908603.733333334,23441271.466666665,188051182.93333334,36092040.53333333,10011306.666666666,51466240.0,3068177.066666667,9606212.266666668,54.93333333333333,89.46666666666667,3.3333333333333335,282.8777666666667,3.6752333333333334,48.9674,3.6,500.93333333333334,65.0,26.666666666666668,0.08193341385900436,0.19492798685363943,0.6510557239057237,0.1782679450764772,0.004600000000000001,3.717376506597823,0.03028482190324296,0.18666753515022444,0.22448324421521615,0.045884934653214034,0.0
1685304060,2.3609593275770027,7.5756574442980655,96.53174945062993,12.753297361326112,0.9295038531246154,18.17603135035697,12.212279315935792,0.7282520026535516,11.09498232472133,8.951854954487144,0.468158592128178,1.2695422672041716,101762252.8,65116023.46666667,16904055.466666665,39826636.8,42907511.46666667,22617019.733333334,188055552.0,36110609.06666667,10068377.6,51466240.0,3109956.2666666666,9537945.6,60.53333333333333,101.86666666666666,4.866666666666666,327.8666666666667,4.133333333333334,51.2,4.133333333333334,566.0666666666667,73.4,29.866666666666667,0.044237987190163454,0.09807124352912015,0.3052941618566619,0.09973191221528538,0.004600000000000001,2.6068713221735327,0.013584185826097599,0.11817170947159,0.15335344308868765,0.028302307879041158,0.0
1685304090,1.687200206623558,7.103438344331782,96.08362979214277,8.79062476470984,0.8897622638242573,18.14807942728481,7.990464121621769,0.4504869087170933,9.948550835268067,6.410829015277742,0.5386662518990668,1.3210823829171254,101664631.46666667,65040657.06666667,16871424.0,39790182.4,42907238.4,22434065.066666666,188055552.0,35801361.06666667,10270037.333333334,51466240.0,3011788.8,9613858.133333333,63.93333333333333,99.0,3.7333333333333334,325.53333333333336,3.4,50.733333333333334,3.466666666666667,572.6,76.53333333333333,28.4,0.005370497304756863,0.009467142357159767,0.06410607431783903,0.007027383007605303,0.004600000000000001,0.3409972955543188,0.004666686504485159,0.006982493006406082,0.013023365712315497,0.004984907070170738,0.0
1685304120,1.76310631989212,5.849299696021523,100.0081166272037,9.593285990130108,0.8954023675838824,17.946198975446514,9.45301685027738,0.7012167117830296,9.710337002335526,7.435347464134159,0.47461078632848464,1.2422387586543246,101665996.8,65002154.666666664,16860774.4,40687752.53333333,42907511.46666667,23772501.333333332,188058146.13333333,35730090.666666664,9866171.733333332,51473339.733333334,3018478.933333333,9619865.6,42.2,69.33333333333333,2.6,204.73333333333332,2.6666666666666665,33.46666666666667,2.6666666666666665,422.3083666666667,55.262166666666666,20.0,0.014221723812386946,0.048448972583409154,0.20196178451178445,0.031029710709117603,0.004600000000000001,0.8925376112489674,0.009283296248771134,0.03507881793593879,0.05387456025922515,0.009878198576629414,0.0
1685304150,2.321033687666449,6.46898348839714,97.8780036210664,16.00626286565332,0.8463889965568768,18.64132223052231,15.598609909561514,1.1770066220213926,10.200208345822949,11.80264526363081,0.327642318365141,1.0075487451666822,101793792.0,65035059.2,16776669.866666667,39562171.733333334,42908330.666666664,24892211.2,188059648.0,35679846.4,9742745.6,51466786.13333333,3023121.066666667,9605120.0,40.4,66.39283333333334,2.4,226.13333333333333,2.6,35.0,2.1333333333333333,365.2,48.8,21.266666666666666,0.06392176981551563,0.1328845155891449,0.4658914621817848,0.149962200423235,0.004600000000000001,3.180210982891332,0.026697850241545897,0.1613168017012903,0.19831946643117118,0.03696316843572371,0.0
1685304180,2.631227489057179,5.7798972787488765,98.93286033425194,20.080876093856578,0.8481477260939073,17.800856641984506,18.468987570608746,1.1896257444328369,10.569611721198465,13.514076978761995,0.2571083161813181,0.8875707193911594,101799799.46666667,67094254.93333333,16769706.666666666,39324057.6,42905600.0,25125819.733333334,188059648.0,35821158.4,10329838.933333334,51468561.06666667,3149824.0,9619046.4,44.53333333333333,66.20776666666667,2.3442,206.55503333333334,1.9333333333333333,31.434833333333334,2.0,365.71473333333336,47.14476666666667,17.933333333333334,0.09202727704539547,0.20030254121373833,0.6857946057210762,0.20811473753932713,0.004600000000000001,4.155201221947749,0.040436854811854814,0.2042008650961342,0.23861824629530964,0.0479223434187473,0.0
1685304210,2.620181338718744,5.776060874955895,97.31794321014908,21.155932163196244,0.8136556635509056,18.05441512621115,17.77236099987362,1.3959585101886682,11.673925300136027,12.847751657744977,0.2509574139004505,0.8996711767122146,101843490.13333334,64991232.0,17010278.4,39124036.266666666,42907511.46666667,26056840.533333335,188059921.06666666,36046438.4,10121762.133333333,51468151.46666667,3026944.0,9528524.8,38.93333333333333,62.19006666666667,1.8,194.2,2.466666666666667,33.4,2.2,374.73333333333335,45.8,18.4,0.09172022198058276,0.22335889425399577,0.8377005748880748,0.21213602901155953,0.004600000000000001,4.286606368998919,0.04290801790801791,0.2067500738881746,0.24329491644997014,0.048159050844236544,0.0
1685304240,2.916100475099825,5.330692885741795,100.01215348069204,18.38017072460992,0.7692542792625509,17.932176357391555,16.827494658639203,1.9496955281649742,10.1308581518016,12.459810954547132,0.24568775995299602,0.8743831411165325,101847040.0,64961604.266666666,16788548.266666666,39206912.0,42907374.93333333,25502105.6,188063744.0,35950592.0,9848149.333333334,51466240.0,3044147.2,9625873.066666666,45.86666666666667,65.94096666666667,1.4666666666666666,191.9075,1.9333333333333333,31.666666666666668,1.8,405.8517,54.53333333333333,18.266666666666666,0.08778460155586644,0.2654307389119855,0.8345749158249158,0.20859830930391426,0.004600000000000001,4.364934330338572,0.041191468253968265,0.2037562825983384,0.2387043040125349,0.04856673554686643,0.0
1685304270,2.731640938696776,5.6512715201480495,99.47511280656798,16.645570154038875,0.778028758194514,17.214422592084365,16.93333804944523,1.7851953384064532,11.094131263110608,12.910766483599646,0.24017271395031703,0.8677954601176155,101799526.4,64921600.0,16719189.333333334,40761617.06666667,42905600.0,24979182.933333334,188099788.8,35643392.0,9982634.666666666,51871880.53333333,3052612.2666666666,9749299.2,35.2,71.53333333333333,3.066666666666667,208.0592,2.6,36.06666666666667,2.8,350.1333333333333,47.333333333333336,19.6699,0.08537672074860869,0.44355129420784006,0.7483501683501683,0.20111182673075173,0.004600000000000001,4.266384450319458,0.02931991421568627,0.19390021225329032,0.2421959256646647,0.04781524033713711,0.0
1685304300,2.912880908188769,5.98478573607663,94.71586251956565,18.204253939126275,0.8485104587136458,17.814249542808646,18.507797471656822,1.4646663721667599,12.09961217204766,12.700070135409126,0.23937552512303478,0.8564374792833287,101843763.2,64921600.0,16933819.733333334,39411848.53333333,42905600.0,24688230.4,188150579.2,35751526.4,10725512.533333333,51466240.0,3041006.933333333,9643485.866666667,37.46666666666667,68.33333333333333,2.533333333333333,221.33333333333334,2.933333333333333,34.733333333333334,2.466666666666667,386.53013333333337,51.39706666666667,18.933333333333334,0.08388700268546612,0.47170679280062766,0.723145202020202,0.1956275495510999,0.004600000000000001,4.00888692396212,0.025072569810069816,0.19385572552106028,0.2403383089987428,0.04733558843709033,0.0
1685304330,2.499165368759253,5.746502515699231,98.26249731647451,18.01076210709432,0.8588420865281937,18.63561721808656,17.821121787361065,1.4444581092095299,10.87897064668289,12.218816684522958,0.2666135085042119,0.959069914317019,101837619.2,64947677.86666667,16780765.866666667,39379763.2,42905600.0,24624878.933333334,188178978.13333333,35775283.2,9714483.2,51466240.0,3148185.6,9871633.066666666,50.46666666666667,84.26666666666667,4.066666666666666,283.46666666666664,3.533333333333333,50.6,3.0,492.6,64.86666666666666,27.2,0.0861476999068966,0.35040006812798874,0.7141161616161619,0.19316445720205203,0.004600000000000001,4.015764446761477,0.033914667508417526,0.19870688199814213,0.23790733606835088,0.04632725194968388,0.0
1685304360,1.7459671682303388,5.194671031189406,100.00977808475267,11.750528056980007,0.9405478582001817,17.72687155782801,11.458648425566071,1.0046368917780313,9.88393762825915,8.88945298876894,0.4212016921846188,1.2001331035566223,101797888.0,64972117.333333336,16791552.0,39883025.06666667,42906419.2,22632857.6,188190720.0,35877273.6,9844736.0,51466240.0,3065173.3333333335,9532347.733333332,59.2,94.33333333333333,3.4,285.4389,3.533333333333333,49.666666666666664,3.2666666666666666,535.9734666666667,69.73333333333333,26.4,0.05879443818409471,0.2172673977158302,0.483985999407399,0.12084247423372216,0.004600000000000001,2.9956161727763972,0.025873653198653195,0.12772224679057445,0.1940458959726276,0.02747830795059678,0.0
1685304390,1.5185927904602596,5.360921360239066,99.99991509806833,7.802158373359716,0.9442552634875656,18.161058482831095,7.880102728735196,0.43261164953805736,9.779923684383721,6.341941519354084,0.5134753997526197,1.3321679560752684,101798980.26666667,64970752.0,16753868.8,39191347.2,42907648.0,22479667.2,188190720.0,35740876.8,9741107.2,51469380.266666666,3084151.466666667,9550233.6,57.195233333333334,97.99323333333334,3.3996,318.1705666666667,3.066666666666667,50.40886666666667,3.4002666666666665,546.9689999999999,72.12816666666666,29.531333333333336,0.005136218361244719,0.03519828326847933,0.11823175014050244,0.006752392610794672,0.004600000000000001,0.42504587701685265,0.004996228434097987,0.0058865850661887304,0.017731645876202472,0.0050288660774049174,0.0
1685304420,1.8155935554688747,5.69124916829075,97.76687547296368,9.192011989672176,0.8886851860925515,18.048968762422522,9.701260857688384,0.6481868670202833,10.453586853713889,7.42440173392314,0.46284805840325216,1.2376767960881492,101729211.73333333,65039018.666666664,16866645.333333332,39643136.0,42909422.93333333,23617809.066666666,188192221.86666667,35761766.4,9711342.933333334,51469107.2,3021073.066666667,9790805.333333334,44.01586666666667,70.53333333333333,2.0,235.14566666666667,1.4666666666666666,34.93333333333333,1.5333333333333334,365.18289999999996,51.3829,18.8,0.017281685269147442,0.05067303187058812,0.10189581940191693,0.03257715388511905,0.004600000000000001,0.8426498432544809,0.00583860378683521,0.031868422271624945,0.05430187117234516,0.01010644367395112,0.0
1685304450,2.270821508639614,5.518538625034904,99.54282458960076,15.393885969394507,0.756319547389951,17.700571787646076,15.097315017464995,1.1694112849348348,11.77138257684596,10.532869997418869,0.3114450358166329,0.9519812362715783,101829017.6,64960102.4,16849851.733333334,39512200.53333333,42905600.0,25034478.933333334,188201369.6,35855428.266666666,10023458.133333333,51466240.0,3071863.466666667,9722265.6,38.197300000000006,52.8561,1.4,198.15050000000002,1.8666666666666667,35.86666666666667,2.066666666666667,342.0227666666667,43.322766666666666,19.1328,0.06934273501298385,0.1933665255836779,0.7287367724867726,0.13073878876678052,0.004600000000000001,2.9115907938090215,0.05110714285714284,0.1282284142748536,0.20215515370832507,0.03975165483330416,0.0
1685304480,2.5447863831818305,6.445459776861583,94.7894530086883,18.418163604514618,0.8367110295098978,18.00454850571032,17.86303657892688,1.4051356401453137,10.73709559665617,12.106514401707976,0.23910243588784816,0.9038398162957122,101858235.73333333,64937984.0,16753459.2,39454310.4,42905600.0,25277917.866666667,188203008.0,35867033.6,9934848.0,51466240.0,3107498.6666666665,9668061.866666667,35.7369,65.8614,3.4,209.8331,3.1333333333333333,36.2,2.933333333333333,376.0149,50.80563333333334,20.528166666666667,0.08782261942022752,0.22803484388594614,0.8503863543863545,0.20108233598606615,0.004600000000000001,4.194201442715824,0.06499999999999999,0.20572425220280183,0.237155390504361,0.05256181927444489,0.0
1685304510,2.9256227558887136,6.031947223716003,97.70456823746802,19.245011105112614,0.8359585851253046,17.977546360432726,17.165701663792802,1.2546365659049583,10.610007692584702,12.618106721570767,0.25905122381182183,0.9182379407732157,101935786.66666667,64947814.4,17090560.0,39429597.86666667,42906419.2,25667584.0,188232499.2,36104328.53333333,9904674.133333333,51817813.333333336,3014656.0,9598020.266666668,31.726,64.8466,2.6666666666666665,222.06803333333335,2.1333333333333333,37.02036666666667,2.2666666666666666,342.67493333333334,45.898900000000005,18.9016,0.08938612255225103,0.2426625822358071,0.8465210140736457,0.20955683149416562,0.004600000000000001,4.366137380981081,0.045230838907469345,0.2150333741162459,0.24103183411520182,0.04743090877756647,0.0
1685304540,2.6622868541538764,5.773430106484623,97.0035037973238,18.29080898149298,0.8071820813661901,17.746678656848168,17.435882513727655,1.2262258842006335,11.158584891323304,12.041699533184913,0.2545316917673887,0.8264364129042593,102065629.86666666,64944264.53333333,16701576.533333333,39572957.86666667,42908194.13333333,25220710.4,188293120.0,35672337.06666667,9804185.6,52187955.2,3015202.1333333333,9800089.6,38.86666666666667,64.06666666666666,2.6666666666666665,208.93333333333334,2.533333333333333,32.6,2.6666666666666665,372.93333333333334,44.06666666666667,21.933733333333333,0.08862038096482258,0.31497125655531455,0.8926326328899858,0.20864485114424433,0.004600000000000001,4.3616797779130145,0.0368410409035409,0.21076565917104728,0.24643751895901125,0.04491163026540915,0.0
1685304570,2.6846284278776813,6.341310336054474,99.45954720837676,18.059118919868332,0.8177019208162428,17.881468116951872,17.562124396832022,1.371882153315617,11.517460386865002,12.999681141397797,0.24805325773206885,0.9329003958914789,101999957.33333333,65559756.8,16877568.0,39504554.666666664,42906146.13333333,25035298.133333333,188310323.2,35905536.0,9769369.6,51593216.0,3009740.8,9669973.333333334,36.93333333333333,63.666666666666664,3.6,197.66666666666666,2.8,30.973766666666666,2.8,339.6666666666667,44.666666666666664,22.0,0.08509537622641354,0.2165133685199106,0.8157924714174715,0.2156977647090774,0.004600000000000001,4.416590586099649,0.03788947245564893,0.21353524487682554,0.23737369422111693,0.04494201970142273,0.0
1685304600,3.3977538607208815,6.719674783727104,99.99960355442516,19.22327046541349,0.8481061390440257,18.19138541887208,17.750668672611944,1.6839195270902934,11.844515512062523,11.804054878872828,0.26536089398580526,0.9305274484328004,101863424.0,65077657.6,17002769.066666666,39321600.0,42905600.0,24686592.0,188314965.33333334,36196078.93333333,9900305.066666666,51593216.0,3070088.533333333,9452202.666666666,41.13333333333333,68.33333333333333,3.066666666666667,230.26666666666668,2.8666666666666667,35.13333333333333,2.933333333333333,399.1333333333333,50.46666666666667,19.2695,0.08438641725438914,0.1814284258040636,0.7262675380175382,0.21645741454738626,0.004600000000000001,4.350975711831969,0.03896287056489263,0.21210193792635607,0.2230395449072899,0.045706027571518655,0.0
1685304630,3.5921293593487627,6.4750016511655435,98.99234687675501,18.59233379471629,0.9160566466631203,18.05580958078832,16.837374628071252,1.87026977646023,12.669087897411693,11.546786122068514,0.2774644763426602,0.9474424353619023,101774677.33333333,64969386.666666664,17008776.533333335,39363379.2,42905600.0,24730282.666666668,188320836.26666668,35673702.4,9769779.2,51671313.06666667,3020800.0,9625600.0,56.333333333333336,93.7554,4.0777,282.76643333333334,3.5905666666666667,49.11913333333334,3.7443666666666666,520.7081333333333,70.46666666666667,27.488333333333333,0.08258407971435174,0.19004186777556564,0.6861004273504274,0.20393170472230174,0.004600000000000001,4.066294394349301,0.037817345848595856,0.20333904865645555,0.21778165320264697,0.045033401113534294,0.0
1685304660,2.7636978180662544,6.049386091771438,97.85022880287674,12.168428049809252,0.8760223446267636,18.390337196381232,11.219889869829482,0.9686083647296455,11.370629476626373,9.151987495202945,0.4411958706244927,1.247772535665855,101755699.2,65006114.13333333,16983654.4,41505587.2,42905600.0,22454272.0,188321792.0,36002474.666666664,9921058.133333333,51593216.0,3097804.8,9722675.2,58.0,97.33333333333333,3.066666666666667,315.4,3.066666666666667,53.86666666666667,3.066133333333333,556.9333333333333,71.8,29.266666666666666,0.054288550957288496,0.10941530946843832,0.4473852513227514,0.12343017152083326,0.004600000000000001,2.795407132895827,0.025525631313131316,0.13730366794819343,0.15172449070934776,0.028028053235032765,0.0
1685304690,1.691202612829232,6.102224579633942,99.36094742095591,8.283244939375875,0.8955896485948148,18.95758083378916,7.762711060581744,0.4243535348819707,10.290063506108334,6.442361100419287,0.5385737599117454,1.3613908497236091,101652480.0,64962013.86666667,16697617.066666666,40288802.13333333,42906419.2,22610739.2,188321792.0,35820612.266666666,10058547.2,51593216.0,3113506.1333333333,9789986.133333333,58.6,98.2,4.266666666666667,294.86943333333335,4.4676,55.090900000000005,4.466666666666667,549.5333333333333,72.53333333333333,31.733333333333334,0.006310177847494087,0.011079265965091059,0.07242075163398692,0.007489515241641458,0.004600000000000001,0.3505981810790328,0.0047107215116195915,0.007932814557122919,0.012548259110685732,0.004982795946920247,0.0
1685304720,1.7679249734516391,5.515307364726553,97.77077772628513,9.821197167864003,0.910268273937222,18.057078065585326,9.409963750113105,0.5546664302118092,10.379872919790333,7.3795786149218054,0.47895408422707675,1.3013715965418926,101740544.0,64914773.333333336,16776396.8,38905309.86666667,42909696.0,23755707.733333334,188323976.53333333,35802453.333333336,10721143.466666667,51593216.0,3070634.6666666665,9583411.2,44.2,79.93333333333334,3.0,220.13333333333333,2.466666666666667,33.93333333333333,2.8,407.53333333333336,54.4,21.666666666666668,0.020954916106621486,0.04207500336544623,0.13729921385803742,0.04002364758904615,0.004600000000000001,0.929164044235484,0.0065767892178989484,0.033627253631754055,0.05249223639068141,0.011278498797911865,0.0
1685304750,2.607405492898187,5.938704648596524,95.73938635128245,14.988595634848553,0.8689481666882888,18.312604261585243,14.79116296729674,1.4809601374525871,10.653836777776544,11.403668747674315,0.32894518878051304,1.0301669370536815,102204484.26666667,64947950.93333333,16978602.666666668,39419494.4,42908194.13333333,25114624.0,188406715.73333332,35611852.8,10194944.0,52191232.0,3015202.1333333333,9639116.8,33.84186666666667,66.0217,3.877533333333333,199.15970000000002,3.6,40.9075,4.133333333333334,363.5286666666667,50.6434,23.2217,0.07646711363733835,0.18599314309624054,0.5401304542366532,0.1683694229054255,0.004600000000000001,3.6793350504438136,0.024922447089947102,0.16483290601841533,0.217385071319087,0.03913886015528065,0.0
1685304780,3.114688199100322,5.738624913791323,97.85263177839688,18.88884817037514,0.8529164453553945,18.03509534195769,19.140748099466858,2.0687074459357344,12.110936671988497,12.98012887885691,0.25796907159800564,0.9255548622713196,102227558.4,64938120.53333333,16766156.8,39738572.8,42912563.2,25518080.0,188437981.86666667,35969843.2,9993830.4,51943014.4,3038139.7333333334,9719398.4,36.46666666666667,68.66666666666667,2.6666666666666665,211.13333333333333,2.1333333333333333,35.93333333333333,2.066666666666667,382.6666666666667,49.2,18.4,0.08754508856626911,0.27457990323313614,0.9287027417027419,0.21414409989258879,0.004600000000000001,4.302972416283356,0.03621675084175085,0.2071721821898002,0.2380695847185766,0.0479307600158366,0.0
1685304810,3.0609401126571516,5.144421847683857,98.40627274659205,20.111200232160474,0.7980012741186988,17.73534581365061,19.43439492614227,1.810949244333261,12.922813957926513,13.038904755396898,0.2428942074236368,0.8809903544410338,101965824.0,64937164.8,16790596.266666666,39088947.2,42905600.0,24885111.466666665,188440576.0,35896797.86666667,9632699.733333332,51593216.0,3152281.6,9657275.733333332,41.333333333333336,66.2,2.2,211.3795,1.9333333333333333,34.86666666666667,2.1333333333333333,388.4387666666667,52.2465,19.4,0.08104066162849168,0.2296844214479693,0.7706868686868688,0.21412680061928896,0.004600000000000001,4.219376532159367,0.02963376322751323,0.20344550266034858,0.23136214029875127,0.04756894158008745,0.0
1685304840,3.0518583003817024,5.335749318907662,99.55156341451035,18.281337115384535,0.7829298820166102,17.79898255021139,19.08695695813805,1.5174567413197562,12.886964866084167,13.423084707179362,0.2618391386673876,0.9300745105033441,101944524.8,65003793.06666667,16693248.0,39137826.13333333,42906419.2,24546918.4,188440576.0,35894886.4,9836544.0,51860821.333333336,3055616.0,9594333.866666667,38.6,69.26666666666667,2.1333333333333333,216.26666666666668,2.1333333333333333,32.86666666666667,1.7333333333333334,370.73333333333335,49.0,19.066666666666666,0.07940393375831634,0.19951963955183913,0.6837394781144781,0.20181465088921174,0.004600000000000001,4.024014579314976,0.034944444444444445,0.19903570332103945,0.22827747187295705,0.047011073090814405,0.0
1685304870,3.06509825318809,6.320704301076126,97.78961796356205,17.801162957753416,0.7828849081789553,18.345903428635374,17.5786731748771,1.2463279848026727,13.66495952247197,13.478869845784768,0.258673605871823,0.8970938015461318,101953399.46666667,65008981.333333336,16955118.933333334,39093179.733333334,42909422.93333333,24888115.2,188442897.06666666,35648170.666666664,9818112.0,51646737.06666667,3015338.6666666665,9606212.266666668,47.46666666666667,73.26666666666667,2.6,203.93333333333334,2.3333333333333335,34.333333333333336,2.2666666666666666,410.8,55.6,20.2,0.0810209749066893,0.1768527646353255,0.5928923668923669,0.19658680432294945,0.004600000000000001,3.8637402882224468,0.04143126780626781,0.19940774222659693,0.22474881813377426,0.04658364272953081,0.0
1685304900,3.178749931058052,6.778620076812276,99.30821483371382,17.391316875748306,0.8319302382624981,18.486651820332078,16.99399139823108,1.790508593596457,12.46015024950981,13.563919646463903,0.2587653958366229,0.9049916569487434,102070272.0,65023590.4,16857770.666666668,39134549.333333336,42905600.0,25621162.666666668,188444672.0,35704285.86666667,9868356.266666668,51593216.0,3018752.0,9481693.866666667,36.8,57.86666666666667,2.0,192.2,2.7333333333333334,33.66846666666667,2.6666666666666665,342.96756666666664,46.53333333333333,21.0,0.08661026535106743,0.1830000934421477,0.6032965506715506,0.20228817135008176,0.004600000000000001,4.095627251940598,0.04369149831649832,0.20335908245059356,0.22684474282247502,0.048131380411269346,0.0
1685304930,2.7314152762879327,5.501515832082702,99.41204108496616,17.656698159769235,0.8389555635481936,18.586915642999802,16.12157788044477,1.7141958185817334,11.074639428274413,13.59802365797546,0.2674286291282592,0.9725000036677602,102123656.53333333,64957644.8,17013555.2,39257565.86666667,42905600.0,23529335.466666665,188444672.0,36271854.93333333,9928021.333333334,51594717.86666667,3016294.4,9587370.666666666,55.2,91.86666666666666,3.8,288.93333333333334,3.6666666666666665,47.86666666666667,4.066666666666666,515.0666666666667,66.66666666666667,26.8,0.08389206318311591,0.21426198066291774,0.7759701132201134,0.1938069311635004,0.004600000000000001,4.092353723586369,0.03163376885970504,0.19297816825515618,0.2246940465574271,0.04393324501459247,0.0
1685304960,2.22209065030541,5.39516911403882,99.99794955123134,11.314513750927395,0.9488088922784499,17.66120981089151,11.449798870474174,0.8608197729901987,9.867935417073465,9.433027037104171,0.44160521649883405,1.2039641944958137,102082560.0,64954368.0,16964266.666666668,40859784.53333333,42913382.4,22433792.0,188444672.0,36150067.2,10150024.533333333,51594308.266666666,3077461.3333333335,9543133.866666667,57.13333333333333,96.53333333333333,3.533333333333333,308.6666666666667,3.2666666666666666,52.93333333333333,2.8,538.9333333333333,69.06666666666666,27.0,0.04911902288676646,0.17356266481379015,0.5540135532109217,0.10431234897893792,0.004600000000000001,2.6414386996611916,0.017111613024656504,0.10574787110310173,0.15657339460533795,0.022692967296401852,0.0
1685304990,1.6491161087519408,4.935542266913321,100.00563704569097,8.309443905652966,0.8749087812242833,17.118940270152677,7.659414690282562,0.44783117956203955,9.434152959499377,6.722707702814849,0.4803562363838735,1.2465288298104598,101931417.6,61002547.2,16875246.933333334,39300300.8,42907784.53333333,22574694.4,188444672.0,35910997.333333336,10008166.4,51597312.0,3048243.2,9463534.933333334,59.53333333333333,95.4501,4.7917000000000005,304.9668333333333,3.9917000000000002,54.53333333333333,3.7917,560.3251666666667,71.26666666666667,32.11676666666667,0.006652797900886265,0.1086468738669067,0.08463005050505044,0.008093275646695496,0.004600000000000001,0.5135411840748371,0.004657640190354708,0.008127304224727454,0.02008144077618117,0.0047626666706872215,0.0
1685305020,1.6670630709548955,5.338680064944804,97.07300514039008,9.447502265393783,0.8731450713565675,17.637736936475402,9.290501727907609,0.6466741328968904,9.790313600762993,7.173235957144052,0.4737155577149037,1.2576952579193292,101974016.0,55074816.0,16691336.533333333,39871283.2,42906828.8,23661363.2,188454638.93333334,36459042.13333333,9869448.533333333,51593216.0,3011379.2,9652360.533333333,44.06666666666667,68.06666666666666,3.466666666666667,232.33333333333334,2.8,33.333333333333336,2.6666666666666665,374.53333333333336,52.93333333333333,21.8,0.018060092333085087,0.13177557916780816,0.14333320768793315,0.04288034611588541,0.004600000000000001,1.1819285694625796,0.00783639816452897,0.0450487427476664,0.06857437635468745,0.008447439815367212,0.0
1685305050,2.256331324084829,6.315906691201632,99.53535627943634,14.95639505666277,0.8261806234205911,18.17922327644819,15.078282536042904,1.215201270935026,11.243388801818337,10.619813368225495,0.31466225905322015,0.9423228253460231,101955993.6,55198924.8,17060932.266666666,39898862.93333333,42906146.13333333,24988876.8,188492185.6,36332885.333333336,10176512.0,51593216.0,3004825.6,9578222.933333334,39.743633333333335,67.53333333333333,2.6666666666666665,196.63056666666668,2.8666666666666667,39.86666666666667,2.7333333333333334,348.7375,47.84923333333334,18.4,0.06326688939465516,0.15392575430812316,0.4169335953398454,0.17608050909998538,0.004600000000000001,3.7655405704640774,0.02599535256410258,0.1805468250790207,0.1997308557547692,0.033015262837607015,0.0
1685305080,2.9093399859949116,5.8540061352485235,98.8461574030462,18.058563437500954,0.8154357178429568,18.565805474106796,19.789384189570693,1.1965945619688125,11.754076198137222,11.97287888635963,0.24640192906505878,0.8894090344319302,102006374.4,55210120.53333333,16872243.2,39473152.0,42905600.0,24783940.266666666,188591445.33333334,36006707.2,9766092.8,51593216.0,3036774.4,9661781.333333334,36.6,59.46666666666667,2.533333333333333,191.26666666666668,2.3333333333333335,37.06666666666667,2.4,355.6666666666667,48.2,20.333333333333332,0.08914944893311173,0.19706069567264178,0.5141402706430279,0.21476950886986498,0.004600000000000001,4.4227673174986935,0.038464500777000775,0.2155790606309823,0.23519515433773208,0.04718771184779655,0.0
1685305110,2.8760066698880022,5.818972984743274,95.76748644974658,17.61824624090768,0.8769951015202598,18.2686510738829,19.1625844322698,1.2818378093881235,10.801769793381318,11.937878219650923,0.2529809126667044,0.9411086411836794,102149324.8,55077819.733333334,16814353.066666666,39651737.6,42926762.666666664,24899993.6,188608512.0,35983633.06666667,10193578.666666666,51593216.0,3088793.6,9486882.133333333,35.8,60.6,2.466666666666667,201.2,2.7333333333333334,37.4,2.7333333333333334,379.1333333333333,48.53333333333333,20.6,0.09039527115982815,0.23780235285159185,0.6227836099086097,0.21348336581492847,0.004600000000000001,4.456701432186236,0.041543284942182,0.21571551292974736,0.24160070187808766,0.04791974632376898,0.0
1685305140,3.5127714073994856,5.101283338099,97.22515715679904,17.785781073142985,0.7812566988597403,17.96586124643735,18.098242129028215,1.88790753277396,10.442470077245657,12.472588732714586,0.2599807984446637,0.9001430124232664,102014566.4,55064712.53333333,16889309.866666667,39779532.8,42909696.0,25215658.666666668,188667494.4,36488806.4,9943176.533333333,51593216.0,3148185.6,9560337.066666666,36.6177,64.1133,2.066666666666667,196.66446666666667,1.8,34.90486666666666,2.1333333333333333,377.35679999999996,49.66523333333334,19.598833333333335,0.09092820924428698,0.34426880803506577,0.7826641414141414,0.20853940627207018,0.004600000000000001,4.3817191474432375,0.041050245098039215,0.21468172820544837,0.24912915764821544,0.047988001241633896,0.0
1685305170,3.4807503651983476,4.955028366584258,97.80265834946934,18.79811584140642,0.8279292164410819,17.782334121111035,18.354050527014905,1.6127816589055561,10.880980975760984,12.730314126760998,0.24936412274455771,0.9160864949245433,101934694.4,55061845.333333336,16754688.0,39316002.13333333,42910105.6,25582660.266666666,188674048.0,36277589.333333336,10279867.733333332,51593216.0,3056298.6666666665,9572761.6,41.86666666666667,63.06666666666667,2.8666666666666667,202.46666666666667,2.533333333333333,32.86666666666667,2.6666666666666665,375.06666666666666,46.733333333333334,21.066666666666666,0.09290749283721031,0.6381516672263178,1.2039316239316242,0.2035269008841494,0.004600000000000001,4.20048406510216,0.03882488344988345,0.2088981141953496,0.2797233533430618,0.0572361987892962,0.0
1685305200,3.053121186525842,5.103637250766779,97.8176849353662,18.864146663083826,0.8711058598565711,17.803224653106113,18.06134136515963,1.5507715579841002,10.796716821952797,13.339143236287091,0.2492802545601003,0.9155581832591972,102055936.0,55126835.2,16950340.266666666,38999244.8,42934545.06666667,24967441.066666666,188674048.0,36259840.0,10058683.733333332,51810304.0,3037730.1333333333,9685401.6,41.333333333333336,73.13333333333334,3.8,221.42223333333334,3.1333333333333333,36.93333333333333,3.3333333333333335,369.4053,43.07273333333333,22.533333333333335,0.09037394549993889,0.7526784016008318,1.474689393939394,0.20186544374431734,0.004600000000000001,4.162911647168057,0.04146590909090909,0.20116530274238836,0.30960950340497007,0.05872589973723472,0.0
1685305230,3.184568224082662,6.3800050020232595,97.05728245397371,17.256528367884748,0.8706736135474382,18.41258879260328,17.710202503322236,1.7311558014063615,10.27021263774861,13.968854042623668,0.2616354529189458,0.9853827805911644,102072320.0,55254630.4,16867464.533333335,39393280.0,42985881.6,25104384.0,188674048.0,36723916.8,10151936.0,52027392.0,3140812.8,9820296.533333333,54.666666666666664,87.2,2.7333333333333334,282.1333333333333,3.066666666666667,43.6,2.933333333333333,501.3333333333333,65.4,25.466666666666665,0.08126962551896441,0.4269870730427793,1.0012629799394506,0.19912392846165344,0.004600000000000001,4.109941408098638,0.04006535947712419,0.19087612534818987,0.2883285976889273,0.04704527978429188,0.0
1685305260,2.248184298693097,5.885610635432062,96.74659951487966,10.945886653674998,0.8734078497442088,17.87835676961474,10.677970908115107,0.8257773669139259,10.065702770033763,8.77517871073053,0.422456063674705,1.1945546579308401,102081194.66666667,55234560.0,16938325.333333332,39473834.666666664,42940962.13333333,22834380.8,188674048.0,36675310.93333333,9694003.2,51593216.0,3092480.0,9585868.8,62.333333333333336,97.6,2.7333333333333334,321.0,3.1333333333333333,50.800533333333334,3.3333333333333335,576.4,71.93333333333334,29.333333333333332,0.04451299125498254,0.2109681158031479,0.5884541855203621,0.1228265769705824,0.00461297335203366,2.6935250287622017,0.02505208333333335,0.11146426146188923,0.16676659697588414,0.025938509571951353,0.0
1685305290,1.6043657500096453,5.053845900084918,99.44007841171423,7.730912989012494,0.8293651120505877,17.003580460174952,7.747705136878463,0.43830545010008287,9.06001837989918,6.4759555895247365,0.4779294366811145,1.2813893243505485,101578069.33333333,55259682.13333333,16767658.666666666,39694336.0,43055513.6,22297804.8,188674048.0,36307763.2,9806916.266666668,51593216.0,3014792.533333333,9738376.533333333,60.80896666666667,102.0,3.4,333.8487333333333,3.2,53.0,3.1333333333333333,559.9378666666667,73.68693333333334,29.466666666666665,0.006209763076235825,0.136779528985507,0.08370879120879123,0.008368205828017977,0.004637083240765126,0.6064285788319059,0.004755801482557212,0.008823634403348145,0.021704639388159974,0.004933697818401934,0.0
1685305320,1.7306892192161312,5.844570251196796,97.15817411397317,9.180044740304618,0.8875500365785958,18.434636974316756,8.520867989439362,0.5449897741249471,10.152057462051507,6.458405582110284,0.4993566208435698,1.306062695747226,101560320.0,55295044.266666666,17026935.466666665,40123050.666666664,42908603.733333334,22867968.0,188674048.0,36533452.8,9836953.6,51593216.0,3047833.6,9647308.8,45.0,80.73333333333333,2.533333333333333,242.26666666666668,2.7333333333333334,43.13333333333333,2.6,436.8,62.4,21.333333333333332,0.012775603017697885,0.03647029275120513,0.11731709956709963,0.020333015982684197,0.004625335948110624,0.6319589113121878,0.004764758406190387,0.020767358119683398,0.04018059738390546,0.007658664372224454,0.0
1685305350,2.985677590288544,5.635995782457013,99.06720164956758,14.966069098987255,0.8174609113283602,18.376276710007225,13.442067808174105,1.2618904395858892,10.875981872924068,11.535008624859179,0.32427075098459374,1.0114089526084065,101632955.73333333,55213260.8,16878796.8,39274086.4,42905600.0,24723456.0,188680055.46666667,36478429.86666667,9773875.2,51593898.666666664,3063398.4,9670246.4,33.09813333333333,63.86666666666667,1.0,193.60276666666667,1.8,37.13333333333333,1.8,367.82463333333334,50.87966666666667,17.8,0.06663356126550242,0.18929256808616854,0.874652777777778,0.13604060219237293,0.004730931112365894,2.8314307581824596,0.02129253580503581,0.12716145372223647,0.20223856192759598,0.03536083338918088,0.0
1685305380,3.3796326190391976,5.562923517766152,99.47062016475404,18.647601373113538,0.818098081323841,17.702441194268065,17.80980463206391,1.5449377849838533,11.264865554690886,13.228843899372164,0.24544416245011605,0.9165499697917551,101599095.46666667,55201792.0,16968226.133333333,39403520.0,42936729.6,26497160.533333335,188685926.4,36847889.06666667,9881736.533333333,51595400.53333333,3066811.7333333334,9909316.266666668,38.46666666666667,63.733333333333334,2.533333333333333,204.66666666666666,2.466666666666667,37.4,2.6,368.93333333333334,46.93333333333333,20.666666666666668,0.08734749266306849,0.33319970811409155,1.5111111111111108,0.200953574728565,0.004792453897906894,4.071054932788994,0.04499913512413512,0.1948833665227441,0.23724264324665126,0.05337494756711409,0.0
1685305410,3.2652812404520843,6.410462819986972,100.00946398882434,17.685389434259957,0.8119954625284811,18.395326805737586,17.5419307568952,1.7126397752298652,11.098920208572222,12.709144726438325,0.26223597015902983,0.8917551429889142,101640874.66666667,56464998.4,16938325.333333332,39496635.733333334,42905600.0,25397657.6,188719104.0,36657152.0,9665331.2,51593216.0,3012334.933333333,9568256.0,38.06666666666667,65.66666666666667,2.6666666666666665,204.06666666666666,2.2,37.666666666666664,2.066666666666667,369.06666666666666,50.0,20.733333333333334,0.08729413014862616,0.2131888643869109,0.8620717022441161,0.20719308558723587,0.00463,4.260577284196199,0.045178323412698417,0.2068472404015121,0.2275295285471481,0.0607322991373012,0.0
1685305440,3.205434498573639,6.781059658519264,97.38790407277938,18.194267757509422,0.7829119924014293,17.418230031021388,17.11523227579755,1.2388290118931533,11.336506568402267,12.379844773326765,0.2662031731971741,0.9269041116180573,101641011.2,55356074.666666664,17018880.0,39473288.53333333,42905736.53333333,25280238.933333334,188719104.0,36503825.06666667,10145655.466666667,51597312.0,3224371.2,9690589.866666667,40.266666666666666,65.46666666666667,2.8666666666666667,210.65383333333332,2.466666666666667,30.933333333333334,2.533333333333333,374.66276666666664,47.21906666666667,19.2,0.08674301779668364,0.17680303472179942,0.6099305555555556,0.2102212354416362,0.004600000000000001,4.262252550244623,0.0416817256817257,0.2074497975350579,0.2242849151901358,0.059503181900179294,0.0
1685305470,3.085915756227245,5.890379935486788,97.76228884260416,19.060042890601213,0.8067850746955961,17.61791488063469,16.78509032663795,1.7596309170459654,11.674939609431279,12.890012043287438,0.2453835067493936,0.9264363817179492,101493691.73333333,55246028.8,16896819.2,39765469.86666667,42908330.666666664,25072844.8,188721015.46666667,36419447.46666667,9723357.866666667,51599769.6,3044147.2,9899485.866666667,35.13333333333333,67.0,2.933333333333333,181.53333333333333,2.1333333333333333,35.4,2.4,353.46666666666664,51.266666666666666,17.133333333333333,0.08685713465685725,0.3458721983051731,0.790607296269835,0.20911202657471156,0.004600000000000001,4.301708439181018,0.04305060217560217,0.20578347291333962,0.24338590995269746,0.04811384312211485,0.0
1685305500,3.5372349085515014,5.390774894461098,95.7865658062479,18.270466911223618,0.8017342813566533,17.864829293454914,16.389228772829245,1.872104384138568,11.01875638920799,13.298863982539926,0.23451237067369046,0.8981495539283809,101539840.0,55237973.333333336,16879889.066666666,39666756.266666666,42909286.4,25115579.733333334,188725930.66666666,36583287.46666667,10074931.2,51593216.0,3010833.066666667,9835724.8,35.666666666666664,64.53333333333333,3.6,207.33333333333334,3.0,34.53333333333333,3.2,362.26666666666665,46.2,20.8,0.08874891014102664,0.5192199184452199,0.8079770381836947,0.20842330742436949,0.004600000000000001,4.442034495371549,0.035681878306878315,0.21064068374113304,0.2493050973971903,0.047207223015051016,0.0
1685305530,2.852862232865716,6.156529452633484,100.00473441126272,19.295199742882986,0.8568810102089285,17.891860226662384,18.732563445390326,1.8562343581994085,11.462365101077943,13.45286941607346,0.2965687186636162,0.9884478174855177,101490141.86666666,55512541.86666667,17032806.4,39612279.46666667,42905600.0,25114487.466666665,188739584.0,37061836.8,10120123.733333332,51594990.93333333,3034453.3333333335,9733734.4,54.2,90.66666666666667,4.0,287.46666666666664,3.6666666666666665,51.399233333333335,3.466666666666667,512.2,65.86666666666666,28.8068,0.08216380524094198,0.2111698655058538,0.5991281103877043,0.20091185749613993,0.004600000000000001,4.267815236163942,0.02612889924085577,0.1980923136112362,0.2287807247977872,0.04789234647927221,0.0
1685305560,2.066381842440062,6.693658018235331,94.88436139669719,11.512903826768603,0.9431417791225454,18.737976883967864,10.712347954411737,0.7898349362415649,10.139627731730622,9.6905109715255,0.43254551521811657,1.2388684953629128,101415321.6,55354709.333333336,16934912.0,41204394.666666664,42907238.4,22446353.066666666,188739584.0,37020467.2,9979767.466666667,51593625.6,3080192.0,9596928.0,56.2,99.13333333333334,4.4,290.06666666666666,4.133333333333334,52.9931,4.0,546.5333333333333,75.0,29.733333333333334,0.04598806060671555,0.08664273508421824,0.3986967818869701,0.11116555329610506,0.004600000000000001,2.7045030455860846,0.01606467132905794,0.10564067503578474,0.1580458944720703,0.02457807642881582,0.0
1685305590,1.6187787843872574,7.060499474896698,100.00355071435074,8.008716219647173,0.8705042406728982,18.984783165825146,7.816002287360018,0.4594232323343297,10.195014165400035,6.587885938130796,0.5343654518391447,1.3921108798458752,101159731.2,55361262.93333333,16848076.8,40311603.2,42906419.2,22429286.4,188739584.0,36955477.333333336,10043392.0,51595810.13333333,3006873.6,9638161.066666666,62.0,103.53333333333333,3.466666666666667,312.8666666666667,3.8,54.46666666666667,3.6666666666666665,581.0,77.0,31.133333333333333,0.005211296014534601,0.008251490166094562,0.06365982764769774,0.0066912341872125925,0.004600000000000001,0.30057799162374227,0.004685977812742736,0.006284803309144583,0.011938280165374774,0.004845670830889404,0.0
1685305620,1.77454558942781,6.60866547947695,95.83386230916075,9.890111871417414,0.9214635979727626,19.123101533548905,8.929833907747739,0.551471424117139,10.37764071636465,8.10065655896361,0.516904919443278,1.319412322398551,101108121.6,55312520.53333333,16786363.733333334,40000170.666666664,42915566.93333333,23308424.533333335,188739584.0,37267865.6,10098961.066666666,51593216.0,3062579.2,9584093.866666667,38.28693333333333,70.0,1.9333333333333333,200.13056666666668,2.533333333333333,34.5695,2.2,392.70206666666667,50.98996666666667,19.4,0.01566454223733867,0.037619541025769254,0.15842158658335131,0.03072458299475561,0.004600000000000001,0.813735388825123,0.011908880681018717,0.03610183431679262,0.06030217582877254,0.01054113229622605,0.0
1685305650,2.6184241960255767,6.067013410474402,100.00318014156672,14.721746952559329,0.9159280660508329,19.01754694146015,13.213173818490686,1.1811978086276216,11.305456093239114,9.854217164583742,0.38436218587533544,1.1072214869336128,101142528.0,55304192.0,16818176.0,39996074.666666664,43036672.0,25091072.0,188743338.66666666,37244928.0,9782272.0,51660117.333333336,3142997.3333333335,9635498.666666666,39.666666666666664,64.5,3.3333333333333335,210.33333333333334,2.6666666666666665,32.333333333333336,3.0,357.5,51.5,20.0,0.046984376304431336,0.09008924388019973,0.47892071759259264,0.11674936135201013,0.004600000000000001,3.08804071633991,0.037183493589743606,0.1330738202681054,0.18130413959512626,0.031139352102826114,0.0
