time,adservice_cpu,cartservice_cpu,checkoutservice_cpu,currencyservice_cpu,emailservice_cpu,frontend_cpu,main_cpu,paymentservice_cpu,productcatalogservice_cpu,recommendationservice_cpu,redis_cpu,shippingservice_cpu,adservice_mem,cartservice_mem,checkoutservice_mem,currencyservice_mem,emailservice_mem,frontend_mem,main_mem,paymentservice_mem,productcatalogservice_mem,recommendationservice_mem,redis_mem,shippingservice_mem,adservice_load,cartservice_load,checkoutservice_load,currencyservice_load,emailservice_load,frontend_load,paymentservice_load,productcatalogservice_load,recommendationservice_load,shippingservice_load,adservice_latency,cartservice_latency,checkoutservice_latency,currencyservice_latency,emailservice_latency,frontend_latency,paymentservice_latency,productcatalogservice_latency,recommendationservice_latency,shippingservice_latency,frontend_error
1685200590,39.75199487931473,4.959921474972718,1.858949674606684,7.913990686084563,0.992254999526113,17.69705974582061,7.9113339029027685,0.4251785310807504,11.883277013566902,6.709129400200699,0.6381321645893657,1.5685022510215072,94769152.0,53284864.0,11677696.0,39168682.666666664,42024960.0,17368405.333333332,66658304.0,36745216.0,9687040.0,46964736.0,2953216.0,9113600.0,33.355,54.02166666666667,1.3333333333333333,178.172,1.3333333333333333,36.0,2.0,369.53766666666667,51.349333333333334,18.666666666666668,0.004832328106151989,0.022068940493468758,0.04918224299065421,0.004957499056346207,0.0046,0.393760029246577,0.004631890721306014,0.00651315789473684,0.014185365853658519,0.004676858875185218,0.0
1685200620,10.554297460060308,4.999313135409853,1.837661152038168,7.73989377017634,1.0360970953057704,17.440839743121913,7.803286765746949,0.4273311376551957,11.433707149100343,6.679124352721377,0.6068328636421988,1.5061003564964366,94769152.0,53183283.2,11647658.666666666,39331840.0,42030967.46666667,17497019.733333334,66661717.333333336,36796825.6,9516646.4,46964736.0,2982161.066666667,9214498.133333333,60.894,100.23806666666665,3.8988,319.60786666666667,3.5132,51.86423333333333,3.3004000000000002,574.4202666666666,73.85293333333334,29.463466666666665,0.004817768895365546,0.08617613242147178,0.049199442513473364,0.004968148847495419,0.004600000000000001,0.37083274249904563,0.00463378729301627,0.006540128607994109,0.016115615201886476,0.004662088523977523,0.0
1685200650,1.678057400270146,5.5765975547615,1.640355282641387,8.18953952396584,0.9540596668385424,18.278543666365763,7.657648174245079,0.43736249978596153,11.796682823994615,6.803173005526691,0.579909474013258,1.4768301422251335,94771200.0,52613120.0,11421832.533333333,39888622.93333333,42037794.13333333,17834120.533333335,66666086.4,37010227.2,9285495.466666667,46964736.0,3012334.933333333,9245900.8,56.31413333333333,99.47503333333334,3.730033333333333,319.77090000000004,3.2669333333333332,53.00073333333333,3.3986666666666663,544.4911333333333,72.66149999999999,30.325366666666664,0.004729663747380294,0.012173611362444678,0.04968886211223621,0.004826428383554249,0.004600000000000001,0.26989686213618963,0.004647624654628175,0.0053298612676761,0.011250880828663202,0.00463867228130392,0.0
1685200680,1.6986215966401967,6.095129868911687,1.6492713780925883,8.526595980520389,0.9719250795495944,19.283417587010696,7.839671430070596,0.40039549416483183,12.177058828018367,6.479650524539394,0.6408737379899329,1.5579335047131495,94638899.2,52682752.0,11428659.2,40744140.8,42043392.0,17562009.6,66674688.0,37176661.333333336,9373286.4,46967057.06666667,3001412.2666666666,9377792.0,59.26436666666667,98.86840000000001,3.7997333333333336,313.3243,3.2664,52.84693333333333,3.333066666666667,566.6735333333332,71.79663333333333,29.466133333333335,0.004657678449308001,0.004962701630784215,0.04950097873110499,0.004717977371463971,0.004600000000000001,0.22991977286892987,0.004685118444438628,0.004862898541176936,0.009429689993120074,0.0046475500754619686,0.0
1685200710,1.6928582071833322,5.679312594662004,1.8486119238876586,8.154378727114013,0.9709027525708199,19.163430282210296,7.791007900366621,0.44167205166429774,12.205846980929527,6.484935089497425,0.6119702154177641,1.5540119484174342,96218180.26666667,52629777.06666667,11381418.666666666,40079360.0,42051993.6,17386700.8,66674688.0,36966400.0,9576721.066666666,46969378.13333333,3001821.8666666667,9296554.666666666,62.25436666666667,104.04400000000001,4.7988,313.0118333333333,4.6162,55.1202,4.5988,587.976,75.64846666666668,32.39496666666667,0.004623044931763365,0.00495141031258671,0.04920939786094989,0.004695201723448593,0.004600000000000001,0.23083371681084425,0.004664513248088119,0.004881673027712476,0.009475959086416878,0.004657975327331246,0.0
1685200740,1.6538600836905968,6.00860312820293,2.067547824539554,8.384379330377534,0.9943127842154335,19.216629493005637,7.892709243739022,0.45414404657364904,12.245841284588533,6.911491718723609,0.6721854180202528,1.6436328669771767,94461269.33333333,52670737.06666667,11492829.866666667,39836330.666666664,42057728.0,17716838.4,66674688.0,37579298.13333333,9209446.4,46969787.733333334,2991991.466666667,9334510.933333334,58.403,101.25313333333334,3.6670666666666665,334.201,3.6123333333333334,52.47023333333333,3.4677333333333333,557.0994,74.8194,30.074666666666666,0.0046024104211119495,0.004897641412146168,0.04859952951604415,0.00467710662226652,0.004600000000000001,0.2268311458942486,0.004648552762837795,0.004848625921821875,0.00938588365028952,0.004652092343452162,0.0
1685200770,1.7095970025508302,6.411901364079228,1.777804403196129,8.351609552090524,1.0009650496178861,18.802303436317665,7.647645271597856,0.4414550546634546,12.305250300578965,6.5677565832961315,0.6428355670840096,1.643104902624254,94175232.0,52917043.2,11448320.0,41012565.333333336,42064418.13333333,17946487.466666665,66674688.0,37365623.46666667,9445239.466666667,46968832.0,3045102.933333333,9288499.2,59.1642,106.6377,4.6016,333.4897333333333,4.412866666666667,53.51906666666667,4.1352,585.3927,78.17083333333333,30.808600000000002,0.004604367017577775,0.004815508465599175,0.04833137782072286,0.004655665469398693,0.004600000000000001,0.22133210246234963,0.004641865998967986,0.004784492978862016,0.009196928143508774,0.004645502744271482,0.0
1685200800,1.5727539980769436,6.396250723307426,1.7620040517002238,8.277210338994644,0.9710847411729981,18.585349988641223,7.908364423063225,0.4405219802938179,12.572649751318435,6.600756160314778,0.6687796706296582,1.5932210450027275,94290056.53333333,52803993.6,11337728.0,39551658.666666664,42070016.0,18037964.8,66680558.93333333,37617117.86666667,10559488.0,46971562.666666664,3000183.466666667,9273070.933333334,62.326233333333334,103.07393333333333,3.7998666666666665,329.2409,3.5994666666666664,53.87673333333333,3.3329333333333335,586.6618,75.06923333333334,28.865633333333335,0.004609885341024463,0.004848087661756552,0.04834241044576509,0.004670068358217609,0.004600000000000001,0.22402603351273795,0.004667068622791043,0.004802765770554752,0.009274298670612352,0.004640306759455008,0.0
1685200830,1.6532813658593157,6.688226369825719,1.7639158045901504,8.566875559682648,1.0280798785305258,18.656894337021946,7.997351770705112,0.44285763556441576,12.216958760058482,6.515734051957633,0.632148701359075,1.537044559961429,94294016.0,53092215.46666667,11349606.4,39102054.4,42070016.0,17681066.666666668,66691072.0,37931417.6,9251362.133333333,46974429.86666667,3048106.6666666665,9429401.6,62.8472,102.74416666666666,3.3331999999999997,332.1844,3.3410333333333333,52.02963333333333,3.5329333333333333,577.3354666666667,77.37576666666668,28.594933333333334,0.004612584947525114,0.004879183848626106,0.04849035100228251,0.0046995482503994655,0.004600000000000001,0.22705017738841565,0.0046497357988901705,0.004836981537550425,0.009347860548402814,0.004623638368089138,0.0
1685200860,1.6939642575301592,6.8466508601217075,1.8380615319341234,8.237653951825168,1.0325957579415732,19.042137253374896,7.831301362028172,0.422461392573702,12.51258131100294,6.2943250173105065,0.6509893870881598,1.6091180406611632,94413619.2,52726442.666666664,11446818.133333333,39172505.6,42072064.0,17647752.533333335,66695987.2,37681015.46666667,9453568.0,46972928.0,3047014.4,9346935.466666667,55.5368,94.7968,3.0672,287.2126,3.1330666666666667,50.333333333333336,3.3338666666666668,544.7536,71.33193333333334,29.3391,0.004632167921025213,0.004891150649065238,0.04918714366992298,0.004705831433810039,0.004600000000000001,0.22849224219813105,0.004612608557900172,0.004837562914300458,0.009370631724547322,0.004625575057771132,0.0
1685200890,1.6239293168231062,5.662182478133843,1.5258197667356574,7.895687941076553,0.933734814378814,18.43188635625694,7.557698831013643,0.4224917772408705,12.051589050373272,6.521774178217373,0.6171897672938598,1.4842319676004991,94796731.73333333,52674150.4,11328443.733333332,39465779.2,42070425.6,17380420.266666666,66741589.333333336,37654528.0,9643076.266666668,46972928.0,3050154.6666666665,9196885.333333334,57.39046666666666,100.54736666666666,3.8002666666666665,310.4230666666666,3.728666666666667,51.275933333333334,3.8666666666666667,585.4351333333333,76.7317,32.325466666666664,0.004713903391887725,0.005657079599732715,0.04918747578062364,0.004756957214870419,0.004600000000000001,0.23639220292720736,0.004651813521358303,0.004916004035923072,0.009610368903574133,0.00464457806458896,0.0
1685200920,1.5357399907830713,6.271926376076631,1.6860745618464728,8.248485148347838,0.9628649645018581,18.91322882401985,7.686177013931963,0.418932375572589,12.378008458317021,6.587761653665373,0.6428486967565127,1.625015874726273,94883840.0,52729719.46666667,11416780.8,40278152.53333333,42071927.46666667,17815278.933333334,66748006.4,38164070.4,9255867.733333332,46972928.0,3039914.6666666665,9289864.533333333,55.7117,99.72736666666667,3.9317333333333333,309.0832,4.009066666666667,49.96746666666666,4.2003,551.0108,73.87073333333333,31.132133333333336,0.00468926236480168,0.004965881622493825,0.04865996583208833,0.004719125279014537,0.004600000000000001,0.2306856549934702,0.004656349610434477,0.0048851352312077,0.009435981116397268,0.004638189469615178,0.0
1685200950,1.5412744101105582,6.6779103018954995,1.860180929582876,8.15932854734157,1.0193468310491196,19.19498673241428,7.674046314191228,0.45945574933004996,12.251364509628587,6.551239067529451,0.6366991013545193,1.5382413975943667,94344669.86666666,52746649.6,11537339.733333332,39710993.06666667,42070289.06666667,18246587.733333334,66762752.0,38031906.13333333,9281536.0,46972928.0,2960179.2,9317171.2,59.9628,94.26543333333333,3.870433333333333,298.3272666666666,4.070433333333333,52.24616666666667,4.0694,555.8486333333333,70.4014,29.408133333333335,0.00462987862913121,0.004824347308086878,0.048411630754968564,0.0046551319619366005,0.004600000000000001,0.2237643215964323,0.004619149986509583,0.00482274755349355,0.009269722024309899,0.004630700254672732,0.0
1685200980,1.6313457622424647,5.483425205396797,1.6620030318252268,7.905776955965068,1.0163667129669607,17.95433402851453,7.400795591661007,0.39456810726569513,12.083798809225867,6.534017467509376,0.6100220537684062,1.4771406881981828,94682316.8,52667869.86666667,11541026.133333333,39625250.13333333,42071517.86666667,17336320.0,66817774.93333333,38653952.0,9421073.066666666,47030135.46666667,2957858.1333333333,9234841.6,56.2646,101.2608,3.734,321.6478333333333,3.6,50.95066666666666,3.4,557.9420666666666,72.88419999999999,26.737000000000002,0.004731314942892183,0.006032941822355767,0.05136781703365805,0.004718709953783308,0.004600000000000001,0.23862461662090906,0.004618496878013844,0.004974170260970698,0.009765455708939014,0.004652103278429093,0.0
1685201010,1.631525530329927,5.336861660087094,1.6941008693818298,8.307231337958642,0.9692041122437284,18.20497755423021,7.3555114576237814,0.42003930828073943,11.949199609311849,6.363694986747788,0.6176352545651269,1.4851151336744257,94785126.4,52715520.0,11751560.533333333,39199675.733333334,42071654.4,17474901.333333332,66834432.0,38707336.53333333,9521288.533333333,47030272.0,2960042.6666666665,9180228.266666668,59.7308,97.4,2.6666666666666665,303.3209666666667,3.072033333333333,51.51466666666667,3.1333333333333333,549.2352333333333,68.39076666666666,26.7952,0.00471968042369976,0.006677849682783257,0.05271341002187777,0.004742084841041173,0.004600000000000001,0.24067046601598466,0.004635698877721873,0.005032033099548884,0.009752259020064097,0.004663323244126049,0.0
1685201040,1.6195147640304215,6.409303068679895,1.6474406914419424,8.520730062261284,0.9550363625767558,18.96185156550335,7.579145062304105,0.4458283177627527,11.783493500697476,6.439495022466565,0.6405569121587589,1.5769348698715602,94187110.4,52796620.8,11540480.0,39386180.266666666,42072883.2,17733222.4,67988548.26666667,38353169.06666667,9676117.333333334,46977024.0,2956083.2,9185689.6,58.47206666666667,96.21186666666668,2.933466666666667,322.3547,2.866,50.150333333333336,2.9341333333333335,545.0164,72.80433333333333,27.734966666666665,0.004620097681551582,0.004866602099636846,0.04841548443828788,0.004689436600430552,0.004600000000000001,0.22557960710164202,0.004641107144201438,0.004798808325198285,0.00926173591562105,0.004644750652223144,0.0
1685201070,1.6017080941816375,6.488303394022589,1.6365219489669107,8.293048802381128,0.9655656349365794,19.28527175157836,7.489317792785913,0.43680490315063375,11.808095193099309,6.37337805419919,0.6198157861310563,1.52060429017831,93831168.0,52699272.53333333,11450914.133333333,39776938.666666664,42072610.13333333,17342054.4,68169045.33333333,38587050.666666664,9744384.0,46977160.53333333,2958267.7333333334,9256823.466666667,61.204966666666664,103.8652,3.6004,331.4895666666667,3.9343999999999997,52.333333333333336,4.134666666666666,571.3959333333333,74.25736666666667,31.463366666666666,0.004604536619641474,0.004764396582715555,0.04785250839249976,0.00464391493125027,0.004600000000000001,0.21969201950387224,0.004660751289394841,0.0047437508056487115,0.00903408732156165,0.004631417311796151,0.0
1685201100,1.6056650946461815,5.478326355347459,1.7227800207297848,8.502533235159424,0.9932161060188869,19.172575661733116,7.707561990400862,0.4193495611033871,11.844093775665884,6.380227028983305,0.6185120830872861,1.581730253406406,93886873.6,52665821.86666667,11411319.466666667,39166771.2,42070016.0,17485141.333333332,69138158.93333334,38892339.2,9341064.533333333,46981120.0,3064217.6,9247948.8,58.033166666666666,101.7226,3.7316000000000003,310.86446666666666,3.5226333333333333,53.70486666666667,3.8404000000000003,579.8161333333334,76.14626666666666,32.97683333333333,0.004632852690667057,0.0049103056993480805,0.04875296933831563,0.0047076476194504386,0.004600000000000001,0.23001482822307315,0.004643665327709908,0.00485880521153514,0.009405933978073645,0.004648723890682205,0.0
1685201130,1.5406415143927141,5.4341740257406315,1.787116817075875,8.58233766264385,0.9848361978425261,18.16343315539064,7.8079916097417446,0.4347593854258171,11.400950158097865,6.702241216758266,0.636775845850313,1.6134204537111925,93976302.93333334,52667050.666666664,11393433.6,39503462.4,42070152.53333333,17777186.133333333,70873907.2,39215923.2,9479645.866666667,46977160.53333333,2967961.6,9506133.333333334,59.858399999999996,103.3919,3.7988,329.45053333333334,4.066666666666666,53.112033333333336,3.8643,574.8386666666667,75.02813333333333,32.723533333333336,0.004645567768342051,0.00542637176458038,0.04904750543915201,0.004743589650761084,0.004600000000000001,0.2369312328998969,0.004609413919413919,0.004919613500698959,0.00964876448989025,0.0046492256943455445,0.0
1685201160,1.651409013203897,6.36025859476729,1.83649490942353,8.329204515000411,0.9706344081602243,19.35036223480114,7.9576918641687815,0.39642636320576297,12.495270190123657,6.433483424218059,0.6467010670935631,1.6201811315675683,93844275.2,52745830.4,11630592.0,40281838.93333333,42074112.0,17241838.933333334,71054404.26666667,38946952.53333333,9376290.133333333,46977024.0,3092206.933333333,9394585.6,59.34373333333333,103.06843333333333,4.933066666666666,325.2289666666667,4.398933333333333,55.05553333333333,4.131766666666667,563.9668666666668,73.74436666666666,30.6697,0.004621478591264722,0.004900353443150343,0.04817674341450435,0.004681019136303199,0.004600000000000001,0.22805092035969737,0.004600000000000001,0.004831944263557865,0.009391144643950671,0.004627218702188818,0.0
1685201190,1.599147430236323,6.2704960804298535,1.822066902600392,8.786736701338526,0.9727802166525995,19.111579492539388,7.751702363584766,0.4311945280544787,11.9107972752602,6.736244350659678,0.6231315042979879,1.5303009611436802,93869806.93333334,52693538.13333333,11530513.066666666,39140283.733333334,42070971.733333334,17912217.6,71064234.66666667,38996377.6,9629559.466666667,46977024.0,3084151.466666667,9184597.333333334,58.93333333333333,97.14699999999999,3.066666666666667,313.8666666666667,2.866,49.52739999999999,2.933866666666667,553.0046,74.47716666666666,27.0699,0.004645562251286461,0.005073852847990578,0.048428101653051066,0.004721640043034113,0.004600000000000001,0.23033288351589204,0.004600000000000001,0.004891213021072662,0.009439983423634562,0.004631691405790338,0.0
1685201220,1.5880596724167304,5.784621428778269,1.7661434248539396,8.022306321628614,0.9654852998885216,18.561598200350677,7.541730236688722,0.404094404218424,12.537866727803513,6.61593887010476,0.656149912713129,1.5841164922103863,94117888.0,52748970.666666664,11478084.266666668,39364744.53333333,42071517.86666667,17693491.2,71079253.33333333,39269444.266666666,9494664.533333333,46977024.0,3035682.1333333333,9370555.733333332,58.3577,105.99656666666667,4.5342666666666664,314.37423333333334,4.801333333333333,53.0,4.736066666666667,590.8369333333334,76.6076,33.737100000000005,0.004695249182118982,0.006286832305711662,0.048963997192631746,0.004787052322529513,0.004600000000000001,0.23865574805827078,0.004664887776050044,0.0049921847629680015,0.009701424990719245,0.004675886169287122,0.0
1685201250,1.610497273046135,6.881571971280832,2.0034840084020966,8.23141449077669,1.0439347488301294,19.149521996685117,7.666965074309791,0.45831863474266477,12.888029991545347,6.743915560835288,0.6858933008441999,1.6374086406593331,94123622.4,52773000.53333333,11366263.466666667,40007680.0,42071108.266666666,17503163.733333334,71083895.46666667,39405977.6,9616588.8,46979208.53333333,3022848.0,9348300.8,57.70186666666667,101.96556666666667,4.601866666666667,302.41700000000003,4.334133333333333,52.074666666666666,3.9343999999999997,582.8634333333333,75.29220000000001,29.340733333333333,0.0046572455038998315,0.004894387611246162,0.04824018055090753,0.004708908596349345,0.004600000000000001,0.2295189779949219,0.0047114472842673056,0.0048704010300490395,0.009527465892626662,0.004679804839808415,0.0
1685201280,1.6236306047706612,6.934833908262273,1.8947435729469693,8.431068239814222,1.0058101496066523,19.06014782369722,7.814249202485171,0.44518357776178774,12.61339685292081,6.648755700516704,0.6724488033594699,1.6716065848092383,93867212.8,52723302.4,11526144.0,40625220.266666666,42073838.93333333,17597508.266666666,71098914.13333334,39557802.666666664,9749572.266666668,46977024.0,3030493.8666666667,9349256.533333333,60.14546666666667,98.7875,3.5312666666666668,299.4985666666667,3.6611,52.11533333333333,3.3341,561.3924000000001,71.77426666666666,27.390033333333335,0.0046241222987168625,0.004789869934361399,0.048026382088099645,0.004657221943879573,0.004600000000000001,0.22219330012414037,0.004661281873487225,0.004775763781341105,0.009297458743439764,0.004644902499257592,0.0
1685201310,1.6346178926797221,6.5055723352342465,1.654785385031523,8.176897082474161,0.9627401800692027,18.518238167727404,7.613057817761919,0.40268354711866994,12.477602465265853,6.49060731360326,0.6102422600169777,1.4832856376777186,93815057.06666666,52774092.8,11497198.933333334,40384785.06666667,42079027.2,17876582.4,71106969.6,39856810.666666664,9707246.933333334,46977024.0,3035955.2,9445922.133333333,56.39476666666667,94.33173333333333,3.0658666666666665,300.96996666666666,2.9992,50.65343333333333,3.1325333333333334,542.9041333333333,72.43533333333333,28.6182,0.004637428695319732,0.004780797160498059,0.04831534752102738,0.004662434486410054,0.004600000000000001,0.22196780432260116,0.004616638580441957,0.004773978190485159,0.009299720419058246,0.004622755964545383,0.0
1685201340,1.6580404904775714,6.927700257493643,1.7019476390509387,8.149254404804001,1.0324757748182405,19.35876242847652,7.496744581970287,0.4301841073133478,12.40455582523539,6.58978952995451,0.6520615646062571,1.5931387234856313,93329271.46666667,52847411.2,11692441.6,40541798.4,42082440.53333333,17643929.6,71110929.06666666,39844795.733333334,9307750.4,46977024.0,3089749.3333333335,9486336.0,61.819266666666664,101.42093333333334,4.1354999999999995,311.90413333333333,4.1944,53.0,4.400533333333333,570.7341,75.74896666666667,29.340700000000002,0.004620394671556865,0.004754274765759133,0.04838757713189285,0.0046498600035908945,0.004600000000000001,0.2196754958814105,0.004634764509607459,0.004772940504409513,0.009227978956294965,0.0046155880791878936,0.0
1685201370,1.599337187846863,6.546442643888355,1.8361021485481634,8.113461717413873,0.9772864731781091,18.918207588924574,7.785362833645677,0.48821601867335485,12.324119788508803,6.465946960892868,0.6283214941062724,1.5893745005748419,93265920.0,52746922.666666664,11856008.533333333,40603511.46666667,42083669.333333336,17594231.466666665,71116526.93333334,39847662.93333333,9415065.6,46977024.0,2953216.0,9296691.2,59.114066666666666,101.53670000000001,3.5344333333333333,320.00443333333334,2.9952666666666667,53.7148,3.3282000000000003,573.0402333333333,74.2099,29.999066666666668,0.004608560464606897,0.00478752861741386,0.04830168025372835,0.004650570092438476,0.004600000000000001,0.21894764424008573,0.004652231461285439,0.0047828128975030285,0.009180786405001059,0.004632510575126873,0.0
1685201400,1.6854920511880462,6.493219018635615,1.9410271641657144,8.415495891995896,0.9967834991416378,19.55092992905434,7.845435252300512,0.4518342918905989,12.61745651564553,6.403980847406509,0.6771234485108502,1.5200779062148393,93810961.06666666,52751018.666666664,11501431.466666667,40380689.06666667,42084625.06666667,17710284.8,71126766.93333334,39953612.8,9613858.133333333,46977024.0,3042918.4,10177604.266666668,55.4,98.98676666666667,4.466666666666667,309.4,4.3396,49.21006666666666,4.333333333333333,551.3960333333333,72.6627,29.5247,0.004607931898866686,0.004809569121961095,0.048743903609610256,0.004642378152310349,0.004600000000000001,0.2186036885190234,0.0046681066950906335,0.004777397323296501,0.009215505672652474,0.00463274213898059,0.0
1685201430,1.721284885533553,6.168322705892359,1.949418618853098,8.195023411949057,1.041172122529926,17.91529108354176,7.4497945451842424,0.4305492942157291,11.763532009790394,6.793710536233207,0.6361785434895769,1.6035993347610182,94419217.06666666,52711424.0,11511671.466666667,39538414.93333333,42084761.6,17644202.666666668,71183428.26666667,39885892.266666666,9410150.4,46978525.86666667,3029401.6,9273070.933333334,59.68503333333333,98.04416666666665,3.8680000000000003,308.26146666666665,3.6827666666666667,50.9302,3.469333333333333,560.6158666666666,71.65353333333334,27.6647,0.004732099445802671,0.00643462457820859,0.048604397607858146,0.0048018999817645205,0.004600000000000001,0.24264534011799996,0.00466879708300839,0.005203468430640184,0.009963033204566039,0.004650436404481023,0.0
1685201460,1.6470523400721337,5.296245977935878,1.7428682681590701,8.497771514611575,0.9973031578584927,18.38845574601368,8.047008751996321,0.4205289705008034,11.34456989757583,7.245041209050074,0.598127411425471,1.4521383377665298,94766694.4,52717431.46666667,11387699.2,39319142.4,42085034.666666664,17449506.133333333,71225890.13333334,40195549.86666667,9392947.2,46999825.06666667,2995404.8,9256686.933333334,56.449,104.38593333333333,4.138566666666667,320.56260000000003,3.883033333333333,48.96596666666667,3.939,561.7656666666667,75.6396,28.350633333333334,0.0048797306606733395,0.013198380715247421,0.04853062595101707,0.0053374203345704415,0.004600000000000001,0.38474156770092616,0.0046198944469222165,0.007261699655806053,0.016189286694372505,0.00466850959525808,0.0
1685201490,1.6887706735958212,5.7792594089789535,1.7467851992730397,8.605051547490165,0.9875546594402772,18.6965836299819,7.844232952387642,0.4502076892581081,12.25174711558911,6.603429224765374,0.6318838694511829,1.5093046267036,94785536.0,52783923.2,11350425.6,39876061.86666667,42083669.333333336,17755613.866666667,71233536.0,40494967.46666667,9595289.6,46986581.333333336,3044556.8,9311846.4,58.336866666666666,100.20753333333333,3.6661333333333332,310.41356666666667,3.2,53.871566666666666,3.1333333333333333,565.8194,75.0904,29.079,0.004748972113561292,0.007929349415540844,0.048992312250911434,0.004911572216285086,0.004600000000000001,0.274173077998585,0.004601153846153847,0.005594787139335874,0.011483664244690972,0.004631213626613141,0.0
1685201520,1.6392769503192808,6.549164354445411,1.6974538031274915,8.4721798523599,1.0278289669510616,18.62323774448664,7.891834631449472,0.4230508758133088,12.520171444736146,6.571613619814274,0.6650939389901341,1.5691898824108104,94408977.06666666,52821196.8,11514675.2,39642453.333333336,42084488.53333333,17528012.8,71234082.13333334,40483498.666666664,9601024.0,47008290.13333333,3011788.8,9305838.933333334,63.733333333333334,105.9418,3.6666666666666665,338.3333333333333,3.6,56.4,3.7333333333333334,603.8666666666667,75.6,31.066666666666666,0.0046097570802260904,0.0048466536796349675,0.049083853026014555,0.004668950112090927,0.004600000000000001,0.22349449604041982,0.0046347586960462095,0.004831352203729213,0.009265133440425143,0.0046224276485070945,0.0
1685201550,1.6307560523621,5.980878229333697,1.887689039376536,8.37832587637273,0.9610428979633986,19.14135585865066,8.093204962051969,0.44014208967512897,12.09633317887626,6.689390153176083,0.646543763921002,1.5602954040863335,94085666.13333334,52804812.8,11502114.133333333,38883328.0,42082440.53333333,17591773.866666667,71260160.0,40577297.06666667,9621640.533333333,46983168.0,2985710.933333333,9305429.333333334,59.696866666666665,97.86373333333333,3.6697333333333333,322.68469999999996,3.3333333333333335,53.31623333333334,3.3338666666666668,551.7514,72.0545,28.744366666666668,0.004641222973105541,0.0055013610631296905,0.04896915919985402,0.004754553740962645,0.004600000000000001,0.2362217102409753,0.0046310311510519815,0.00493399026571396,0.00956199274148871,0.004646004107592785,0.0
1685201580,1.616034038191003,6.327084779717014,1.7211022411123702,8.221607064612927,0.9830121824600861,18.812169987111133,7.886355564274752,0.4127440327348966,11.849719966409015,6.670465599488707,0.6181689680818836,1.54874878780165,94116249.6,53096857.6,11361348.266666668,39053038.93333333,42083805.86666667,17403630.933333334,71278592.0,40984166.4,9597474.133333333,46977024.0,3070361.6,9302835.2,56.7414,97.79283333333333,3.3333333333333335,313.83163333333334,3.3333333333333335,49.733333333333334,3.2,565.4002666666668,73.65346666666666,27.796833333333332,0.004645206705501206,0.005572831788297473,0.04859801184483369,0.004774613177313088,0.004600000000000001,0.2396382087951522,0.004600000000000001,0.004926902862887734,0.00966726085549414,0.004639945085522058,0.0
1685201610,1.6260842624992768,6.421579668287395,1.7069097016089834,8.253493524152555,0.9185053224208456,18.698897534945,7.6922512441687925,0.48680100708834106,12.131441887296909,6.570463629012837,0.6303136791350283,1.4952534361372365,94371703.46666667,52831846.4,11392887.466666667,39727513.6,42084625.06666667,17283345.066666666,71305898.66666667,36865638.4,9767867.733333332,46978798.93333333,2965504.0,9568529.066666666,54.53333333333333,92.0,4.0,311.1333333333333,3.6,50.420033333333336,3.7333333333333334,557.4,71.86666666666666,29.933333333333334,0.004682108529297274,0.004911070278811042,0.049397399149191494,0.004767929006020095,0.004600000000000001,0.2377274999634468,0.004600000000000001,0.004910195432841622,0.009707137019237843,0.004640185913299978,0.0
1685201640,1.6436593699384345,5.334564035000876,1.9306093243017657,8.356271771307176,1.0150718574944952,17.841567876110318,7.819753615261268,0.5130648278674997,11.973074943153474,6.505246436985972,0.6298157349470911,1.559134015216052,95902515.2,52815462.4,11634551.466666667,39422771.2,42084078.93333333,17497838.933333334,71363788.8,35527611.733333334,9493026.133333333,46977024.0,2967825.066666667,9387622.4,61.733333333333334,108.46666666666667,4.733333333333333,321.3333333333333,5.2,53.86666666666667,5.066666666666666,566.7528333333333,72.75283333333333,32.539,0.00473076088383144,0.008744628414605488,0.05581106000381026,0.004866917346865979,0.004600000000000001,0.29154795309785725,0.004600000000000001,0.005734173369260633,0.011456157008851223,0.004688883317289866,0.0
1685201670,1.9288048922044452,5.137733439104661,1.9009338885310925,8.15098614981929,0.990035468704108,18.293079048849265,7.492069522456975,0.4471573672367253,11.555090769143254,6.364508048997828,0.6025789522972982,1.5173849653187863,95439257.6,52823381.333333336,11437806.933333334,39978871.46666667,42130363.733333334,17569518.933333334,71375394.13333334,35493478.4,9632836.266666668,46977160.53333333,2972057.6,9454933.333333334,59.35033333333333,100.15113333333333,3.4674666666666667,318.33793333333335,3.9391333333333334,53.5164,4.2683,573.5670666666666,74.81376666666667,32.6707,0.004696918675050235,0.028796837987739857,0.051459617357730296,0.004864504770790829,0.004600000000000001,0.32137798673662016,0.004600000000000001,0.006346492179781453,0.012700375283617468,0.00474088530600992,0.0
1685201700,1.6747029261729076,6.245763673066701,1.779779298284816,8.529479183039117,0.9879586110233601,18.864540091385575,7.938342980775967,0.46453733979137674,12.085895473319551,6.789229357379486,0.6472966173854052,1.5859487904673755,94446660.26666667,52860928.0,11645337.6,39894766.93333333,42234675.2,17763532.8,71376896.0,35665510.4,9611946.666666666,46980300.8,3067221.3333333335,9324680.533333333,58.2,99.6896,3.466666666666667,337.0,3.3333333333333335,50.78153333333333,3.466666666666667,551.6,72.8,28.733333333333334,0.00464405265154374,0.005258340377179998,0.0486220337672335,0.004736617105966384,0.004600000000000001,0.23675761300915904,0.004600000000000001,0.005028188988793399,0.00969577683539651,0.004703228562479182,0.0
1685201730,1.604089173168502,6.922464585392399,1.7153612408657608,8.212900539501831,0.9693647488896193,18.853647006783522,7.602546744952965,0.3966070250437905,12.071013399965326,6.406302023204312,0.6255579339151601,1.430115671328899,93982720.0,52945988.266666666,11680972.8,40548761.6,42173098.666666664,17828795.733333334,71376896.0,35534711.46666667,9344477.866666667,46980437.333333336,2963865.6,9531528.533333333,58.628433333333334,98.16603333333335,3.1334666666666666,315.1088,2.933066666666667,50.38746666666667,2.9335999999999998,554.7932333333333,72.24866666666667,26.559033333333332,0.00460206281251156,0.004793193558149741,0.04812939534668821,0.004640583993229652,0.004623440545167993,0.222023279228107,0.004600000000000001,0.004772831810447642,0.00917295780465312,0.00463817957413344,0.0
1685201760,1.6617441071167818,6.360327572469601,1.6872824419599681,8.218709962081373,0.9874867843114556,18.953707793041698,7.747318514185193,0.4180378057209169,12.294727986760138,6.660860319332956,0.6495936752800462,1.580118146890471,94080887.46666667,52886732.8,11510988.8,39945830.4,42173781.333333336,17910715.733333334,71382630.4,35928473.6,9379840.0,46977024.0,3002914.1333333333,9370692.266666668,65.0449,104.23960000000001,3.9983999999999997,304.6155,4.1992,54.160999999999994,3.9317333333333333,568.3628666666666,73.80423333333333,29.0452,0.004635098677320228,0.00480747009532754,0.04894481913397407,0.004675499104828386,0.0046359753249060704,0.22519991219246635,0.004600000000000001,0.004805094759871274,0.009276163137084287,0.0046401428830719176,0.0
1685201790,1.636079434018352,5.706503914828702,1.7624883312857549,7.633671863323885,1.001770149013255,17.560353814106218,7.53190523087331,0.4379469305773471,11.902290788632067,6.481325346117183,0.6047931227922404,1.4767503184080837,94369655.46666667,52846045.86666667,11557683.2,41194973.86666667,42172416.0,18234026.666666668,71393280.0,35916731.733333334,9382434.133333333,46977024.0,2959633.066666667,9391172.266666668,56.6739,90.60803333333334,2.7337333333333333,296.59773333333334,3.2,49.09523333333333,3.1333333333333333,532.3629,71.27436666666667,27.180866666666667,0.00473967885241106,0.0054709737871892405,0.04885810005640749,0.0047717392806027326,0.004610282212234892,0.24315865442141102,0.004629052625652778,0.005044528452878695,0.0096708798503717,0.004639816523532342,0.0
1685201820,1.5347749817208156,4.9406902013314635,1.6305820077722257,7.78179595023041,0.9024095463489938,17.781096982814155,7.474039525422033,0.4005467669759215,11.072991729909036,6.467708414482709,0.5938428302999504,1.4544263712590677,94568448.0,52829252.266666666,11495697.066666666,40109260.8,42175692.8,17599556.266666666,71393280.0,35792486.4,9643076.266666668,46977024.0,2961408.0,9522107.733333332,61.06666666666667,96.86666666666666,2.8,305.2,2.7285,51.13333333333333,2.8666666666666667,547.4172,71.88386666666666,25.339366666666667,0.004794386506226666,0.01675675978650725,0.04826900635693553,0.004866694159185008,0.004600000000000001,0.3339565147294169,0.004637158254673544,0.006288384245243151,0.011475611210422175,0.004645245602699946,0.0
1685201850,1.5577426806245822,4.823110181609382,1.5766178928897085,8.153734473607264,0.9798931845166435,17.95851799943905,7.28388955010438,0.4554140737828015,11.399488828301791,6.37884804089345,0.5780552205177367,1.436325274895171,94707712.0,52830208.0,11479722.666666666,38971118.93333333,42177331.2,17978026.666666668,71421952.0,35566796.8,9513369.6,46979481.6,2961408.0,9462442.666666666,63.11853333333333,105.38416666666667,4.798666666666667,323.8549333333333,4.399733333333333,56.06666666666667,4.332533333333333,592.4446,75.50823333333332,31.057833333333335,0.004771726830989674,0.02599757922389235,0.04849364989011005,0.0049163780785851895,0.004600000000000001,0.3447541479847115,0.004605217391304348,0.006396063001284895,0.012580676355285212,0.004654428006148,0.0
1685201880,1.6167983985859138,5.477845336417391,1.9343539739374125,7.944906885150116,1.0632487082722455,18.25922022347818,7.6439642874271625,0.44366755079478926,11.890743691044085,6.706646570633789,0.6269935376541994,1.5357901356779755,94613230.93333334,52823108.266666666,11650252.8,39371844.266666666,42182792.53333333,17673420.8,71430144.0,35312298.666666664,9774694.4,46977024.0,2963046.4,9372740.266666668,58.4438,102.9121,3.7333333333333334,313.2293,3.8,53.17726666666667,4.0,596.4115,76.86666666666666,32.93333333333333,0.004743349627196946,0.006321418086046058,0.0488350061042098,0.0048325997265669775,0.004600000000000001,0.25213042596007434,0.004600000000000001,0.005160752888320333,0.009874854713423477,0.004645950677255767,0.0
1685201910,1.6248335780347885,6.377484833748801,1.7996758142443856,8.231260790889019,1.001015092316645,19.344741183572605,7.693167095612198,0.38633493027324817,12.422159171355831,6.680697966151857,0.665699019703207,1.6582580119816077,94004019.2,52901614.93333333,11695854.933333334,39384951.46666667,42180608.0,17650483.2,71430144.0,35409920.0,9798314.666666666,46978252.8,2963319.466666667,9375744.0,56.86666666666667,100.8,3.2666666666666666,316.5808666666666,3.8618333333333337,47.666666666666664,4.133333333333334,563.5539333333332,76.55393333333333,31.277066666666666,0.004654513821485146,0.00488953563322928,0.0486088520633045,0.004696141603578601,0.004600000000000001,0.22625570272037324,0.00462040384386491,0.004821269013848671,0.009355500507967213,0.004626015412755088,0.0
1685201940,1.631929920593781,6.926307752840528,1.8973848648255824,8.202291183091416,1.0009046211329866,19.1428178706174,7.784159855011233,0.4297058168101235,12.546385427820463,6.6369310698108555,0.650057470411029,1.6164834707749367,94055628.8,52929740.8,11627451.733333332,40369083.733333334,42181290.666666664,17594914.133333333,71432465.06666666,35469448.53333333,9460121.6,46977570.13333333,3037457.066666667,9367825.066666666,58.59283333333334,101.93173333333334,4.132533333333333,318.1313333333334,4.332533333333333,51.6,4.532533333333333,558.0054333333334,75.13333333333334,31.931733333333334,0.004604480255707733,0.004774454644676661,0.048291016085312784,0.004644303226224047,0.004600000000000001,0.2182432082232209,0.004633090726627967,0.004755281563025924,0.009134986929485599,0.00461190840211073,0.0
1685201970,1.6936590205199846,6.892996049609081,1.8470029556499148,8.179744998734712,0.9887016058783167,19.549875639152088,7.708638532466468,0.4524516686680543,12.4439009952243,6.5584474332697456,0.6393491643956407,1.5498930521581102,94149836.8,52942848.0,11445862.4,40307097.6,42181290.666666664,17541939.2,71437926.4,35566660.266666666,9620684.8,46977433.6,3015884.8,9395404.8,59.13333333333333,99.06666666666666,3.8666666666666667,304.2023,3.1326666666666667,51.453966666666666,3.0,561.069,73.66666666666667,27.933333333333334,0.004609631823920703,0.004748170264794918,0.04834580924621106,0.004635787544025641,0.004600000000000001,0.2187672346266251,0.0046091923191464565,0.0047655011648188835,0.009151275145716271,0.004609419936168989,0.0
1685202000,1.6149131508311554,7.367471625360436,1.6821449371726336,8.107223708598415,1.0236579916170163,19.421901804723934,7.70066992718401,0.4485204784767868,12.28178464845743,6.486807292861433,0.649718725565997,1.5878119478915518,94086348.8,52970427.733333334,11621990.4,38937941.333333336,42180608.0,17517226.666666668,71438336.0,35479415.46666667,9831219.2,46978116.266666666,3015065.6,9619592.533333333,57.81466666666667,100.15473333333333,3.6002666666666667,315.0289666666667,3.4716333333333336,50.57776666666667,3.3316000000000003,558.197,74.41893333333334,29.271,0.004607391153187702,0.004759567881427293,0.04851778533504688,0.004645758125460183,0.004600000000000001,0.22204562909359002,0.004621443016912812,0.004784900413266523,0.009201824655529548,0.0046172350646834495,0.0
1685202030,1.6731902057497878,7.087169037026801,1.6912250864066267,8.455810626165876,0.9473877100542535,19.118279068544464,7.9083930253979124,0.4331524080676632,12.437488277327786,6.735414247717298,0.6381084884032322,1.527686674967667,94008251.73333333,52922368.0,11787878.4,39853670.4,42181700.266666666,17605700.266666666,71439018.66666667,35593284.266666666,9349120.0,46977024.0,3001002.6666666665,9193745.066666666,60.7442,100.99916666666667,3.534,316.23116666666664,3.539266666666667,51.00066666666667,3.5364,568.6832666666667,75.0602,28.333066666666664,0.004603245636895667,0.004756443278487689,0.0483841085184242,0.004650013945096584,0.004600000000000001,0.2238699703210964,0.004634739524728316,0.0047825780135267145,0.00919165585290911,0.004629755102540184,0.0
1685202060,1.7236830983769529,6.403793652512901,1.7615272060801723,8.540876368646675,1.0095710835282294,19.183367072501255,8.232276454002879,0.41924642742984203,12.2746599957539,6.588894507968642,0.6528851307754591,1.5546383403767259,94119936.0,52870758.4,11581849.6,40300680.53333333,42188800.0,17601604.266666666,71449395.2,35719031.46666667,9524019.2,46977024.0,3003733.3333333335,9244672.0,58.541399999999996,93.3517,2.933466666666667,303.54383333333334,2.9949,52.244733333333336,2.6664000000000003,546.3636,70.5919,27.595233333333333,0.0046085926003068415,0.004780843558051167,0.04833608766760296,0.004666244203316837,0.004600000000000001,0.22748662009127252,0.0046104061449722955,0.004805258433468492,0.009220088976305375,0.004630258747374592,0.0
1685202090,1.7739215598207059,6.3698557838381795,1.5797480516380906,8.60633425841063,0.9453340808142924,18.832612963113426,8.141256866388444,0.38956340530445355,11.870799232560802,6.810132042367016,0.603115857118215,1.4836802168114198,94160896.0,52983808.0,11540480.0,40435712.0,42190848.0,17607202.133333333,71459771.73333333,35658956.8,9444010.666666666,46977024.0,2961408.0,9267473.066666666,60.13333333333333,99.6,3.4,300.6,3.2570333333333332,50.8,3.466666666666667,567.8,75.66666666666667,28.466666666666665,0.004614599016567261,0.004834808664440856,0.04853050858494335,0.004688458488204795,0.004600000000000001,0.22906362517654966,0.004600000000000001,0.004822717837221767,0.009317987959164619,0.004629603059546761,0.0
1685202120,1.8056172785988756,6.8439841485742265,1.610850247313862,8.569675782760848,0.9926912828010176,18.933345459106512,8.215346898641974,0.4498430343085544,11.692061206464661,7.036835151776333,0.625956041702255,1.530819773836548,94175368.53333333,52965376.0,11250756.266666668,40166604.8,42190165.333333336,17517090.133333333,71477657.6,35847509.333333336,9505177.6,46977024.0,3026534.4,9423257.6,56.666666666666664,99.33333333333333,3.2666666666666666,333.4,3.0618333333333334,50.6,2.933333333333333,546.6666666666666,74.26666666666667,29.266666666666666,0.004615642493646627,0.004863805910918329,0.04850587303685646,0.004711927715313494,0.004600000000000001,0.22874009658119682,0.004600000000000001,0.004829857052870219,0.009400239126744031,0.004618249411906833,0.0
1685202150,1.6437903696784746,6.129992144662816,1.7314267236877798,8.541542454952834,0.9581967122404632,18.440283356106132,7.770976727997424,0.42074814308343905,11.30123749143212,6.79015884457795,0.5959761720035652,1.4616209952732462,94693922.13333334,52882636.8,11653666.133333333,38911180.8,42259251.2,18176273.066666666,71578419.2,35440230.4,9418615.466666667,46984123.733333334,2965504.0,9557469.866666667,54.06666666666667,86.67429999999999,3.0,283.26666666666665,2.5182,48.06666666666667,2.734266666666667,517.2032333333333,72.14056666666667,26.0008,0.004761911185378686,0.007184858043647402,0.04926366851215731,0.004837517687621971,0.004600000000000001,0.2946011620930129,0.004600000000000001,0.006025587771751778,0.012354690743239036,0.004672653328776106,0.0
1685202180,1.5480519383916649,4.555158315222965,1.7001972906975082,8.115759346111012,0.9939992496151486,16.728474378024767,7.519347586854039,0.41901764336593045,10.786882162517918,6.640875915649742,0.554306542698446,1.5019654452833284,94892032.0,52853964.8,11464430.933333334,38572714.666666664,42249966.93333333,17440221.866666667,71609821.86666666,35306700.8,9477324.8,46978935.46666667,2965504.0,9375744.0,59.86666666666667,98.4,3.466666666666667,320.3333333333333,3.395166666666667,51.6,3.6666666666666665,578.0289333333333,75.4956,29.0902,0.004846722679207501,0.10811965088649503,0.06291044995299751,0.004942486705916267,0.004600000000000001,0.40677991360137283,0.004600000000000001,0.007479427930728177,0.016948314262845487,0.004712121089176052,0.0
1685202210,1.5505709464166617,4.908176223920198,1.7908451017979676,8.349084782866154,0.9998417047953753,18.794756236534713,7.67077787537608,0.4385733304534199,11.512652898033403,6.645177236896078,0.6064054342517959,1.49299614812236,94739114.66666667,52863795.2,11565056.0,39128132.266666666,42191530.666666664,17361578.666666668,71610368.0,35588915.2,9530026.666666666,46977706.666666664,2997043.2,9316761.6,54.541399999999996,93.80106666666667,2.8672,293.3892333333333,3.1219333333333332,45.53333333333333,3.3995,530.9344,72.0,28.001066666666667,0.00469282157185595,0.024608914770353672,0.05454689408620645,0.004816927385119743,0.004600000000000001,0.2799990212013383,0.0046235574414650584,0.0054997791300763505,0.010930297494270148,0.004680668000184679,0.0
1685202240,1.6074975212521616,5.213383308093402,1.705446275577031,7.786178950793785,0.9904764281758215,18.09154751748934,7.39002791817883,0.44808845451515994,11.260048904386247,6.44389703254225,0.6074286699852902,1.5092956673971114,94249779.2,52897655.46666667,11451733.333333334,39107652.266666666,42190984.53333333,17433122.133333333,71614190.93333334,35732138.666666664,9517875.2,46979481.6,3065719.466666667,9364138.666666666,57.2,101.13333333333334,3.8,318.06666666666666,3.606266666666667,51.2,3.6666666666666665,563.6,73.73333333333333,30.533333333333335,0.004668710486469046,0.005416797304703053,0.05029438074533399,0.004772601762123892,0.004600000000000001,0.23769887679399979,0.004660787784669397,0.004976596560443138,0.0096686298174917,0.0046638235152182675,0.0
1685202270,1.5256947365998161,5.242047810159893,1.6221146409942884,7.946812825681538,0.9484673725171254,17.986969545147183,7.49991910991456,0.41707476121697157,11.432072647902151,6.462123383071516,0.5732066234940957,1.5403709362788276,94318592.0,52901478.4,11561779.2,39089220.266666666,42190301.86666667,17836032.0,71639040.0,35229969.06666667,9680759.466666667,46979208.53333333,2961954.1333333333,9266926.933333334,58.266666666666666,100.26666666666667,2.4,317.93333333333334,2.6666666666666665,51.8,2.933333333333333,565.0666666666667,73.93333333333334,28.866666666666667,0.004739454625827007,0.005828202237513031,0.05123537212566511,0.004825175864645253,0.004600000000000001,0.2455234209188558,0.0046512256007135286,0.004983448160905941,0.009762479869581646,0.0046338603387417136,0.0
1685202300,1.6406874776175393,5.715591237492316,1.583000506224661,8.155133731566453,0.9855371802443119,18.873682662906244,7.97700764145143,0.4160694945869609,11.991006661220258,6.808302855177724,0.625432644849139,1.5291099229760563,94538410.66666667,52929467.733333334,11627997.866666667,38941354.666666664,42188800.0,17515315.2,71654877.86666666,35695820.8,9710523.733333332,46977024.0,3028582.4,9284949.333333334,64.26666666666667,104.93333333333334,3.466666666666667,323.46666666666664,3.466666666666667,53.86666666666667,3.4,593.4725666666667,75.73923333333333,30.2,0.004745442388439107,0.005249751361259856,0.048878169168353525,0.00479503890519013,0.004600000000000001,0.24217719508881014,0.004612371134020619,0.00498069424039167,0.009588504053873938,0.004626938503030353,0.0
1685202330,1.6116309353002534,6.713219216302409,1.741925785020245,8.150135037527626,0.9172930338728703,19.120493560591118,7.568204797330665,0.41571138401270125,12.404384019749688,6.860605575442032,0.622056755086353,1.5629734998683924,94590839.46666667,52988313.6,11673190.4,39053721.6,42190028.8,17801489.066666666,71657062.4,35550276.266666666,9514188.8,47401369.6,2958950.4,9430493.866666667,62.49286666666667,104.0317,4.130733333333334,354.15293333333335,3.913233333333333,53.9478,3.9935666666666667,581.7908666666666,71.91786666666667,31.2518,0.004684719775549495,0.0048699404584089815,0.048116808045355335,0.00472675369758883,0.004600000000000001,0.23146356953926311,0.0046165775885072795,0.004891189659784068,0.009362514052815853,0.004622683131784927,0.0
1685202360,1.638181683615268,5.900047589454595,1.831775291875505,8.198598011848942,1.0283940009554402,19.245752991391395,8.134861751121162,0.42523791685560064,12.019110844560686,6.629316865854317,0.6044683429600555,1.57747730496699,94597120.0,52904755.2,11441220.266666668,39189845.333333336,42194397.86666667,17865932.8,71677132.8,35776512.0,9329049.6,47330645.333333336,3007692.8,9372740.266666668,55.60573333333333,94.99246666666666,3.7366,293.89320000000004,4.0168,49.743900000000004,3.6709,541.7952,73.29766666666666,28.6823,0.00470159873778025,0.005669811207412302,0.04851507837334541,0.004796210260868248,0.004600000000000001,0.2407576222798865,0.0046573434342803595,0.005209034667622572,0.009564262943401384,0.004628079426978924,0.0
1685202390,1.7735141404839752,5.412060681359777,1.7422379740572222,8.238649317260892,0.9817738545083382,18.05133748783381,8.664680257169636,0.48854513973499347,11.340804286601955,7.234791436023287,0.5779475885583272,1.543173607482022,94609134.93333334,52881408.0,11474944.0,39083212.8,42194261.333333336,17685435.733333334,71692288.0,35542630.4,9415202.133333333,46977024.0,3017659.7333333334,9218457.6,58.06666666666667,98.87203333333333,3.6,320.0,3.7898666666666667,52.06666666666667,3.6664000000000003,556.2453333333334,72.912,30.107466666666667,0.004738465672644468,0.00826619842769946,0.049369014340880625,0.004924681934531944,0.004600000000000001,0.28679974406810627,0.004659656727361261,0.0059908744040082255,0.010026027864670961,0.004636889216695311,0.0
1685202420,1.766288478196598,6.194881831003901,1.759888958887481,8.495010781354141,0.9492042909186491,18.083988703335017,8.667546033645083,0.4747245022333028,11.437649441776166,7.062474979024281,0.6526165945864333,1.5775177273999228,94680814.93333334,52998144.0,11543483.733333332,40951808.0,42193715.2,17491968.0,71698841.6,35576217.6,9752576.0,46977024.0,2988578.1333333333,9259281.066666666,60.266666666666666,103.8,4.0,324.06666666666666,3.7237,53.2,3.8,572.8,73.73333333333333,30.933333333333334,0.004677093571158879,0.006831307070190261,0.04926210554641597,0.004833393754604551,0.004600000000000001,0.25035751836485426,0.004701332527557466,0.005221769434862631,0.009775507503404038,0.004630666050459921,0.0
1685202450,1.7275447177785783,5.876359460878975,1.87632846835535,8.311624894858664,1.0195098801155933,18.777115965458975,8.244064200926006,0.4214882477765507,11.871415620533538,6.720218693335423,0.6311975929862362,1.60331577249299,94778709.33333333,52922641.06666667,11477811.2,39578555.733333334,42195353.6,17470122.666666668,71705258.66666667,35886284.8,9618500.266666668,46979345.06666667,2965504.0,9269384.533333333,57.26876666666667,94.52763333333334,3.3333333333333335,299.4566666666667,3.129766666666667,52.01356666666666,3.1333333333333333,554.5903,72.86833333333334,27.5138,0.004648344205715097,0.005024487999676352,0.04867751519217197,0.004770036358503956,0.004600000000000001,0.2395767595568993,0.004685737277415544,0.00494440892827697,0.009648755198540172,0.00464864202407118,0.0
1685202480,1.6752608898293326,5.672454835569511,1.9975265955807104,8.0063670513994,1.0579785920019549,18.766029809864975,8.07435714442298,0.4552176175846715,12.181591658761791,6.881458406764906,0.6437931193901784,1.5897807729601,94761369.6,52880588.8,11322709.333333334,40868249.6,42192896.0,17932834.133333333,71731609.6,35829350.4,9581090.133333333,46977024.0,2962090.6666666665,9381205.333333334,52.48126666666667,93.54703333333333,5.467733333333333,292.48853333333335,5.2008,50.38483333333333,5.2638,537.2101,72.68546666666666,33.87206666666667,0.004672710167354788,0.005728968183737234,0.04988658536148619,0.004792750530864531,0.004600000000000001,0.2572729024896223,0.004641707152496626,0.005200635076533677,0.01023968012592205,0.004653277596562389,0.0
1685202510,1.5111495672938113,5.367041216439133,2.0525828281029526,7.816172778305353,1.094399738681492,17.856540769706605,7.855582468111008,0.47006522791929944,11.121220675660206,6.732212669332703,0.6072588159744081,1.595223797571974,94756864.0,52956910.93333333,11458286.933333334,38998016.0,42229077.333333336,17641745.066666666,71812710.4,36054084.266666666,9697143.466666667,46977024.0,2954854.4,9194291.2,58.4,102.1462,5.0,333.4486,4.9242333333333335,51.12433333333333,5.0656,562.8608333333334,73.66083333333333,33.666666666666664,0.0047608049955120005,0.009718320867911147,0.05585745775014184,0.004928281307437855,0.004600000000000001,0.356552365032029,0.004767254837279796,0.006166343300720431,0.014282607487439574,0.004656160769382437,0.0
1685202540,1.6407320972817678,6.917375320427928,2.065150643812578,8.377825089744496,1.018581968092846,18.981552217038793,7.973978708817716,0.4563519313773831,12.05492581079531,6.59271881404729,0.6500394985017889,1.6212372812446156,94685593.6,53039240.53333333,11374592.0,39433966.93333333,42201088.0,17473262.933333334,71815168.0,36029235.2,9532211.2,46977024.0,2962636.8,9324817.066666666,60.19179999999999,101.39333333333335,4.466666666666667,303.9572,3.9341333333333335,52.728500000000004,4.134133333333334,568.7139999999999,75.65323333333335,30.930999999999997,0.0047025318398235365,0.007333367248926409,0.04914313671648228,0.004849439882111723,0.004600000000000001,0.26799170255945187,0.004779809522222494,0.005266517042798364,0.010316617460132262,0.00465243769097909,0.0
1685202570,1.6846929431126534,7.335205414334099,2.011281463478959,8.201042360744452,1.0306111504569022,18.813594053758315,8.177531748180046,0.5138124733805327,12.229682862545134,6.814065660556923,0.6653036316529786,1.6952967580581795,94255513.6,53063680.0,11475763.2,39814348.8,42201088.0,17788928.0,71816942.93333334,35898845.86666667,9417523.2,46977024.0,2958950.4,9426534.4,57.52576666666666,91.0672,3.5336,287.87286666666665,3.4674666666666667,54.036500000000004,3.666933333333333,553.6511333333333,74.617,28.0791,0.00462340548556817,0.004817323884000106,0.04785142815015311,0.004654031608378032,0.004600000000000001,0.22234369403145476,0.004653742016204595,0.004769195802302375,0.009186787563530132,0.004626640923385336,0.0
1685202600,1.6584400035596436,6.4980441789519,1.9614532542505374,8.25315320936197,1.0295384275039468,19.255024096600994,8.07828209174413,0.5322401242446831,12.453805722324404,6.726003332010776,0.652345676153738,1.5812665851095191,94384674.13333334,52983808.0,11505254.4,40131106.13333333,42201088.0,17460292.266666666,71838378.66666667,36378350.93333333,9382297.6,46977024.0,2963046.4,9321813.333333334,59.26326666666667,105.04236666666667,4.199466666666667,308.71236666666664,4.205633333333333,55.0,4.4675,588.6727,77.94443333333334,32.87623333333333,0.00469584714769417,0.004908699823356643,0.04843859550890017,0.004726504601871989,0.004600000000000001,0.23132455250546216,0.004637110292105965,0.004877893156785724,0.00942861995400085,0.004621141960010217,0.0
1685202630,1.7133713714288392,6.695282810400115,1.927992962855903,8.520457339683116,1.0492954129909953,19.037479192597296,8.16950033803825,0.4522126813163345,12.387584739326227,7.024053743547745,0.650802645801529,1.6444405666868198,94416896.0,53019033.6,11493239.466666667,39845888.0,42201088.0,17239517.866666667,71839744.0,36154026.666666664,9583001.6,46977570.13333333,2964684.8,9445922.133333333,62.195299999999996,99.5653,3.3327999999999998,319.25736666666666,2.9986666666666664,54.06243333333334,3.1322666666666668,550.3829666666667,73.60586666666667,27.272166666666667,0.004672625388152894,0.004881917917689741,0.04874544596371883,0.004720089904001231,0.004600000000000001,0.2306686499143494,0.004630451028879396,0.004872809116868715,0.009463595022237719,0.004635966127919031,0.0
1685202660,1.6675928673053617,6.347031565864828,1.7368028321658506,8.728804635503495,1.014974434428603,19.452691979888776,7.6692306628376326,0.40570475559338787,12.546399863665673,6.844599496691788,0.6536556048941574,1.5643057571574361,94097681.06666666,53006882.13333333,11468253.866666667,40622216.53333333,42202726.4,17116364.8,71840699.73333333,36175052.8,9470771.2,46980710.4,2969600.0,9363592.533333333,59.6954,101.3015,3.4033666666666664,317.0459666666667,3.4688333333333334,51.01573333333333,3.1351,568.8354999999999,74.32266666666666,28.463900000000002,0.004608449054109614,0.004766736863639277,0.048203915588973544,0.0046587281522521415,0.004600000000000001,0.22245165077273887,0.004600000000000001,0.004758750178968965,0.009289484230378635,0.004641833613279645,0.0
1685202690,1.6496783546509806,6.695858089879357,1.648546172266665,8.539034325408458,0.9836021648415262,19.60514985078872,7.900586309021448,0.44105185668284197,12.12521530417766,6.557511206438552,0.6476630339699768,1.4804231185882544,94284049.06666666,53077606.4,11383330.133333333,40924364.8,42201088.0,17703458.133333333,71843840.0,36321689.6,9598293.333333334,46979072.0,2961954.1333333333,9232793.6,58.31583333333333,94.81136666666666,3.1982,312.5125,2.9315333333333333,51.814499999999995,2.8668666666666667,549.4515666666666,71.53286666666666,27.930766666666667,0.004619113222634253,0.004761070452668307,0.048278700544683674,0.004664326232185633,0.004600000000000001,0.22037682947499135,0.004600000000000001,0.004742748387423046,0.00926504162764544,0.004624009557454765,0.0
1685202720,21.856856108874265,6.611860122763833,1.724277494966592,8.3494333005235,0.9657606763554917,19.328314615567535,7.500893862133995,0.4405051470253481,12.421742437156668,6.5217131678335685,0.6439738386949806,1.5483327089862553,98815180.8,53047842.13333333,11435076.266666668,41070455.46666667,42204364.8,17542075.733333334,71846024.53333333,36477474.13333333,9399637.333333334,46980437.333333336,3027899.7333333334,9245491.2,59.8074,97.40106666666667,3.3338666666666668,300.5622666666667,3.7338666666666667,50.666666666666664,3.4005333333333336,559.6267666666666,73.87593333333332,28.9384,0.004627846518260373,0.004818534677658996,0.0484715691316872,0.004675399626753362,0.004600000000000001,0.21904336113672634,0.004600000000000001,0.004752394910407899,0.009286807999054411,0.004624079572040774,0.0
1685202750,83.75031518178973,5.741442022426527,1.7567135405136625,7.991263360746292,1.0409653226986955,17.81756642863712,7.935384455964705,0.43191086587693384,12.077827920591671,6.570758154511396,0.6136227941461354,1.525343584245589,99275025.06666666,52993911.46666667,11631547.733333332,38862984.53333333,42207232.0,17350382.933333334,71872512.0,36041659.733333334,9577813.333333334,47534353.06666667,2961544.533333333,9177770.666666666,57.2758,97.54676666666666,4.133333333333334,306.24353333333335,3.6666666666666665,53.93333333333333,3.6,548.3263333333333,70.87633333333333,28.5344,0.004731477803007014,0.006918129699077217,0.04856512196897858,0.004812810682230759,0.004600000000000001,0.23538074586549299,0.0046275766592280354,0.004910038476889816,0.009830657606639648,0.004652031509169526,0.0
1685202780,98.21112920422816,5.667910476239454,1.860577701364989,8.593573632906308,0.9750171457737694,18.54640291356566,8.026055049466011,0.3918499085297245,12.061080421355774,6.655719133787487,0.6103378811870528,1.494582075802181,99401728.0,53028454.4,11405312.0,39969450.666666664,42207368.53333333,17597781.333333332,71881250.13333334,36211916.8,9782613.333333334,47016755.2,2961544.533333333,9362636.8,56.99336666666667,97.12253333333334,3.7330666666666668,310.8815,3.9261333333333335,50.733333333333334,4.0,542.5934,68.89476666666665,28.3046,0.004740152429229324,0.008367536675980381,0.04892167945584993,0.004844683806089804,0.004600000000000001,0.24143773514000938,0.004633395817773345,0.004952987921237291,0.010445238694941659,0.004661717104984548,0.0
1685202810,93.89037672890814,5.873481229233322,1.6278163680719768,8.096627204041354,0.9566722313966783,18.747371241939472,7.69972249999533,0.44133845934808585,12.379930836100561,6.509677637264916,0.6285469107113104,1.548979578029153,99192695.46666667,53028864.0,11726028.8,39559987.2,42242048.0,17398306.133333333,71885619.2,36465595.733333334,9398272.0,46977979.733333334,3019844.2666666666,9300650.666666666,55.6739,97.55076666666668,2.8,315.16366666666664,2.9243333333333337,52.325900000000004,3.1994666666666665,559.8109333333334,74.8,31.666666666666668,0.004635067942411763,0.006034763487630234,0.04891675236856166,0.004733089607106594,0.004600000000000001,0.22704928190405366,0.0046055045871559635,0.0048183402420675075,0.00963355069327598,0.0046424775548169084,0.0
1685202840,100.00086039144806,5.8468957551993554,1.6096220614776182,8.359840046278546,0.9691733605176559,18.90978403413239,7.76455853976022,0.4096880456939829,11.877118400387644,6.3940384757294675,0.6467975571203624,1.5369258091643385,99169484.8,53023539.2,11729578.666666666,42140330.666666664,42264166.4,18076740.266666666,71914700.8,36338210.13333333,9677209.6,46977570.13333333,3030220.8,9369463.466666667,60.859966666666665,95.7645,3.5349333333333335,311.57056666666665,3.4,52.54883333333333,3.2,533.6882666666667,67.27956666666667,26.4699,0.0046614550477323815,0.005517523583519065,0.04886174981590295,0.004720530090139763,0.004600000000000001,0.22463313222726053,0.004636060213425915,0.004803672714473503,0.009590560757327865,0.004636099966743163,0.0
1685202870,98.8553995473667,5.6557928429662345,1.7362021657651614,8.156574446974181,0.964419665059891,17.83846181061671,7.865674100564582,0.40350803419929293,12.063344984041855,6.655591423967328,0.6264900012980429,1.5478834214982788,99174400.0,53021354.666666664,11518088.533333333,40467660.8,42216106.666666664,17554227.2,71930948.26666667,36704392.53333333,9494528.0,46980164.266666666,3017523.2,9390626.133333333,65.12776666666667,112.49983333333333,4.7325333333333335,342.7483666666667,4.675566666666667,54.44593333333333,4.6691,630.2494333333333,83.37740000000001,31.241533333333333,0.004706719356032147,0.006272435152478087,0.048958531449726755,0.004728950117235086,0.004600000000000001,0.2312782691971053,0.004634361048249672,0.004867739685133274,0.009719652331620223,0.00463206039630895,0.0
1685202900,95.86241722719451,5.561379863356895,2.092408362331755,8.226674984890245,1.0630550124457723,18.400343878408226,8.028686567246764,0.4670144656285983,11.972516882355585,6.566421780214702,0.6177918020127062,1.5144403687581787,99229696.0,53002786.13333333,11595776.0,39441749.333333336,42265804.8,17352704.0,71935044.26666667,36539596.8,9709977.6,46977979.733333334,2964411.7333333334,9539720.533333333,60.5905,104.91516666666666,4.195266666666667,325.8833333333333,3.729033333333333,52.033966666666664,3.6664000000000003,584.4924333333333,78.4477,31.327800000000003,0.0047273570572337244,0.007206191291930594,0.04901068894819807,0.0047663536365749465,0.004600000000000001,0.23832286967596636,0.004600000000000001,0.004939378942125062,0.009808813283392179,0.0046307326211313,0.0
1685202930,98.80127305730528,5.480013021562669,2.0472491456119415,8.125240013025312,1.0502731467092319,18.320719128461395,7.901403307896112,0.4580943783558208,12.547904644628604,6.841319190735393,0.6405569066992762,1.6518032388846682,98734762.66666667,53038557.86666667,11609156.266666668,40206745.6,42236996.266666666,17537024.0,71946240.0,36761190.4,9744110.933333334,46977706.666666664,3006737.066666667,9321267.2,58.34983333333333,105.15776666666667,4.669466666666667,326.57526666666666,4.624666666666667,53.46903333333333,4.5359,599.0502666666667,77.55293333333334,33.147533333333335,0.0047350406349545675,0.006865418793451011,0.049190387614930976,0.004792685567022334,0.004600000000000001,0.23855578236037053,0.004622354233775033,0.004991263179214865,0.009746925994208204,0.0046430502058698786,0.0
1685202960,98.85357034710839,6.148281446485784,1.9878337731453355,8.26156346927373,0.9828343730049066,17.850949903574335,8.165835943744623,0.4841067202744,12.257799946262379,7.00804615629304,0.6252311096823331,1.6284898029615873,98824601.6,53142732.8,11591406.933333334,40147353.6,42233856.0,17542894.933333334,71962624.0,36891989.333333336,9378747.733333332,46978798.93333333,3106816.0,9430357.333333334,58.871766666666666,101.8,4.4,305.2694333333333,4.9336,51.4379,4.8019,575.9894333333334,74.58943333333333,34.12936666666666,0.004729789606330369,0.007476120669037244,0.04890754725376188,0.004799523119524893,0.004600000000000001,0.23769576946349277,0.004641210690036303,0.005003970961225307,0.009771129934585525,0.004649991680029085,0.0
1685202990,97.74428886838453,6.446939341208559,1.806176787855213,7.983509226698585,1.016246407949743,18.972123471874422,7.542674042899502,0.44436502454972643,12.37449356852471,6.681333805964331,0.6111305362932822,1.5594443293547886,98836480.0,53148057.6,11537612.8,40489642.666666664,42233856.0,17608704.0,71969587.2,37069346.13333333,9569894.4,46980437.333333336,3010013.8666666667,9478690.133333333,63.6,99.13333333333334,2.933333333333333,328.73333333333335,3.0060333333333333,55.00633333333334,3.066666666666667,550.982,72.782,28.841333333333335,0.004715068969762162,0.006981436808254387,0.04808145741197976,0.004792328207161551,0.004600000000000001,0.23233073036090604,0.004636407310421469,0.004887232288009923,0.009618836792288124,0.004641742646727993,0.0
1685203020,98.29822465842186,6.437241010697739,1.5864469115204778,8.512663479871517,1.0276443406614717,18.748996520223844,7.979610262639525,0.4496783091395561,12.155872337549408,6.4729556228062535,0.6526005551363077,1.546328986261571,98630041.6,53093990.4,11419648.0,39126766.93333333,42233856.0,17769540.266666666,72032256.0,36720366.93333333,9656456.533333333,47120384.0,3027763.2,9510092.8,59.592933333333335,103.5578,4.133733333333334,322.2715666666667,3.8685666666666667,54.19916666666666,4.067066666666666,576.6105333333333,75.2527,31.263966666666665,0.004705805808071858,0.005509654203054492,0.04767627184417511,0.004751126069728511,0.004600000000000001,0.22377498053870498,0.004617123200816731,0.004829862499295104,0.009399059580130728,0.004644102168467554,0.0
1685203050,98.93317888682661,6.598158095781173,1.917206339747376,8.828479690958709,0.9689356362993818,19.023489650110495,8.23279192667183,0.4224864852022747,12.666345629326347,6.823311806150457,0.6612399782894786,1.6102962613683098,98446131.2,53083204.266666666,11544166.4,40216985.6,42233856.0,17366630.4,72032256.0,36988518.4,9603481.6,46996138.666666664,3083468.8,9294779.733333332,58.208533333333335,100.20616666666666,3.2,323.3168333333333,3.4722999999999997,51.333333333333336,3.2,585.4073666666667,76.5098,28.568066666666667,0.004688992128756003,0.005665443001629403,0.04855850854545749,0.004748944744892541,0.004600000000000001,0.22527929370145622,0.004600000000000001,0.0048602145039675,0.009431950422237524,0.00465277535566074,0.0
1685203080,97.15307791526949,6.625172812900525,1.8778994723789473,8.509104349317749,1.0159488639728278,18.731844260944563,7.999011619422547,0.4250859078092468,12.680708434970798,6.794312915727216,0.6538219575503758,1.5963642678544574,98411588.26666667,53126758.4,11339366.4,41194837.333333336,42233856.0,17620718.933333334,72038400.0,37077265.06666667,9430630.4,46977024.0,3026397.8666666667,9505450.666666666,55.333333333333336,101.52536666666667,4.2,314.8,4.927533333333333,51.38753333333333,4.8713999999999995,578.9713333333333,75.17133333333332,33.44416666666667,0.004693454035772631,0.006075883797975999,0.052081115318228025,0.00477601321025484,0.004600000000000001,0.23029289947594828,0.004600000000000001,0.004887964591241066,0.009523395059779012,0.004655952979137759,0.0
1685203110,97.78025887711946,5.454489250992736,1.762295146540566,8.032278381066904,1.0095265550335186,17.144480790108695,7.734392478206534,0.4093884891256171,12.016673725272609,6.651458206050235,0.6172195535124941,1.5646865340452731,98769169.06666666,53058218.666666664,11383330.133333333,39897770.666666664,42233856.0,17706188.8,72052462.93333334,37234278.4,9555831.466666667,46983168.0,3028992.0,9398818.133333333,56.128433333333334,95.70253333333334,3.3346999999999998,317.02736666666664,3.1939333333333333,50.385,2.9992,531.7513666666666,69.55616666666667,28.007066666666667,0.004839837793003173,0.010024935443980051,0.06433399470899473,0.004887096860814972,0.004600000000000001,0.2858110317095456,0.004627666216993808,0.005519864923699929,0.0110749441656254,0.004664945168027527,0.0
1685203140,99.4879460448257,5.550054824169594,1.6948346283211424,8.278947112628464,0.9930670568517227,18.732893805431466,7.786775763232087,0.41320404995028875,12.274254525105656,6.324801821985996,0.6418943428624714,1.5427023223743774,98979293.86666666,53081292.8,11655714.133333333,40739089.06666667,42244505.6,17500569.6,72052736.0,37302272.0,9510775.466666667,46978252.8,3094528.0,9288908.8,59.849000000000004,106.94226666666667,4.332166666666667,325.47883333333334,4.3985,52.7684,4.1995,594.1588666666667,77.33333333333333,31.39763333333333,0.004800426260345536,0.008290000564375833,0.050341443611293966,0.004814387090434793,0.004600000000000001,0.26481441339988315,0.004635253968801876,0.0051017372582564426,0.010630765802624172,0.004647089980803621,0.0
1685203170,100.00359554471244,5.4511231436588,1.8013444626651556,8.15202939263919,1.0051866352728285,18.406507893759827,7.158902930123032,0.42194725756734663,12.242895655819012,6.530736792251142,0.6676597001980981,1.5606283151012896,98645606.4,53069141.333333336,11713331.2,39035699.2,42289152.0,17772544.0,72062566.4,36938820.266666666,9521561.6,46977024.0,3099989.3333333335,9276620.8,54.722899999999996,99.73073333333333,4.532033333333334,322.06963333333334,3.8655,48.4,3.7984333333333336,557.2431666666666,74.85163333333334,28.461033333333333,0.004721837529543795,0.005408215145000618,0.0487597974235714,0.004715325894595896,0.004600000000000001,0.22502824378486486,0.004609922705314009,0.004806407458822575,0.009565731603167977,0.004627214362096716,0.0
1685203200,99.99845259165028,5.6330384325879255,1.7753675984458313,8.374162569690368,0.9555232620200623,18.216824860490792,7.615556377166272,0.42828076295343565,11.73131027609518,6.357915646679493,0.6225430563001603,1.5442132129858062,98982434.13333334,53111330.13333333,11812864.0,39430280.53333333,42237952.0,17426158.933333334,72101888.0,37052962.13333333,9423940.266666668,46978662.4,2981614.933333333,9276893.866666667,59.527366666666666,97.83560000000001,3.2666666666666666,304.32966666666664,2.6779333333333333,51.8984,2.6,560.3714666666667,75.21700000000001,26.5394,0.004764028861010639,0.006969776168044965,0.04923376882714184,0.004764245038547875,0.004600000000000001,0.23578670100678914,0.004633886823515555,0.004885786202859009,0.0097857076238388,0.0046338177191711264,0.0
1685203230,98.4461147241107,6.75683797824472,1.7416177676771312,8.42712485545902,1.0348531070803293,19.0805375351631,7.917476224554907,0.41229009467349265,12.25809707545974,6.578444416767389,0.6439761355011229,1.516424298380124,98713873.06666666,53166353.06666667,11672234.666666666,40977885.86666667,42238498.13333333,17164834.133333333,72101888.0,37184443.733333334,9799270.4,47011430.4,3008512.0,9499716.266666668,57.03986666666666,98.9012,4.0624,304.90593333333334,3.932666666666667,52.52973333333333,3.997866666666667,561.7433333333333,75.25463333333333,30.696900000000003,0.004721163271365756,0.006965933061213897,0.04911876405044136,0.004760418823526247,0.004600000000000001,0.23253008506250575,0.004633056664080171,0.004895864463504933,0.009644119970331799,0.004649970762630018,0.0
1685203260,99.98744316642721,7.437783858319798,1.9241160763628147,8.674357356928958,0.974014318478553,19.39316230440299,8.111101731407349,0.4400773059721407,12.91514208835927,6.978624987110976,0.6759335366591309,1.6315875310254673,98327210.66666667,53224243.2,11599872.0,41643622.4,42240546.13333333,17289762.133333333,72104755.2,37130786.13333333,9777152.0,46979208.53333333,3016430.933333333,9272797.866666667,58.9743,103.29603333333333,4.464833333333333,333.98206666666664,4.655266666666666,53.2128,4.6011,568.0682333333333,73.66290000000001,31.473233333333333,0.004688149336268631,0.006045739400248825,0.04894664385086104,0.004738238178079979,0.004600000000000001,0.2229326504972655,0.00468688924249762,0.004850336929297718,0.009490875716712472,0.004639211890025958,0.0
1685203290,96.55600929582877,7.279887755607025,1.781778709734197,8.730465432284497,0.9812781073181812,19.292442346609878,7.935342536939217,0.42188179099013173,12.687854747330736,6.303596904954407,0.6832297588999745,1.5039744775512824,98325981.86666666,53185604.266666666,11437260.8,41000823.46666667,42237952.0,17119914.666666668,72110762.66666667,37345143.46666667,9434180.266666668,46979072.0,3092480.0,9503539.2,59.13453333333334,100.35793333333332,3.0668,311.6417,3.1399333333333335,51.5209,3.4010666666666665,565.4140666666666,75.29263333333333,28.974666666666668,0.004652241857669071,0.005079105297474439,0.04841558429792784,0.004683427723698278,0.004600000000000001,0.21340351926146253,0.004699959412290673,0.004748433360486248,0.009320555362736006,0.004623053229922751,0.0
1685203320,95.87446713207169,6.800861479093689,1.625365414635046,8.359869501664326,1.0126818247699003,19.11594822720516,7.752587550758347,0.42882984384996414,12.548294925795506,6.385531925809739,0.6529561361344978,1.5828607801415517,98340317.86666666,53177412.266666666,11330628.266666668,39271765.333333336,42239590.4,17237060.266666666,72114176.0,37523456.0,9439232.0,46986035.2,2992264.533333333,9213405.866666667,59.53086666666666,100.6477,3.8,326.64189999999996,4.0,52.3386,4.267066666666667,569.0090666666667,74.25,30.997533333333333,0.004651660048007583,0.0049208540731501054,0.04821156117413486,0.004665151555388436,0.004600000000000001,0.2135447384886763,0.004642507117446684,0.004731954438732456,0.009274880683818197,0.00462144710832357,0.0
1685203350,95.77280540551752,6.565994482755666,1.7078562211804,8.227313000286653,0.973919060185645,19.2837436253466,8.067786164839895,0.4368988990987041,12.58418376428835,6.8491906336077015,0.64995937964065,1.5416313923940692,98443264.0,53211136.0,11438080.0,41462033.06666667,42239726.93333333,17227093.333333332,72128102.4,37430067.2,9520742.4,46977433.6,3052475.7333333334,9313757.866666667,61.61893333333333,100.16873333333334,3.2000333333333333,325.8464333333333,3.066666666666667,53.266666666666666,2.9994666666666663,584.2118666666667,75.57,29.408033333333332,0.004698008479532407,0.005726508684368765,0.04866164868025393,0.004732844324660854,0.004600000000000001,0.22387626501083221,0.004630156436463152,0.004820574959854007,0.009483014931462011,0.004618314267200817,0.0
1685203380,98.22468045088439,6.086428397973607,1.7160499698491747,8.479613894688976,0.9571636367738837,18.2276027451627,7.898906496314004,0.41256985565736287,11.975291577435609,6.879405789334453,0.6300523880404642,1.5813379436028898,98439304.53333333,53259332.266666666,11605196.8,39830732.8,42240000.0,17260953.6,72146944.0,37762798.93333333,9667242.666666666,46979754.666666664,3050018.1333333333,9352396.8,58.80603333333333,100.18546666666666,3.8004000000000002,307.5004666666666,3.3894333333333333,53.70283333333334,3.1333333333333333,587.8491,75.68076666666666,29.468133333333334,0.004723433365217454,0.006932909184603234,0.049181839384722766,0.004775809639882825,0.004600000000000001,0.2297862853003484,0.004600000000000001,0.004864309712573472,0.009612236592390435,0.004618114187937767,0.0
1685203410,98.36884652340429,6.71303458160037,1.7640479845661132,8.262883809992568,0.9805281336822851,18.86620258857778,7.883664325183338,0.42632030053266995,12.677467729743176,6.8413410761494875,0.650168529899174,1.562332770108725,98552354.13333334,53273668.266666666,11673600.0,40479402.666666664,42243140.266666666,17380556.8,72158412.8,37950259.2,9737284.266666668,46977024.0,3055752.533333333,9450291.2,60.34546666666667,98.07743333333333,3.2666666666666666,311.42333333333335,3.1996666666666664,52.84426666666666,3.4016333333333337,557.3042333333334,69.72340000000001,27.864533333333334,0.00470639546040559,0.006276727104404614,0.048912085454032056,0.00472855788659281,0.004600000000000001,0.2262423957927759,0.004600000000000001,0.004842274876593949,0.00947345994085126,0.004613568189329126,0.0
1685203440,96.0428533938851,6.912643032863472,1.8315940306108316,8.364766389461456,1.0439958362840713,18.873426731684344,7.84897857730781,0.4064159472483112,12.818983530182408,6.416894623320857,0.6332116910861233,1.5471551019196876,98959360.0,53279948.8,11958954.666666666,41142545.06666667,42310724.266666666,17253034.666666668,72163737.6,37859328.0,9414792.533333333,47028906.666666664,3042508.8,9312665.6,60.93136666666667,105.82096666666666,5.399866666666667,348.4171333333333,5.1996,55.75096666666666,4.7325333333333335,592.9797,74.54966666666665,34.0054,0.0046775469754449,0.005462875892933117,0.048876396018312986,0.004700479757041717,0.004600000000000001,0.22158160252186557,0.0046206412207495376,0.0048166805385324125,0.00939591554523827,0.004624001105788269,0.0
1685203470,98.28241751577018,7.392743225266605,1.9209847432431255,8.46859695193538,0.9823305854633382,19.032247000416383,8.006319360015064,0.4232089848826282,12.802124375628798,6.6121642362235225,0.6166624638369604,1.634846526039272,99091524.26666667,53260697.6,11465250.133333333,41635293.86666667,42243549.86666667,16932727.466666665,72177390.93333334,38001322.666666664,9419844.266666668,46989312.0,3016840.533333333,9589145.6,59.9369,104.00106666666667,4.667199999999999,324.9396666666667,4.2507,54.46666666666667,4.3345666666666665,588.7618,74.45763333333333,33.7344,0.004650405934937193,0.005317302538593575,0.049245631584497664,0.004695486272102173,0.004600000000000001,0.21809407325252825,0.004631554329314198,0.004781342675974962,0.009400017760324626,0.004647315603089311,0.0
1685203500,96.53049035540529,6.792782946566597,1.9544856849704844,8.434721204212666,1.0267940373836317,19.165099244946095,7.6270880718244,0.4368637647272654,12.236556803775832,6.2221939329627105,0.6591478602885398,1.6333518487459209,98984618.66666667,53261107.2,11488324.266666668,40742912.0,42242048.0,17434214.4,72181623.46666667,38028902.4,9255594.666666666,46977024.0,3084970.6666666665,9358404.266666668,56.87676666666666,96.7958,2.6020333333333334,288.6612666666667,2.8020333333333336,48.53333333333333,2.8007,523.3307,71.1583,26.23913333333333,0.004643297432192477,0.004953100837635565,0.04901765312635496,0.004671954518047464,0.004600000000000001,0.21499168691684542,0.004609762698834096,0.004756451215662002,0.009322111269057687,0.004640900692235174,0.0
1685203530,99.41933156001735,5.753785784012747,1.6138578415201714,7.906046156217331,0.9715452930024624,18.476601064922406,7.661829256343069,0.3977106136493586,12.139687948210637,6.294816063984888,0.6155179659323416,1.504526633432598,98972740.26666667,53099178.666666664,11514948.266666668,40973107.2,42245051.733333334,17073220.266666666,72208384.0,38406144.0,9244672.0,46978662.4,2971784.533333333,9246720.0,56.84066666666667,96.2318,3.198266666666667,308.77346666666665,3.3755666666666664,48.91203333333333,3.3153333333333332,547.8379666666666,71.8043,28.267833333333332,0.004719849989514992,0.00585704023008258,0.048696510105787814,0.0047235272755100895,0.004600000000000001,0.22357085073799324,0.0046222103465892285,0.004809880776933007,0.009521754568920997,0.004636371358682908,0.0
1685203560,99.41149769311762,5.185678719873781,1.4677893649576828,7.8012084928523375,0.9716847979407092,18.14569921271454,7.399284329577513,0.3993791712994877,11.952280531277454,6.566932010509783,0.6155559767008464,1.5026067554391982,100097365.33333333,53137544.53333333,11513036.8,40233096.53333333,42243959.46666667,17747968.0,72241425.06666666,38290227.2,9477188.266666668,46977024.0,2969736.533333333,9275118.933333334,60.44013333333333,104.67603333333334,3.3320333333333334,326.09906666666666,3.327933333333333,51.44456666666667,3.1990666666666665,581.3176,77.9513,29.338133333333335,0.004796460061687578,0.007676592380676844,0.04880640943023159,0.004800172240374585,0.004600000000000001,0.23487820425548542,0.00467867668604292,0.004914082782618589,0.00984323582071408,0.004654511029219609,0.0
1685203590,98.74626743693483,5.69154229670467,1.708238880932668,8.526527523049277,0.9587534433135335,18.973031920230458,7.933669056658796,0.4292151597093455,12.529828664745827,6.5353446526674,0.6350967189309225,1.5366151969929784,100542873.6,53142323.2,11491328.0,41836544.0,42245870.93333333,17046869.333333332,72253440.0,38433314.13333333,9390489.6,46977024.0,2992128.0,9446058.666666666,60.7297,100.5959,3.1333333333333333,327.91766666666666,3.417133333333333,51.48826666666666,3.8008,566.3434,74.65713333333333,29.731233333333332,0.004712527443263603,0.0055271526736659195,0.04874081986183338,0.004743432871107328,0.004600000000000001,0.22672327045421634,0.004649844861021332,0.0048423181847231786,0.009630064461397452,0.004652305686969279,0.0
1685203620,98.4954670020814,6.359969760022759,1.9133176071493763,8.31232386832457,0.9962608934318701,18.943452341286413,7.802882788763319,0.4335523165687499,12.27938876610303,6.6227701638364715,0.6453239886083854,1.5697344162028208,99761493.33333333,53179596.8,11609156.266666668,42086400.0,42246144.0,17025706.666666668,72257536.0,38921557.333333336,9382843.733333332,46980710.4,3075276.8,9363592.533333333,60.61466666666667,101.13333333333334,4.2,308.1895333333333,4.138966666666667,53.58676666666667,4.266666666666667,592.0506,76.71616666666667,31.9283,0.004643150083615182,0.004905989248178223,0.04875774965852902,0.004676508426283986,0.004600000000000001,0.21623706798371187,0.004600000000000001,0.00475168121312275,0.009295569906339118,0.004633222984974759,0.0
1685203650,98.55457854106102,6.091413170262473,1.997894171118376,8.261678798984255,0.9947900532456366,18.643344432414413,7.63887942651273,0.4494863148696893,12.418093408336185,6.711577532981509,0.6384258947259641,1.6162947415478413,99699916.8,53139456.0,11597687.466666667,40896512.0,42248192.0,17342190.933333334,72277060.26666667,39171413.333333336,9479099.733333332,46977297.06666667,2974242.1333333333,9322496.0,61.2,103.01833333333335,3.6,315.8666666666667,3.2004,54.022333333333336,3.2666666666666666,564.0634666666666,71.53013333333334,27.465866666666667,0.0046824705564894155,0.004963120819611805,0.048534034397099426,0.004697943064721404,0.004600000000000001,0.2219092781757062,0.004600000000000001,0.004803719922193849,0.009449704112601034,0.004638773301655644,0.0
1685203680,99.02719132884322,5.439279289258268,1.7822753098873212,7.756591653244878,0.9494381307732809,18.286959837770233,7.408045885392365,0.44129520954198315,11.766880702885937,6.5121143305075035,0.6091345333581086,1.5066037010473974,99956599.46666667,53144644.266666666,11553996.8,40000443.733333334,42247372.8,17297271.466666665,72353518.93333334,38938487.46666667,9698508.8,46977024.0,2969600.0,9394039.466666667,58.26626666666667,99.80833333333334,3.7333333333333334,307.9019333333334,3.8,50.3401,3.733633333333333,569.4426333333333,73.60923333333334,28.3353,0.004745878645571257,0.0061876305877098066,0.048341313330551215,0.0047549488704629285,0.004600000000000001,0.2328411624032093,0.004600000000000001,0.0048862067692348006,0.00976387685657843,0.0046531578426847065,0.0
1685203710,99.99815435341233,5.324972117917484,1.617372013835068,7.92590801003001,0.9407030246336203,17.930509171252314,7.713665301262932,0.3996945250380045,12.271283255634811,6.374459628407519,0.5904237786713654,1.4361173251684578,100065280.0,53106005.333333336,11492010.666666666,41861120.0,42249830.4,16973277.866666667,72381235.2,39259613.86666667,9417250.133333333,46977024.0,3064217.6,9466402.133333333,63.7414,99.43586666666667,1.7333333333333334,315.91183333333333,2.2617333333333334,51.7395,2.3333333333333335,551.3892,75.12843333333333,24.8043,0.004786822694691342,0.00647123908954817,0.04870921804547331,0.004777901652067516,0.004600000000000001,0.239933923695341,0.004600000000000001,0.004943876746557896,0.009879609835411531,0.004650708830986564,0.0
1685203740,98.24059745905728,4.876164768735934,1.5060708276947024,8.248037291435075,0.9574866416642742,18.122916582354907,7.64641469886874,0.36929829964180166,11.851289308064432,6.344260614565472,0.597930647414335,1.4501828603672606,100065280.0,53133312.0,11466615.466666667,39836467.2,42254336.0,17453875.2,72396800.0,39279274.666666664,9673386.666666666,46977024.0,3105177.6,9358813.866666667,59.077,97.86613333333334,2.7997333333333336,326.89216666666664,2.8053666666666666,50.266666666666666,2.7336,551.5029333333333,71.41076666666666,27.203066666666665,0.004823876976813094,0.0071507888737696495,0.04886149198124071,0.004798509768065738,0.004600000000000001,0.24720883397165924,0.004600000000000001,0.005106885501992472,0.010907540135621226,0.004700649292411757,0.0
1685203770,99.39565492143235,5.9289644588323025,1.4118197867272995,8.295087094997774,0.9393590959020531,18.608064795369746,7.847814853914001,0.3996163262132861,12.211178805228268,6.439784747288502,0.5986170917181887,1.4782906989758875,99974212.26666667,53205265.06666667,11495560.533333333,41228697.6,42255155.2,17208388.266666666,72396800.0,39578965.333333336,9635020.8,46977024.0,3013290.6666666665,9376972.8,65.11746666666666,108.44116666666667,3.531633333333333,330.19449999999995,3.6061666666666667,54.587333333333326,3.8676,604.8251,78.61603333333333,30.4633,0.0047681577189135895,0.006338322475350851,0.04937092452345453,0.004790337585133759,0.004600000000000001,0.2346392435488804,0.004600000000000001,0.004908720897540839,0.009827557165830465,0.00469392133475797,0.0
1685203800,98.8245273305827,5.698630421455665,1.8142419649878314,8.14532593747239,1.0159926088063507,18.809776350175014,7.63950859325063,0.4772893033036051,12.14344923290402,6.685925982159451,0.6310456750419974,1.5123244027453273,99703193.6,53152563.2,11670323.2,39618560.0,42256520.53333333,17165926.4,72396800.0,39577600.0,9797905.066666666,46979072.0,3089066.6666666665,9481147.733333332,58.8,100.93333333333334,3.8,311.4,3.9506666666666663,50.72259999999999,4.334266666666666,583.8106333333333,75.81063333333333,31.4144,0.004692699135581972,0.0055844806270317175,0.050541367251073645,0.004759245747324995,0.004600000000000001,0.22936490788253036,0.004600000000000001,0.004832506314730497,0.009605699730817287,0.004641026165104604,0.0
1685203830,96.47283800306961,5.472703082938976,1.7735480515581956,8.183297656310236,0.9858645799556754,18.892847048754472,7.899257435116424,0.43081081256136866,12.259958498882158,6.497274309260548,0.6065711239670126,1.5387700762877963,99626188.8,53160345.6,11481634.133333333,40900061.86666667,42258432.0,17032806.4,72397209.6,39717273.6,9370419.2,46978798.93333333,3046331.7333333334,9395950.933333334,58.129133333333336,97.47443333333334,3.7994666666666665,313.28546666666665,3.9351333333333334,52.11816666666667,4.134833333333334,563.2345,71.5167,30.727633333333333,0.004703129490007321,0.005608156677470927,0.053499785933878406,0.004735677622648305,0.004600000000000001,0.2296222317139254,0.004600000000000001,0.0048257997957834925,0.00959392128314664,0.004648386694217152,0.0
1685203860,97.05847860311692,5.513255571300499,1.853560971383929,8.142437915107505,1.0089201217226866,19.027840960599665,7.513984989976172,0.43886648608324563,12.600942253889365,6.329360312529589,0.6385307396749511,1.593408193247471,99722990.93333334,53164987.733333334,11529011.2,41416704.0,42258432.0,17238152.533333335,72410726.4,39532680.53333333,9524019.2,46977024.0,2972057.6,9311027.2,61.958,102.77816666666666,3.5366333333333335,302.907,3.346433333333333,51.72723333333333,3.269966666666667,579.544,75.9677,28.6896,0.0047420840900364485,0.005514043865210553,0.04838462474212377,0.004759353423323671,0.004600000000000001,0.228276762264857,0.004600000000000001,0.004820145026843904,0.009586628973614238,0.004645605494678636,0.0
1685203890,99.42522656232224,5.582294458667394,1.9882929745645905,8.22255511296122,1.0332562182316596,18.406784355688448,7.685847747230865,0.4601984756898468,12.683591306927209,6.717330903859547,0.644907208697692,1.6017670555801886,99781563.73333333,53166080.0,11640695.466666667,41404689.06666667,42258705.06666667,17313928.533333335,72435712.0,39949380.266666666,9809646.933333334,46977024.0,3079782.4,9396770.133333333,61.37513333333333,113.06693333333332,4.598133333333333,331.4009666666667,4.398666666666667,55.167566666666666,4.532933333333333,616.8946333333333,80.48103333333333,34.80826666666667,0.004738602595462442,0.00600303057441438,0.04781002704717044,0.004755611201880891,0.004600000000000001,0.2282270415200271,0.004600000000000001,0.004810006321590818,0.009568214281499062,0.004634449460552083,0.0
1685203920,95.65377963252287,5.603796283378148,1.8783630176447714,8.173156609650144,1.042247962292302,18.872270945397005,7.791948250793867,0.4390534032168562,12.616158313133464,6.687814351226525,0.6548088950695353,1.6385814298330117,99868672.0,53170995.2,11428386.133333333,39893538.13333333,42266214.4,17585493.333333332,72445952.0,39684369.06666667,9510775.466666667,46977024.0,3003323.7333333334,9365504.0,57.91283333333333,105.18786666666666,4.265866666666667,314.0545333333333,4.1339999999999995,52.15926666666667,4.133333333333334,584.9730333333333,76.37856666666667,33.0627,0.00469095425349722,0.005658981884475398,0.04854738494124437,0.004731465793584642,0.004600000000000001,0.22724883906191623,0.00460375,0.004819189589935744,0.009466550245284533,0.0046583836665749,0.0
1685203950,97.81434499189466,5.456070046763585,2.029459544690435,8.391254268701157,1.0722601340797362,18.447472707182076,7.6366039619897315,0.46794211988809925,12.013811058769269,6.741087377305427,0.6335544023536932,1.6212478916531292,100016537.6,53173179.733333334,11565056.0,41922833.06666667,42269354.666666664,17762440.533333335,72483635.2,40287846.4,9463534.933333334,46977024.0,3186278.4,9449062.4,62.403999999999996,108.86486666666666,4.066933333333333,318.3446666666667,4.533600000000001,53.733333333333334,4.133333333333334,589.2167666666667,75.19,31.3951,0.004708801610370619,0.006107856807267684,0.04963156638700117,0.004765692781781639,0.004600000000000001,0.23339148692787187,0.004660230517868262,0.004894541465794296,0.009651843077517213,0.004680725230740176,0.0
1685203980,100.0005156899619,5.152410378323279,1.9663270640385906,8.15567622479896,0.9440128972158255,17.966259996244887,7.446741937619565,0.4354340701502314,12.043307955051764,6.279402400959854,0.6100858135715761,1.5915575919079048,101363029.33333333,53172633.6,11514538.666666666,39655424.0,42260070.4,17210163.2,72527872.0,40346828.8,9480874.666666666,46980983.46666667,3103266.1333333333,9286587.733333332,65.48623333333333,107.2,3.466666666666667,335.9949666666667,3.533333333333333,55.57586666666667,3.533333333333333,590.8595666666666,73.57246666666667,30.013033333333333,0.004791250748568005,0.007468668685703744,0.04948930739640004,0.004834321619351488,0.004600000000000001,0.24262446158635717,0.004747554073727489,0.00507168677899869,0.010257919187121708,0.004651800389064109,0.0
1685204010,97.08253892771005,5.921922472618961,1.6851280757217633,8.191118072575836,0.9788948694281239,17.863453952039077,7.498356020784347,0.42682157753307504,11.810907536185725,6.392425287207808,0.6278929569781629,1.4379251352817561,101540113.06666666,53241446.4,11599462.4,40559411.2,42263893.333333336,17116364.8,72543709.86666666,40416324.266666666,9666833.066666666,46979481.6,3102583.466666667,9377792.0,56.73286666666667,101.31953333333333,3.933066666666667,299.5357666666667,3.7333333333333334,50.53333333333333,3.6,587.3723333333332,77.38226666666667,30.2627,0.004781177983962261,0.007264434891494918,0.04915741612111293,0.004834763938098971,0.004600000000000001,0.2377930837071897,0.004757091407837039,0.005033878546786873,0.010203236031463503,0.004637706133869639,0.0
1685204040,96.50545057505796,6.697748888999407,1.672029126703251,8.155084064188545,0.9761196464602361,18.82400752584314,7.601709995647545,0.4468058403851077,12.769982774383061,6.329107106742312,0.6413547369637944,1.596121560250871,101436620.8,53256192.0,11491601.066666666,39156121.6,42265258.666666664,17116364.8,72544256.0,40239240.53333333,9558698.666666666,46981120.0,3047560.533333333,9335603.2,58.40403333333334,97.66746666666667,4.0004,299.02213333333333,3.533733333333333,50.776666666666664,3.3337333333333334,552.5345333333333,72.66666666666667,27.667466666666666,0.0046850641679989724,0.004989196611689486,0.048527652692834496,0.004712861139217314,0.004600000000000001,0.2195482517051884,0.004668935164368778,0.004792429627161052,0.00949648350523605,0.004642184874128404,0.0
1685204070,98.96386818090242,5.766683925135321,1.8425419567309342,7.733041090802123,0.9826650922547082,18.768534138722732,7.4736881723090525,0.4416358593118657,12.05897565426931,6.526352706568248,0.6211612003684618,1.5531213960746137,99946769.06666666,53326370.13333333,11417053.866666667,39614873.6,42264439.46666667,17068851.2,72547942.4,40540023.46666667,9543953.066666666,46978525.86666667,2970146.1333333333,9351031.466666667,61.2,104.0,3.6666666666666665,297.07633333333337,3.4732666666666665,53.7201,3.4002666666666665,572.8,74.4,29.533333333333335,0.004694910224106432,0.004939720916306892,0.048024980223158376,0.004696920209655347,0.004600000000000001,0.21867871132022615,0.0046166288144603934,0.0047745507282045555,0.009493689542169902,0.0046439088657978115,0.0
1685204100,99.39967895268539,5.224631290732663,1.6503855217671923,8.359777966818532,0.9820568088877676,18.52357819762171,7.820764952618202,0.39689881591003023,12.04907271372599,6.608854722118357,0.6388604476754949,1.5076685009825819,99427942.4,53203217.06666667,11565465.6,39198310.4,42270173.86666667,17399944.533333335,72548352.0,40481314.13333333,9558971.733333332,46977024.0,3066675.2,9246446.933333334,66.32696666666666,117.0905,4.8,355.9755666666667,4.466933333333333,58.4,4.530966666666667,655.9265666666666,81.72656666666667,34.266666666666666,0.004724892092128923,0.005450709870805911,0.04880070634999311,0.004721020523096734,0.004600000000000001,0.22663048033218927,0.004666352049825185,0.004829253773332643,0.009651759762311644,0.004640684679406074,0.0
1685204130,97.58380560127381,5.720736790079429,2.027106913364093,8.4216710102155,1.0548840438652092,18.13957674009309,7.6763903014702635,0.4478607822579129,12.68562824612822,6.571757443363799,0.6152988947012017,1.6713571323843341,99318169.6,53232981.333333336,11578709.333333334,40622080.0,42352776.53333333,16992665.6,72548352.0,40873574.4,9564160.0,46978525.86666667,2966050.1333333333,9216819.2,56.192233333333334,96.40473333333333,4.064166666666667,298.7554,3.9170000000000003,51.110933333333335,4.0648333333333335,546.3529333333333,72.19353333333333,30.522966666666665,0.004679696781110687,0.005410134832831261,0.049316292969131835,0.004711383675873582,0.004600000000000001,0.22650440403344724,0.004750395311534158,0.004837972649657992,0.009579551945235989,0.004645846924917129,0.0
1685204160,96.40641398235019,6.273157796975629,2.029714671326384,8.072086829891397,1.00706393690867,19.042361254458747,7.875202357858253,0.5226072402155323,12.182626554658805,6.601764620482859,0.6677105987312575,1.5704039127448453,99199931.73333333,53291827.2,11499929.6,39687782.4,42297207.46666667,17139438.933333334,72560640.0,37317290.666666664,9689770.666666666,46977979.733333334,2970555.7333333334,9403050.666666666,64.92286666666666,106.18446666666667,3.1325333333333334,305.74106666666665,3.3304,54.774833333333326,3.3996333333333335,596.3748333333333,75.9192,28.898000000000003,0.004660482089891114,0.00625775330218449,0.04912307659339041,0.004736389692519469,0.004600000000000001,0.22859824098976225,0.00469238156436513,0.004862978631935507,0.009648417580795357,0.0046497271730812535,0.0
1685204190,96.12810623258,5.335685181105825,1.768582816477762,8.004208412965388,0.9564236248126536,17.55625616008205,7.784905931326681,0.5140843452884143,12.479862119957215,6.6738218865175885,0.6460735280911375,1.633474724116814,102334600.53333333,53257011.2,11596595.2,39561625.6,42267989.333333336,17176439.466666665,72611157.33333333,35356262.4,9434999.466666667,46978116.266666666,2967142.4,9311982.933333334,57.6439,97.90079999999999,3.8979,305.16273333333334,3.696633333333333,52.98673333333333,3.494133333333333,567.1310666666667,72.50073333333333,29.657233333333334,0.004714548400543226,0.007639321851745367,0.04827454845217582,0.004811373309939912,0.004600000000000001,0.23977126311273295,0.00463266109105818,0.004949086854221426,0.009860509201785626,0.004647754633594706,0.0
1685204220,96.53289377894434,5.476631086052411,1.7870042381068343,8.014193239025003,1.038021031279118,18.28588811853834,7.672816968381513,0.40691295196637084,12.413502510435677,6.463229069520766,0.6778470550989222,1.6430034185630462,103216332.8,53249092.266666666,11530240.0,41063492.266666666,42268262.4,16924672.0,72617984.0,35465489.06666667,9586824.533333333,46977024.0,3023530.6666666665,9353625.6,58.140633333333334,99.92689999999999,3.8365,314.7993666666667,3.9722333333333335,48.80773333333333,4.168566666666667,563.8273,76.4285,30.7629,0.004697616973824536,0.00607528084229968,0.04760721630453332,0.004779137040803813,0.004600000000000001,0.23445375591178721,0.004654435556618234,0.004906083606268869,0.009718257797393036,0.004648517305855836,0.0
1685204250,97.85249560926482,5.4138735848642145,1.7522765763040729,8.30845342339786,0.9653213641288044,18.582405779042883,7.631765162598312,0.44417370774161324,12.243910666965606,6.481937274976535,0.607250000759879,1.518142388528132,103318869.33333333,53230250.666666664,11486958.933333334,39115980.8,42293657.6,17013964.8,72617984.0,35618816.0,9661098.666666666,46977024.0,3037320.533333333,9332872.533333333,64.1138,106.11596666666667,2.1329333333333333,319.48176666666666,2.7281,52.09563333333333,2.8668,591.8765333333333,74.1117,29.26386666666667,0.004671640084829936,0.005778869898892323,0.0480919821167926,0.004734519666573603,0.004600000000000001,0.22890029662561076,0.0046630346298219055,0.004853974171516174,0.009744830778222947,0.004682909993630677,0.0
1685204280,97.61929795443449,5.648099775979996,1.5404138341482698,8.090543970566737,0.9685628462718114,18.371531151861127,7.45672646414365,0.4029566116170526,11.595049931430475,6.496611981407873,0.6064823581156403,1.5124315257488494,103295931.73333333,53370333.86666667,11204881.066666666,41005192.53333333,42318643.2,17022976.0,72617984.0,35148731.733333334,9308979.2,46979754.666666664,2986530.1333333333,9425715.2,61.333333333333336,100.77983333333333,3.533333333333333,316.93333333333334,3.7333333333333334,53.06666666666667,3.533866666666667,579.4723,74.20563333333332,29.80186666666667,0.00468504983113328,0.006741715504307826,0.04868462004024398,0.0047481643850534475,0.004600000000000001,0.22932607064296015,0.004643145548002634,0.004866352088096067,0.009842729854320307,0.004693243323502174,0.0
1685204310,98.3295724831289,6.518442789522811,1.6759052907744858,8.27347267917333,0.9344438337825147,18.52444571785032,7.707649625425097,0.386369984393132,12.380378233331976,6.5862969408792,0.6409204112953983,1.5642833226381903,103160627.2,53402282.666666664,11636053.333333334,40895556.266666666,42285465.6,17183948.8,72622353.06666666,35033770.666666664,9871360.0,46977024.0,3019161.6,9413427.2,58.676766666666666,103.42506666666667,3.1995999999999998,310.30446666666666,3.3994666666666666,51.3862,3.1994666666666665,587.3334333333333,78.37723333333334,28.8946,0.004649011900123333,0.005223767963976737,0.048546906484988356,0.0046868860238465666,0.004600000000000001,0.217184289115952,0.004645344058903996,0.0047842536462442105,0.009474585692674625,0.004645383404750583,0.0
1685204340,99.99608301303103,6.2174884435439095,1.7027155945782284,8.15684901812643,0.9430206698562992,19.434276684097895,7.78907950602539,0.4235534760599597,12.554994430675263,6.437235187887323,0.6466558805780668,1.5945679478216472,103014400.0,53234210.13333333,11734630.4,40746461.86666667,42270720.0,17186133.333333332,72628224.0,35161429.333333336,9579724.8,46980710.4,3023667.2,9232384.0,65.0,104.46076666666666,2.933333333333333,331.2,3.2569999999999997,52.935633333333335,3.4673666666666665,591.1333333333333,74.6,28.133333333333333,0.004658263583378159,0.004959803315576646,0.0483388527873588,0.0046742826545353895,0.004600000000000001,0.21665924507218123,0.004664980893146482,0.004770449271137584,0.009383551502854276,0.00463527428677569,0.0
1685204370,96.4303989945667,5.603067825221183,1.7335911630629657,8.223509779182445,1.0109791926616118,18.099573261860996,7.699094454561489,0.4407676530890413,11.58405951635736,6.4976536999399475,0.6450952753343933,1.5242758128864538,103112157.86666666,53255918.93333333,11646566.4,39800558.93333333,42271948.8,17029529.6,72654028.8,35543995.733333334,9327684.266666668,46977160.53333333,3003187.2,9288772.266666668,59.7414,96.60753333333334,2.933333333333333,326.7602,3.2666666666666666,48.08023333333333,2.933333333333333,555.1156,70.1398,26.067733333333333,0.004698938784310764,0.0053596116537601305,0.048811632237107015,0.004725996132945198,0.004600000000000001,0.22528684324598372,0.004634704831751697,0.004828180219127459,0.00958767672481331,0.004633775610256105,0.0
1685204400,99.99883645114214,4.8679302199674135,1.6617055691503773,8.07245107848935,0.9627508506013166,17.86253216931122,7.669449628061171,0.39647789580776305,11.481569964912495,6.176243014663155,0.592333570592755,1.5332088612422219,103490218.66666667,53229158.4,11418009.6,40181350.4,42271675.733333334,17003315.2,72719018.66666667,35462348.8,9407283.2,46978935.46666667,3021755.7333333334,9379293.866666667,51.65526666666666,88.82143333333333,4.465066666666667,281.06603333333334,4.3357,50.68776666666667,3.5987999999999998,511.1044,68.86753333333333,29.732533333333333,0.004763181243933488,0.028177017911380896,0.04971245702117376,0.00487428489882087,0.004603636363636364,0.31410603093915707,0.004601212121212121,0.005581665794085575,0.014295232258048334,0.004634385929851019,0.0
1685204430,98.42510086037824,5.483211942252406,1.7225237221936986,7.749963574789854,0.976702131785766,17.560308880292567,7.3642823162039655,0.44310656921297026,11.22583353801817,5.910511145155866,0.5912644097201214,1.4952477879899277,103600128.0,53274214.4,11523140.266666668,39689011.2,42274679.46666667,17102711.466666665,72843673.6,35756987.733333334,9525794.133333333,46977024.0,2989260.8,9382024.533333333,57.78576666666667,94.72756666666666,3.3359,307.9488333333333,3.3356333333333335,49.572466666666664,3.2691000000000003,538.2409,70.97893333333333,27.3577,0.004755130358978089,0.020340347421716844,0.05130438452288211,0.004883228707071423,0.004635572044761961,0.33694055588922045,0.004633026590216505,0.005804300739884685,0.0154046720407007,0.004638004367816443,0.0
1685204460,97.64177763666042,5.542457591039556,1.6571676503077772,8.269220135249025,1.003293369483828,17.496057885015205,7.4198464389775625,0.4285875448717179,11.542682563673111,6.271345161910205,0.6143229105115842,1.436956474772351,103548654.93333334,53245269.333333336,11550583.466666667,39555481.6,42274816.0,17323212.8,72849954.13333334,35544541.86666667,9638570.666666666,46977024.0,3040597.3333333335,9473092.266666668,57.927,98.1042,4.066133333333333,337.1696333333333,4.4562333333333335,49.988166666666665,4.332400000000001,527.5008333333333,70.0538,28.610433333333333,0.004777093186533881,0.009072081637683633,0.04877840271787655,0.004859419712109005,0.00463042021282668,0.2569781544115347,0.004634947454916176,0.005413296646818555,0.012125250122806791,0.004650279920496008,0.0
1685204490,95.44516932157349,5.333517167841767,1.764134421750449,8.0223499563135,0.9989141703353124,17.430677833007184,7.611198132820165,0.4240804053286737,11.29647368330521,6.23034724776799,0.6139080380720034,1.4603736497592215,103600128.0,53245815.46666667,11407769.6,40490871.46666667,42285738.666666664,17200878.933333334,72853367.46666667,35284172.8,9451246.933333334,46980983.46666667,2967142.4,9484014.933333334,57.79646666666667,104.14983333333333,4.065333333333333,327.4859666666667,4.465599999999999,52.44216666666667,4.532,557.1458666666666,73.2561,31.328033333333334,0.004812709824647715,0.008650099380888976,0.048356370822351384,0.0048556890368672756,0.004600000000000001,0.24436968938868178,0.004601100917431193,0.005277919819701491,0.010825804135589345,0.004647002427209174,0.0
1685204520,98.89332738148435,5.761914866982985,1.8737838238419697,8.413107454496135,1.010528716797612,18.396811391959865,7.65324621001381,0.4108370715595703,11.61683543639911,6.45900840060092,0.6336176014911284,1.5386276701592694,103784994.13333334,53257557.333333336,11480541.866666667,39416490.666666664,42283008.0,17225045.333333332,72862651.73333333,35487744.0,9775786.666666666,46978389.333333336,2963182.933333333,9370555.733333332,55.39123333333334,94.14783333333334,3.466666666666667,296.7069666666667,3.6,50.62923333333333,3.332533333333333,550.7780666666666,73.29833333333333,27.542733333333334,0.004816814659876257,0.00783916216397523,0.0489564590318271,0.004807350783668427,0.004600000000000001,0.23821648964992861,0.004629279249046327,0.004970826086329213,0.01055290364618522,0.004633853220913816,0.0
1685204550,98.97505691978263,5.98456374636947,1.7476935868388732,8.233046734865958,0.9273769999645147,18.442054430663685,7.726022931991924,0.43099954505295696,12.315208062226212,6.572022983415901,0.625200279374753,1.5477456367614646,103877836.8,53282952.53333333,11531605.333333334,39496362.666666664,42274816.0,17323076.266666666,72863744.0,35584136.53333333,9348437.333333334,46977024.0,2967005.8666666667,9361408.0,59.591433333333335,104.00996666666667,3.933066666666667,315.1663,3.7317666666666667,51.6,3.9322999999999997,589.0766333333333,78.1777,31.130533333333336,0.00475985224467508,0.0070621499541103335,0.04922408775678668,0.004780749089069564,0.004600000000000001,0.23434710721737206,0.004666260877471647,0.0048759929336384044,0.009848572501113928,0.004637219397653389,0.0
1685204580,96.98366610145803,6.257658155174631,1.8036440230107549,8.138221162625394,1.0152972883560707,18.31438304672597,7.7523742172613765,0.42621799364302,12.7117951480143,6.715198455373256,0.6628732610010164,1.6540604069111429,103692288.0,53284317.86666667,11591680.0,39438199.46666667,42275771.733333334,17180535.466666665,72863744.0,35612262.4,9709158.4,46977024.0,3008921.6,9451929.6,57.619400000000006,100.08643333333333,4.4007,303.2026333333333,4.5358,51.589166666666664,4.400933333333333,568.0453666666667,73.725,31.696833333333334,0.004677665401117598,0.0056810618712182775,0.048279735833230954,0.004723569309365927,0.004600000000000001,0.22631673671899402,0.004692321300715752,0.004831586431547628,0.009498742272436272,0.00464867977961012,0.0
1685204610,98.43757863454512,5.330547933417274,1.6959105699868358,8.317771324010097,0.9898332381088006,18.08402504969,7.664958077245155,0.4414571558102374,12.390984223808386,6.486594541280174,0.6398036284354661,1.5819399667956384,103601220.26666667,53265749.333333336,11338956.8,39202679.46666667,42277000.53333333,16925491.2,72863744.0,35508087.46666667,9560883.2,46977024.0,2993356.8,9349529.6,55.6519,90.42196666666668,2.932533333333333,292.0446,2.7272666666666665,48.3876,2.3333333333333335,539.5541666666667,70.5808,25.459566666666667,0.004676547529095281,0.006544087021013501,0.04798041617410606,0.004729900880857337,0.004600000000000001,0.2278696575721144,0.004706590648788752,0.004855261225682107,0.009594985494351813,0.004641356339781329,0.0
1685204640,99.99803895914678,5.881424957836088,1.5112697576472238,8.413321801074686,0.9836214476140719,18.818050425075278,7.545220304336636,0.3881192834826669,12.49420703308875,6.563335450325027,0.6387611907653513,1.4735827454911943,102182775.46666667,53292919.46666667,11335406.933333334,40112128.0,42276727.46666667,17689531.733333334,72867566.93333334,35287859.2,9455752.533333333,46978252.8,3052612.2666666666,9439095.466666667,57.55716666666667,101.47683333333333,2.8666666666666667,319.95123333333333,3.190366666666667,52.033166666666666,3.2666666666666666,575.7451666666667,75.95599999999999,30.011533333333333,0.004697901794675894,0.006707913767958685,0.0487579054125296,0.004737586242890795,0.004600000000000001,0.22752192040564526,0.004647699795218912,0.004862106257414239,0.009653694974000308,0.00463560893863511,0.0
1685204670,98.40311806642303,5.627786083045587,1.6657019378429976,8.229797836444542,0.9316470507084696,18.09395163683878,7.575592647652183,0.4010089892461278,12.304828994708812,6.344153335587061,0.6175684132684823,1.5826097015400875,100712038.4,53247180.8,11729032.533333333,40172202.666666664,42390596.266666666,17562009.6,72872755.2,35314756.266666666,9882419.2,46977433.6,3065719.466666667,9224601.6,61.0775,103.61073333333334,4.0677666666666665,311.10563333333334,3.8740666666666663,50.66743333333333,3.8676000000000004,573.8951666666667,78.21096666666668,29.27316666666667,0.004771473025143275,0.007268882460912344,0.055685734621815336,0.004770333330828881,0.004600000000000001,0.2339804280637104,0.004655364305442924,0.0050004726616975186,0.010000993525324912,0.0046419840430079575,0.0
1685204700,98.92498411416439,5.1861432370423595,1.9059983126354147,7.843617358874521,0.9576524278686424,17.7987673206919,7.71719766879457,0.4194973191311837,11.572198569878841,6.400283566577417,0.6227961504619033,1.5001387089998142,100716544.0,53261653.333333336,11519180.8,39684915.2,42877201.06666667,17418240.0,72880401.06666666,35521331.2,9740288.0,46977024.0,3005644.8,9382434.133333333,57.9238,99.19789999999999,3.7989333333333333,322.4254,3.7941,50.497,4.0656,568.3557666666667,73.98243333333333,31.064566666666668,0.00482548630676954,0.009128933708380027,0.05215752197769741,0.004845271697338516,0.0046030508474576275,0.24985118271841447,0.0046756639792573185,0.00543939831461392,0.01121233426096071,0.004635731005885118,0.0
1685204730,98.80927033145886,5.530796785600673,1.8322679249081488,8.095196625068668,1.059781603531937,17.711758178917822,7.726119201944143,0.4170510702003899,12.144456645215056,6.415524258630113,0.6274624390298392,1.5806357775860882,100716544.0,53278720.0,11711010.133333333,39312042.666666664,42281506.13333333,17253717.333333332,72888320.0,35161292.8,9293414.4,46977024.0,3047833.6,9241531.733333332,62.753233333333334,102.34376666666667,2.867366666666667,323.31566666666663,3.118,52.675333333333334,3.529733333333333,574.0970666666667,75.41673333333333,30.338766666666668,0.004815919904431985,0.009483191669763394,0.04899459887443467,0.00484218001021213,0.004631811923308882,0.27173190188677065,0.00467469904931185,0.00546837547104691,0.013057821329399026,0.0046420234622681225,0.0
1685204760,99.30494443658816,5.8354842890478675,1.5813336696796803,7.961525964306632,1.01386735013175,18.032552587869922,7.578747378154697,0.4302298119927289,12.319822726107809,6.155431568281797,0.6393343482609697,1.560028725333438,100619059.2,53309576.53333333,11662131.2,39454173.86666667,42341171.2,17441996.8,72892416.0,35214540.8,9564160.0,46977024.0,3001548.8,9477324.8,55.32706666666666,93.7035,3.0672,309.3045,3.1250333333333336,50.3237,2.9349333333333334,552.1080999999999,72.39450000000001,28.735133333333334,0.004724673852038639,0.006812780381701031,0.04863775612225716,0.004730866402892531,0.004630696035376195,0.22868854797019847,0.0046611430241383246,0.00484282210694985,0.00967491282963065,0.00464463212746371,0.0
1685204790,95.97732321699311,6.212336983368651,1.6761810848652814,8.3866035012599,0.9546525823973628,19.1518483984709,7.6902262985233865,0.4091346887520306,12.752413734126938,6.571962562763275,0.6318815530331491,1.5392818841406954,100054747.42857143,53325824.0,11472896.0,40284745.14285714,42280960.0,17341001.14285714,72900608.0,35296402.28571428,9483410.285714285,46977024.0,2967405.714285714,9553042.285714285,59.724642857142854,104.92975,5.286321428571428,317.48225,4.873607142857144,53.08692857142857,5.002321428571428,591.1358214285714,76.57817857142857,31.684285714285714,0.0046426580281401985,0.004942458124915457,0.04879553805982077,0.0046765121123622435,0.0046,0.2173753176073881,0.004601428571428571,0.004753289036101755,0.009337067258362461,0.004632986852281695,0.0
