time,adservice_cpu,cartservice_cpu,checkoutservice_cpu,currencyservice_cpu,emailservice_cpu,frontend_cpu,main_cpu,paymentservice_cpu,productcatalogservice_cpu,recommendationservice_cpu,redis_cpu,shippingservice_cpu,adservice_mem,cartservice_mem,checkoutservice_mem,currencyservice_mem,emailservice_mem,frontend_mem,main_mem,paymentservice_mem,productcatalogservice_mem,recommendationservice_mem,redis_mem,shippingservice_mem,adservice_load,cartservice_load,checkoutservice_load,currencyservice_load,emailservice_load,frontend_load,paymentservice_load,productcatalogservice_load,recommendationservice_load,shippingservice_load,adservice_latency,cartservice_latency,checkoutservice_latency,currencyservice_latency,emailservice_latency,frontend_latency,paymentservice_latency,productcatalogservice_latency,recommendationservice_latency,shippingservice_latency,frontend_error
1685258010,3.4244526485353255,5.795976302165895,1.0251678944988039,18.768191877156887,0.8784482689695721,15.101417110467857,18.623148180449736,1.1109558766176364,11.65715868976981,10.900118855324575,0.29290190362742496,0.9603744579851609,101281792.0,59043840.0,12226560.0,39358464.0,42663936.0,23576576.0,132784128.0,35987456.0,9900032.0,50298880.0,3145728.0,9560064.0,28.0,88.0,0.0,214.0,0.0,24.0,0.0,342.0,52.0,36.0,0.07224242424242425,0.17964462908779819,0.47258064516129034,0.18588278298057856,0.0046,3.589798850574713,0.03500000000000002,0.17939362903370973,0.2308433734939759,0.0441510263295918,0.0
1685258040,3.68136300044904,5.799718485594259,1.0407582852543888,18.8629650590022,0.83747023971944,18.353421715524213,17.886381582714915,2.058387118781886,12.183822683972402,12.440878712199892,0.2868578835118563,0.8852948467880946,101275238.4,59050393.6,12033228.8,38897664.0,42663936.0,24602760.533333335,132784128.0,35625506.13333333,9848149.333333334,50298880.0,3093299.2,9416021.333333334,44.8,63.670700000000004,3.6666666666666665,209.53333333333333,3.8,36.23836666666667,4.066666666666666,385.93333333333334,52.266666666666666,21.2,0.07657535956667322,0.1812574316893178,0.5302117356935905,0.19181125025739135,0.004636616711954019,3.899328003995055,0.03479669127169128,0.1887070630890008,0.22789627921957564,0.0460666973884119,0.0
1685258070,3.3558291321226665,6.694828482518015,1.122352549651823,19.51781533891973,0.8487522533086737,18.621167844328674,18.126700866933465,1.6445855493072457,10.838094450722561,12.419614331626414,0.2781810140302713,0.9711598052012673,101229363.2,59076608.0,11985578.666666666,38790075.733333334,42663936.0,25155310.933333334,132795596.8,35872768.0,10045986.133333333,50349943.46666667,3073774.933333333,9551872.0,39.8,66.93333333333334,3.0,215.66666666666666,2.8,32.28026666666667,2.7333333333333334,385.8666666666667,54.46666666666667,22.733333333333334,0.08771407044589243,0.17633015888935857,0.7753412698412698,0.1959348733887695,0.004649769243603104,4.061669958530399,0.036301767676767675,0.19443845974240706,0.22534465508495888,0.04950868351724734,0.0
1685258100,2.868369897476981,6.7764810216793485,1.2233209011300425,19.97277394988459,0.8740274344890822,18.99845183291921,17.66667011796182,1.2303592077568466,10.605305142538729,12.379845159140679,0.27416174300694757,0.9396633311143513,101276467.2,59037559.46666667,12192972.8,38672384.0,42665437.86666667,26050150.4,132812800.0,36265437.86666667,10143744.0,50298880.0,3140403.2,9350348.8,30.533333333333335,58.2,2.066666666666667,194.06666666666666,2.066666666666667,33.06666666666667,1.9333333333333333,345.8666666666667,41.46666666666667,17.6,0.09207029338818694,0.19170959048081124,0.8250641534391535,0.20552064144760446,0.004611766038513027,4.281203922904216,0.03419280372405373,0.1996978889042142,0.22925686076083837,0.047728747953002845,0.0
1685258130,2.9064556025572017,5.366678092612104,1.2574317392964671,17.522180872691667,0.839564334524307,17.710431330926372,16.910875477684097,1.5321430385149246,11.635903347986053,12.244294939770542,0.2933703589199704,0.9931902921682314,101262950.4,58952908.8,12294826.666666666,39071607.46666667,42664072.53333333,23934429.866666667,132812800.0,36018176.0,10194124.8,50298880.0,3090841.6,9478553.6,57.692233333333334,96.2,4.4,295.47653333333335,3.933333333333333,49.90976666666666,4.4643,506.5221,70.5221,29.133333333333333,0.08374599021282601,0.30136014456402194,0.7274514189514191,0.1932032290747496,0.004600000000000001,4.021723846033174,0.02721455133717905,0.18447264590157322,0.22892227548499972,0.04432719763649653,0.0
1685258160,1.8729334601187437,4.8370202779402485,1.5567727686379935,11.235883503579538,0.9193980516118325,17.036921024193052,10.45783574356476,0.9673417785609435,10.16926572305606,8.80707115013998,0.4617925832704314,1.3105393371417626,101145258.66666667,58955366.4,12148326.4,38916096.0,42663936.0,22384230.4,132812800.0,35624004.266666666,9939353.6,50299835.733333334,3081284.2666666666,9532893.866666667,57.0,100.46666666666667,4.333333333333333,310.73333333333335,4.4,53.4,4.133333333333334,568.8,76.06666666666666,31.8,0.04235914807267897,0.28715954168888796,0.5254559676434677,0.10389806907112414,0.004600000000000001,2.4024239116669746,0.015828785911546236,0.09177687241519729,0.1597307524059738,0.02659887424197466,0.0
1685258190,1.6074037850136553,5.331020353977258,1.7362066834749503,7.824748600257057,0.969376349660547,18.434513646361996,7.904907964534322,0.4563753054695597,9.971822264843118,6.65784917493634,0.5499425743442811,1.3975391604980778,101147170.13333334,58959052.8,12247859.2,40077312.0,42665164.8,22132326.4,132812800.0,35723264.0,9952051.2,50299562.666666664,3061623.466666667,9657002.666666666,56.6,92.93333333333334,3.6666666666666665,298.6,4.0,52.6,3.8666666666666667,515.9333333333333,68.73333333333333,25.466666666666665,0.005132172230022635,0.020788714221374047,0.07502706639800884,0.007657595033164256,0.004600000000000001,0.40108582597168463,0.004670609508750264,0.006131795893223927,0.014114838005072638,0.004762957768233864,0.0
1685258220,2.0076500737199674,5.846406965475483,1.3615261549693374,10.55181231277108,0.8571103342167706,18.40136797838308,9.647916146133522,0.540920237911499,10.927317688927298,7.612149247243377,0.520632214883012,1.2842655523499826,101524275.2,59021721.6,12172765.866666667,40291532.8,42664891.733333334,23526331.733333334,132812800.0,35977216.0,10006664.533333333,50347622.4,3090705.066666667,9335330.133333333,39.46666666666667,75.66666666666667,2.533333333333333,214.26666666666668,2.2,35.53333333333333,2.466666666666667,406.1333333333333,59.13333333333333,20.2,0.017910356604331188,0.04758813376152078,0.17676622400167796,0.03833139177037273,0.004600000000000001,0.9444076996789249,0.010950585115911784,0.04202497918739689,0.06677978003467812,0.011102567275961704,0.0
1685258250,2.7643732114631026,6.715264145674584,1.2141712578889456,15.78944177026609,0.8624630667467207,18.248193726822738,15.882324118660279,1.0583586615353229,11.614266510620753,12.293481542016995,0.34102047058881346,0.993937922259571,101548032.0,59049164.8,12289638.4,39339212.8,42663936.0,25309457.066666666,132819626.66666667,35995101.86666667,9913412.266666668,50323456.0,3040733.8666666667,9419980.8,41.733333333333334,66.2,2.2666666666666666,197.13333333333333,2.6666666666666665,38.733333333333334,2.8666666666666667,373.3333333333333,45.0,18.666666666666668,0.06242159109690559,0.12348340668975233,0.43153076463560336,0.16797235025773072,0.004600000000000001,3.4178217558907087,0.031271326754385965,0.1779868089142196,0.20205071447200437,0.037784623376248404,0.0
1685258280,3.0662772965556213,7.235728316505683,1.1093463826004,19.25040754986837,0.8505537442777428,17.998838703194522,18.12300459629049,1.6416409202727358,11.453300373119278,13.57540270026534,0.2829933056978096,0.8828665709261284,101636778.66666667,59091353.6,12079104.0,38840046.93333333,42663936.0,25291571.2,132836556.8,35717666.13333333,10159308.8,50328371.2,3078007.466666667,9527842.133333333,44.0,64.93333333333334,2.1333333333333333,194.33333333333334,2.533333333333333,35.0,2.533866666666667,372.6728333333333,49.006166666666665,18.133333333333333,0.08897842680075631,0.16453365096297853,0.4696511645949168,0.20826679344527385,0.004600000000000001,4.241020939623077,0.04512433862433862,0.21182142328006523,0.22794258944028314,0.04613792275643082,0.0
1685258310,3.537558834555789,7.510074975524599,1.071561217034545,18.297623030785825,0.8411947126540128,18.309307278218412,19.616068208854298,1.8648989741566797,10.098549768272976,13.339436641260614,0.2926436339022086,0.9103337870090658,101653162.66666667,59101184.0,12257143.466666667,38870493.86666667,42663936.0,25090730.666666668,132837376.0,35945267.2,10011989.333333334,50356906.666666664,3195835.7333333334,9440324.266666668,38.666666666666664,64.0,2.066666666666667,210.53333333333333,2.0,34.2,2.3333333333333335,366.46666666666664,50.06666666666667,18.6,0.08759336811344642,0.16334608419827004,0.4851988316022578,0.2004572143522641,0.004600000000000001,4.066801548931353,0.04471071428571427,0.20562171276183402,0.23007045250155625,0.04698886797238413,0.0
1685258340,4.319048555949024,7.267353469721543,1.1034873719261704,18.90854568354315,0.85851177769187,18.401000507817233,19.95348400073307,2.12521455628361,11.441735618267192,13.802600881111852,0.2886347528690798,0.9509578794830562,101658624.0,59185288.53333333,12032409.6,38878549.333333336,42684962.13333333,24993655.466666665,132837376.0,36065553.06666667,10015539.2,50336153.6,3065173.3333333335,9589964.8,38.9894,66.53333333333333,3.0,206.26666666666668,3.2008,35.6,2.8666666666666667,350.46666666666664,50.333333333333336,19.866666666666667,0.08650487907290262,0.1700917863470197,0.5026269666720518,0.20263111998051567,0.004600000000000001,3.8993861447125453,0.03923055555555555,0.20441418557728921,0.2294609384226364,0.05233872097505866,0.0
1685258370,3.807570638265628,7.002566254080899,1.2077616075132929,17.50195623490574,0.8397768168754325,18.398865046253775,18.599691574012617,1.588873206737884,11.642458450137667,14.099238686130855,0.28232661211026094,0.9297091301957313,101605785.6,59142144.0,12034321.066666666,38602478.93333333,42663936.0,24982732.8,132861132.8,36232806.4,10293930.666666666,50298880.0,3117602.1333333333,9534122.666666666,36.1042,73.41636666666666,4.7935,209.78893333333332,4.0,31.533333333333335,4.466666666666667,371.28183333333334,50.62766666666666,26.681333333333335,0.08736006219905894,0.1795627154670327,0.6102557384172022,0.21031240335522808,0.004600000000000001,4.224768650314706,0.040076794039294046,0.20828101190798495,0.2309842194192239,0.05341055784310651,0.0
1685258400,3.269683778935508,5.446963711336957,1.2226123477689939,17.551420680290253,0.9373603582788079,18.028615502039738,18.311847018847608,1.37616241183463,12.343496059994246,13.173071024062958,0.28074800006298956,0.9677155440698696,101162188.8,59009433.6,12260829.866666667,38850013.86666667,42856584.53333333,25459370.666666668,132865638.4,36046984.53333333,10015948.8,50300654.93333333,3093162.6666666665,9530982.4,39.13333333333333,68.86666666666666,2.533333333333333,229.66666666666666,2.6666666666666665,32.733333333333334,2.6666666666666665,397.0,45.666666666666664,19.133333333333333,0.08704488929589879,0.2139123791447439,0.7440159932659934,0.20977222069002235,0.004600000000000001,4.327210029650298,0.04024498834498835,0.2054746772354695,0.23269867286300172,0.048321262877753866,0.0
1685258430,3.047482276518743,6.100881233819646,1.032627351184976,16.362352616782196,0.815157278655074,17.67296361895439,15.987840172105287,0.9394944808990447,10.965104890629384,13.468438530470909,0.3097942874965316,0.9755177598487765,101234961.06666666,59051212.8,12121975.466666667,38862438.4,42675268.266666666,23615897.6,132869051.73333333,35971072.0,10117120.0,50298880.0,3090158.933333333,9552554.666666666,52.0,85.46773333333334,2.8672,276.4279333333333,3.2005333333333335,48.553733333333334,3.0005333333333337,480.73466666666667,65.2,26.471766666666667,0.0822028314474207,0.19127073026953803,0.5810260999167535,0.196191629692939,0.004600000000000001,4.029992148271016,0.035914204545454555,0.18663533038543892,0.22749080559229243,0.04515302778277279,0.0
1685258460,2.100758618374131,5.786928124197922,1.3622130745132446,10.955771165046674,0.8606283758683326,18.175210772951996,10.179095916236017,0.5980337267423917,9.760168600890202,9.466375831568843,0.46755644499490784,1.2917627372656748,101239057.06666666,59019264.0,12368964.266666668,39260706.13333333,42665710.93333333,22102289.066666666,132870144.0,36302165.333333336,10033425.066666666,50298880.0,3063534.933333333,9438003.2,58.86666666666667,96.2,3.2,312.4,2.6666666666666665,49.4,3.066666666666667,551.0,73.26666666666667,28.533333333333335,0.045935956119408504,0.09159427412100492,0.3615719507497969,0.11195297430619115,0.004600000000000001,2.5652319407711204,0.021756453268953275,0.10007578742534907,0.16404738961712484,0.027221608591120678,0.0
1685258490,1.5414493985947608,5.029859860077249,1.4625167776329056,7.886462573770291,0.8956378929196804,17.093492633728165,7.398079424608429,0.3828729281138644,9.290533750810479,6.171406805658045,0.5327745342707148,1.3043683085135291,101274146.13333334,59022950.4,12091801.6,39702801.06666667,42663936.0,23008460.8,132870144.0,36047803.733333334,10022365.866666667,50298880.0,3044147.2,9414109.866666667,52.6,100.06666666666666,3.6666666666666665,307.53333333333336,3.7333333333333334,49.231766666666665,3.2666666666666666,539.7333333333333,76.73333333333333,29.533333333333335,0.005014116773074359,0.014724495570686131,0.054273986758242874,0.0057592217845756554,0.004600000000000001,0.36332042774410817,0.005383380718438885,0.006366075271254501,0.01635810466992628,0.004934972696632031,0.0
1685258520,1.6037728737506753,5.239786195161481,1.3648231701738294,8.913882200307198,0.9283279601554839,17.243583891070557,8.703146299626725,0.5396842624556467,9.772609303499324,6.87448065800137,0.5234371584172034,1.3225139081479158,101343232.0,59025134.93333333,12132352.0,40523912.53333333,42663936.0,23700275.2,132870144.0,36213282.13333333,10063872.0,50298880.0,3050973.8666666667,9816746.666666666,38.13333333333333,69.0,1.7333333333333334,223.8,1.3329333333333333,39.634766666666664,1.8,422.73333333333335,50.666666666666664,20.665866666666666,0.013389931437262019,0.1006698328321459,0.13503129324589622,0.02516915089729348,0.004600000000000001,0.8538434767230313,0.008067511696342029,0.021030973486984277,0.04608693973848955,0.007330209923025907,0.0
1685258550,2.262876709370219,5.838662780667848,1.1482860346633432,14.976454025115054,0.881281888516358,17.93180007261219,13.44415569049995,1.0248189310219686,11.475346866190591,10.229524677611632,0.3728619959254503,1.098512259025218,101308825.6,59019264.0,12145868.8,39194624.0,42663936.0,24831317.333333332,132878336.0,36325102.93333333,10147976.533333333,50298880.0,3021482.6666666665,9483059.2,39.666666666666664,64.4,2.533333333333333,221.66666666666666,2.0,35.733333333333334,1.8,388.6662666666667,54.1984,21.537366666666667,0.05770938095037427,0.22457921210368534,0.8744749579124581,0.15207124469433772,0.004600000000000001,2.7902859927776515,0.0229121194108114,0.12468015429282574,0.19403171084201987,0.03237559730637016,0.0
1685258580,2.547660715962737,5.869539405954982,1.1087808169519298,17.58710881320002,0.8370583358150294,17.54600041821504,16.9966574087632,1.1643478930842721,12.628486668435318,12.713711213478934,0.2671717237518823,0.9086645381711879,101286570.66666667,59039470.93333333,12220825.6,39197354.666666664,42663936.0,24980548.266666666,132927761.06666666,36539869.86666667,10035746.133333333,50298880.0,3216998.4,9502856.533333333,37.86666666666667,67.2697,2.1167666666666665,191.20863333333332,1.9676666666666667,33.49836666666667,2.1167666666666665,374.06783333333334,37.0,18.168966666666666,0.08157852022978555,0.5184624124644166,1.5013679653679652,0.20617828730405696,0.004600000000000001,4.089038947649521,0.03418287037037037,0.1919392794566982,0.2435162026340245,0.04553288974064891,0.0
1685258610,2.311254585371892,5.681727777288628,1.0237008163761119,18.9534786653759,0.8599229363674826,17.577113359337044,17.23639986357853,1.5513254182863205,11.554408951799598,12.33693612113579,0.2659835941374681,0.892118081999904,101808537.6,59024725.333333336,12321587.2,38761813.333333336,42663936.0,25265356.8,132951244.8,37015142.4,10163541.333333334,50305024.0,3152691.2,9474730.666666666,40.2059,66.86666666666666,2.466666666666667,214.2,2.6666666666666665,37.4993,2.5997333333333335,378.19599999999997,49.72933333333334,21.266666666666666,0.0830700898131434,0.4179922232026914,1.2916102941176468,0.2070649738519515,0.004600000000000001,4.23650497323641,0.03997988082179259,0.19914410071839359,0.24720000495529823,0.047551425759298556,0.0
1685258640,2.406874184768859,5.696486984333811,1.0601582016700526,17.927923750628665,0.8284751002285723,18.317538935441583,17.63050718558311,1.3352577701255257,11.918339016756343,12.413072664199763,0.2740398220229272,0.9397941755895712,101991219.2,59003562.666666664,12112827.733333332,38579677.86666667,42663936.0,24963891.2,132972680.53333333,36792183.46666667,10283281.066666666,50302976.0,3131801.6,9544908.8,36.095,75.01556666666667,2.4,204.88413333333335,2.1333333333333333,32.6,2.4,361.1691333333334,56.7964,19.326933333333333,0.07809792955409067,0.26799950619096546,0.8104868595456831,0.20515874223976752,0.004600000000000001,4.1308692845420705,0.04196540959040959,0.20089022893766517,0.24075023446156665,0.047377845167662164,0.0
1685258670,2.7459235850254746,5.0148286234827255,1.0787238515672328,18.88333442575695,0.7865447009890374,17.636300030648123,17.854282459224926,1.461864735226046,11.742362741002298,12.761845722035936,0.2704812582765539,0.8689296907608858,101430203.73333333,58997145.6,12068317.866666667,38574080.0,42663936.0,25282286.933333334,132991522.13333334,36580147.2,10170368.0,50298880.0,3084561.066666667,9587370.666666666,46.74623333333333,72.40106666666667,3.4672,218.40106666666668,3.3338666666666668,37.996,3.0672,412.73386666666664,49.93333333333333,23.73163333333333,0.07690575204816313,0.4685522550772807,0.8724821473974792,0.20104055586060904,0.004600000000000001,4.146071294019723,0.04253806375620424,0.20476747917459548,0.24089114776876647,0.04652887271659673,0.0
1685258700,3.041938255087645,4.826857564530911,1.3425089953204423,20.01980526140075,0.8718167314514761,18.025750842056347,18.466660643564488,1.5321838763842293,10.623282049672008,12.53943652988147,0.2798871284514114,0.9493951010323617,101449728.0,59013529.6,12214681.6,38822161.06666667,42663936.0,26086331.733333334,133036714.66666667,36422997.333333336,10254745.6,50298880.0,3015065.6,9561429.333333334,40.93493333333333,67.06466666666667,2.3992,224.55153333333334,2.3990666666666667,34.8103,2.7330666666666668,384.2419,52.86906666666667,21.463733333333334,0.08156927305714147,0.3189229916133354,0.8753224471606825,0.2057402180289815,0.004600000000000001,4.242321221104978,0.04118381275157592,0.20640237024238609,0.233108765477973,0.04770477138571221,0.0
1685258730,2.768644082489208,5.4628431298941225,1.2089618566480194,17.71527157451727,0.9111925608063823,18.567979294947236,17.175767053776333,1.33845248608756,10.701947696894985,12.535164301177817,0.30536683453113983,1.0201500525432283,101339136.0,59037013.333333336,12089753.6,39388228.266666666,42713088.0,23517047.466666665,133046272.0,36512153.6,10144153.6,50298880.0,3062169.6,9459438.933333334,57.86666666666667,92.66666666666667,3.8,306.93333333333334,3.7333333333333334,52.46666666666667,4.000666666666667,522.4100999999999,71.54343333333333,26.933333333333334,0.07791790520812229,0.1930437882589171,0.6410355363984676,0.19582131382322795,0.004600000000000001,4.010001918064914,0.03436218628703822,0.184158850174559,0.22793072124873212,0.046142871809622614,0.0
1685258760,2.326657051283757,5.9685987417926345,1.532885268954579,11.629601141032623,0.9302642512179344,18.78185909597215,10.672178978334323,0.7759776407315856,10.957944455935756,8.725956974239121,0.5041161114477573,1.298453989746276,101225267.2,59083980.8,12078557.866666667,39588386.13333333,42676224.0,22843118.933333334,133046272.0,36539869.86666667,9878050.133333333,50298880.0,3159517.8666666667,9703287.466666667,57.46666666666667,97.525,3.466666666666667,314.53333333333336,3.3333333333333335,54.46666666666667,3.466266666666667,564.7302999999999,75.9303,31.466666666666665,0.044338940369284714,0.08030791824691202,0.3395029217242453,0.09900133238053219,0.004600000000000001,2.385723306369651,0.014574459022199428,0.08520848787947448,0.15118370631223382,0.023608296908388275,0.0
1685258790,1.6949984526514135,7.051535416230695,1.6740775947451152,8.284668201372146,0.9283706831985795,18.772805064595957,7.979094163285623,0.4367627063004534,10.040870855291423,6.416891570802438,0.5950604926426253,1.3898817527053908,101056512.0,59098180.266666666,12093849.6,40259310.93333333,42739438.93333333,22287018.666666668,133046272.0,36293017.6,10069196.8,50298880.0,3087701.3333333335,9303654.4,61.8,100.6,3.933333333333333,321.53333333333336,4.0010666666666665,51.06666666666667,4.0,562.6666666666666,73.66666666666667,28.266666666666666,0.004680242709413133,0.007084793181372345,0.05377752223576785,0.0051908722072945114,0.004600000000000001,0.23607892483290077,0.004678961083424624,0.004650157092688763,0.008739818996246007,0.0048441604063561875,0.0
1685258820,1.8525956063347417,6.204994668642106,1.3350634819108325,9.847990246155048,0.9029226590172753,18.803175946204945,9.072604169153898,0.6381205730082815,10.93990476368796,7.601589990394978,0.5271610504440315,1.3157310251112486,101109077.33333333,59018581.333333336,12245811.2,40242653.86666667,42744490.666666664,24251596.8,133077811.2,36478156.8,10195217.066666666,50298880.0,3085243.7333333334,9774284.8,39.13333333333333,85.8,2.8666666666666667,244.0,2.933333333333333,35.504533333333335,3.066666666666667,390.8,51.2,22.4,0.016185852010810842,0.04900933374419337,0.18136982924482928,0.038355950471210216,0.004600000000000001,1.1092932778638742,0.00968427179637036,0.03649679364802761,0.06528536017131667,0.012062588976566977,0.0
1685258850,3.055758021632016,5.7543116769513585,1.1690150823189571,16.297589786811063,0.78847763031535,18.377161127976798,15.935137547546127,1.2020681333336405,12.13537656641863,11.266829393270278,0.32983781767956194,1.006993652156923,101292578.13333334,59083025.06666667,12103680.0,39137553.06666667,42663936.0,26744422.4,133182668.8,36373026.13333333,10183202.133333333,50298880.0,3022438.4,9440187.733333332,41.733333333333334,58.53333333333333,2.3333333333333335,199.6,2.8666666666666667,38.333333333333336,2.8666666666666667,366.26666666666665,47.13333333333333,21.533333333333335,0.0749955246171221,0.1881528706323482,0.49305123817643004,0.1753023759866777,0.004600000000000001,3.758109945262792,0.026542830687830688,0.17145377267606018,0.21469476979053484,0.040338268040797,0.0
1685258880,3.1521973877052143,5.857155185735596,1.154751758515084,18.180284421836337,0.841211676835637,17.199886546064356,19.34107096920034,1.5317184142210698,12.18040684223025,12.906128629669682,0.2757766138624355,0.974997030784795,101335040.0,59206314.666666664,12406784.0,39093452.8,42663936.0,25745817.6,133169152.0,37122457.6,10061960.533333333,50298880.0,3115827.2,9531665.066666666,42.06666666666667,69.26666666666667,2.6666666666666665,215.8,2.7333333333333334,35.2,2.6666666666666665,407.2,54.13333333333333,19.2,0.0928543598729062,0.19585336203370038,0.5121139932811817,0.21060267292895135,0.004600000000000001,4.308110481381362,0.040209139471639475,0.20716306610719418,0.2373101207450044,0.047877775191473806,0.0
1685258910,2.9187617554279424,6.126312466791704,1.070844517630618,17.15356254939045,0.8302350790758551,18.726692017059285,18.967288170120014,1.4032787713894488,11.002820160283957,13.181608143953325,0.2677734759963917,0.9037323501683285,101400712.53333333,59132313.6,12208128.0,38991325.86666667,42663936.0,24755950.933333334,133174886.4,36948787.2,10059776.0,50899626.666666664,3072819.2,9580544.0,43.6,61.733333333333334,2.1333333333333333,205.53333333333333,2.4,35.53333333333333,2.2,348.2,52.333333333333336,15.733333333333333,0.08185497816486641,0.18955550974749497,0.49405512772010174,0.20241258444802288,0.004600000000000001,4.1704925180577685,0.04078941498316499,0.2022619991332292,0.2357015170212751,0.04768201955521969,0.0
1685258940,3.0821051938336805,5.3955268021144995,0.9487150800433976,17.156024553026533,0.8225864809211099,18.40769111367547,17.932609415267596,1.4091754609747758,12.086776331903685,12.9517760283263,0.26671360933011895,0.8529777618638523,101495193.6,59004381.86666667,12388488.533333333,38782429.86666667,42663936.0,24566579.2,133184853.33333333,36923255.46666667,10026188.8,50686498.13333333,3153920.0,9591330.133333333,29.066666666666666,68.6,2.3333333333333335,184.26666666666668,2.1330666666666667,32.06666666666667,2.2666666666666666,347.53333333333336,43.333333333333336,17.133333333333333,0.08197133653324348,0.2464599160010075,0.5467642642642647,0.2020611959692697,0.004600000000000001,4.095020394065622,0.038260165760165755,0.1987342301801512,0.24610080047267516,0.047538533686465795,0.0
1685258970,3.042331742616347,6.8866011120721025,1.1700312477326522,17.0161887649854,0.8136467360551008,18.361102545067176,16.71811957828269,1.4952013639824202,12.482179674870524,13.36267875528974,0.2824698980172891,0.9309581795557843,101548032.0,59163579.733333334,12235844.266666668,38913365.333333336,42663936.0,25119129.6,133222400.0,36664115.2,10001612.8,50298880.0,3027763.2,9553920.0,36.8,67.33333333333333,2.6,205.13333333333333,2.466666666666667,36.58586666666667,2.6666666666666665,407.8666666666667,48.2,23.133333333333333,0.0834288258845904,0.2265627824084777,0.5558567175979968,0.20077399704285703,0.004600000000000001,4.098033960089345,0.0391410866910867,0.1995282614153008,0.24465892940457382,0.047386010299373726,0.0
1685259000,3.355001175790243,8.541488915665763,1.213674749582992,18.295475705467922,0.8655587086889144,18.103070337054376,19.0665350613134,1.436265942703467,12.416369100165145,13.065948430375801,0.2948671217121358,0.9898072804991467,101611110.4,59133952.0,12256187.733333332,38835814.4,42663936.0,25285427.2,133222400.0,36806382.93333333,10104149.333333334,50298880.0,3048379.7333333334,9332326.4,36.6,76.06666666666666,2.8,234.8,2.4,34.46666666666667,2.7333333333333334,416.6666666666667,60.266666666666666,25.466666666666665,0.0841504373457831,0.17546488537358768,0.48342287358777686,0.20206222727221695,0.004600000000000001,4.033909281682373,0.04104498562582928,0.2008944607341738,0.22965497643833702,0.04816786462622157,0.0
1685259030,3.2500231405216287,7.460803390395059,1.1686205395915883,18.82354647388404,0.8469230539718072,18.32448754596251,18.275039826953126,1.4250573196378646,11.441088960073017,12.340144884970412,0.3133002668324657,0.9865326485027784,101632955.73333333,59123029.333333336,11829657.6,38393446.4,42666666.666666664,24342801.066666666,133225267.2,36560349.86666667,10211874.133333333,50298880.0,3071453.8666666667,9615496.533333333,49.37286666666667,88.17733333333334,3.6666666666666665,291.73886666666664,3.466666666666667,49.93333333333333,3.466666666666667,484.57683333333335,72.472,27.957033333333335,0.07865825861619706,0.1920688407990006,0.5037108739790288,0.2040004270279372,0.004600000000000001,4.025468975270353,0.04050802651188681,0.19522320674910768,0.2256636093998209,0.04652110141144196,0.0
1685259060,2.328189294989779,6.16278388033406,1.514356800272926,12.917883429331694,0.9249135686316744,18.273883422323156,11.524640836193905,0.6977520179301874,10.414330143994706,8.858391061923113,0.4826238241663676,1.331094478668606,101533969.06666666,59023360.0,12004147.2,40813090.13333333,42663936.0,22084130.133333333,133226496.0,36820718.93333333,9874636.8,50301337.6,3135078.4,9514325.333333334,59.06666666666667,96.13333333333334,3.1333333333333333,310.2,3.466666666666667,50.86666666666667,3.4,545.6666666666666,69.13333333333334,27.2,0.0433492563625172,0.13148456303342715,0.4337023816842365,0.12571116638097363,0.004600000000000001,3.0012271048561496,0.020610347387420618,0.11975712194388777,0.16581231368748622,0.027717702592719037,0.0
1685259090,1.663220572851075,5.782085406704286,1.4372753783441288,8.34162044024929,0.8899747110683253,19.327146167982892,8.037010226660332,0.46568048568118103,10.358240861494197,6.634663159466228,0.5627181630797947,1.317324306066903,101314560.0,59027865.6,12072550.4,39084578.13333333,42663936.0,22291251.2,133226496.0,37191406.93333333,10128315.733333332,50298880.0,3062033.066666667,9496712.533333333,61.53333333333333,101.6,4.0,310.06666666666666,3.7333333333333334,50.666666666666664,3.8666666666666667,580.0,70.6,27.933333333333334,0.0053848423931917,0.011934083415604424,0.06708636681419324,0.006456797204028084,0.004600000000000001,0.3537965619832462,0.004672814038168845,0.00669000894649207,0.014274823994311266,0.004949040654824329,0.0
1685259120,1.88543219638406,5.995961033499773,1.311296583344442,9.897736908042573,0.8697403910637337,18.270898090419962,9.913700954047714,0.7590646892779441,10.062879695782435,8.17030250644293,0.4992573465083066,1.2375507260048484,101053508.26666667,59069644.8,12271479.466666667,39410619.733333334,42665437.86666667,23087104.0,133226496.0,37152085.333333336,10048716.8,50298880.0,3017659.7333333334,9520742.4,38.46666666666667,70.53333333333333,1.4666666666666666,212.86666666666667,1.3333333333333333,30.8,1.3333333333333333,391.1333333333333,55.46666666666667,17.466666666666665,0.017920528739054625,0.05443925059799701,0.14122358034805232,0.03682344817524861,0.004600000000000001,1.1001821747796976,0.00814424770593803,0.04373674428473488,0.06256731560315837,0.012014585201038375,0.0
1685259150,2.7269127655720378,6.745763875371565,0.962601183004044,15.821569222582344,0.8363985300410681,18.07081402254217,15.074853015482612,1.483089545549427,10.718435606242275,12.129187175182443,0.3473120148624202,0.9589705732982835,101160823.46666667,59158801.06666667,12207308.8,38859161.6,42664755.2,25735850.666666668,133229226.66666667,37051733.333333336,9912320.0,50427221.333333336,3048925.8666666667,9567436.8,38.4,68.46666666666667,2.7333333333333334,195.73333333333332,2.4304,31.017699999999998,2.6666666666666665,353.53333333333336,46.0,20.6,0.0683041757925653,0.15141001215466737,0.4411435365828481,0.1681579195739235,0.004600000000000001,3.710814886604903,0.03336147186147186,0.1767581030658308,0.201569327294751,0.03904518020166014,0.0
1685259180,3.0510897266417767,5.98891525926805,1.1940132244433082,18.031533331514606,0.8551384100120105,17.87448869015151,18.64390406833684,1.4474185352757656,11.536222449289353,12.18465996855795,0.26836498245743257,0.9225543056732047,101231274.66666667,59149516.8,12216593.066666666,38875682.13333333,42667349.333333336,25362022.4,133234688.0,36834235.733333334,9992328.533333333,50298880.0,3109273.6,9561702.4,32.6,64.2,2.533333333333333,193.73333333333332,2.1333333333333333,31.733333333333334,2.2,361.4,50.666666666666664,17.133333333333333,0.08843557595106703,0.22622801894242034,0.713332540454301,0.21212127162499306,0.004600000000000001,4.394795282430934,0.04580767175291169,0.21333241828954377,0.23841850375312787,0.04720311679806806,0.0
1685259210,3.5188724349083853,6.091362634674019,1.2636093931525358,18.92826729109307,0.8622067646338649,17.532950743926587,17.713624809159544,1.5069329649499486,11.130953145660634,12.277833087831274,0.2709928076685236,0.9400312692047649,101228544.0,59050666.666666664,12185873.066666666,38999108.266666666,42663936.0,25233681.066666666,133237009.06666666,37251891.2,10283554.133333333,50298880.0,3020526.933333333,9468859.733333332,34.93333333333333,66.2,1.9333333333333333,218.0,2.533333333333333,35.46666666666667,2.2655000000000003,397.18940000000003,50.9894,23.733333333333334,0.08581866396223782,0.24307077271277097,0.8387334656084658,0.2034536098196726,0.004600000000000001,4.243094178516608,0.04478983491998199,0.21249155018457616,0.23385948637873785,0.0472489459773722,0.0
1685259240,3.158490678743603,7.143301814465734,1.215252967495109,19.627678995786578,0.8460890476534594,18.045446705286512,18.90953327862436,1.5850436658440183,12.422136032021278,13.161838551769039,0.28816563842432247,0.944671201590236,101230318.93333334,59086028.8,11973563.733333332,38789393.06666667,42663936.0,25304814.933333334,133239876.26666667,37401395.2,10265668.266666668,50320725.333333336,3094254.933333333,9429265.066666666,35.333333333333336,63.333333333333336,3.2666666666666666,198.73333333333332,3.2,37.8,3.2666666666666666,365.73333333333335,41.13333333333333,20.133333333333333,0.08189289030988692,0.191739439566847,0.6035036071572732,0.20075719649634458,0.004600000000000001,4.145830961619346,0.04187681300181301,0.21183563513270473,0.22949600743444007,0.04752315573920909,0.0
1685259270,3.2268835765928747,6.2905436869307385,1.3205999043836272,18.224920622126564,0.8592048868420226,18.308988207243438,19.997776307812988,2.0098469485431822,11.794850922470394,13.159643535469533,0.2742112832897643,0.9849891768798592,101332992.0,59057493.333333336,12149555.2,38740104.53333333,42663936.0,25386188.8,133250389.33333333,37448362.666666664,9936349.866666667,50342570.666666664,3063808.0,9573444.266666668,33.266666666666666,75.06666666666666,3.1333333333333333,204.13333333333333,2.8666666666666667,35.6419,3.066666666666667,370.73333333333335,46.266666666666666,22.133333333333333,0.0840349485127488,0.21538910779039475,0.596950164777751,0.19646446945713245,0.004600000000000001,4.26115695510505,0.03911343101343102,0.21155303868889425,0.2400818516793409,0.04787208300918288,0.0
1685259300,3.6626503836565893,5.779386480820998,1.2196525036591208,17.5362065553414,0.8711937688692567,16.9074686680233,18.89460068955425,2.1110254856636255,12.807658706354111,13.817936222979183,0.2769235465438337,0.926934423580236,101408768.0,59073740.8,12186282.666666666,38917734.4,42663936.0,24926344.533333335,133263360.0,37156317.86666667,9965977.6,50298880.0,3150916.2666666666,9617681.066666666,35.46666666666667,70.0,2.2666666666666666,198.46666666666667,1.5997333333333332,33.46666666666667,2.0,366.8,50.733333333333334,21.933333333333334,0.09054618679299618,0.26109274797364257,0.7507234432234434,0.19129860306269114,0.004600000000000001,4.083170799948229,0.039384593400450606,0.20793695655912073,0.2450740822279163,0.0484040459723254,0.0
1685259330,3.091039932213738,7.00640971505221,1.1753897938553117,18.116796157852104,0.8583276983846736,18.079787878262742,17.26647207002916,1.4975836265144826,13.197179355948148,13.199621362209843,0.3067250127427799,1.0108318635154838,101433344.0,59064866.13333333,11953902.933333334,38273843.2,42663936.0,23412736.0,133263360.0,37173930.666666664,10304170.666666666,50298880.0,3051793.066666667,9327411.2,51.666666666666664,88.07013333333333,3.9350666666666663,276.87326666666667,4.1319333333333335,46.50423333333333,4.000533333333333,501.0627333333333,63.7246,26.403866666666666,0.0872551492200045,0.2862280798698045,0.7501153546888842,0.1890184832958167,0.004600000000000001,3.576926328425749,0.036687698412698415,0.19452582135022758,0.23270229405861426,0.04603755826201169,0.0
1685259360,1.8877844915710789,5.8392168025408555,1.4726015277802988,11.58481584284932,0.925920358199019,17.88417104902025,11.12143440706123,0.6343240737231136,10.958888264671229,8.757276970486384,0.45492087974134476,1.1990254147419983,101387468.8,59025817.6,11982438.4,40127010.13333333,42663936.0,22259712.0,133263360.0,37625582.93333333,9973350.4,50298880.0,3013700.2666666666,9534395.733333332,56.733333333333334,97.86666666666666,3.066666666666667,316.8666666666667,2.8,53.266666666666666,3.0,556.0666666666667,74.8,29.8,0.0489000912032916,0.3405229247827399,0.7206296296296297,0.11255552671073608,0.004600000000000001,2.3264832887874425,0.015985543866152422,0.10554585990699958,0.16930980304539225,0.025951471129020638,0.0
1685259390,1.6113384216903108,5.164239538644071,1.454772666085186,8.104807923910892,0.899848110508978,18.502700741866175,7.818447577312697,0.41452366677211366,9.865928310145073,6.480568641656117,0.5626741050238405,1.2964948669111196,101071803.73333333,59034282.666666664,12108595.2,41308160.0,42663936.0,22165913.6,133263360.0,37490005.333333336,10077115.733333332,50298880.0,3016977.066666667,9469952.0,60.8,99.86666666666666,3.066666666666667,316.8666666666667,3.066666666666667,47.733333333333334,3.1333333333333333,565.5319,70.19856666666666,27.866666666666667,0.005565810756774181,0.08252636495415093,0.11364405893206107,0.007258329975831071,0.004600000000000001,0.423817705787627,0.004624263046995695,0.006623492812953662,0.016530624122124662,0.004888842621473107,0.0
1685259420,1.9579911113522173,5.438161288077642,1.1871432217524498,10.341324021340235,0.8446710713808075,17.82501979471379,9.236751289072288,0.4995135691553297,10.367102993340348,7.450794225907984,0.5058371887737936,1.2222736048171077,100971861.33333333,59057356.8,12232977.066666666,39419630.93333333,42663936.0,24204492.8,133319338.66666667,37553766.4,10257339.733333332,50298880.0,3012198.4,9474867.2,45.0,70.93333333333334,1.1333333333333333,217.0,1.0666666666666667,34.4,1.3333333333333333,420.93333333333334,51.93333333333333,15.4,0.020057006618729292,0.053701854384167656,0.19481910029838811,0.04564724237644765,0.004600000000000001,1.152663205244654,0.010786631808053119,0.04164597005526827,0.06814378035243189,0.011226940101144204,0.0
1685259450,2.2969164722272906,6.168440207237562,0.9634283471387547,16.653859152018196,0.8044779253224618,18.051594575896097,13.841553842216731,1.0678508927369137,10.897932395174362,11.132214804022944,0.33882384588123265,0.9842291578758837,101106073.6,59151564.8,12041966.933333334,39255927.46666667,42663936.0,25287202.133333333,133326848.0,37264861.86666667,10395374.933333334,50298880.0,3100672.0,9520605.866666667,35.333333333333336,63.001133333333335,2.7333333333333334,197.73333333333332,2.9259333333333335,36.32036666666667,2.533333333333333,360.78783333333337,46.4,19.866666666666667,0.06111474083945286,0.14672706890756165,0.5497253637566136,0.17646994765917454,0.004600000000000001,3.846043456743406,0.0361854332010582,0.172078806658282,0.20901346142850788,0.036877947267633944,0.0
1685259480,2.4810827228306334,7.04415836818259,1.1136274734533222,20.29216122947876,0.8210338479569134,18.546595890490284,18.01825251729991,1.6141863143874924,10.70709805049942,11.6958910418898,0.2790277741093854,0.9285104291989134,101149354.66666667,59136409.6,12240349.866666667,39156531.2,42663936.0,24456123.733333334,133327257.6,37412454.4,10369706.666666666,50298880.0,3010560.0,9588736.0,35.46666666666667,62.53333333333333,2.7333333333333334,179.8,2.533333333333333,28.333333333333332,2.6,347.1333333333333,46.733333333333334,17.933333333333334,0.08286009864935821,0.20511488378904186,0.8306111111111111,0.20952543765160037,0.004600000000000001,4.333416828580853,0.04116619876583112,0.21025798753269248,0.23727704504201358,0.045425843944954275,0.0
1685259510,2.987067392539829,5.440905898076642,1.047272588610959,18.085841287265914,0.8513141628742206,17.55655156767272,16.312470431541993,1.8280332302549211,12.007873808479793,11.456961782980326,0.26525350141246967,0.9180233739529079,101379413.33333333,59012437.333333336,12087569.066666666,39043072.0,42663936.0,25090048.0,133431432.53333333,37689207.46666667,9847466.666666666,50390630.4,3022028.8,9536716.8,42.666666666666664,66.53333333333333,2.4,215.4,2.1333333333333333,32.699133333333336,2.0,371.8666666666667,52.53333333333333,16.0,0.08431395222065063,0.3378944865504405,1.0640694444444443,0.21046450766475203,0.004600000000000001,4.277776600741143,0.043719106506238864,0.20668713426959523,0.24408894936122813,0.044852439580096236,0.0
1685259540,3.162005369887368,5.510726821067705,1.1265228609416165,17.79486317769039,0.8646626349554729,18.135848075600673,16.365148770438168,2.040558263285878,11.08172049178725,12.99900559158914,0.28059952956865697,0.9404007006291799,101292441.6,59016123.733333334,12041011.2,39178513.06666667,42663936.0,25302493.866666667,133435392.0,38014020.266666666,10215150.933333334,50298880.0,3130572.8,9811558.4,37.13333333333333,71.53333333333333,3.1333333333333333,211.13333333333333,3.3333333333333335,33.6,3.2666666666666666,378.1333333333333,56.46666666666667,20.333333333333332,0.08410447950406237,0.2667210137986794,1.0020634920634919,0.20913219449076959,0.004600000000000001,4.160585288226171,0.047198832417582416,0.20511536975053232,0.2402078296208984,0.045141998296808046,0.0
1685259570,2.864276830036117,5.803081919510611,1.17267340351219,18.530057538860117,0.8760234227010496,17.703398501551302,17.366152397683287,2.1560840408804967,11.344815904626046,13.619161594192674,0.2931681070814234,0.9233731884487392,101335040.0,59009979.733333334,12126071.466666667,39041433.6,42733841.06666667,24904635.733333334,133441672.53333333,37810176.0,9984819.2,50298880.0,3073638.4,9636249.6,43.2,62.666666666666664,2.933333333333333,216.06666666666666,2.8,38.0,2.8,360.8666666666667,43.8,22.6,0.08845884299675016,0.22246824948889585,0.6857305194805193,0.20328023233334833,0.004600000000000001,4.113364567901993,0.044042779034690796,0.20889616591645827,0.23213091005818048,0.04528387912687921,0.0
1685259600,2.712777748259223,6.4097171985007115,1.1203720451080188,19.837249937164575,0.8584078193652273,18.40794778025761,16.49596468673481,2.104927799927343,11.455980514373158,12.602026220601175,0.2809851800263801,0.9139117419940125,101338726.4,59168358.4,12108458.666666666,38911044.266666666,42663936.0,25781862.4,133450410.66666667,37601143.46666667,10067148.8,50298880.0,3062988.8,9656320.0,34.593133333333334,66.8983,3.533333333333333,201.733,3.8666666666666667,33.8,3.6,370.1673666666667,47.437733333333334,21.631633333333333,0.08915487304445223,0.23178182225268193,0.8122323232323232,0.21013080831854583,0.004600000000000001,4.300035436940784,0.040760974945533775,0.2098357917096839,0.23534983646911176,0.04713542656070047,0.0
1685259630,2.971970299853521,6.487391977484614,1.1834597224693366,17.491038274776667,0.887704521624743,18.529288348650077,17.821214107496093,1.42199684974864,12.372256158578665,11.778284919704923,0.3219610087768369,1.026286019690904,101335859.2,59130675.2,11951445.333333334,39018496.0,42664755.2,25717418.666666668,133457510.4,38060578.13333333,10155895.466666667,50298880.0,3012744.533333333,9395814.4,51.733333333333334,88.86666666666666,3.1333333333333333,285.53333333333336,3.466666666666667,46.872566666666664,3.2666666666666666,527.804,67.47123333333333,27.866666666666667,0.0872997017901463,0.20690537629955655,0.6322293771043772,0.19829727117163506,0.004600000000000001,4.192400456385402,0.03480609236215855,0.20464516397396973,0.2331429965460653,0.04949732386881996,0.0
1685259660,2.061002151990353,6.329403033044057,1.3496795372886612,11.611364463437614,0.9086364872336608,18.614754871300303,11.148533947931922,0.7460947519383612,10.962768337836101,8.523815666306623,0.4763602162150607,1.2439461423954803,101302272.0,59047936.0,12122112.0,39495816.53333333,42712268.8,22573602.133333333,133459968.0,37854822.4,10065783.466666667,50298880.0,3050564.2666666666,9630924.8,59.41833333333333,99.14166666666667,3.0602666666666667,313.26356666666663,2.533333333333333,50.93333333333333,2.8666666666666667,569.2343666666667,73.02749999999999,27.342499999999998,0.05419253543976713,0.12148278981473513,0.3840806169139503,0.09754861659044502,0.004600000000000001,2.9472682160763553,0.01852531974672837,0.13471797341647748,0.15932450104265947,0.033410116872530954,0.0
1685259690,1.672249571417988,5.5795669139174775,1.2963986544947694,8.302400211849836,0.8669389756938146,18.010929752708083,7.804021837976112,0.402216609203787,9.96207104124933,6.532996649449057,0.5652298994524164,1.3117609627813958,101091464.53333333,59039061.333333336,12262331.733333332,41218867.2,42663936.0,22587801.6,133459968.0,38169804.8,10154803.2,50394999.46666667,3069542.4,9755443.2,58.266666666666666,99.2,3.3333333333333335,321.93333333333334,3.2,50.46666666666667,3.466666666666667,556.6,71.8,30.133333333333333,0.0050473353623254604,0.010695437341703693,0.04835549248465385,0.005507349236491826,0.004600000000000001,0.3026468243156879,0.00471279628808677,0.006094431757705886,0.011271567234787418,0.005259718752524062,0.0
1685259720,1.9714806741998991,6.400636356676268,1.3583551686839204,10.364535375399388,0.8749305677665161,19.13252950710057,9.002766898506017,0.6690362885893762,10.567988981061404,7.2448524903474,0.5407900014528034,1.2814343205952554,101099383.46666667,59047936.0,12131942.4,40106666.666666664,42663936.0,24383488.0,133490141.86666666,38383069.86666667,10207232.0,50316356.266666666,3149824.0,9549414.4,39.3988,65.7357,1.3333333333333333,202.46666666666667,1.3333333333333333,35.3056,1.2666666666666666,398.06006666666667,54.528800000000004,16.468533333333333,0.020589932410205118,0.03708574848531172,0.16925603275199305,0.040430505071814886,0.004600000000000001,1.1240645626501544,0.00785012560890947,0.04332894240144585,0.06374059496089972,0.009563323553010176,0.0
1685259750,2.6754972310529985,6.358121801957193,1.093858549735703,15.592040062674636,0.8654206153448594,18.86416566349757,14.079220051048186,1.6312378729601733,11.165249962754972,11.75643283253029,0.34365636678680195,0.9510509125776981,101360025.6,59103641.6,12002645.333333334,39880840.53333333,42663936.0,25580475.733333334,133538474.66666667,38106726.4,10230169.6,50298880.0,3066811.7333333334,9490705.066666666,39.1395,59.6,2.8666666666666667,210.06666666666666,2.6,31.7926,2.7333333333333334,366.53333333333336,47.46666666666667,20.066666666666666,0.07149527563374415,0.143502418576469,0.4837911759293338,0.17210629967038968,0.004600000000000001,3.878421554255561,0.023932470238095232,0.17741142098784615,0.20229361128192386,0.03544052528263313,0.0
1685259780,2.547989093125566,6.8504136477777715,1.2967719690200559,19.5885783626574,0.8653419630421112,18.2577378750309,18.586609132183685,1.7780303787626626,12.377211592473335,11.95447923501471,0.27751553760434067,0.9628601496218535,101283430.4,59078109.86666667,12072277.333333334,39374165.333333336,42663936.0,25432064.0,133550080.0,38328046.93333333,10224025.6,50354858.666666664,3032951.466666667,9403596.8,37.63163333333333,75.27903333333333,2.1333333333333333,209.31673333333336,2.066666666666667,34.53333333333333,2.4658666666666664,377.8265333333333,49.52406666666666,22.031633333333332,0.0875448260108162,0.21730479256848245,0.7464393939393938,0.2097784676122238,0.004600000000000001,4.27713955479883,0.04055480584230584,0.2056057802777011,0.22739878851641318,0.04450589026044285,0.0
1685259810,2.424255917955557,5.942384892541256,1.2295240087448756,17.034921023126945,0.8107519570816009,18.427986485779012,17.736513236435613,1.8188023239516689,12.39888795582848,11.86901691773451,0.27535956207555456,0.9188345453499803,101335586.13333334,59064593.06666667,12087569.066666666,39229849.6,42663936.0,25433702.4,133550626.13333334,38592238.93333333,10135005.866666667,50349260.8,3019434.6666666665,9668608.0,42.2,64.0,2.3333333333333335,211.53763333333333,2.4,37.333333333333336,2.2,356.0,45.46666666666667,17.867733333333334,0.08782865600427123,0.2219073099164329,0.756489898989899,0.20647312365260231,0.004600000000000001,4.149062735854653,0.04339966595904096,0.1996937587935199,0.23360744564184302,0.04608804390776555,0.0
1685259840,2.6671917381141417,7.2855940270136275,1.1240325194219953,18.620216785023683,0.8480048709802694,18.279939199405916,18.309497320121576,1.7211247045297486,11.971988754356742,13.597774368996273,0.27868298626094445,0.9315628371319898,101369719.46666667,59132996.266666666,12378931.2,39616921.6,42663936.0,25459507.2,133554176.0,38841275.733333334,10463232.0,50298880.0,3082649.6,9908224.0,43.361533333333334,73.26266666666668,3.332533333333333,222.6908,3.8662666666666667,33.75103333333333,3.932533333333333,408.6125666666667,51.16153333333333,24.906166666666664,0.08709314710778975,0.1979224855548408,0.5148325031486941,0.20753454539011604,0.004600000000000001,4.156111831881174,0.038388066563066564,0.2018512376383913,0.23666267173028496,0.05003793799479303,0.0
1685259870,2.705650706850787,8.102665676567748,1.286480797857801,19.79661086483809,0.8397943497784063,17.68128758477413,18.22824971396801,1.3217543612331513,12.611895831136149,13.663036568727268,0.29263470746124376,1.035977917950071,101465702.4,59118660.266666666,12052889.6,38994193.06666667,42663936.0,25449403.733333334,133555541.33333333,38785570.13333333,10016358.4,50390357.333333336,3122926.933333333,9475686.4,41.071533333333335,69.20323333333334,2.533333333333333,216.4157,2.4678666666666667,36.67796666666666,2.6035666666666666,378.26329999999996,45.033500000000004,19.671366666666664,0.088419816310277,0.18813128101318438,0.48265979764902184,0.20674458361077494,0.004600000000000001,4.152714447566491,0.027461399711399718,0.20564845107233426,0.23131928091044732,0.060237177289532165,0.0
1685259900,2.4879946127460126,6.074650951117038,1.1464183118705578,18.03445472811713,0.8653392608210094,18.380164827508686,19.235899860950806,1.3238907626434575,10.426842807171854,12.386320892313192,0.2862999546373238,0.9382383728215485,101556224.0,59076608.0,12144230.4,38926336.0,42663936.0,25065198.933333334,133588718.93333334,38664055.46666667,9827942.4,50317175.46666667,3037457.066666667,9533303.466666667,32.4,76.8,3.066666666666667,207.86666666666667,3.3994666666666666,34.0,2.8,375.77369999999996,50.46666666666667,18.068266666666666,0.08814674692654885,0.22614563780334254,0.6925218971743362,0.19807969154215932,0.004600000000000001,4.278785999599399,0.025047169644651892,0.20817686364031018,0.23548219402380058,0.060359580020743736,0.0
1685259930,2.8432589252051192,4.998950165451066,1.2299893126868062,16.958406716360756,0.9201175819126729,17.712787830405752,18.162651523987243,1.693039700574802,10.29751085460331,12.861025078892844,0.3015753155770107,0.9457925997212896,101499426.13333334,59049028.266666666,12134263.466666667,38983406.93333333,42663936.0,25003076.266666666,133621077.33333333,38898483.2,9950412.8,50298880.0,3095483.7333333334,9509819.733333332,49.06666666666667,89.4362,3.7333333333333334,294.4,4.266266666666667,48.455466666666666,4.066666666666666,505.58596666666665,59.733333333333334,28.533333333333335,0.07981046974168722,0.28666944781565407,0.7840252525252526,0.18867162551820196,0.004600000000000001,4.165561667650893,0.026872144059644065,0.20128580726619585,0.24158625450767993,0.04479394998417474,0.0
1685259960,2.1018610118500374,5.393707188986093,1.5787575581375888,12.310651754038348,0.9117673388700394,18.443066848266298,11.16403702850266,0.7308243873767701,9.66112879462126,8.72201123449461,0.46172803871690493,1.312222936668967,101449728.0,59060224.0,12013158.4,40205243.733333334,42663936.0,22389691.733333334,133627904.0,39007163.733333334,10090905.6,50298880.0,3147776.0,9570986.666666666,62.61013333333334,107.2147,3.6694,330.2284333333333,3.8706,56.284800000000004,3.8693999999999997,590.5140333333333,78.53856666666667,31.540366666666667,0.04270285957178665,0.13349506198194092,0.44458529711029715,0.10555264171242361,0.004600000000000001,2.742861567866569,0.016334444727891154,0.12477168977212304,0.17960741032213934,0.022100419353022312,0.0
1685259990,1.6719369470132628,5.422057970105362,1.6029835414968296,8.776054613571736,0.8867620507812153,17.931870539628772,7.98223308162084,0.4385224899793421,10.153821770028204,6.815016127417033,0.5537859760450424,1.3913937787536557,101466112.0,59060224.0,12168942.933333334,40935150.93333333,42663936.0,22242508.8,133627904.0,39459498.666666664,10220339.2,50298880.0,3102037.3333333335,9473228.8,59.81053333333333,98.06613333333333,3.1997333333333335,313.59860000000003,2.9335999999999998,53.1645,3.466133333333333,553.3968,75.39733333333334,28.799466666666667,0.004802400801345167,0.013375553528615164,0.057565991394892574,0.005710091955039757,0.004600000000000001,0.3384801628006831,0.004700021524903546,0.005458973503780309,0.01202154262636489,0.00476218572510762,0.0
1685260020,1.65169929505833,5.122272718443275,1.267590357770679,9.552982349723806,0.9061926479956333,16.981118202397155,9.10609654542569,0.6192871059789612,9.876499322268545,7.587474965215287,0.47109638554646216,1.2561124128033032,101498880.0,59136682.666666664,12055347.2,38972074.666666664,42663936.0,23942212.266666666,133629678.93333334,39427822.93333333,10010077.866666667,50298880.0,3078007.466666667,9550233.6,41.333333333333336,68.6,1.6666666666666667,221.0,1.7329333333333332,33.8,1.8666666666666667,378.2,52.333333333333336,18.534666666666666,0.018546202772061614,0.0863826930444421,0.16313792688792722,0.04114919490650939,0.004600000000000001,1.1171356262847953,0.007714350516418097,0.03570524134409283,0.062059069872972154,0.010894382838376461,0.0
1685260050,2.7239799798216553,5.225439099292501,1.1037539808967334,17.483329127231368,0.8391530746749788,18.349895797295822,14.768393942683371,1.5994719656291898,10.526505053551809,10.341793791864573,0.3345118959623642,0.9486160044572929,101421329.06666666,59109376.0,12143274.666666666,38986001.06666667,42663936.0,26418926.933333334,133639918.93333334,39670442.666666664,10039569.066666666,50298880.0,3149824.0,9551052.8,38.82936666666667,63.08303333333333,2.660166666666667,197.5615,2.8,33.06666666666667,2.6,358.9923,50.861866666666664,18.7545,0.06405664465747266,0.19734346024125668,0.5453882310499957,0.19214050208861239,0.004600000000000001,3.845000263453869,0.024490973856209148,0.16529319670745893,0.21213104230475036,0.04130899028013321,0.0
1685260080,2.8082356227056935,4.966279881803144,1.0917901490938828,20.458907533330443,0.7830710061220211,17.681026200809573,17.28527231958891,1.261609600021186,10.341567503014984,10.69118079287915,0.2546067963839833,0.9289728524129303,101389107.2,59213687.46666667,12251682.133333333,39129088.0,42663936.0,25452270.933333334,133748326.4,39509196.8,10124219.733333332,50298880.0,3100672.0,9636795.733333332,37.46666666666667,71.41090000000001,4.4,215.6,4.266666666666667,33.08163333333333,4.2,381.8589666666667,51.666666666666664,21.596433333333334,0.08400539424703816,0.5016931218581305,0.8318296703296703,0.22911530265695576,0.004600000000000001,4.488946772340244,0.037353472222222225,0.21219543861663942,0.25630447960947084,0.049891525422715924,0.0
1685260110,2.843158946556023,5.5016109357737895,1.1414999783448805,20.271963858244142,0.8451514956410316,17.557260952180275,17.676345005311997,1.5090140053536993,11.710387120295517,12.961319881261833,0.2389633869709299,0.9246479945687912,101442901.33333333,59091490.13333333,12242670.933333334,38910634.666666664,42663936.0,25705267.2,133775360.0,39676450.13333333,10070835.2,50298880.0,3016021.3333333335,9750118.4,36.4,58.93333333333333,2.066666666666667,218.4,2.4,34.8,2.2666666666666666,352.46666666666664,44.333333333333336,18.2,0.08581611827680187,0.6662995956872494,0.8820946233612138,0.22062214695434482,0.00472033813428307,4.354495673878521,0.04184637127005548,0.20688872360430735,0.26238893779223793,0.047229969894170436,0.0
1685260140,2.1632886401327247,21.010907727731,0.9820576633694315,18.78642963427138,0.8434252755886656,18.339005158902786,19.207996677145186,1.8905020871215676,10.791788854085581,13.133624188270812,0.26138401880000006,0.8657242644281601,101264725.33333333,61632921.6,12023808.0,38982997.333333336,42663936.0,25816678.4,133775360.0,39552477.86666667,10216106.666666666,50298880.0,3067904.0,9650722.133333333,37.13333333333333,61.53333333333333,2.2666666666666666,180.53333333333333,1.8666666666666667,30.0,1.8,379.53333333333336,47.53333333333333,14.866666666666667,0.0877202270557332,0.4209474201870351,0.8053022771074242,0.21466989785919094,0.004751723228011986,4.42102002979942,0.04173791423001949,0.20924970540889096,0.25316652332445244,0.05022205435064163,0.0
1685260170,2.0858857551525563,76.00901837824094,1.0918878476049028,17.91415571220637,0.8313820603222509,17.0663078710831,18.120482892968052,1.7929727656948045,9.452907199768038,12.46167201382839,0.26624828034303577,0.8947833979798673,101343232.0,63567325.86666667,12077056.0,38915686.4,42663936.0,26190916.266666666,133775360.0,39822677.333333336,10315366.4,50316902.4,3140676.2666666666,9513369.6,34.0,50.6362,3.2,199.93333333333334,3.5341333333333336,32.3634,3.466666666666667,327.2528333333333,42.06666666666667,17.933333333333334,0.09681832948230013,0.21494165803438917,0.7570403392903393,0.2264275015905293,0.004616119402985075,4.683742777140637,0.04180377096351361,0.22566401427445573,0.297029518619969,0.07028349272300176,0.0
1685260200,2.148597991108194,96.26181869189894,1.147350998812736,16.573158549503464,0.878869495083729,17.57206854462374,16.23666200112151,1.8983571899423344,10.079603666792513,12.080063642177043,0.26147891566840376,0.879396376471252,101503385.6,63599411.2,12205670.4,38956373.333333336,42663936.0,26517367.466666665,133777134.93333334,39688465.06666667,10433331.2,50300791.46666667,3083195.7333333334,9554602.666666666,34.06666666666667,61.927533333333336,2.4,188.0247666666667,2.2666666666666666,30.133333333333333,2.066666666666667,326.72856666666667,45.1378,17.133333333333333,0.1066936698425729,0.22166326312795792,0.7628060897435898,0.2360644701172422,0.004600000000000001,4.761064121662457,0.0451010101010101,0.22923390298866622,0.3068402478002589,0.07764515890373182,0.0
1685260230,2.4137765923788512,95.48829850791698,1.1507599463983245,16.205404416693195,0.8753810690231436,17.51928614290545,16.75218151140103,1.568341018422286,11.929583133094514,10.775942307135297,0.29314704609233766,0.9908439397705726,101552128.0,63611972.266666666,12039236.266666668,39005388.8,42663936.0,24492987.733333334,133779456.0,39766698.666666664,10209689.6,50302020.266666666,3130982.4,9586961.066666666,53.0,90.66666666666667,3.7333333333333334,292.6,3.6,52.266666666666666,3.6,525.2666666666667,72.33333333333333,31.0,0.1024070934852799,0.2255848760972793,0.7504565897065897,0.22962226169157213,0.004600000000000001,4.603787110002672,0.04243533309655601,0.21554956589005714,0.26045279030892493,0.07198730525889996,0.0
1685260260,1.9108342235060742,97.67110713547969,1.4881582744732662,12.024671628629365,0.9435271348491033,18.39662260669275,11.359345135729388,0.7917035768433434,10.294509449417403,7.7197993037087445,0.4839932024951308,1.2693438507084815,101336405.33333333,63535104.0,12213998.933333334,40090555.733333334,42663936.0,22363750.4,133779456.0,39983650.13333333,10164906.666666666,50298880.0,3034180.2666666666,9481966.933333334,63.0,99.06666666666666,3.4,314.6,3.8666666666666667,55.8,3.6,539.7333333333333,75.86666666666666,26.333333333333332,0.06326640791469612,0.15462286675820144,0.43938724747474767,0.14467536862142794,0.004600000000000001,3.363141740064886,0.020674764471676918,0.13363840432413066,0.18064823042569852,0.03230170083774307,0.0
1685260290,1.8372328772910709,97.50268499319155,1.5973212124559018,8.850687759725043,0.8974305994979145,19.053023327315994,8.466869854398762,0.466272951008993,10.284679851936597,6.499454950499168,0.6013054710741174,1.321017326718805,101123413.33333333,63556812.8,12146688.0,39974502.4,42663936.0,23163289.6,133779456.0,40173841.06666667,10290653.866666667,50343936.0,3143816.533333333,9626828.8,49.53333333333333,80.84713333333335,2.3333333333333335,245.4,2.4,40.8372,2.3333333333333335,457.5510333333333,60.266666666666666,21.933333333333334,0.009105498023982946,0.02005654121084691,0.05828471114164628,0.011957837968339536,0.004600000000000001,0.3820804357540075,0.004851172998777309,0.012068020157006143,0.02505450149288163,0.005713939029454212,0.0
1685260320,2.59448111105918,96.53421799479875,1.1926758756156894,13.102566957339752,0.8601541394821018,17.96080448787435,14.914824266596385,0.9929712732766383,11.095405873932703,9.63465306424169,0.41380802904172637,1.1346210080816803,101518267.73333333,63646378.666666664,12310528.0,39137826.13333333,42667212.8,25693388.8,133786555.73333333,40271052.8,10992571.733333332,50310894.93333333,3023121.066666667,9404416.0,34.01616666666667,56.43963333333333,2.2070999999999996,190.81446666666668,2.3333333333333335,30.554100000000002,2.466666666666667,323.1800666666667,43.855333333333334,15.556233333333333,0.07032908687163072,0.1468834178652369,0.40492048887415266,0.13977787007876383,0.004600000000000001,3.5124325150406372,0.021630952380952393,0.16092293278436776,0.1964039057686747,0.039481826395794735,0.0
1685260350,2.4956398654853604,95.98544719708171,1.0389384837786788,17.00050914339933,0.8381534694267252,16.97003249530361,18.940281933682325,1.2683413077173296,10.850994141702078,11.72204145987338,0.2586613596553958,0.8907885057701176,101501747.2,64458888.53333333,11979434.666666666,39174280.53333333,42664482.13333333,25414587.733333334,133787648.0,40449501.86666667,10520302.933333334,50298880.0,3149824.0,9676253.866666667,32.333333333333336,58.0,1.8666666666666667,188.33333333333334,2.0,29.466666666666665,2.2666666666666666,326.8,40.266666666666666,17.733333333333334,0.10084700090311828,0.24464945262866963,0.9113390313390314,0.2189208614180731,0.004600000000000001,4.58927418641455,0.03978131313131313,0.22163657155725067,0.2961225676555808,0.06935274325021953,0.0
1685260380,2.300838766777766,93.95888914757,0.9981744876515519,17.110542703165045,0.8278293540973902,17.594523084772,17.124022138530695,1.2877322565090625,10.423910905788054,11.262458160387274,0.2632694639993896,0.8276583385758074,101220625.06666666,63660032.0,12355993.6,39198583.46666667,42663936.0,26463709.866666667,133801574.4,40615662.93333333,10174873.6,50298880.0,3032814.933333333,9512140.8,29.466666666666665,58.673633333333335,2.2666666666666666,171.4,1.7333333333333334,30.162666666666667,2.0,328.3647333333333,42.0,16.333333333333332,0.11103290803519726,0.2795597030908329,0.9865061944705908,0.23610528037332418,0.004600000000000001,4.7113241626906674,0.03786561447811448,0.23013477141018215,0.3901265839851541,0.07321670168190525,0.0
1685260410,2.760904805268892,97.18013687754771,1.0511413632346995,18.920466293461974,0.8119160155969457,16.774905946533348,17.108915503811822,1.4902201428991877,9.948220196170315,11.800374341517815,0.26035378570658224,0.8829304909690843,101355520.0,64164522.666666664,12083336.533333333,39206912.0,42664891.733333334,25948023.466666665,133812224.0,40450730.666666664,10348270.933333334,50298880.0,3067357.8666666667,9518421.333333334,36.53333333333333,59.2,2.1333333333333333,185.46666666666667,2.4,30.466666666666665,2.2666666666666666,330.8666666666667,46.6,20.066666666666666,0.11689133691729217,0.23289689901137967,0.9247080968352253,0.2388588530354742,0.004600000000000001,4.739567844071944,0.041093110593110604,0.23058030762968362,0.3761176081320736,0.07409107122318669,0.0
1685260440,2.642075553529233,96.83137012417009,0.9236346426040254,18.32669581632265,0.8186865440852977,17.90183605635059,16.91947592079466,1.6906864443143612,10.5412743959507,10.493452768343879,0.26405659496181894,0.8834233853696124,101352106.66666667,63643374.93333333,11971788.8,38942310.4,42665437.86666667,25396019.2,133819050.66666667,41350075.733333334,10209553.066666666,50298880.0,3078144.0,9463944.533333333,39.30793333333334,61.94526666666666,1.7333333333333334,193.87633333333332,1.8666666666666667,31.159,1.9345666666666665,332.7790333333333,45.831066666666665,14.6721,0.1029973239916283,0.22078521678266938,0.8478602492278963,0.23629480535843633,0.004600000000000001,4.706752458349417,0.04402105718355718,0.22586962401276864,0.2644988124545421,0.06663955272385913,0.0
1685260470,2.6570042427786618,96.30293813858036,1.0153436722250773,16.7628976559453,0.7917334525236265,17.41123629407218,17.73343829379295,1.8030565794520013,10.852238532626187,10.693108092801733,0.2572008578804847,0.8662356613003824,101259673.6,63685017.6,12170854.4,39186158.93333333,42665437.86666667,25723289.6,133868475.73333333,40628224.0,10199722.666666666,50298880.0,3020117.3333333335,9537262.933333334,40.666666666666664,54.13333333333333,2.066666666666667,190.86666666666667,2.2666666666666666,30.6,2.066666666666667,304.53333333333336,38.666666666666664,15.6,0.09655168765983224,0.21392699763017042,0.8196023480017288,0.235285970827575,0.004600000000000001,4.718059800201871,0.04496835117819057,0.22563255799887083,0.2471904724978445,0.06831797463776895,0.0
1685260500,2.3476373195283164,95.8714842514714,1.0268153488019454,16.291971912707808,0.799166580100983,17.812025341058625,18.582595441736654,1.9017157067900337,10.596182414206362,10.809126100410953,0.26149975986655616,0.8967807931561994,101376273.06666666,63712187.733333334,12223146.666666666,39059319.46666667,42663936.0,25636181.333333332,133883221.33333333,40457830.4,10557440.0,50302293.333333336,3079918.933333333,9522380.8,39.733333333333334,64.25983333333333,2.933333333333333,188.86666666666667,2.8,29.8765,2.533333333333333,343.37393333333335,40.333333333333336,17.466666666666665,0.09964729919893775,0.21240620793229956,0.7641053321678322,0.23346840781519967,0.004600000000000001,4.710264779991041,0.04550255909381296,0.22560354103673103,0.24770117104410838,0.06994114794295597,0.0
1685260530,2.408629920753213,94.82904140982495,1.177931485057614,16.63374722587461,0.8248364049448941,17.57926811632675,16.590822768220555,1.954523014220706,10.427230243450675,9.970393912170689,0.27976103450071726,0.9364222150871527,101459968.0,63597772.8,12031317.333333334,39494451.2,42664618.666666664,23854557.866666667,133898922.66666667,40555588.266666666,10428825.6,50305706.666666664,3096166.4,9639936.0,54.266666666666666,85.73333333333333,3.3333333333333335,298.26666666666665,3.7333333333333334,47.6,3.466666666666667,497.53333333333336,63.666666666666664,26.466666666666665,0.09300778191682174,0.20412968397951664,0.5882513776062163,0.22807875229414154,0.004600000000000001,4.6190650475313735,0.041092559063098916,0.21999565338811702,0.24251327751550486,0.05214569890762683,0.0
1685260560,1.7854621233133456,98.65231962629966,1.4633569293717115,11.831969788589275,0.952018177810811,18.02319126162145,10.293880131869736,0.8013844632724307,10.632522223244527,7.828833907098732,0.4856803729558875,1.2657230186343853,101425971.2,63595178.666666664,12210312.533333333,40119364.266666666,42665710.93333333,22004121.6,133906432.0,38311936.0,10247782.4,50298880.0,3081557.3333333335,9509137.066666666,64.73333333333333,108.45053333333334,4.2,324.8666666666667,4.533333333333333,52.43603333333333,4.133333333333334,615.3879333333333,77.93333333333334,31.8,0.05329566074660043,0.12939420199946725,0.4294058105872622,0.1470095122509156,0.004600000000000001,3.596486325244728,0.023840233100233095,0.14588979239289318,0.16473180650671201,0.026724333776217527,0.0
1685260590,1.6125974584937213,97.71908404424012,1.6190085451544636,9.211982516774103,0.9324316716207569,18.97421896678541,8.232298826084106,0.49153038585653114,10.342273415128263,6.858873174878417,0.5825922696775548,1.438423541340774,101095287.46666667,63602688.0,11970969.6,40483362.13333333,42663936.0,22775398.4,133907114.66666667,36107878.4,10708582.4,50298880.0,3096029.8666666667,9484697.6,41.93333333333333,79.13333333333334,3.8,251.6,3.7330666666666668,41.333333333333336,3.6666666666666665,445.3333333333333,59.266666666666666,23.866666666666667,0.00689189870672267,0.02353594448827313,0.09991331380390786,0.011245702895857645,0.004600000000000001,0.4115094315689896,0.005397790129368069,0.011130433553562342,0.025732036687907574,0.005194604979600625,0.0
1685260620,2.064260322179771,96.01813204939087,1.3855587343789841,13.955779214417083,0.8797584293163684,18.112806676834868,12.432242041264413,0.8493008769207077,11.078885030712144,10.28163201263865,0.4277497733482073,1.1497917887131368,101087641.6,63680102.4,12130713.6,39735296.0,42663936.0,25881531.733333334,133944388.26666667,36092313.6,10281779.2,50298880.0,3076505.6,9647581.866666667,35.74013333333333,54.74966666666667,2.6680333333333333,171.9932,2.933333333333333,29.58693333333333,3.0,311.09933333333333,39.344233333333335,18.066666666666666,0.05846417682543114,0.14645287841831128,0.4526067821067821,0.15552240082016228,0.004600000000000001,3.701570723831519,0.01984958152958153,0.1567428271657297,0.1922264031560979,0.0299986658706314,0.0
1685260650,2.447190121394121,96.44322420461496,1.0656051951566072,18.47257506184739,0.862672505164691,16.80889584131506,15.86132664006444,1.0270554999761592,10.427660515104002,10.277312047788088,0.25180353259242966,0.9053467584028688,101232503.46666667,63619618.13333333,12040738.133333333,39102600.53333333,42697386.666666664,26479820.8,133964049.06666666,35768866.13333333,10371072.0,50298880.0,3018752.0,9648264.533333333,31.066666666666666,47.6959,2.2666666666666666,169.93333333333334,2.3333333333333335,29.733333333333334,1.8,324.78613333333334,46.6,14.4,0.09227578754506414,0.22328653935747117,0.7375948242933537,0.22450752953383663,0.004600000000000001,4.6443343928651855,0.03797182678432678,0.22869152558156522,0.3091637519396231,0.05744151307853777,0.0
1685260680,2.758044833778679,92.56853913327453,1.0497134816206448,19.00328711822801,0.8289868967764493,16.991382138475355,18.175379680689602,0.8557051859479805,10.598779309251016,11.588973262302918,0.2570084971085563,0.8599006276188734,101468842.66666667,63672320.0,12087432.533333333,38962790.4,42683050.666666664,25996083.2,133971148.8,35772552.53333333,10131456.0,50298880.0,3138764.8,9444283.733333332,43.93333333333333,57.4,3.2666666666666666,184.0,3.066666666666667,32.8,2.8666666666666667,344.73333333333335,46.666666666666664,20.666666666666668,0.10772174754945603,0.23507469077931945,0.8197982722328697,0.23255684722864428,0.004600000000000001,4.722809892155427,0.037714854127354126,0.23728082180512897,0.35465639949279393,0.06895811398486697,0.0
1685260710,2.8018928806270873,94.83798865277696,1.1706116032170424,16.853072654422398,0.8558496444637886,17.517163100341577,18.222019078285726,1.1526332256280323,10.403463639271418,11.491587611641632,0.24756863234724144,0.9070822938685642,101515810.13333334,63591082.666666664,12152012.8,38991872.0,42695065.6,25415816.533333335,133977429.33333333,35872631.46666667,9872179.2,50416025.6,3078280.533333333,9452748.8,31.507766666666665,66.24386666666666,2.2666666666666666,177.60663333333332,2.1333333333333333,32.4,1.9333333333333333,345.2269,47.2539,15.774433333333333,0.10201846948338175,0.23363622727509611,0.8809751561050188,0.23350543721587,0.004600000000000001,4.748677392750257,0.046182618464052284,0.23598107589238032,0.30117927725061583,0.06566347416752509,0.0
1685260740,2.706543675692189,95.98347270107442,1.1980854309348639,18.209753481078117,0.8712407416043615,16.90573275651445,16.84773184267485,1.527091487204373,10.167115508172515,12.192546932168485,0.2568981710049339,0.9250168257580114,101579980.8,63562683.733333334,11983394.133333333,38915276.8,42684689.06666667,25385642.666666668,134047334.4,35799040.0,9949593.6,50300245.333333336,3110229.3333333335,9599112.533333333,32.333333333333336,55.2,2.3333333333333335,189.13333333333333,2.1333333333333333,30.333333333333332,2.2666666666666666,324.26666666666665,42.333333333333336,16.066666666666666,0.09752117684001718,0.2605104224425526,0.898709790571747,0.23650014506711922,0.004600000000000001,4.7421161533447815,0.04751217974372437,0.234463066411894,0.3328429014522954,0.06282122443851511,0.0
1685260770,2.7009384164100694,92.64628188428472,1.1383610829547843,17.81321269255975,0.8302751833574992,17.66752657366596,17.48408608976068,1.2733073004245965,10.808488868500218,12.27081594174157,0.24911614868820312,0.897800213114883,101649612.8,63603916.8,12261376.0,38844142.93333333,42663936.0,25388646.4,134119424.0,35909768.53333333,9940992.0,50299835.733333334,3150506.6666666665,9584913.066666666,36.266666666666666,57.89886666666666,2.8666666666666667,179.53333333333333,2.6666666666666665,29.5611,2.466666666666667,331.0185333333333,42.13333333333333,16.933333333333334,0.09740163405197025,0.29293307301862176,0.8788350241545895,0.23741339479354168,0.004600000000000001,4.735251470604154,0.04380045825347682,0.23108459694779532,0.39466430447325745,0.0602984461020527,0.0
1685260800,3.2218037346866897,94.33067433162823,1.0834618781133514,16.976901057736868,0.8452832503548091,17.241996556157684,17.9447072202017,1.2831019297437967,10.130487928301271,12.024228691461255,0.2605059735380467,0.9014515416045477,101695488.0,63650065.06666667,12124433.066666666,39093043.2,42663936.0,25708407.466666665,134123383.46666667,35779925.333333336,10209280.0,50862899.2,3157060.2666666666,9610990.933333334,35.666666666666664,56.666666666666664,2.1333333333333333,191.26666666666668,2.2,34.4,1.8,351.06666666666666,43.666666666666664,16.8,0.09564715385600822,0.30623346505347826,0.8764898654556582,0.22981799477966453,0.004600000000000001,4.68443387793326,0.04152936334498834,0.22641449275580414,0.34548405474351546,0.06391191863521666,0.0
1685260830,3.036448925527063,90.73766371363722,1.146440706204334,17.17536090217026,0.9036468842082465,17.560735999697798,16.63544187899778,1.2296769968547197,10.395759405841469,11.470284788485397,0.2888450396614637,0.9592754667386465,101731532.8,63712187.733333334,12279398.4,39192576.0,42663936.0,25305634.133333333,134130892.8,35960149.333333336,9768140.8,50800230.4,3113233.066666667,9399227.733333332,49.733333333333334,81.93333333333334,4.2,252.13333333333333,3.8666666666666667,46.93333333333333,3.7333333333333334,506.26666666666665,60.733333333333334,29.133333333333333,0.09029558393294547,0.23050120671773222,0.7573402430902433,0.21967126877361934,0.004600000000000001,4.591435594697122,0.04038521062271063,0.22596261428773542,0.2517274973132825,0.05783240082410279,0.0
1685260860,2.034480764885981,98.87826693611935,1.5275884398968425,11.061350147705216,0.9503289994152262,17.269581139679644,10.671966682934606,0.706702364582563,9.834055242191791,8.275203980706848,0.462009663353732,1.2527162570008152,101700130.13333334,63611562.666666664,12118971.733333332,39713177.6,42691788.8,22572236.8,134135808.0,36166041.6,9883921.066666666,50302156.8,3038139.7333333334,9707110.4,60.40553333333333,102.32886666666667,3.6,322.9035666666667,3.3333333333333335,52.2,3.3333333333333335,583.7965,75.95766666666667,29.815566666666665,0.05454039990343636,0.1855543516502833,0.4553210427689594,0.1420015971986892,0.004600000000000001,3.659359323271472,0.026148117867317872,0.15932499391565016,0.17744802372132018,0.02443444749655755,0.0
1685260890,1.6814764021314088,98.09012708265996,1.5159943907863729,8.6052621915727,0.9476985581002046,17.921177839413005,8.489594611831071,0.40979066437495154,9.822392757448453,6.834938254116135,0.5552716585795587,1.3943123681273362,101553220.26666667,63598592.0,12190515.2,39926988.8,42672537.6,23280981.333333332,134136627.2,35543586.13333333,10256520.533333333,50299426.13333333,3062442.6666666665,9515690.666666666,44.6,73.6,2.8666666666666667,256.73333333333335,2.8,39.0,2.6666666666666665,417.4,55.13333333333333,20.6,0.00900317811518837,0.04339867448818202,0.10523611111111114,0.01686195494889784,0.004600000000000001,0.6239679992091978,0.004878478372790351,0.01435082701611595,0.0341248397664807,0.005505304706771959,0.0
1685260920,2.3620749443498057,97.80964613415502,1.1171323525745973,13.907224200006377,0.8222955431333872,17.649042194362746,13.71110940918424,1.2269334177818652,10.826561579202247,9.518221023974478,0.3874592883394386,1.1069739566443062,101167104.0,63603507.2,12219460.266666668,39675904.0,42663936.0,26078549.333333332,134149870.93333334,35940761.6,10224708.266666668,50298880.0,3147912.533333333,9589964.8,36.86666666666667,67.7418,2.6,194.4,2.533333333333333,31.966,2.533333333333333,347.9137666666667,47.53333333333333,20.733333333333334,0.06082659296077792,0.15871043069971388,0.5195792483660132,0.16624447872926632,0.004600000000000001,3.8987841849058813,0.019820562423687425,0.1778232567767444,0.2101068566955713,0.029336781565367304,0.0
1685260950,2.4033440980573975,94.53876802310147,0.9736350634197123,16.44094577887457,0.8089149253749496,17.97732887838477,18.027010952879454,1.4025402226701968,11.07092696530308,11.995458776148768,0.2682551130646462,0.8698157247373277,101345416.53333333,63622485.333333336,12054391.466666667,39568179.2,42663936.0,25581158.4,134154922.66666667,35949226.666666664,10029465.6,50298880.0,3069542.4,9521288.533333333,34.13333333333333,57.06666666666667,2.2,195.6,2.2,34.06666666666667,2.1333333333333333,305.46666666666664,37.8,17.266666666666666,0.09382525396236381,0.23132634233231888,0.8399546783625731,0.2286143873065762,0.004600000000000001,4.6428479667556894,0.0364699074074074,0.23491252335984322,0.2976766339132272,0.0697283377379421,0.0
1685260980,2.3653063023623866,96.29246861176043,0.9613007807407837,16.228481096315964,0.8632540605076887,18.538951234716897,17.672157429113057,1.5471494308189166,9.94994911447238,11.269264363802863,0.25857555383830866,0.8786957484147107,101437713.06666666,63565824.0,12306841.6,39251421.86666667,42663936.0,26355302.4,134196838.4,35999470.93333333,10055543.466666667,50335197.86666667,3083878.4,9416430.933333334,38.266666666666666,55.266666666666666,1.8666666666666667,166.06666666666666,1.8666666666666667,32.0,1.8,305.93333333333334,46.13333333333333,18.4,0.10923362952299492,0.23011126154972614,0.848359070410154,0.23894149035998216,0.004600000000000001,4.7581154345968395,0.037678571428571436,0.23572905432640923,0.33205291866418185,0.07522455720700377,0.0
1685261010,2.372070452627877,93.42023726998978,0.9326902486099177,17.145921097119654,0.8080994890777684,18.317339987291493,16.538527626869904,1.2597358450438836,9.775216186553914,11.569839223421052,0.2406863700615401,0.8093863591268252,101470208.0,63521041.06666667,12259328.0,39269717.333333336,42663936.0,26244710.4,134205440.0,35753574.4,10307857.066666666,50298880.0,3031859.2,9537399.466666667,33.333333333333336,58.6959,3.1333333333333333,164.06666666666666,3.0,30.8431,2.6666666666666665,319.1308333333333,41.333333333333336,17.4,0.13370968529122151,0.22547502767045335,0.8423876586376587,0.23727511587449404,0.004600000000000001,4.811381540743534,0.03927222222222222,0.23405103209717823,0.33488553317667624,0.06697653304933954,0.0
1685261040,2.7247755103724614,94.2127216817481,1.0007309282512775,17.969560610308154,0.7902983677296941,17.704226941279792,17.17898471727701,1.4840946233568524,9.888951660854508,11.01879115005345,0.25122664534243144,0.8380852473868767,101470208.0,63548620.8,12352580.266666668,39127449.6,42665028.266666666,26028851.2,134220322.13333333,36816896.0,10248328.533333333,50298880.0,3020800.0,9499443.2,36.93333333333333,62.333333333333336,1.4666666666666666,181.33333333333334,1.4666666666666666,29.6,1.6666666666666667,335.8,36.53333333333333,17.866666666666667,0.11680666577975957,0.2328024936089366,0.8630410213568108,0.23259794742675968,0.004600000000000001,4.819150785693207,0.051188725490196076,0.2363953199484516,0.3020659760176766,0.059724443714406994,0.0
1685261070,2.5837170599865797,95.13547965381358,1.0052838792823628,19.56646795408195,0.8081813760720803,17.69857543570133,16.409813041529222,1.4875658542514982,10.200941187823329,10.671483358622027,0.24045674779327347,0.9009551297158627,101548305.06666666,63585757.86666667,12096580.266666668,39093862.4,42664755.2,25727249.066666666,134225920.0,36081254.4,10114389.333333334,50364416.0,3018342.4,9480874.666666666,33.46666666666667,60.709966666666666,3.066666666666667,177.73333333333332,3.0,27.9651,2.7333333333333334,339.92716666666666,39.266666666666666,17.933333333333334,0.10082076573517615,0.24544531563676747,0.9181525534851622,0.2342834793087057,0.004600000000000001,4.820066745313336,0.046751364522417155,0.23695949519691883,0.33464743617200576,0.06651645945120832,0.0
1685261100,2.3362095609632036,94.82600072611119,1.1460084606584577,18.35047705968651,0.8756925030368696,17.771022873105146,17.958410264766705,1.413791317115705,10.114155887251147,12.12260001704981,0.2611090229369274,0.8897562486027856,101576704.0,63635319.46666667,12118698.666666666,39093043.2,42663936.0,25287475.2,134225920.0,35893657.6,9966250.666666666,50300928.0,3065719.466666667,9517465.6,35.666666666666664,55.13333333333333,1.4666666666666666,194.93333333333334,1.8666666666666667,29.0,2.0,361.8,45.6,19.666666666666668,0.09473688231100137,0.23515679261745526,0.8915117331517588,0.23718816881358806,0.004600000000000001,4.781486203158902,0.04572377249012312,0.23412548945309355,0.30921109666147556,0.07246091032506366,0.0
1685261130,2.632264972399946,95.05275059849467,1.02158559764885,17.89853289908062,0.8191232651397751,17.408746955365398,16.59936685802854,1.225073946544733,10.151144996501097,10.64595773071763,0.2878374459843632,0.8922770698288182,101358250.66666667,63575927.46666667,12103680.0,39488989.86666667,42663936.0,23793664.0,134225920.0,35610760.53333333,9975944.533333333,50298880.0,3075549.8666666667,9666560.0,54.2,85.86666666666666,2.933333333333333,299.6666666666667,3.066666666666667,51.733333333333334,3.2666666666666666,484.73333333333335,68.33333333333333,25.933333333333334,0.0932384259757706,0.2069354598744258,0.7294781003310414,0.23416406873765652,0.004600000000000001,4.673555500174127,0.04155450336700337,0.22611037745060497,0.2460579260816204,0.06202770512502718,0.0
1685261160,2.498560580212242,95.75461499199868,1.263190111467805,12.63699056881146,0.8891756862769761,18.17399457544546,11.71900044629153,0.7136144243644512,10.182840130607728,8.306484354500236,0.4735300348559806,1.1959160302125786,101314560.0,63545344.0,11952128.0,40222173.86666667,42663936.0,22325248.0,134225920.0,35676160.0,10009668.266666668,50298880.0,3020253.8666666667,9570440.533333333,61.463566666666665,101.26666666666667,2.933333333333333,314.1281333333333,3.066666666666667,48.631766666666664,3.066666666666667,583.8781,68.6781,28.466666666666665,0.06128681166496577,0.1275391400771308,0.5165681818181818,0.16170365625401598,0.004600000000000001,3.738082790237297,0.021587531565656567,0.14630978320544274,0.18040187791922524,0.034019036885509,0.0
1685261190,1.7234928639894043,96.39570756195167,1.3504470145675578,8.822371950471835,0.9032760084634948,18.198214166775497,8.15186026085378,0.3679275284297744,9.759206421881585,6.593033312392669,0.5363296399856678,1.2322969033607587,101306368.0,63533056.0,12230792.533333333,40280473.6,42663936.0,22852949.333333332,134226466.13333333,35761493.333333336,10265258.666666666,50298880.0,3017250.1333333333,9558152.533333333,43.4,78.66666666666667,1.4666666666666666,233.2,1.6,34.53333333333333,1.6666666666666667,443.93333333333334,50.733333333333334,20.8,0.008290562209966578,0.05402536443570448,0.09822773569023568,0.01280855534038459,0.004600000000000001,0.5687824471066547,0.004904743770835555,0.013317111069290158,0.03264510174600223,0.006541662003681498,0.0
1685261220,2.2721238204624457,96.90365259793172,1.033477090046861,13.52724961064615,0.8525894466049535,17.322348603389653,14.021987051352255,0.8018258007395223,10.447101541196336,9.291383958933247,0.3779956629883256,1.0517864980274994,101538747.73333333,63557085.86666667,12097672.533333333,39498547.2,42664482.13333333,25783500.8,134237252.26666668,35922193.06666667,10245597.866666667,50298880.0,3147366.4,9602935.466666667,32.46666666666667,55.666666666666664,1.8666666666666667,202.26666666666668,1.6666666666666667,31.0,1.6,340.73333333333335,46.86666666666667,17.866666666666667,0.05586874178552866,0.26990940393368834,0.5461001082251081,0.1583452958063631,0.004600000000000001,3.6999961677223863,0.018883853799584346,0.16798027066432653,0.22723664293191054,0.03936423137149766,0.0
1685261250,2.6279195420887373,95.47231449172838,0.9432152179547849,17.960501278322834,0.7787414825095147,18.15982592632143,17.319610148272705,1.1940348971067036,10.815290071349185,11.734628985548484,0.24889334101230354,0.8152301468914219,101598549.33333333,64412467.2,12179456.0,39259067.733333334,42665710.93333333,25521902.933333334,134279304.53333333,35990050.13333333,10337621.333333334,50298880.0,3079099.7333333334,9719808.0,32.333333333333336,58.0,2.6666666666666665,207.06666666666666,2.933333333333333,27.10503333333333,3.2666666666666666,307.678,44.266666666666666,19.866666666666667,0.08942709669117811,0.5214733989917053,0.8234516231317703,0.2275204341350312,0.004600000000000001,4.675400422003165,0.03938015572390573,0.22731330135518452,0.34362645384716495,0.052800562811524905,0.0
1685261280,2.6189678103222986,96.00400997622518,1.0066625430259335,18.404350964928714,0.8680161284014642,17.292573173105165,18.646256227117668,1.8125668844455265,10.347031352655874,11.82650524328984,0.23862220730488176,0.8550880478822048,102508680.53333333,63492096.0,12306295.466666667,39216742.4,42663936.0,25656251.733333334,134415291.73333332,35745245.86666667,10072337.066666666,50298880.0,3114871.466666667,9609216.0,30.802733333333332,58.00136666666666,2.466666666666667,165.62586666666667,2.533333333333333,33.266666666666666,2.466666666666667,319.6081666666667,41.14693333333333,15.868033333333333,0.12185306717961705,0.6279324613922032,0.9268530230145255,0.23428166124873567,0.004600000000000001,4.747464495959416,0.04625143849206349,0.2309677914689155,0.3302018960836393,0.05541706355604383,0.0
1685261310,2.982194929727439,97.76399812370255,1.1297428056745562,18.471746492051473,0.8630404388346401,17.103570264725363,18.269267211807982,1.9336454305076283,11.11798240197623,10.664905699531138,0.2403415067209245,0.9014825966896554,101510485.33333333,63520631.46666667,12110506.666666666,38875955.2,42665984.0,27009433.6,134445738.66666666,35453747.2,9974579.2,50298880.0,3096166.4,9531938.133333333,30.30183333333333,57.940333333333335,2.7333333333333334,163.71259999999998,2.8,26.866666666666667,2.8666666666666667,330.1647333333333,45.3247,17.540333333333333,0.17699861368228734,0.5683612350600009,1.0045727093969012,0.23908279755621017,0.004600000000000001,4.854113024978159,0.05127297307812013,0.24232879734630836,0.34218389686451484,0.07423057165350583,0.0
1685261340,2.6316669471821084,97.16208581243856,1.1048453280331667,17.830675381340836,0.8617156599207382,17.235519338245254,17.07279832440487,1.675437987200548,10.727329910410665,10.624767277127063,0.24668849273354124,0.8512882600536916,101560320.0,63506841.6,12150920.533333333,39151752.53333333,42663936.0,26989363.2,134454749.86666667,35945403.733333334,10000793.6,50298880.0,3068723.2,9515827.2,32.93333333333333,48.4,1.6,169.73333333333332,1.4669333333333334,30.6,1.6,335.8,38.2,16.8,0.17265849937747849,0.36458351673591466,0.9373642153238253,0.24196982123466046,0.004600000000000001,4.892561728151519,0.0529468925070028,0.2450966809013531,0.33993259978421986,0.0823984775749877,0.0
1685261370,2.4880101354755397,95.00682184987309,0.9430315213484405,16.895454233028044,0.8045609887167686,17.83068522055625,18.014808528567137,1.58720928756348,10.70417274939624,11.489748460790288,0.25199892848861244,0.8671666393400322,101566873.6,63508753.06666667,11984622.933333334,38983816.53333333,42663936.0,26176170.666666668,134455296.0,35713570.13333333,10173781.333333334,50298880.0,3014656.0,9654135.466666667,37.733333333333334,60.733333333333334,2.466666666666667,195.8,2.7997333333333336,32.666666666666664,2.7333333333333334,323.53333333333336,42.733333333333334,16.466666666666665,0.1139367029601614,0.2665969471193664,0.8673819212907835,0.23517978119901917,0.004600000000000001,4.766806395565775,0.055342612044817927,0.23390505941048392,0.321275817366898,0.07990608254546634,0.0
1685261400,2.4945946898576974,95.48764608155969,0.9557047589648877,18.329913903364904,0.7730215492628171,17.315764374132446,17.823062048782923,1.390044151862585,10.677105236809869,11.552656838005351,0.25262480934730164,0.8109501939732471,101572608.0,63552443.733333334,12109550.933333334,39095637.333333336,42663936.0,25122269.866666667,134457070.93333334,35786069.333333336,10259251.2,50302702.93333333,3091251.2,9636795.733333332,32.53123333333333,55.84036666666667,2.1333333333333333,172.99163333333334,2.2666666666666666,32.756566666666664,2.2666666666666666,289.9327333333333,41.30703333333334,16.1393,0.09560110935738884,0.24220507153531534,0.7904166666666668,0.22879566690216346,0.004600000000000001,4.697731538132524,0.054680555555555545,0.22745092686459273,0.27113880584469996,0.07486059987451928,0.0
1685261430,2.7747093307294506,94.44511998396554,1.1029875926180466,16.568080625655753,0.8335163829875832,17.98953322127621,16.258631655488635,1.1676805426830725,10.22808792242326,10.672486564096326,0.3016884742013767,0.8542996894407301,101572608.0,63695803.733333334,12189832.533333333,39175509.333333336,42665847.46666667,23812642.133333333,134462941.86666667,35526382.93333333,10111795.2,50301064.53333333,3041962.6666666665,9702741.333333334,51.8,91.0,3.4,280.46666666666664,3.466666666666667,46.733333333333334,3.4,506.2,66.0,29.066666666666666,0.09076157740017583,0.20398978972322235,0.5343770525020525,0.23086498866155877,0.004600000000000001,4.674225406781089,0.04489917582417582,0.21997275207906694,0.236246534796039,0.055848111717981166,0.0
1685261460,2.2413945282628043,99.24568343106931,1.3828138860694452,11.29923024141239,0.8834301731257809,18.715835955660232,10.750376398965257,0.534882228588328,10.138287930899628,7.6093722185868815,0.4738763081539747,1.249114680578889,101510348.8,63734988.8,12179182.933333334,39720823.46666667,42665437.86666667,22256844.8,134463488.0,35591645.86666667,9997653.333333334,50299289.6,3124155.7333333334,9677209.6,63.06666666666667,104.0,3.6,330.53333333333336,3.7333333333333334,52.8,3.7333333333333334,567.6,75.53333333333333,28.8,0.05480060155018269,0.10973639016448558,0.38915608719983724,0.15619748323794128,0.004600000000000001,3.569667484883626,0.020708752612330197,0.13793755440556996,0.14835747987876222,0.023825189382534775,0.0
1685261490,1.617338013315023,99.94942211847227,1.3952380807731517,8.176237364261686,0.8824853069192518,18.35325898681865,7.6599731519672485,0.5078497297911385,9.864971551939668,6.588438951869746,0.543652978242411,1.2542001606988293,101356885.33333333,63618252.8,12047837.866666667,40277333.333333336,42663936.0,23142263.466666665,134463488.0,35781563.733333334,9925290.666666666,50298880.0,3012881.066666667,9477051.733333332,42.4,78.0316,2.2,232.93333333333334,1.8666666666666667,38.333333333333336,2.3333333333333335,425.83209999999997,57.46666666666667,20.272733333333335,0.007027666465435428,0.043916064666158675,0.1010161968870936,0.013964552814812453,0.004600000000000001,0.5711962818391793,0.006505468858453755,0.01559130381212785,0.03185010779201698,0.0056438137604568365,0.0
1685261520,2.1290709244799464,96.51220450644475,1.1635147710889375,13.642677108652716,0.8227630149419821,17.761979352038825,11.700204954733543,1.0482365508622287,9.428063460784834,8.599759859070343,0.3707345531296855,1.0102048431728343,101283840.0,63829606.4,12242534.4,39944465.06666667,42663936.0,26172074.666666668,134463488.0,36726101.333333336,10136507.733333332,50362368.0,3078144.0,9389397.333333334,34.22676666666667,65.46583333333334,2.126933333333333,194.62743333333336,2.3333333333333335,31.649,2.6,346.5491333333333,42.58083333333333,23.155266666666666,0.061383110232618415,0.18324431760539342,0.4573200577157621,0.18306928910702297,0.004600000000000001,3.8880999569642785,0.028265442890442895,0.18636389024636155,0.19873230241680034,0.040467422221440605,0.0
1685261550,2.692763218925212,92.51483574277145,1.164455487647833,18.69813495718802,0.8691399524661385,17.733849700966324,17.904181983728208,1.528097073325317,11.50865233950819,11.10952188563015,0.26330629638126424,0.9184032337653384,101355520.0,63587532.8,12064358.4,39552477.86666667,42663936.0,26018747.733333334,134463488.0,35682850.13333333,9995605.333333334,50310348.8,3015475.2,9700829.866666667,38.2,64.6,1.7333333333333334,184.13333333333333,1.9341333333333333,32.0,2.2666666666666666,343.8666666666667,36.46666666666667,18.0,0.09136217369780304,0.21110602581592802,0.6221711512887984,0.23079105134154138,0.004600000000000001,4.67567362421289,0.04327994066047471,0.2294093788029086,0.26568870721873067,0.07277495986621876,0.0
1685261580,2.9938571147626627,96.13494882661611,1.0659786628484236,18.123738508383337,0.8358050904081878,17.579858969452673,17.821389508468272,1.9631878909377385,11.068412115262277,10.526587619333027,0.25982419102104903,0.8633118754886252,101355520.0,63594496.0,12326502.4,39470011.733333334,42665847.46666667,26095342.933333334,134502400.0,35892019.2,9813606.4,50307345.06666667,3094801.066666667,9453021.866666667,38.2,57.666666666666664,1.8,165.53333333333333,1.7333333333333334,31.866666666666667,1.8,311.8,45.4,15.066666666666666,0.09501591634111349,0.23646618619715312,0.7854960317460318,0.2348471671924815,0.004600000000000001,4.704648110036633,0.04729967469177996,0.23044930683122017,0.35776155847105184,0.07989952648762658,0.0
1685261610,3.160863034117569,98.52560174231124,1.1081997330742575,17.92484987709174,0.8020779441205514,17.509443042684875,17.31197830469934,1.6930026207981623,10.012613332108165,10.21466638339853,0.25976835793627684,0.8828471738011973,101273873.06666666,63629038.93333333,12404326.4,39275451.733333334,42663936.0,25934916.266666666,134543086.93333334,36175052.8,10010487.466666667,50352128.0,3133166.933333333,9371238.4,36.266666666666666,60.77316666666666,3.0579666666666667,190.84926666666667,2.8496666666666663,31.653066666666668,2.5913,333.47836666666666,49.06666666666667,20.7826,0.09448163778074789,0.23831134903822476,0.810115336052836,0.2427624866948704,0.004600000000000001,4.813768700307339,0.047234613997114004,0.23731127126090168,0.3698141405274524,0.07304110927317665,0.0
1685261640,3.3314309944545113,92.15542391044713,0.9562810346770256,17.43492303105119,0.8255809918986611,17.263137966727104,16.409028532974293,1.6482060851683558,10.652608605667401,10.74070380426358,0.257113934469186,0.8540870714358724,101727436.8,63538790.4,12159385.6,39114069.333333336,42663936.0,25768482.133333333,134557286.4,35928610.13333333,10333934.933333334,50336836.266666666,3020936.533333333,9346798.933333334,33.86666666666667,67.13333333333334,3.066666666666667,204.4,3.2,32.2,3.1333333333333333,352.53333333333336,42.0,20.866666666666667,0.09324557638395191,0.23457097505080976,0.8322080981382453,0.2389215739767049,0.004600000000000001,4.805697893811347,0.044944846089582935,0.23408719744839504,0.3072290370804002,0.059388559476974086,0.0
1685261670,3.27593224819003,93.39411398308754,1.1780668234211147,17.61537635909521,0.8045571736718558,17.159319534830793,17.29567245447999,1.7024702301504364,10.551366579747823,11.315322838348955,0.2543475200859866,0.9064390460750008,101416140.8,64131072.0,12128529.066666666,39485986.13333333,42664209.06666667,25568324.266666666,134557696.0,35638067.2,10067968.0,50309802.666666664,3016704.0,9711342.933333334,38.7604,54.484500000000004,2.2,165.52936666666668,2.066666666666667,28.666666666666668,2.4,328.8528,48.825066666666665,21.03036666666667,0.09569123648290394,0.24952030309381926,0.8767323691172375,0.23866265292774208,0.004600000000000001,4.712544960557614,0.04423880563880563,0.22647683867682752,0.3166216822868811,0.06537232647121297,0.0
1685261700,2.9669231221105123,96.01807335610874,1.0866993655625419,18.58533749565129,0.8516491255055089,17.359522315935,17.813358046292016,2.080719030275523,10.500445161837378,11.214996406440607,0.25642445715890005,0.8598027291502552,101250935.46666667,64196471.46666667,12156108.8,39561762.13333333,42665301.333333336,26082372.266666666,134557696.0,36061320.53333333,9999974.4,50298880.0,3018205.8666666667,9690726.4,32.266666666666666,60.3702,2.2,181.0,1.9337333333333333,26.1551,2.2666666666666666,334.49903333333333,40.666666666666664,15.866666666666667,0.11359508884009015,0.22811768939552504,0.831872375066454,0.24369961456327885,0.004600000000000001,4.765243767800578,0.04692852919676642,0.22807854218577814,0.35139344120275545,0.07667136641389281,0.0
1685261730,3.0814798194902027,93.04669349527308,1.124573401804864,16.080590976866226,0.8814029669539024,17.23117923570062,16.463027412679082,1.379534565969024,9.971665648472099,11.315070007337711,0.28979229034746096,0.9235330511344528,101249297.06666666,63611426.13333333,12065177.6,39270536.53333333,42663936.0,23658222.933333334,134561792.0,36093678.93333333,10005435.733333332,50348441.6,3075003.7333333334,9526203.733333332,53.666666666666664,97.0,3.8666666666666667,312.73333333333335,4.4,49.2,3.933333333333333,537.1333333333333,69.8,30.933333333333334,0.09861611649180121,0.2087099931484399,0.7574533447217271,0.2259347443421591,0.004600000000000001,4.672888611197962,0.044411781947627536,0.22460030744734444,0.28529933671617314,0.0631948500676854,0.0
1685261760,2.1023042662905977,98.37277604261605,1.5216375707485008,11.245900149087936,0.8948040306684502,17.95464908300088,11.534246969496813,0.5210206652872277,10.047092763599421,8.369972284569036,0.4800976923241252,1.273530089272444,101215982.93333334,63528960.0,12186282.666666666,39541282.13333333,42666393.6,22029243.733333334,134579268.26666668,35906355.2,9929113.6,50298880.0,3047150.933333333,9512277.333333334,61.6,107.13333333333334,4.4,321.4,4.533333333333333,53.4,4.466666666666667,595.2,77.6,31.933333333333334,0.056679835678212116,0.1384147679635965,0.4451672736985237,0.13718945548070247,0.004600000000000001,3.6207534498707914,0.018823618813764455,0.146486900702766,0.17997817775939362,0.02736281947822156,0.0
1685261790,1.7240200078291477,95.88884023649646,1.6129683974941367,9.041642534510029,0.9458412781372055,19.05184063172036,8.323164441952112,0.47662371698273687,10.516208341308472,7.030992052517563,0.5919897267666735,1.3766208915174156,101104844.8,63536332.8,11965235.2,39402973.86666667,42664618.666666664,23116458.666666668,134620774.4,36114295.46666667,9953006.933333334,50298880.0,3143816.533333333,9445239.466666667,46.84803333333333,90.39453333333334,3.3629666666666664,253.0978,3.152733333333333,39.0254,3.1090666666666666,458.2714666666667,60.0147,25.220933333333335,0.008921906239673566,0.025866736633561826,0.0721442834942835,0.014034187592038335,0.004600000000000001,0.4949214782152068,0.004704908165243887,0.011844355581187217,0.028063338072742455,0.0054574520615318905,0.0
1685261820,2.154163852482948,96.82105599509643,1.2678981125509339,13.776072965734224,0.8435751417491157,17.8328437394791,13.57043898974897,0.8438784734341913,10.04804897097616,9.749641947078342,0.4058675265256286,1.0811628435918978,101268002.13333334,63590946.13333333,12229154.133333333,39223978.666666664,42664618.666666664,26299050.666666668,134578176.0,35996876.8,10253380.266666668,50298880.0,3155012.2666666666,9456981.333333334,40.06666666666667,57.06666666666667,1.8666666666666667,179.4,2.1333333333333333,31.0,2.066666666666667,341.6,42.06666666666667,14.666666666666666,0.0659252424977109,0.15603828463293634,0.3493387464387465,0.16137845205761214,0.004600000000000001,3.6939946796779304,0.017985267017811914,0.16250608445838916,0.22382638669707014,0.036679122125992954,0.0
1685261850,2.8749568150610836,95.38189192554175,0.9250047066265576,16.756101908047327,0.8092210728819588,17.43115930896143,17.494284120422712,1.3399912252233686,9.789581794962425,12.280065139838543,0.2556687240164985,0.8677099556812198,101441536.0,63655526.4,12158293.333333334,39551931.733333334,42663936.0,25488725.333333332,134578176.0,36164130.13333333,10369979.733333332,51209420.8,3021482.6666666665,9549824.0,39.80833333333333,61.87113333333333,2.6666666666666665,186.44486666666666,2.533333333333333,29.488433333333333,2.0,345.5464666666667,42.63163333333333,18.400533333333332,0.09102907133328383,0.21406038048505008,0.6094453388606614,0.22065950528750275,0.004600000000000001,4.706740912833599,0.042178507834757836,0.22732467539466034,0.31508136444566814,0.06573623276344015,0.0
1685261880,2.7597233056331447,94.93101136605398,0.9902131473625924,17.627222767240262,0.8221361311441372,18.30698012615378,16.70715801870721,1.5958036387265815,9.871135234422201,12.405450048320484,0.2524747521774853,0.8080692101329403,101443447.46666667,64030310.4,12400913.066666666,39254016.0,42663936.0,25837568.0,134578176.0,35990869.333333336,10104422.4,50298880.0,3023257.6,9490432.0,34.733333333333334,59.8,1.9333333333333333,172.66666666666666,2.4,28.066666666666666,2.2,311.6666666666667,43.333333333333336,16.466666666666665,0.0937462016875906,0.21971191543418325,0.7476851851851851,0.22617927055463435,0.004600000000000001,4.730017852740691,0.045765980975723625,0.22798810197841182,0.28965983181547195,0.07146772751174951,0.0
1685261910,2.5877463491353216,95.01476901109517,1.0709185074757643,18.402297330408782,0.8192304185589244,17.414507127594433,17.040341990354193,1.7813794047477374,10.015232082486643,12.631818518560097,0.2526790194644539,0.8639058246176261,101618073.6,64620407.46666667,12208674.133333333,38877866.666666664,42663936.0,26489241.6,134585821.86666667,36104601.6,10334617.6,50302702.93333333,3098214.4,9424076.8,30.0,60.13333333333333,2.7333333333333334,181.0,2.4,28.066666666666666,2.533333333333333,329.1333333333333,45.93333333333333,17.0,0.09666678827894594,0.22378193406287814,0.767862137862138,0.23631529928582953,0.004600000000000001,4.816480733365166,0.04459321895424837,0.23816553950150673,0.3116499010429809,0.07958482654928092,0.0
1685261940,2.3047919436366855,95.49909083698687,1.0896636898621916,17.713434497498646,0.7854232734726344,18.258217202223303,16.05516970550787,1.1860983571336046,10.237966991679397,12.939574746181087,0.2516121511922726,0.8910805328367207,101679104.0,63664128.0,12254412.8,38904627.2,42663936.0,25598361.6,134612172.8,36442931.2,10127223.466666667,50302839.46666667,3142178.1333333333,9788893.866666667,35.886966666666666,59.4722,2.2,190.14620000000002,2.3333333333333335,30.741899999999998,2.066666666666667,319.5182666666667,41.91856666666667,15.141233333333334,0.10223275545853872,0.21925038483696993,0.729732905982906,0.23646350204701602,0.004600000000000001,4.871808743599133,0.04194793192918193,0.23909670020703985,0.2692956044723572,0.0714025851238654,0.0
1685261970,2.3207427410090697,94.79822038381992,1.0558158032893208,18.330386614646994,0.8408465260899372,18.217912504185588,16.877549622036593,1.34925547649004,11.06682891306944,11.327536144062522,0.24686535562637033,0.8955271628385988,101679104.0,63501107.2,12213862.4,38948727.46666667,42769612.8,25872384.0,134676480.0,36279227.733333334,9951641.6,50823168.0,3025851.7333333334,9583957.333333334,38.20026666666667,63.6,3.1333333333333333,176.06666666666666,3.2,31.933333333333334,3.1333333333333333,358.73333333333335,46.06666666666667,19.266666666666666,0.11148714572207571,0.22516246430553283,0.7909470256051139,0.2308862900959098,0.004600000000000001,4.793597819542827,0.04909749203325056,0.22815588258071115,0.26992425981906154,0.053369962399484515,0.0
1685262000,2.957283282635359,95.75376201009038,1.1318994861189422,17.16563771011305,0.7938388820788437,17.869572063069477,17.77703948436415,1.550168700969936,10.898022766481683,10.895502996789748,0.255649920069412,0.9242511403776846,101684428.8,63551488.0,12332782.933333334,39285282.13333333,43548262.4,25912115.2,134739558.4,36177510.4,10032469.333333334,50841463.46666667,3032132.2666666666,9560064.0,35.6,56.0,2.7333333333333334,194.0,2.533333333333333,31.466666666666665,2.533333333333333,319.2,42.06666666666667,19.8,0.10809967678723863,0.23687531417342403,0.9118780836896162,0.23545349825994052,0.004600000000000001,4.754707662695757,0.05309902597402597,0.22990787313095956,0.3165205845487384,0.05689132769635819,0.0
1685262030,2.9778414466244283,96.39178359811969,1.2422573736902658,17.145590422820074,0.8706400252741621,18.155274417651245,16.102510800353947,1.3152463824199283,9.950609979187881,10.384775858874594,0.29339765936189555,0.9448745962112894,101732352.0,63651703.46666667,12194065.066666666,39462229.333333336,42663936.0,24635665.066666666,134742016.0,36116889.6,9999155.2,50312806.4,3075413.3333333335,9690043.733333332,52.4069,88.41143333333333,4.866666666666666,293.57573333333335,4.133333333333334,48.967333333333336,4.4,526.9055999999999,69.95653333333333,31.8859,0.0924662064352983,0.22214285972102774,0.8269975735049264,0.23057677410014357,0.004600000000000001,4.660417633722941,0.03772831506255419,0.22570950742090942,0.2634218008377574,0.05373562381202224,0.0
1685262060,2.119496635603262,97.00745245834597,1.5489647552834012,12.21205209285725,0.9302232453790513,18.724592228001043,10.74868799912417,0.7832356815036572,9.971428185733563,7.645776254191527,0.48337628996877174,1.3002763559622958,101691392.0,63664128.0,12253184.0,40134519.46666667,42663936.0,22162909.866666667,134742016.0,36592162.13333333,10092544.0,50305706.666666664,3079782.4,9392128.0,57.0,98.86666666666666,3.8666666666666667,336.0,3.6,53.666666666666664,3.7333333333333334,553.6666666666666,71.86666666666666,30.866666666666667,0.0498009973403371,0.13386447395677195,0.3754611471861472,0.1511986394056448,0.004600000000000001,3.554022997101127,0.016412712595405506,0.15032003785388898,0.16992703081382235,0.02660038245579791,0.0
1685262090,1.7562485242536634,97.4841966273642,1.4292009696656636,9.105649851812185,0.8350020379735319,18.620853189427294,8.455005975741726,0.45696486250509055,10.52654956950099,6.688286181140509,0.5820501568356674,1.373809124990102,101149354.66666667,63644467.2,12183688.533333333,40508074.666666664,43061521.06666667,22851993.6,134742016.0,36356096.0,10009804.8,50303658.666666664,3204710.4,9454387.2,49.8,76.87190000000001,1.8666666666666667,248.46666666666667,1.8666666666666667,38.8,1.8666666666666667,443.8,60.333333333333336,19.533333333333335,0.008337835008669978,0.02015106354496578,0.08223229326070393,0.017176082364604946,0.004600000000000001,0.39203759140967154,0.0049987177240261174,0.013076876009820765,0.027996601858954424,0.005278969789047292,0.0
1685262120,2.326849382789304,96.96295431077911,0.9768846907376333,13.6149039320087,0.8196528815461254,18.339248602801675,11.948855659714585,0.9862634753753918,10.231660174376751,9.655715630392617,0.41135792840325947,0.9586528437600461,101212706.13333334,63645559.46666667,12230929.066666666,39927398.4,43175116.8,26781286.4,134742016.0,36292881.06666667,10217472.0,51392512.0,3076096.0,9657139.2,34.53333333333333,62.195166666666665,1.8,189.8,1.6,30.284366666666664,1.9333333333333333,337.2006333333333,38.333333333333336,15.663499999999999,0.06287412035974675,0.13201158305988797,0.4852876984126984,0.1678956400960178,0.004600000000000001,3.655116158396544,0.020689880952380956,0.1569538148657416,0.1979896875352621,0.02886023650242632,0.0
1685262150,2.5900301228298006,93.71221707765628,1.0955633489736043,18.865393164886942,0.8235775621276231,17.52378523767346,15.575201803857404,1.4268401502827142,11.652158960905972,11.63730486668421,0.26752528628722316,0.8667394484746604,101421056.0,63585075.2,12090572.8,39158988.8,42663936.0,25723562.666666668,134745702.4,36329062.4,10220202.666666666,50298880.0,3068996.2666666666,9589145.6,29.733333333333334,60.8,2.6,183.86666666666667,2.8,29.8,2.4,315.26666666666665,43.6,18.133333333333333,0.11523409614963799,0.21797800763720904,0.8370844971162309,0.23345617579754943,0.004600000000000001,4.674810667780084,0.048606649831649834,0.2266513938762677,0.2626683138702383,0.06105878292042836,0.0
1685262180,2.524255898154761,93.97650766272051,1.1833492501989165,19.78367416986331,0.8227259950793903,17.31151452327133,18.7251683446724,1.762802075149478,11.49702158636243,10.691738230746003,0.25894452866266193,0.9011926109161943,101419690.66666667,63557632.0,11975884.8,39112977.06666667,42663936.0,25728204.8,134779699.2,36361284.266666666,9818248.533333333,50470912.0,3107362.1333333333,9631607.466666667,37.4,67.86666666666666,3.0,203.53333333333333,2.933333333333333,33.46666666666667,2.533333333333333,357.93333333333334,51.733333333333334,22.066666666666666,0.12161008314729882,0.23312845813122288,0.8601641414141414,0.2435553706694711,0.004600000000000001,4.738776535906382,0.06771911421911422,0.23516629265514907,0.2697399611547207,0.059334352963235214,0.0
1685262210,2.219301748040745,97.03084705090345,1.0249415267744064,19.109160979896565,0.8748366023111293,18.075449723147536,18.923494982460568,1.303251702952962,10.701604660107154,10.602695503752537,0.2592843616734518,0.8663410831233314,101502156.8,63551214.93333333,12137813.333333334,39018222.93333333,42897681.06666667,26050833.066666666,134792806.4,36798737.06666667,10182109.866666667,50324957.86666667,3011652.2666666666,9507225.6,34.146433333333334,57.0,2.0,180.43203333333335,1.8666666666666667,30.35533333333333,1.6,358.38703333333336,39.57286666666666,17.78076666666667,0.10675485541469268,0.2723974413007833,0.8651401246170984,0.23995798812463393,0.004600000000000001,4.749023712238459,0.05614602187028657,0.23492520662190447,0.2742764411694549,0.06093207362580672,0.0
