time,adservice_cpu,cartservice_cpu,checkoutservice_cpu,currencyservice_cpu,emailservice_cpu,frontend_cpu,main_cpu,paymentservice_cpu,productcatalogservice_cpu,recommendationservice_cpu,redis_cpu,shippingservice_cpu,adservice_mem,cartservice_mem,checkoutservice_mem,currencyservice_mem,emailservice_mem,frontend_mem,main_mem,paymentservice_mem,productcatalogservice_mem,recommendationservice_mem,redis_mem,shippingservice_mem,adservice_load,cartservice_load,checkoutservice_load,currencyservice_load,emailservice_load,frontend_load,paymentservice_load,productcatalogservice_load,recommendationservice_load,shippingservice_load,adservice_latency,cartservice_latency,checkoutservice_latency,currencyservice_latency,emailservice_latency,frontend_latency,paymentservice_latency,productcatalogservice_latency,recommendationservice_latency,shippingservice_latency,frontend_error
1685567490,1.7108528648702037,6.451622767343471,1.7646095136546642,9.378801432845345,1.0088965812740351,19.2894913761356,8.422615413317397,0.5198883082528837,10.327237765354303,6.927601412426436,0.5339869079374011,1.5153811101070767,102642541.71428572,55368265.14285714,12353536.0,38708955.428571425,42426368.0,23378797.714285713,131174400.0,37569682.28571428,10370340.57142857,50409472.0,3120420.5714285714,9340635.42857143,58.62467857142857,102.40203571428572,4.213035714285715,328.4343214285714,4.285714285714286,54.785714285714285,4.642857142857143,590.1648571428572,74.90964285714286,32.78192857142857,0.004637760443951071,0.004854222670097117,0.048697199544623364,0.007013778194505613,0.0046,0.23322058924095618,0.0046,0.0047033269440650925,0.009182230853599063,0.004694729899887575,0.0
1685567520,1.8192947175751115,6.072498192749445,1.681996055764746,8.737271443053693,0.9804036339101053,18.87895878988342,8.06955899137801,0.5080240498009223,10.566771854554778,8.088937514505613,0.5924991602153894,1.4270277650475844,102609715.2,55369728.0,12843144.533333333,38863940.266666666,42426368.0,24345804.8,131174400.0,37972650.666666664,10414080.0,50409472.0,3074321.066666667,9440733.866666667,36.79456666666667,60.23196666666667,2.3428666666666667,200.99949999999998,1.9421,33.2817,1.8682333333333334,361.59150000000005,46.950399999999995,18.789166666666667,0.02866757697549443,0.06205566630417883,0.16607969854163246,0.0323057209377275,0.004600000000000001,1.571931492248011,0.004600000000000001,0.07364471142285425,0.09272176833568331,0.013897239310321574,0.0
1685567550,2.424012894193866,5.741424720853636,1.391873128841334,5.678242683844518,0.9536919912441075,17.57439217753882,6.247370098677276,0.4667905151478583,10.755352664267914,11.922531490161246,0.5489615680315449,1.0280590710090505,102770688.0,55365222.4,12129348.266666668,38821068.8,42426368.0,26613486.933333334,131178222.93333334,37733444.266666666,10266214.4,51215564.8,3104768.0,9425305.6,32.628166666666665,58.91716666666667,2.779533333333333,189.1082,2.6295333333333333,33.96736666666666,2.2774,338.1146,46.2757,19.1787,0.08544240483251393,0.1844157881484465,0.4724523193259673,0.11007915738025063,0.004600000000000001,4.20087128459318,0.004600000000000001,0.2173943375931842,0.2391122719875957,0.04583355849631216,0.0
1685567580,3.2478828444533523,5.468618231873624,1.3093893075816863,4.98060943184592,0.869852895692718,17.778555882327378,5.590018475868115,0.4939120909645046,10.189347685079506,13.003077402810288,0.7564181343682399,0.9494898281845424,103080618.66666667,55401267.2,12038280.533333333,38780928.0,42426368.0,26655948.8,131203345.06666666,38076006.4,10299938.133333333,50442513.06666667,3118694.4,9564979.2,34.1128,57.17706666666666,2.5175,185.237,2.6367333333333334,28.737233333333332,2.5011,319.3046333333333,46.04253333333334,19.39626666666667,0.0972108280315746,0.21045706992015586,0.5196316606333512,0.16665496778356498,0.004600000000000001,4.641159216938515,0.004600000000000001,0.2395642248452269,0.3068066009162999,0.06421616302264611,0.0
1685567610,3.2461078006511026,6.183598687802242,1.3008455564880141,4.533965448465602,0.8804286259346438,18.023681971081732,5.389088423195582,0.44609860572680915,10.311256829917644,12.588465316090794,0.7534515855628942,0.9350350550718768,103028326.4,55484416.0,12365277.866666667,38952140.8,42426368.0,27284411.733333334,131213312.0,38000366.93333333,10118758.4,50409472.0,3149550.933333333,9422848.0,38.04113333333333,53.201766666666664,2.068166666666667,159.2158,2.0107666666666666,30.945966666666667,1.9397333333333333,332.8263333333333,47.29463333333333,15.609066666666667,0.09599929974147087,0.20672944846693422,0.4837301148647907,0.1665815197225363,0.004600000000000001,4.678185265664888,0.004600000000000001,0.2397293847881764,0.29216976959407365,0.06384045286876863,0.0
1685567640,2.640421216669391,6.263029428928631,1.0823639391751385,4.602588075861877,0.8773701001725001,18.0694232129607,5.360725262079899,0.43321531810702074,9.91179039372383,12.445609759212996,0.554124837811127,0.9113349636453311,103702391.46666667,55428164.266666666,12202257.066666666,38273297.06666667,42426368.0,27221060.266666666,131264648.53333333,37975927.46666667,10037248.0,50409472.0,3078007.466666667,9591193.6,29.5358,70.07133333333333,2.7778,178.78563333333335,2.653,29.932266666666667,2.6703666666666668,342.0945,41.23066666666667,20.2903,0.11846092277736393,0.2161143669174696,0.47808485579838006,0.16213041531420774,0.004600000000000001,4.736181867559589,0.004600000000000001,0.23500239697915998,0.3014457402799999,0.06175264714811702,0.0
1685567670,2.1340938350632714,5.103219354335493,1.199400019905109,4.587372400758773,0.9193200762771208,17.96182635174244,5.2391258449426195,0.42363410293845255,10.060874722678214,11.421609318898126,0.4954772184435777,0.8976469582186323,102971938.13333334,55367680.0,12358041.6,38574762.666666664,42426368.0,26957277.866666667,131289088.0,38458436.266666666,10573687.466666667,50409472.0,3158835.2,9540676.266666668,35.411433333333335,60.677800000000005,2.0663666666666667,169.6684,1.9966333333333333,31.183466666666668,2.4016333333333333,316.47973333333334,39.51286666666667,17.603366666666666,0.1357773682033852,0.29371654869024005,0.5149019289822497,0.15509942537214333,0.004600000000000001,4.745958390886344,0.004600000000000001,0.2335705252662045,0.35339839629294295,0.06483535627538484,0.0
1685567700,2.142358340470292,3.8020910980062714,1.1189275559771898,4.618898669118727,0.8872099104282218,17.980158458976952,5.470250723468881,0.413831753557587,10.21577932219685,12.18688658158582,0.4904079543062826,0.9121010946241034,103248691.2,55353344.0,12272708.266666668,38576264.53333333,42426368.0,26508356.266666666,131294412.8,38314666.666666664,10928128.0,50409472.0,3080192.0,9678301.866666667,37.42726666666667,71.0895,2.1475333333333335,176.3586,1.9906000000000001,33.19253333333333,2.0641666666666665,375.65766666666667,48.682966666666665,15.7375,0.0979968986281334,0.6623535540163155,0.7405014430014432,0.15003846826614978,0.004600000000000001,4.669971174666854,0.004600000000000001,0.23365819827535292,0.36709346043645785,0.06824110760285952,0.0
1685567730,2.652334264253216,4.7233421612421385,1.258805623445607,5.19144392826183,0.8821865268633362,17.77999550159877,5.771266644220717,0.4485296041461258,9.5582042550437,11.940108014577108,0.5738329237033869,0.9865373290457498,103050171.73333333,55378875.733333334,12414702.933333334,38347707.733333334,42426368.0,26092612.266666666,131301376.0,38400546.13333333,10466235.733333332,50409472.0,3081011.2,9476778.666666666,60.2228,88.49756666666667,3.5317999999999996,283.1097,3.5986666666666665,47.054833333333335,3.865466666666667,542.4799666666667,71.10423333333333,26.077066666666667,0.0933088660852004,0.44150045155087203,0.7678276815776818,0.14011741148023252,0.004600000000000001,4.560093999101527,0.004600000000000001,0.2265601787194953,0.3127531635956481,0.07037040642926622,0.0
1685567760,2.217721131182409,5.925434745667164,1.662209839569458,7.73679793686978,0.9899842786388671,19.091912749639203,7.551223255363023,0.5178392382085817,9.714622868893258,8.573773920842624,0.5374280399439938,1.2824190550124435,103131545.6,55392256.0,12306978.133333333,39497728.0,42426368.0,23643886.933333334,131301376.0,38206532.266666666,10148522.666666666,50409472.0,3074321.066666667,9665194.666666666,61.6,101.0,3.2666666666666666,319.1659333333333,3.3333333333333335,51.93333333333333,3.533333333333333,556.6666666666666,71.86666666666666,26.6,0.05707988912578665,0.13279924874433766,0.3578248617123618,0.06822163301597102,0.004600000000000001,3.4092002517082416,0.004600000000000001,0.1489196556048061,0.1761467017477453,0.03286262869403057,0.0
1685567790,1.804752825359332,6.004150193188176,1.7497604317970297,9.782023106780931,1.0060068512506528,19.296902305563425,8.976791381189695,0.491739340346905,10.366131799088462,7.014587743628243,0.5189553158029754,1.4935037177904986,102923059.2,55357440.0,12107639.466666667,39933678.93333333,42426368.0,23603609.6,131301376.0,38751709.86666667,10132684.8,50409472.0,3078280.533333333,9565252.266666668,58.48276666666666,95.6,3.2666666666666666,302.10026666666664,3.066666666666667,52.050799999999995,3.066666666666667,546.9333333333333,72.73333333333333,28.733333333333334,0.004697679407612029,0.005316926377862093,0.04738301505318998,0.00721852905484506,0.004600000000000001,0.2582085649455316,0.004600000000000001,0.004812380739628514,0.009466330015861037,0.004743924499117208,0.0
1685567820,1.9688966491270379,6.241492584333439,1.6399119592864566,9.298454151293132,1.040035316000233,18.62803437401715,9.460112884927982,0.5340206445666092,10.590853147132133,8.00789044192187,0.5205815290207566,1.5350934948829786,102780108.8,56310442.666666664,12460578.133333333,39128814.93333333,42426368.0,25395063.466666665,131301376.0,38913092.266666666,10185659.733333332,50409472.0,3073092.2666666666,9455342.933333334,38.66466666666667,60.332499999999996,2.3538666666666668,195.172,2.2122,30.787699999999997,2.1964333333333332,370.73586666666665,51.647666666666666,17.973533333333332,0.03188256760802,0.07304931063546345,0.18402474009393358,0.03374556735957685,0.004600000000000001,1.5172345689222946,0.004600000000000001,0.06665015423380402,0.09966156733167213,0.01571682633920714,0.0
1685567850,2.8460800117537617,4.9979373707573105,1.3247438240250988,6.086469874214973,0.980164162422118,18.645687114175495,6.862876459911005,0.4710375780833184,10.849850004741686,11.224996172065467,0.579966944899137,1.0839645913611071,102936029.86666666,55334229.333333336,12484471.466666667,38937395.2,42426368.0,27696878.933333334,131358720.0,38742152.53333333,10268125.866666667,50409472.0,3160337.066666667,9533576.533333333,32.544666666666664,57.6331,2.1185666666666667,180.5631666666667,1.8631333333333333,30.748466666666666,2.1941333333333333,340.5249,40.92513333333333,17.075433333333333,0.10133321081830332,0.29036621564151405,0.6231956790123457,0.11443313331955253,0.004600000000000001,4.375839511542067,0.004600000000000001,0.2135086859503472,0.28717516296766576,0.06336602075250318,0.0
1685567880,2.9652364845228596,4.906277871751206,1.1626754859352408,4.600039888259598,0.8931800122989154,18.220576779212767,5.545959612983741,0.44848719997212216,10.423406755101377,12.136414172665749,0.6697633598541202,0.9078346051812236,102982451.2,55359761.06666667,12301107.2,38720170.666666664,42426368.0,27153612.8,131362816.0,38831991.46666667,10694792.533333333,50409472.0,3081011.2,9698645.333333334,27.084666666666667,50.9433,1.7448666666666666,159.8909,1.8102666666666667,29.677466666666664,1.9346,293.94443333333334,37.09263333333333,17.28536666666667,0.14081688513382576,0.45811567164128086,1.0379761904761906,0.15749314038762824,0.004600000000000001,4.8225716094194935,0.004600000000000001,0.24037258197012948,0.3988084056117071,0.0896829855201469,0.0
1685567910,2.586806871360781,4.421147819327373,1.2024097070451962,4.615211613834586,0.9128296989486339,18.6618890224302,5.625019382938517,0.43962093997482005,9.437591743942283,11.583752836625136,0.6817444367689957,0.9870780318969755,102993920.0,55781785.6,12216456.533333333,38771507.2,42426368.0,27728281.6,131366229.33333333,38963473.06666667,10410803.2,51141290.666666664,3138355.2,9584503.466666667,30.008866666666666,50.331199999999995,1.7342333333333333,169.07386666666667,1.7447333333333332,29.554866666666666,1.7451666666666665,316.9511333333333,40.177033333333334,16.163833333333333,0.12295132677026487,0.3856663817121438,0.8124615309942637,0.1627400155752098,0.004600000000000001,4.805001610623895,0.004600000000000001,0.2373208928354292,0.4009200794885574,0.08289922623631339,0.0
1685567940,2.564269022756273,4.608307015441642,1.0293502057432653,4.477423034105489,0.9045622110252125,18.448185686421876,5.5657925221129245,0.45278695063650465,9.1013140197651,11.157986002236074,0.6331490225044678,0.9235902299678981,102819430.4,55348838.4,12330871.466666667,38970709.333333336,42426368.0,27537681.066666666,131366912.0,38950092.8,10045713.066666666,50848563.2,3087428.2666666666,9732915.2,36.538199999999996,54.6103,1.4685333333333332,204.38903333333334,1.6327,33.46073333333333,1.5331333333333332,355.40430000000003,42.166399999999996,16.327233333333332,0.09712212454721623,0.24015876534288777,0.4788362940297982,0.17842550502946622,0.004600000000000001,4.766377241872704,0.004600000000000001,0.23382676577501568,0.37971779998309496,0.07985968050483502,0.0
1685567970,2.77350936419092,5.409625740878419,1.0431941893032153,4.606840183746774,0.9216127123786897,18.61861050531677,5.972033399988258,0.4179119210778388,9.372448742537104,11.742151522348774,0.38131218221221613,0.9034076001098984,102997333.33333333,55436765.86666667,12257689.6,39029555.2,42426368.0,27302843.733333334,131382203.73333333,39180697.6,10391005.866666667,50409472.0,3080738.1333333333,9475686.4,38.1889,60.326233333333334,2.078866666666667,191.4326,1.9489666666666667,30.872833333333336,2.0834333333333332,341.6922333333333,40.928866666666664,16.252766666666666,0.09573422987846208,0.21457122484483246,0.4804110822895431,0.1763792779128447,0.0046736872010854965,4.713712438848437,0.004600000000000001,0.23418114529000197,0.3475876257587776,0.07724159775837738,0.0
1685568000,2.769898416939826,5.780120418274572,1.1891772944308785,5.23133877976551,0.997833639089446,18.699587073835037,6.4964048144805195,0.48235653542120166,9.996129730494115,12.322213529826845,0.6162261959513429,1.0323119306787483,103030784.0,55391573.333333336,12278169.6,38932889.6,42426914.13333333,27243861.333333332,131385344.0,39090585.6,10211737.6,50409472.0,3082103.466666667,9473092.266666668,33.15336666666666,59.92633333333333,1.4677,187.95846666666665,1.3860333333333335,26.767366666666664,1.4511,339.0335666666667,43.356833333333334,15.1277,0.09521965470401347,0.20674351690587806,0.6475555555555557,0.16626973544177798,0.004667094331615773,4.692067596079114,0.004600000000000001,0.23358045004848957,0.30463096029273473,0.06869995793857275,0.0
1685568030,2.7772252789780745,6.015905049790632,1.3778004530006231,5.898447164749168,1.0826508432284985,18.27426593497146,6.987575093078986,0.49216166211433837,10.172688875672666,12.278086789081234,0.6411021962133951,1.1922433353905673,103030784.0,55368635.733333334,12286361.6,38881962.666666664,42428552.53333333,25333213.866666667,131395584.0,39420040.53333333,10241638.4,50475008.0,3086062.933333333,9771690.666666666,59.1878,93.68206666666667,3.6644666666666668,301.1881,3.5989999999999998,51.43486666666667,3.7282333333333333,564.4864,64.9035,29.440966666666668,0.09127182561059372,0.210127115777372,0.5648015527950311,0.14686233589440134,0.004658294841289688,4.61293799049265,0.004600000000000001,0.2245827991653311,0.2596960245824217,0.05649485801368851,0.0
1685568060,2.2243428668467495,6.1409789337734555,1.989103439807736,9.213226413585561,1.1462857471839336,18.081999599027906,9.235762599992361,0.5873246882760902,10.405658060913373,9.009224311133796,0.5833042655009789,1.6361978013675298,103029418.66666667,55383927.46666667,12481331.2,38738466.13333333,42426368.0,23390481.066666666,131395584.0,39129770.666666664,10152618.666666666,50409472.0,3104768.0,9782613.333333334,54.20373333333334,95.8,4.333333333333333,307.53333333333336,4.4,48.666666666666664,4.2,538.9333333333333,72.93333333333334,32.46666666666667,0.055079510389669385,0.15079144033876216,0.3016542658730159,0.07355622899852464,0.004633653059671503,3.330108110953964,0.004600000000000001,0.12969642651444185,0.1606383707035982,0.025997160041464684,0.0
1685568090,1.6403579679254316,5.140923536998506,1.9760930726462744,10.858715252913438,1.1863722756529327,18.358315245475243,10.627615359210694,0.5456830781160921,9.913489041694003,7.047106404536206,0.4881900630073227,1.8145374702557353,103022592.0,55394577.06666667,12267656.533333333,39164723.2,42430190.93333333,23272243.2,131395584.0,39385497.6,10083669.333333334,50409472.0,3127296.0,9626828.8,62.735733333333336,96.6,3.066666666666667,306.06666666666666,3.0,53.02513333333333,3.1333333333333333,550.2666666666667,71.6,24.866666666666667,0.0063882115011360385,0.02036911114085257,0.05456878537091087,0.009921914322647576,0.004611418073443511,0.440353397585377,0.004600000000000001,0.006155759255230891,0.013478511304270083,0.004785210643745535,0.0
1685568120,1.8497790363270836,5.346936212079528,1.5564231672588162,9.743701281163409,1.0675813237508816,18.423783440686034,9.574280630131932,0.5300269172292662,10.105197518090996,8.054085468763468,0.5278149801236863,1.5270065044912,103022592.0,55421610.666666664,12403780.266666668,38500898.13333333,42445482.666666664,25396428.8,131426167.46666667,39442841.6,10181017.6,50409472.0,3123609.6,9602116.266666668,36.327133333333336,60.95956666666667,1.8742666666666667,200.50653333333332,2.139533333333333,31.095166666666668,2.2734,353.83003333333335,48.759766666666664,18.11573333333333,0.02969613980128932,0.10881245349195366,0.16615520522391447,0.03742334363542076,0.0046418264653480205,1.7941195106506853,0.004600000000000001,0.07121287381573396,0.10021397008495356,0.015718210814491235,0.0
1685568150,2.4282644247095044,6.248719093446857,1.3712626428175414,5.953771648027444,0.9872580686897129,18.26444838877677,6.981554007544448,0.4927198990494906,11.069026984931726,10.550888248144542,0.4822581434299026,1.1834917432644867,102868172.8,55514043.733333334,12248678.4,38354944.0,42427050.666666664,27354453.333333332,131487334.4,39781853.86666667,10569045.333333334,50409472.0,3101354.6666666665,9626965.333333334,32.52166666666667,59.90186666666667,2.4415,182.8341,2.3364,32.9441,2.585366666666667,337.56583333333333,42.76473333333333,17.57656666666667,0.08455881943599237,0.18866218159596387,0.44365562428675176,0.12980978615106842,0.004628448902372361,4.460542263509948,0.004600000000000001,0.21232098989823586,0.23874774550203556,0.045929018886033374,0.0
1685568180,2.3466531421711694,6.0955783046763745,1.4225963582470733,5.0455069501750645,1.0156729336758687,18.51407884400023,6.195361172168364,0.4755586884427298,11.184267263665678,11.488252693734438,0.4138307669186411,1.0309352379134455,102891520.0,56347306.666666664,12402688.0,38632789.333333336,42427596.8,26771182.933333334,131489792.0,39815987.2,10498048.0,50409472.0,3114052.2666666666,9667106.133333333,36.35536666666667,64.03593333333333,2.0740333333333334,197.08676666666668,2.007433333333333,34.38033333333333,1.9247333333333332,339.3840666666667,44.40383333333333,17.812633333333334,0.09547285102527586,0.2108979710162249,0.4837367828107559,0.18273391562371002,0.004600000000000001,4.779410714485306,0.004600000000000001,0.23606317410774322,0.29725750009197094,0.06592715532997855,0.0
1685568210,2.5543116412906954,6.246999947165951,1.3362635124298383,4.926946973973602,0.9472096659623117,18.828424297133665,6.057701120547881,0.47023253583083235,11.124122777353415,12.0320005303978,0.47000999378091723,0.9849046344445647,102987229.86666666,55450828.8,12196249.6,38283946.666666664,42427869.86666667,27025954.133333333,131489792.0,39906235.733333334,10358647.466666667,50409472.0,3147912.533333333,9658368.0,36.97476666666667,60.216800000000006,2.5944333333333334,185.38483333333335,2.7403,32.82846666666667,2.6628333333333334,337.29133333333334,47.497566666666664,19.269266666666667,0.10915108023290308,0.20952182715278916,0.47555264313981416,0.17789932236936426,0.004600000000000001,4.751599935942635,0.004600000000000001,0.23457554731148075,0.2824115990960843,0.06924557006259154,0.0
1685568240,2.4673318297015823,6.475213762569257,1.3546118672807201,5.153024542341572,0.97907781175426,18.48334084847773,6.065439505521858,0.4472516121655035,10.306828687149338,12.243945155754984,0.5167662457746804,1.0362348791904452,103083212.8,55443456.0,12472593.066666666,38307157.333333336,42426368.0,26961510.4,131489792.0,40201557.333333336,10520166.4,50409472.0,3134668.8,9512960.0,35.58303333333333,58.412333333333336,2.8729333333333336,177.49576666666664,2.743933333333333,34.160399999999996,2.921066666666667,335.77526666666665,43.17936666666667,19.070899999999998,0.13140809888328203,0.20778610921500867,0.4688701581789817,0.16727781247610432,0.004600000000000001,4.754376901118952,0.004600000000000001,0.23760850606662132,0.2985639059823219,0.0590358503904258,0.0
1685568270,2.6691523530058965,5.789758617298827,1.3400665415273096,4.6139340681067145,0.9315803587939915,18.200664661554963,5.94800326635089,0.46777785073771505,10.923530341931327,11.581793814843808,0.5225255702011723,1.0411529909877328,103131272.53333333,55436356.266666666,12243763.2,38350438.4,42427187.2,27095313.066666666,131544405.33333333,40132744.53333333,10182929.066666666,50411110.4,3159654.4,9680486.4,30.8319,51.8253,2.252733333333333,175.43613333333332,2.0364999999999998,28.199133333333336,2.396466666666667,337.4587666666667,39.949466666666666,13.508866666666668,0.10872136431750529,0.22499305739468756,0.5586835406835408,0.16791518088384189,0.004600000000000001,4.803010087675542,0.004600000000000001,0.23938281065007289,0.35067662718802783,0.04919432258871828,0.0
1685568300,2.4906626376864933,5.332504098274327,1.1713506633391055,4.699324224176595,0.9748908697947416,18.200132522738148,5.8584778029939715,0.4559120846101898,12.33735754366677,11.615129400394226,0.5763539643977289,0.9466141955850549,103180424.53333333,55408503.46666667,12451703.466666667,38693137.06666667,42427733.333333336,26879180.8,131714252.8,40058880.0,10221021.866666667,50409472.0,3150643.2,9679667.2,28.67233333333333,57.3512,1.6216000000000002,191.20926666666668,1.6682,32.3376,1.6915,323.57553333333334,41.375,14.4736,0.10010922821516346,0.43891521212569623,0.7462369852369853,0.1772477345820765,0.004619047619047619,4.939060570312112,0.004600000000000001,0.24169196005768187,0.38115177671474243,0.05480720528177639,0.0
1685568330,2.7370439592158116,5.869741063161295,1.233386584040735,5.3018797056642235,0.9264399125603566,17.883021648686523,6.225944609703098,0.4745226555142329,11.282462200102481,11.906446099695511,0.5434449971534205,1.065174210768542,103216469.33333333,55462707.2,11986944.0,38359859.2,42426368.0,25119266.133333333,131657728.0,39957981.86666667,10026461.866666667,50409472.0,3141632.0,9791897.6,55.855533333333334,92.8745,4.018633333333333,289.7087333333333,4.093333333333333,51.5529,3.954466666666667,516.5058333333333,67.10346666666666,31.299500000000002,0.12293134995268187,0.33964738876867706,0.7200731120731121,0.15129633767795594,0.004703006365957186,4.78802102775651,0.004600000000000001,0.23658263184507908,0.33413752221890075,0.05613231775026133,0.0
1685568360,2.1841555585415846,6.040640333961525,1.706717938832956,8.580341080559718,0.9929802470460334,18.154870989574345,8.274856232642907,0.5003237039244024,9.83148059894157,8.65605895186011,0.5368580661051631,1.416615443705293,103236403.2,55451648.0,12360362.666666666,39319825.06666667,42426368.0,23166566.4,131657728.0,40150357.333333336,10126131.2,50409472.0,3082240.0,9661644.8,61.3926,98.36986666666667,3.066666666666667,315.73333333333335,3.1333333333333333,51.32456666666667,3.0,541.8,70.33333333333333,28.066666666666666,0.06802000288528345,0.13528840512639442,0.46658860930735935,0.0634807398624168,0.00466585846549449,3.3858343383088885,0.004600000000000001,0.15600085277174375,0.18070807296213223,0.02655074623685392,0.0
1685568390,1.7971155828522938,6.141277425541861,1.704435507723885,10.438158461631705,1.0434095349651418,18.95386000290108,9.43358255683149,0.5516642970476744,10.264400361711218,6.849705222758294,0.5292770873197558,1.566009767393802,102863667.2,55451648.0,12183961.6,39332386.13333333,42426368.0,23321804.8,131657728.0,40422058.666666664,10442752.0,50409472.0,3074048.0,9726088.533333333,62.325399999999995,101.05480000000001,4.532,313.4250666666667,4.666666666666667,52.3352,4.333333333333333,578.7967000000001,75.3221,30.463366666666666,0.004783683039128477,0.007747044941167605,0.07541812711478717,0.007672526956423555,0.004600000000000001,0.2691562143353555,0.004600000000000001,0.005067788654597265,0.01078147143879535,0.004725352193517358,0.0
1685568420,1.9459594972229242,6.108834775991877,1.6052930793985365,9.29813543479972,1.0039029587845376,18.81107490549005,8.610242476432214,0.5321144085950196,10.338297592680737,7.970242589306549,0.5116845928259656,1.4379486123152152,102772599.46666667,55441817.6,12263150.933333334,39000746.666666664,42426368.0,26135893.333333332,131657728.0,40365806.93333333,10361241.6,50409472.0,3075549.8666666667,9736874.666666666,39.70843333333333,52.84246666666666,1.5791666666666666,181.50056666666666,1.7903666666666667,30.96826666666667,2.1316333333333333,352.5138666666666,50.765166666666666,15.339333333333334,0.031135213044654827,0.07673650761193127,0.14168625875408697,0.032873170059167574,0.004600000000000001,1.6548979826203953,0.004600000000000001,0.07153633451234774,0.10577314490172178,0.015842405613369005,0.0
1685568450,2.473455424890282,4.786548308679896,1.2265881808466934,5.178171659899674,0.9594059589140228,18.325159325083373,6.382979272497847,0.3980177491200964,10.983940951705147,10.988161653886245,0.355512557782198,1.0599888555840482,102971255.46666667,55397034.666666664,12539630.933333334,38563566.93333333,42428279.46666667,26676019.2,131665920.0,40649523.2,10115618.133333333,50409472.0,3076096.0,9511048.533333333,36.34466666666666,70.34606666666667,1.8165666666666667,208.20159999999998,1.4881333333333333,30.6035,1.8009666666666668,351.46733333333333,48.94056666666667,18.0407,0.09700912842667485,0.22733254682704648,0.609138888888889,0.10022977695643874,0.004600000000000001,4.409124170615081,0.004600000000000001,0.21245005353099636,0.2677898828604581,0.06347139285023454,0.0
1685568480,2.5276832920791636,5.212590250701903,1.0925148455865756,5.0355096428105,0.9260955024824188,17.901029973206125,5.882283502310176,0.4627521562930948,10.583957079335237,12.466172554454463,0.37612565159776584,0.9825275392531623,102969344.0,55388842.666666664,12434636.8,38287769.6,42426504.53333333,26769271.466666665,131676842.66666667,40619895.46666667,10213785.6,51189077.333333336,3072819.2,9678165.333333334,38.21846666666667,52.62713333333333,2.1825666666666668,199.62046666666666,2.4190666666666667,35.53226666666667,2.3249666666666666,382.1689333333333,47.9411,17.861866666666668,0.11182913164834991,0.2581742315973915,0.8978118686868688,0.14209821671441827,0.004600000000000001,4.637060585556293,0.004600000000000001,0.22996085442163497,0.31110420305574826,0.08350066975332732,0.0
1685568510,2.2660257085805395,5.016895986073602,1.1567433951346664,5.1441110469912825,0.931134366462952,17.83237267771293,5.967675333557085,0.5755671633233648,9.816406393995901,12.30123141112049,0.41777227202923417,0.9491056045361483,103001565.86666666,55425024.0,12271752.533333333,38359722.666666664,42426368.0,26346973.866666667,131682304.0,35305881.6,10238498.133333333,51215564.8,3128797.8666666667,9721582.933333334,44.919999999999995,53.90716666666666,1.6112,172.89856666666668,1.6090333333333333,33.349666666666664,1.6679,308.1239,35.96973333333334,16.8177,0.108198693834513,0.2536498161606186,0.8345875420875422,0.14823516844466827,0.004600000000000001,4.604972602613609,0.004600000000000001,0.23369383825684953,0.30446723069127174,0.07850917942247716,0.0
1685568540,2.502979919314508,5.5413356743609,1.060827815533127,4.793755110261045,0.8975476786319587,17.717832555331054,5.5356288382535945,0.5057589677354095,10.595298406258703,12.691090524249343,0.5324592494274694,0.9115445091345644,103112294.4,55653990.4,12090163.2,38620637.86666667,42426368.0,26847232.0,131698824.53333333,35289497.6,10385817.6,50409472.0,3109546.6666666665,9501627.733333332,29.12343333333333,60.45483333333333,3.1346,199.79036666666667,3.0873,33.1267,3.080766666666667,325.7771333333333,42.437333333333335,21.461066666666667,0.1305858610348308,0.23162322655778986,0.6693842469175199,0.16048481531768805,0.004600000000000001,4.692051784864975,0.004600000000000001,0.24105576345035218,0.29335748566142034,0.07374392587509744,0.0
1685568570,2.3954801636287146,5.80504717585166,1.2188271035242226,4.978389617085305,0.9124982259927971,18.264258323066016,5.910163576587199,0.45514677219764316,11.069017186807157,12.111277847449507,0.758861405091653,0.9962062215170367,103535138.13333334,55431577.6,12337561.6,38474001.06666667,42426368.0,26763946.666666668,131727360.0,35234065.06666667,10391552.0,50409472.0,3079509.3333333335,9603208.533333333,34.51263333333333,61.82553333333333,2.1361,185.30336666666665,2.0506,28.917033333333332,1.9957,336.97886666666665,43.3379,18.137533333333334,0.135612694458369,0.23330664033102577,0.654277777777778,0.1820566352996421,0.004600000000000001,4.756968316385718,0.004600000000000001,0.24122344416484712,0.2810584302636297,0.07633325796209894,0.0
1685568600,2.547418902530273,5.734168143477675,1.1895918866253192,4.797120984339815,0.9153700004638965,17.600713211689833,5.821320892678435,0.43384836846380626,10.004573771695595,11.74149611464312,0.6133160750280907,0.9226433823971263,103080209.06666666,55413282.13333333,12340428.8,38589371.733333334,42562901.333333336,26990592.0,131759854.93333334,34957312.0,10095274.666666666,50409472.0,3083605.3333333335,9691545.6,37.68116666666666,54.449200000000005,1.5309,185.15063333333333,1.7039333333333333,28.3585,1.5438333333333332,324.66853333333336,34.52936666666667,17.6039,0.13631811464378385,0.22663735514674352,0.4875808546113673,0.18139121093424632,0.004600000000000001,4.817933527924509,0.004600000000000001,0.23932417598761405,0.2749633624810374,0.08190672094364378,0.0
1685568630,2.081089531828017,4.790847642721178,1.20675288874578,5.324499308575429,0.8888658556899469,18.12166680873291,6.330475421316013,0.4461677732846318,9.458514125214348,12.082683562185874,0.585865454204266,1.0296979039004326,103041706.66666667,55373824.0,12353809.066666666,38778197.333333336,43586901.333333336,25175381.333333332,131847782.4,35037593.6,10163131.733333332,50409472.0,3098214.4,9621640.533333333,54.847899999999996,92.83413333333333,3.2167666666666666,296.96506666666664,3.216666666666667,51.4261,3.1439333333333335,539.0504999999999,69.87353333333334,28.928833333333333,0.09804293571618666,0.21522765485267478,0.45914411859726706,0.14656023985766592,0.004600000000000001,4.681288808523954,0.004600000000000001,0.22762120921959544,0.24289142979774953,0.06924283338577839,0.0
1685568660,1.8370439092856174,5.321106494166118,1.655304288741314,8.644687800940387,1.01384583845863,18.77729324981161,8.650871712166532,0.47789613256087216,10.361733766593268,9.284042528453684,0.556009405758079,1.5150368596070236,102960332.8,55383381.333333336,12118016.0,39606272.0,42426368.0,23594325.333333332,131850240.0,35045512.53333333,10202589.866666667,50409472.0,3139447.466666667,9607304.533333333,57.2032,100.8,4.0,316.2,3.933333333333333,52.0,4.133333333333334,569.6,76.93333333333334,31.002433333333332,0.04313235409582764,0.14077598446630135,0.3460696456321457,0.06607758700641539,0.004600000000000001,3.3133874384609245,0.004600000000000001,0.14098749892548404,0.1619083236756034,0.030865537656883803,0.0
1685568690,1.7046421178425746,6.2238532655902326,1.9098550152779954,10.285102015420467,1.082456116505885,19.275672365107585,9.326511456621496,0.5247786181115965,10.43685637818747,7.164990189247518,0.5264952843090904,1.6469274969173044,102868445.86666666,55431168.0,12389171.2,40166741.333333336,42426368.0,23195648.0,131850240.0,35305062.4,10150843.733333332,50411929.6,3144908.8,9536170.666666666,59.4,95.18066666666667,3.466666666666667,309.73333333333335,3.466666666666667,50.2206,3.533333333333333,557.2,70.13333333333334,28.466666666666665,0.0047352651140202835,0.005527198984340472,0.05833648378287624,0.0078010798888037865,0.004600000000000001,0.2676587161322067,0.004600000000000001,0.004936610340286431,0.00943507134862733,0.004736412148401409,0.0
1685568720,1.9621855739661147,5.6554565172552715,1.555144709715586,9.25977272327004,1.0201409223290068,18.809162081884025,9.220811447797447,0.48975464984340594,10.200044090207358,8.826936384228024,0.5202852617016946,1.4074201806318531,102768093.86666666,55399492.266666666,12475733.333333334,39622382.93333333,42426368.0,25336627.2,131850240.0,34924407.46666667,10197538.133333333,50409472.0,3087018.6666666665,9544772.266666668,44.478100000000005,68.06443333333333,1.5865666666666667,184.07566666666668,1.2517,34.277633333333334,1.3908333333333334,334.0768,35.520999999999994,17.355866666666667,0.028844444479958282,0.05348550939832317,0.15144740259740264,0.03136324004128713,0.004615094936708861,1.3419551634016043,0.004600000000000001,0.06054697586846112,0.08859968384657115,0.01485664484245346,0.0
1685568750,2.3629745301214324,5.375897376485676,1.0793439234175115,5.746881976118863,0.9649144173968751,17.653734857540336,6.510941541042686,0.477591239672315,10.514270612273233,11.866183053745988,0.4720298652579886,1.0436218433810143,103057817.6,55454105.6,12167850.666666666,38930432.0,42426368.0,27221060.266666666,131853107.2,35038549.333333336,10209143.466666667,50461354.666666664,3081830.4,9524838.4,33.51573333333333,58.46366666666667,2.9217,186.07243333333332,2.8244333333333334,28.9665,2.7896,318.89996666666667,46.72533333333333,19.226200000000002,0.0845945134324783,0.18923452652104172,0.4828050213675214,0.10190223569719946,0.004656291256157635,4.204950972663806,0.004600000000000001,0.20490900020867908,0.23049554491426463,0.05446258820517461,0.0
1685568780,2.4290641445110075,6.059659178929265,1.1839550273983224,4.842899693890038,0.9350127838704102,18.267837242431135,5.651998134619622,0.4424889307734742,11.10943635732775,12.053398008204116,0.3915193891493996,0.9944020574239195,103026688.0,55468851.2,12294553.6,38742835.2,42426368.0,26652262.4,131866624.0,35009740.8,10207505.066666666,50411246.93333333,3077734.4,9622323.2,36.15226666666667,61.724000000000004,2.321166666666667,188.611,2.0848666666666666,29.660833333333336,1.9341000000000002,356.4655666666667,45.207033333333335,19.7041,0.10116259682238816,0.2134950302961839,0.5802694572452637,0.1713135593883296,0.004636287510031425,4.737509318431045,0.004600000000000001,0.2332116857609902,0.30945166079947917,0.07217953236133785,0.0
1685568810,2.8134793094463073,5.833198782739868,1.1694701850086402,4.8878191686486385,0.8622198246380169,18.012083443446326,5.75243183774492,0.41956571465815834,10.326135807428765,12.72323656952484,0.4104154483910794,0.9712649099893894,103236949.33333333,55149636.266666666,12319402.666666666,38711296.0,42426368.0,26973525.333333332,131870993.06666666,34951168.0,10007074.133333333,50951372.8,3096985.6,9522380.8,37.62356666666666,59.2097,1.4273333333333333,183.07983333333334,1.7161,28.29756666666667,1.8144,332.8086333333333,38.821266666666666,16.246933333333335,0.09456329783452094,0.21993845259457753,0.7127083333333334,0.1816275696417378,0.004600000000000001,4.75023348079752,0.004600000000000001,0.23727064704565234,0.3542803887273151,0.06653864843736502,0.0
1685568840,3.038839961894489,5.549007097863059,1.1285406798775575,4.553266887539129,0.8787389337157528,18.280906802315886,5.571818591360983,0.43755310872316006,10.295663878900118,12.384080662083786,0.5526350299096499,0.9555155253455399,103076386.13333334,55164928.0,12395315.2,38748706.13333333,42426368.0,26796032.0,131884509.86666666,35134668.8,10288469.333333334,50702472.53333333,3147776.0,9539857.066666666,37.414,57.86193333333333,2.160166666666667,185.14483333333334,2.232133333333333,31.912399999999998,1.9808999999999999,362.674,44.344566666666665,20.317533333333333,0.09048638590701143,0.2192813873752505,0.6358695105820105,0.18066857822652652,0.004600000000000001,4.864617168377156,0.004600000000000001,0.24185519598379512,0.3364961714843855,0.06484358095690664,0.0
1685568870,3.277120142316979,5.838280231132999,1.1930081849832308,4.761511282034845,0.8466649843286059,17.801914701891707,5.564332513953123,0.42874050895286475,11.351272695027433,11.56863620657473,0.501420760645248,0.9352044555419666,103137280.0,55164928.0,12341794.133333333,38253909.333333336,42426368.0,26873036.8,131932842.66666667,35008238.93333333,10120123.733333332,51072204.8,3082786.1333333333,9674888.533333333,38.56463333333333,62.469966666666664,2.5844,191.70826666666665,2.6954,34.67073333333334,2.270033333333333,319.9806,47.17446666666667,17.689666666666668,0.09325168210849936,0.21899322856107722,0.5045186405239946,0.1686481613165255,0.004600000000000001,4.856121407981115,0.004600000000000001,0.24001782854468243,0.2671377295361256,0.06799874896700751,0.0
1685568900,3.045548214063123,5.164332685511499,1.1905742315652572,4.978137479325253,0.8711492510098507,17.221959034027922,5.476732343049777,0.4509934688149541,11.134116887382087,12.254186264585877,0.4292271159129555,0.9246357981909905,103262890.66666667,55107584.0,12325273.6,38256366.93333333,42472243.2,26311202.133333333,131948544.0,34982570.666666664,10207778.133333333,51288200.53333333,3081557.3333333335,9668608.0,32.73663333333333,58.63573333333333,1.9698,198.01583333333335,2.2731,28.8968,2.4055666666666666,354.12143333333336,46.2026,17.1342,0.10389982064397733,0.23264727021282688,0.5711267933455435,0.14181559138544342,0.004600000000000001,4.671466637214247,0.004600000000000001,0.23250321814761152,0.2885984569790716,0.06514626967650679,0.0
1685568930,2.8215890498387823,6.003765331771555,1.274290710275577,5.311850858030655,0.8858967039426969,18.2014482417245,5.749337414305454,0.4564949649162568,10.882340686271744,10.478254108640295,0.5509855748706394,0.9429649074280296,103328153.6,55102668.8,12260966.4,38160384.0,42505011.2,24379665.066666666,131956326.4,34969873.06666667,10224298.666666666,50411520.0,3083195.7333333334,9508454.4,55.4489,91.8924,2.4011,277.9354333333333,2.4019,47.10593333333333,2.4722999999999997,515.3696666666667,67.61413333333333,27.520866666666667,0.09809650749644724,0.22173022701383632,0.5554724627224629,0.13380361582606023,0.004600000000000001,4.6173901179865595,0.004600000000000001,0.23178013005414852,0.3011187357449237,0.052900340653142294,0.0
1685568960,2.1185278489657327,5.304218949370077,1.331720209628654,8.40526818871513,0.8912836652301848,18.339578395043166,7.399822535597262,0.4340417564627656,10.111128106589229,7.51397314277275,0.5075426108498059,1.2744140502888217,103346176.0,55108130.13333333,12156381.866666667,38690542.93333333,42426368.0,23364539.733333334,131960832.0,34802756.266666666,10147020.8,50409472.0,3082513.066666667,9556787.2,58.6,93.53333333333333,2.6666666666666665,292.3647333333333,2.7333333333333334,50.335966666666664,2.8,550.8,72.86666666666666,27.133333333333333,0.05349910077146623,0.11377889458281562,0.32808534404192297,0.06767550445682351,0.004600000000000001,3.537704543964248,0.004600000000000001,0.1503976534379796,0.16946786525238963,0.02822759479438673,0.0
1685568990,1.7305673797623957,5.5710310978120985,1.474828465386522,9.239097910295602,0.9191174836327224,18.919544258977016,8.62697019658244,0.4700704878141098,10.34993393634129,7.071833914642904,0.5117218445331025,1.4523484957667665,103187524.26666667,55144448.0,12256324.266666668,38765226.666666664,42426368.0,23349248.0,131960832.0,35168802.13333333,10098551.466666667,50410018.13333333,3082513.066666667,9556650.666666666,67.13333333333334,105.86533333333334,3.7993333333333337,323.04920000000004,3.7993333333333337,54.19226666666667,3.732666666666667,580.9326666666667,79.33333333333333,27.932000000000002,0.004864553135512639,0.007247666793761954,0.04953280363664368,0.00794311806602951,0.004600000000000001,0.3164334930987872,0.004600000000000001,0.005087179886988821,0.01023665211304673,0.005036566823407835,0.0
1685569020,1.974864258881899,5.759573659522998,1.5962730650791694,8.733588690571715,0.9882567460497299,17.80793355334196,8.446556042939905,0.497240358811757,10.588500534248793,8.438900236783136,0.4659137992812733,1.3253909954740488,102694502.4,55341192.53333333,12229563.733333332,38717166.93333333,42426368.0,24724411.733333334,131963289.6,35174946.13333333,10115481.6,50410973.86666667,3134941.8666666667,9558016.0,43.436166666666665,70.37513333333332,2.5448333333333335,210.8307333333333,2.2146666666666666,33.139,2.255733333333333,369.29136666666665,49.5404,19.46353333333333,0.022704005073003207,0.06208973211124697,0.17143951279073236,0.03457713572311165,0.0046119231950844854,1.5724737437403558,0.004605333333333334,0.059912193164852176,0.09029502623001967,0.015199313429418224,0.0
1685569050,2.4817015156048843,5.940261585700122,1.451802944796882,5.470029892975303,1.0009253461473926,18.359469338208505,6.318493463820832,0.5211693270628562,10.542835787147228,12.069286334879498,0.3922559082355894,1.2501243743096786,102799769.6,55242205.86666667,12112145.066666666,38873770.666666664,42428552.53333333,26637380.266666666,131974075.73333333,35907447.46666667,10387865.6,50409472.0,3074321.066666667,9427490.133333333,41.149,59.96146666666667,2.6385666666666667,194.55366666666666,2.5166666666666666,33.305733333333336,2.3729,346.9766,47.96076666666667,22.29093333333333,0.09122490247741574,0.1839414731000405,0.42334603216068734,0.12832518176219804,0.00464706155427527,4.369449972430681,0.004646965142016715,0.20987410582413754,0.23324693622184206,0.05676210399018144,0.0
1685569080,2.6374570107347806,6.523697046817462,1.4234508377187545,4.908266535185678,0.957782329429557,17.367299892087097,5.7843152174854415,0.5563237520276558,10.36475767269607,13.289864192396703,0.6665342990277846,1.160252985459725,102917188.26666667,55215172.266666666,12231611.733333332,38809190.4,42431146.666666664,26151048.533333335,132001792.0,35138218.666666664,10307993.6,50409472.0,3107635.2,9796266.666666666,41.0307,65.00976666666666,2.8324333333333334,182.85793333333334,2.846166666666667,35.52153333333333,2.477,365.91560000000004,46.161566666666666,20.72713333333333,0.12718571168942205,0.21278296868407823,0.4621028808964169,0.16662442376056114,0.004632027390595165,4.7172420019621395,0.004639806399298241,0.2388974131930276,0.24361870337920083,0.07721232028387111,0.0
1685569110,2.314987899241898,6.524566389138448,1.3944403366430187,5.059300197035713,0.9334480557578179,17.91391834649174,5.908057831478846,0.4532809113366769,9.547911667884753,12.17505982526092,0.694932289768836,1.031903109721065,102942310.4,55230464.0,12210995.2,38599338.666666664,42426368.0,26603246.933333334,132001792.0,35076369.06666667,11350835.2,50409472.0,3105041.066666667,9749299.2,35.29913333333333,54.41773333333333,2.615133333333333,195.98916666666668,2.5082333333333335,29.406166666666667,2.6605,339.10459999999995,48.5003,18.3714,0.1128325070889758,0.21024242479000008,0.4751829197387057,0.15030390299136778,0.004600000000000001,4.650405521326814,0.004600000000000001,0.23598793327346848,0.24896914513200297,0.07569363798326842,0.0
1685569140,2.4536060356574634,5.566782421263338,1.2291483274157067,4.8993723226084285,0.9065321055528254,17.86552915272518,5.734462993734882,0.4287684633571684,10.340360382827742,12.18094947971952,0.42471949314843804,0.9791143567933323,102973440.0,55116868.266666666,12414429.866666667,38614220.8,42426368.0,26476544.0,132001792.0,34987349.333333336,10304989.866666667,50446336.0,3077461.3333333335,9657139.2,41.206266666666664,51.99933333333333,1.9072,179.2312,2.1837333333333335,31.954566666666665,2.3763666666666667,328.2966666666667,42.270599999999995,17.746166666666667,0.10909701321573202,0.22498628007402402,0.5276468535917218,0.16536570338123602,0.004600000000000001,4.657167294758339,0.004600000000000001,0.23512621511838372,0.3304429625700397,0.07420462865051104,0.0
1685569170,3.122864691391703,4.574813592265764,1.2007049826507432,4.760540426312641,0.8970709700620109,18.345706539745567,5.85422566462661,0.4450435023514707,10.538131799942532,12.016747008163561,0.5408761614210784,0.9443760614103797,103008938.66666667,55180492.8,12244582.4,38630195.2,42426368.0,26336460.8,132012714.66666667,35002231.46666667,11039812.266666668,50438963.2,3075003.7333333334,9590510.933333334,30.66283333333333,54.9836,2.8047,190.8364,2.7189,31.2864,2.3203,367.31216666666666,44.9746,18.3352,0.11176814431190087,0.23196209298945902,0.4970524895397907,0.1826404552386422,0.004614714472900535,4.661646660116605,0.004600000000000001,0.23334615486842528,0.31632846533563497,0.06755531090885877,0.0
1685569200,2.874015198431834,5.1038793005807594,1.336190621462581,4.5022907995937524,0.942669949072132,18.29431843343523,5.706282145090204,0.4406565909864899,11.176794485763685,12.147029218738961,0.797591919563139,0.9814749271328324,103079936.0,55192234.666666664,12388352.0,38770824.53333333,42426368.0,25725474.133333333,132045209.6,35093981.86666667,10898773.333333334,50409472.0,3084014.933333333,9582592.0,31.9325,60.3838,1.8550333333333333,187.41266666666667,2.0379666666666667,30.449333333333335,2.380333333333333,333.48949999999996,46.01743333333333,18.41486666666667,0.10271587461133105,0.21659642345556154,0.4752101529003619,0.18044547835051586,0.004649801443958701,4.69031150057343,0.004600000000000001,0.2339102406624008,0.2781553128199094,0.06788324046988771,0.0
1685569230,2.647892429378015,5.818781790237503,1.4296402562686732,5.335839802415563,0.9388655165379032,17.936002513336117,6.048728039858149,0.47194027017176854,11.050416642092094,12.126676312163957,0.5766873776302249,1.0893986023087157,103079936.0,55236198.4,12377565.866666667,38506496.0,42426368.0,23423795.2,132079616.0,34854092.8,10463505.066666666,50410018.13333333,3106679.466666667,9557196.8,60.113899999999994,92.34143333333333,3.3301000000000003,311.51186666666666,3.3975999999999997,50.77426666666667,3.4658,521.3345333333333,68.93666666666667,29.2773,0.09598414875850067,0.18716746108478408,0.45510837360885315,0.1399867103695322,0.004645270339330782,4.612356567611373,0.004627523708474078,0.22505185233919275,0.2665542875453548,0.056713185885574155,0.0
1685569260,2.1050619491858256,6.408249348348525,1.7242900868109126,8.868199036309711,1.0727103375237261,19.128888275741982,8.113609680784569,0.5268911741468518,10.336588152933587,8.681392634088574,0.4659686976231944,1.481484916640669,102930841.6,55215854.93333333,12529117.866666667,40330035.2,42426368.0,22427101.866666667,132079616.0,34883447.46666667,10446574.933333334,50410837.333333336,3128524.8,9554056.533333333,60.333333333333336,102.73333333333333,3.3333333333333335,330.06666666666666,3.2666666666666666,54.224133333333334,3.1333333333333333,578.8,74.0,32.86666666666667,0.05597741505873488,0.09459784401683986,0.32663460497835506,0.06745350827859416,0.004640445525700685,3.378856147293139,0.004640445525700685,0.1323571551933707,0.17140165536441085,0.02782511877626788,0.0
1685569290,1.7486185069410993,6.569459530752673,1.6483824673453007,9.981808374844832,1.0213406114167534,19.30894804603199,8.778189780297367,0.47911190695601996,10.010019072160725,7.026884080520348,0.5227807563001801,1.5720533543129485,102723584.0,55219814.4,12228608.0,39545378.13333333,42426368.0,22604731.733333334,132079616.0,34978611.2,10397149.866666667,50409472.0,3088657.066666667,9672021.333333334,59.07096666666666,104.13333333333334,4.0,312.4,4.2,55.003,4.266666666666667,583.7976333333334,75.4,31.8,0.004672495116460899,0.005152544385169603,0.051865541561257236,0.007595570217249687,0.00462501804387267,0.28397164159873134,0.004612039040529364,0.005091871294796022,0.009612999044434366,0.004736081359857082,0.0
1685569320,1.9773837905681029,6.090722589600806,1.5866035029135002,8.889403990456296,1.0661240935937397,17.850809967356774,8.574691059921086,0.5202639232608441,9.886224274702313,8.020245211773105,0.48648516812485554,1.4948191680143028,102638933.33333333,55218995.2,12388488.533333333,39884117.333333336,42426368.0,24568627.2,132082346.66666667,35338649.6,10345130.666666666,50409472.0,3149687.466666667,9433907.2,35.33976666666667,60.734500000000004,2.3213333333333335,202.93223333333333,2.2048,32.05023333333333,2.2852333333333332,389.389,49.503433333333334,20.517533333333336,0.026744291030879653,0.052519485986873615,0.13477824386728188,0.03444289631670485,0.004600000000000001,1.5213723186397843,0.004600000000000001,0.06062090753685913,0.08570684428188263,0.014239792856979386,0.0
1685569350,2.5126993962462287,6.221358336843061,1.2316376516736003,5.676822848820987,0.9436039414290159,18.008807563276786,6.670468920890645,0.5202301456917644,11.291044179093342,11.13344611352002,0.43821505790913734,1.103045463252806,102902442.66666667,55256678.4,12233932.8,38660096.0,42427187.2,26314888.533333335,132083712.0,35137945.6,10136917.333333334,50610995.2,3085107.2,9692774.4,32.52813333333333,53.75836666666667,2.0303,169.70556666666667,2.082466666666667,27.5764,2.0731333333333333,337.56530000000004,52.8218,18.6525,0.08467879164206907,0.17339236545203904,0.40976891266628107,0.11358660452138102,0.004600000000000001,4.364183733349228,0.004600000000000001,0.21010172273226466,0.24407268550930927,0.04954654159139869,0.0
1685569380,2.287635147793521,6.518966046654328,1.2043085468724717,4.705935077680491,0.9046636772154975,17.887068459638463,5.765431686131705,0.4215701337779366,10.347441150772955,12.41261268299893,0.36694543927558404,0.9939786451979681,102962790.4,55288763.733333334,12030771.2,38504311.46666667,42427050.666666664,26328268.8,132083712.0,35136034.13333333,10055270.4,50512691.2,3087291.7333333334,9449335.466666667,40.76473333333333,55.11653333333334,2.1245,200.25900000000001,2.1572666666666667,30.548233333333332,2.294433333333333,329.95436666666666,49.58326666666667,16.8141,0.10816649880367189,0.20177112638924397,0.46832656018497004,0.1605933957164954,0.004600000000000001,4.741859037611007,0.004600000000000001,0.23556749595208065,0.3102343672228532,0.07337304998277255,0.0
1685569410,2.544032332454546,5.031884132406896,1.0471880100472815,4.685158695069975,0.8927620578414998,18.507829244613266,5.5164988774223875,0.4077376047919051,9.864531683841301,11.59299030923314,0.4376983414161363,0.9727158667250974,103043754.66666667,55184588.8,12234478.933333334,38490112.0,42426368.0,26720256.0,132084940.8,35251268.266666666,10146474.666666666,51425280.0,3086199.466666667,9746022.4,30.5401,53.60516666666667,1.1998666666666666,166.94306666666668,1.4649666666666665,27.8002,1.5923,292.64816666666667,38.789433333333335,17.349066666666666,0.10783977591208548,0.21962736787218576,0.4714757920473173,0.16799356740593688,0.004600000000000001,4.73364613823999,0.004600000000000001,0.23546180254812166,0.31495612492861136,0.08254073409916506,0.0
1685569440,2.5718383183772597,5.045328561519826,0.9633682903041482,4.533145708913946,0.839321892562166,17.80082008988203,5.272736268098829,0.44489671042279544,10.779844680535543,11.674100058618768,0.4045066393449602,0.895117501865701,103066965.33333333,55202747.733333334,12197478.4,38602069.333333336,42426368.0,26198698.666666668,132090265.6,34865971.2,10256930.133333333,50409472.0,3085380.2666666666,9625053.866666667,34.368,63.8306,3.0104333333333333,189.60126666666665,2.9751,29.38543333333333,2.5810666666666666,362.0603333333333,52.59686666666666,17.4482,0.09805727304960668,0.24252712298745954,0.4470399399407072,0.18361509286191327,0.004600000000000001,4.755217968151134,0.004600000000000001,0.23472767788014862,0.35190157620950174,0.08587504286224454,0.0
1685569470,2.5356176368515784,5.323783980869479,1.1880073550950039,4.718563037677196,0.9148925362001585,17.852404263557737,5.554634115347148,0.43784975658569414,11.731523879331341,13.114458531651737,0.3422899246199785,0.9656299938226,103141376.0,55231010.13333333,12240759.466666667,38505813.333333336,42426368.0,26383155.2,132102826.66666667,35227374.93333333,10212147.2,50436505.6,3082922.6666666665,9513642.666666666,36.66453333333333,53.201299999999996,1.6618666666666668,168.54303333333334,1.7512,29.656333333333333,1.8665333333333334,306.42626666666666,44.30743333333333,17.387433333333334,0.10011377897905024,0.25619711238386333,0.4655055162589645,0.17840335479992134,0.004600000000000001,4.741160520822024,0.004600000000000001,0.23518425285809025,0.3646071348580561,0.06893118360001607,0.0
1685569500,2.4569051284584527,5.467941314963833,1.226561285115317,4.822153687765759,1.0155079812150172,18.299126303074807,5.241471137314963,0.49327797104294213,11.287370428509904,12.100771851554075,0.5283758938178413,1.0056681476124838,103234901.33333333,55128064.0,12243217.066666666,38292138.666666664,42426368.0,26454835.2,132109926.4,35068040.53333333,10669533.866666667,50431590.4,3086336.0,9532211.2,38.626666666666665,69.80056666666665,2.6824,183.6569,2.3091,32.24406666666667,2.5263,345.0443666666667,40.78763333333333,20.737066666666667,0.1013245620019996,0.3596790892933389,0.5789244663382596,0.15885262833389494,0.004600000000000001,4.714245026468904,0.004607272727272727,0.23600587816133362,0.3765867478366352,0.05358376271343388,0.0
1685569530,2.4985957155231784,5.613750359106649,1.5516396848974474,6.025098651002084,1.0875915443412931,17.434836489530994,6.173485001060033,0.5411166405564974,10.17526178445547,11.381762008465854,0.5692209592260791,1.2110871828641667,103991842.13333334,55133798.4,12238165.333333334,39037747.2,42426368.0,24339387.733333334,132135321.6,35314619.733333334,10192076.8,50409472.0,3089203.2,9443191.466666667,60.82533333333333,96.384,2.9486333333333334,292.5497,2.8768666666666665,52.5357,2.8762333333333334,575.554,74.80753333333334,28.4927,0.09472727591161932,0.3877854577062211,0.5872640091390092,0.12962159584695054,0.004691279798481491,4.581413711728077,0.004649187209323358,0.22669899055100473,0.3403102984066776,0.05007907403942779,0.0
1685569560,1.9667628339079488,5.6431434940353205,1.7847432798153655,9.580122791429119,1.1698357302464448,18.648631529076475,8.28320367300081,0.63392144600642,10.237746138739634,8.502219820786484,0.4521787990653197,1.6594511865663377,103233809.06666666,55177625.6,12352307.2,39547972.266666666,42426368.0,23044915.2,132136960.0,35259460.266666666,10059093.333333334,50409472.0,3080465.066666667,9644714.666666666,57.193133333333336,108.23053333333334,4.531766666666667,328.9302,4.531766666666667,53.84426666666666,4.598433333333333,572.0651,79.93333333333334,30.530199999999997,0.051342296222244475,0.16988671135557487,0.41733302272775963,0.06442389101515432,0.004720130269956098,3.3631503263163722,0.004633193697885955,0.13330684750603627,0.19345945473725784,0.028484422768904068,0.0
1685569590,1.7118571721322704,5.550876468362188,13.357630955339982,11.361071406869346,1.197800568109631,18.493637813838873,9.468928781101786,0.6716861686591103,10.168683583311513,6.805241293911066,0.5032932483707548,1.9407539887159166,103114752.0,55183086.93333333,15329416.533333333,39802060.8,42426368.0,22651972.266666666,132136960.0,35461256.53333333,10079436.8,50409472.0,3086745.6,9473501.866666667,59.1368,96.3302,3.9989666666666666,314.46246666666667,3.9322999999999997,50.9493,3.667533333333333,577.2624666666667,72.2,30.3979,0.00487893455214192,0.011178333696702196,0.09161061231510145,0.009457487192767042,0.00471576797533037,0.364762959090161,0.004600000000000001,0.005510922689505084,0.011561249759591127,0.004862993983688192,0.0
1685569620,1.8213720217197902,5.053273969474281,75.23799173886704,10.27501752137261,1.2115352330068159,17.690438909225314,8.99341173290082,0.786933530441823,9.597716977355077,8.783628283740162,0.4850189009303664,1.9580553500192013,102945587.2,55150728.53333333,16655155.2,38763997.86666667,42426914.13333333,25224396.8,132145561.6,35149277.86666667,10162176.0,50409472.0,3086336.0,9530572.8,27.658666666666665,68.37206666666665,3.0393,182.82866666666666,2.8621,27.411966666666668,2.5133333333333336,341.9966,46.052566666666664,17.006866666666667,0.027661066238801525,0.13118477118893132,0.28928157608072474,0.034670383910416366,0.004770024134681447,1.5616084599905788,0.0046211554359319425,0.06256627520503079,0.10136624978501793,0.015185783365282845,0.0
1685569650,2.0510765896353047,5.5395977434326555,99.2867640162206,6.691000831538054,1.203660747641416,17.760457877676693,6.481078658955974,0.6236446146318391,10.239618830843433,12.046005201104636,0.43184870681715365,1.2926379074739747,103496908.8,55203566.93333333,16675498.666666666,38678801.06666667,42429235.2,26200473.6,132157440.0,35439957.333333336,10244642.133333333,50409472.0,3154056.533333333,9450291.2,36.0254,58.5275,2.3451,183.7182,2.3686000000000003,31.982133333333334,2.604766666666667,369.32196666666664,47.769999999999996,21.422966666666664,0.09327943590396558,0.21897716156416144,0.491786038961039,0.13040607212767494,0.004703020341661619,4.3782146497314525,0.004684386709157689,0.2184644896449056,0.290908988285313,0.05884964256504003,0.0
1685569680,2.6702521478143337,5.8178494004967805,95.72934979660411,5.461703315624991,1.17918560312049,18.285437591769714,5.8295507822673125,0.5766180285180933,10.627414818160927,12.308416858861927,0.35456652342543865,1.17429433852352,102936576.0,55148544.0,16656520.533333333,38611626.666666664,42426368.0,26549179.733333334,132188569.6,35254272.0,10265395.2,50412066.13333333,3084288.0,9849105.066666666,36.67466666666667,61.97173333333333,1.9127333333333332,186.9012666666667,2.2093333333333334,28.679566666666666,1.9822666666666668,315.2466,36.517833333333336,15.6996,0.14924266121446902,0.2389500693337201,0.5958333333333333,0.17791317233975878,0.004600000000000001,4.725186087284318,0.004667271038916608,0.23695634858883619,0.37427453349549716,0.07470501948300992,0.0
1685569710,2.9591770348128543,5.53399136206193,99.85099323779674,5.373426115594765,1.112427255691394,18.18326768635527,5.619114595481195,0.5494213504120238,9.74878667572903,11.947648748957787,0.42848007751849443,1.223265573517145,103092224.0,55203703.46666667,16778854.4,38068497.06666667,42428006.4,26549725.866666667,132277043.2,35333461.333333336,10220885.333333334,50425446.4,3114052.2666666666,9474048.0,34.03456666666667,53.09653333333333,2.0574666666666666,194.23916666666668,2.2229,27.942766666666667,2.1373,347.2753333333333,45.98066666666667,15.9946,0.12109495980550891,0.23025995486995132,0.5544185879093017,0.170154575521914,0.004650872314660571,4.735790446618659,0.004600000000000001,0.23382502389740942,0.3285105046763534,0.06738597412979767,0.0
1685569740,2.8378688893735604,6.194911498246332,99.85639997405089,5.707963091393089,1.1250860281516837,18.652091754395098,6.205253686260371,0.5764508702427857,9.91171165654862,11.794236507762992,0.38219777913350733,1.2551512155167646,103128268.8,55236608.0,16876748.8,38267016.53333333,42428279.46666667,26666052.266666666,132282368.0,35226419.2,10264439.466666667,50409472.0,3182318.933333333,9572898.133333333,26.587899999999998,54.85163333333333,2.0738666666666665,169.4041,2.3246666666666664,29.093933333333332,2.0777666666666668,346.8854,46.394666666666666,17.011366666666667,0.09628967633726906,0.21003158302407235,0.49236581434955856,0.1725621030446797,0.004728489945150046,4.750044932705749,0.004666757011104837,0.23696067429716244,0.25126067409162856,0.07013899039460122,0.0
1685569770,2.8174673513592743,5.408439296872768,98.14373653017468,5.501005613550922,1.1974591870801896,17.94116041424333,5.920136478593259,0.6122869270024425,9.409452302964688,12.179579422842323,0.5823773913289084,1.3252736074076459,103141376.0,55278250.666666664,16813533.866666667,38221414.4,42458862.93333333,26475997.866666667,132284825.6,35487197.86666667,10274679.466666667,50409472.0,3079782.4,9549141.333333334,30.424500000000002,54.42686666666667,1.3667333333333334,175.73373333333333,1.3675666666666666,29.452166666666663,1.3888333333333334,332.2897333333333,41.0151,16.067633333333333,0.0964581528729712,0.2092971965213678,0.4950583111382843,0.17681280545330233,0.0047514904523165875,4.763006310174901,0.004795648128181766,0.23928775375936764,0.27449826425378376,0.07193904432323044,0.0
1685569800,2.474864452005469,5.279423373432298,99.90148080833565,5.021507975384968,1.0576134798354464,18.20938514368124,5.6450383454102235,0.48981721165052494,9.1784307926675,11.397554168834782,0.5170501470907805,1.1219570929735645,103058636.8,55339417.6,16817493.333333332,38703786.666666664,42426368.0,26044689.066666666,132289331.2,35352302.93333333,10036292.266666668,50411929.6,3162931.2,9705881.6,33.436366666666665,55.6642,1.7392333333333334,179.0432,1.8842333333333334,30.70403333333333,1.9376,354.8088333333333,39.47723333333333,19.9394,0.09316285722845523,0.21251381906371242,0.47951540290010114,0.17338532800346537,0.004713057600547968,4.782033090580122,0.004715583661621397,0.23863758953804068,0.3325083243088696,0.07197355817571957,0.0
1685569830,2.7235094286738053,5.57966508415794,96.57925558275382,5.578528217309239,1.0186082830239824,17.699592664286115,6.243954613766173,0.4811819691883095,10.82635211124806,12.356232875592665,0.4611758308728694,1.1214757470629755,102936576.0,55192644.266666666,16744038.4,38889608.53333333,42426368.0,25097147.733333334,132300800.0,35608985.6,10128861.866666667,50412748.8,3148458.6666666665,9710250.666666666,56.882600000000004,92.64993333333334,3.8695666666666666,287.0462,3.8634,47.9942,3.9341,532.5629666666666,64.8335,28.706166666666665,0.09087411153879413,0.22498998263368986,0.5160370034281105,0.1375067516673331,0.004692313715863402,4.621734038946486,0.004650827473840618,0.2332077108079729,0.32023871407649734,0.061287551999775244,0.0
1685569860,2.132923252642054,6.24008277117417,96.44244183173244,10.115486113439449,1.2068474930919892,18.681283832052227,8.215608745990771,0.6495509067712127,10.266219647275362,8.750996570357517,0.5294913340486533,1.7962659716851097,102835131.73333333,55271560.53333333,16676317.866666667,39853124.266666666,42426368.0,22956441.6,132300800.0,35633834.666666664,10031786.666666666,50409472.0,3084561.066666667,9562521.6,62.1479,105.59126666666666,3.533333333333333,315.26666666666665,3.466666666666667,54.4,3.4,590.8,78.73333333333333,30.066666666666666,0.05387981144662445,0.1399678745945801,0.35166575292397656,0.06649829615047842,0.0046758502151361655,3.3853066560860916,0.004699518875553272,0.15072609043939197,0.18176038067535943,0.028963039747414956,0.0
1685569890,1.6989398279341243,7.25747297410207,98.83834844326974,10.16242629595315,1.0162228711406998,19.64210748626546,9.299686527865255,0.5801062159800934,10.493633675672521,7.200641103224797,0.5357850609773549,1.568513918862227,102693273.6,55291084.8,16885623.466666665,38834176.0,42426368.0,22698530.133333333,132300800.0,35846144.0,10217881.6,50412066.13333333,3086062.933333333,9490705.066666666,60.89303333333333,98.36986666666667,3.7333333333333334,308.8,3.8,53.71123333333333,3.8,580.3043666666667,75.66666666666667,27.666666666666668,0.004773148410499824,0.006112319626966746,0.0636071852013163,0.008436385900328811,0.004629842793522905,0.2854741048933026,0.004664286183644308,0.0049887995052198125,0.009913869177174383,0.004894913634840971,0.0
1685569920,1.9228911384741285,7.5316475551938264,97.8285346708425,8.977321133455321,0.9953308315438947,19.374915720389886,8.215096880633185,0.5153985033342517,10.553806076815867,8.548175656327253,0.5666205393542503,1.3750246301047357,102678254.93333334,55299549.86666667,16722739.2,39114205.86666667,42426368.0,24160392.533333335,132303394.13333334,35506039.46666667,10539417.6,50409472.0,3082103.466666667,9531938.133333333,39.3759,62.270700000000005,2.3378333333333337,203.86139999999997,2.140133333333333,32.830466666666666,2.0686,374.90930000000003,47.43456666666667,17.1245,0.024581776467912497,0.0476695957015891,0.1602281593754225,0.035432978394375564,0.004600000000000001,1.2548378448853583,0.0046126663001649255,0.06146486232780338,0.0851121550238647,0.013092543952159167,0.0
1685569950,3.039871970779308,6.6264453140066815,99.40993152624037,5.5023220198178375,0.8936140598994081,18.41300607309477,6.137817123398776,0.43298317019292587,10.540181062737705,11.51702008858081,0.6668903090306101,1.0659999207409765,102833493.33333333,55329996.8,17023249.066666666,38531891.2,42426368.0,26117324.8,132308172.8,35711658.666666664,10270310.4,51332437.333333336,3081830.4,9742336.0,36.9982,55.72323333333333,2.141433333333333,197.03573333333333,2.2280666666666664,29.390933333333333,2.3404000000000003,354.7684,53.8778,17.1174,0.08408724889950228,0.16419236349546742,0.43629853455625134,0.11930851366131694,0.004600000000000001,4.162982337502377,0.004600000000000001,0.20760457799342344,0.23122460465940703,0.05674433573277675,0.0
1685569980,3.1908894842761595,5.172634875512262,98.1381625040719,4.769534306546713,0.8570802995544924,17.933442368194044,5.5026502789098,0.4367056397541084,10.00295753792441,11.751420477170127,0.7271762079824559,0.9730187640167614,102899985.06666666,55212714.666666664,16713045.333333334,38100855.46666667,42426368.0,26280755.2,132310493.86666666,35760947.2,10257339.733333332,50412066.13333333,3083059.2,9650858.666666666,33.07666666666667,62.4336,2.065166666666667,165.2478,2.0846,31.3062,2.3112666666666666,332.48876666666666,44.75796666666667,15.7395,0.09814353375293264,0.2123043868783241,0.48690472757568554,0.16831608122875713,0.004600000000000001,4.670258999904502,0.004600000000000001,0.2331271366288787,0.3094446646576154,0.06804825076339499,0.0
1685570010,2.6382897152814944,5.297126343991011,97.0381533299602,4.628230979682252,0.9006261511762713,18.068143815223415,5.311610174154738,0.36386119657840454,10.458759241285435,13.23426462620602,0.65178985009252,0.9110549427019223,103000064.0,55201792.0,16929587.2,38278075.733333334,42426368.0,26290995.2,132313088.0,35720942.93333333,10448076.8,50409472.0,3086199.466666667,9586414.933333334,39.4764,61.371,1.8044666666666667,193.42553333333333,2.2829333333333333,35.04963333333333,2.0588333333333333,356.6102,44.38823333333333,15.904733333333333,0.09803779356949431,0.22000813618820553,0.48660363660434514,0.1712106545226831,0.004600000000000001,4.74704421785915,0.004600000000000001,0.23625409695087385,0.336394004593958,0.049824107840025174,0.0
1685570040,2.605052772840894,5.724880961762141,98.00358777376248,5.0027819277965575,0.8831373553854358,17.9554765290189,5.621959828429169,0.4389083460198927,10.98870571647098,12.889191000033513,0.5351234962744547,0.9674796757030488,103043072.0,55799808.0,16753868.8,38401638.4,42426368.0,26256179.2,132313088.0,36135594.666666664,10159035.733333332,50409472.0,3083332.2666666666,9552964.266666668,33.411500000000004,65.10156666666667,2.6286333333333336,207.57886666666667,2.6046666666666667,29.773466666666664,2.4352666666666662,366.7786,47.477133333333335,17.8879,0.09875300155916393,0.21793576690235703,0.4958167970022809,0.17377509929453192,0.0046068571428571434,4.6758527718190015,0.004600000000000001,0.23700055506118242,0.27811711736659317,0.051182745156548456,0.0
1685570070,2.2987837131790503,5.497131911918986,98.13899644564985,4.976664378521253,0.8620676428032376,17.51294099769355,5.688740994606979,0.47156440755945367,9.587147745418958,12.167346463110322,0.6183337868005148,0.9098465132318286,103022592.0,55461068.8,16827187.2,38371328.0,42426368.0,26158557.866666667,132321280.0,35870446.93333333,10415718.4,50409472.0,3083605.3333333335,9566208.0,33.5663,60.7452,2.0702000000000003,197.2318,2.1871333333333336,32.9041,2.3373666666666666,331.17900000000003,41.478366666666666,14.995033333333334,0.09796660221710982,0.22651691794029588,0.5782174660135186,0.16911143873803214,0.004651629868000712,4.6617619346968135,0.004600000000000001,0.23422746836879152,0.24772314590534134,0.0725802263457611,0.0
1685570100,2.7231659254514957,6.126156784460793,98.54746625394041,4.764472105759663,0.8673505498544856,18.13955179993741,5.581943113211915,0.4694739808185446,11.11715465240432,12.048353249597076,0.6386641734397757,0.9599148782001101,103002112.0,55288217.6,16927266.133333333,38187008.0,42426368.0,26016017.066666666,132328243.2,35741013.333333336,10210781.866666667,51105792.0,3095620.2666666666,9710250.666666666,32.29736666666667,58.645133333333334,2.6026666666666665,200.81640000000002,2.3017666666666665,32.58833333333333,2.4249333333333336,312.6537333333334,41.638466666666666,18.520266666666664,0.09774476195250376,0.2223647331484519,0.48541339315695026,0.17259792613448385,0.004644019933166835,4.718557001056391,0.004600000000000001,0.2351317761183035,0.25973089742164746,0.07911114621376801,0.0
1685570130,2.444517990445848,6.72815290057164,96.22839098953636,5.380131231942485,0.8582451182208622,17.986200684687617,5.844420290979474,0.4381383681971034,11.69958363294799,10.398385363319445,0.5493512174580871,0.950244388847361,102995012.26666667,55378056.53333333,16759739.733333332,38462395.733333334,42426368.0,25210197.333333332,132337664.0,35586867.2,10071927.466666667,51036160.0,3122517.3333333335,9658641.066666666,57.70516666666666,97.23166666666665,3.068166666666667,274.1783666666667,3.3299000000000003,48.6333,3.4017,549.6581,73.03880000000001,28.390566666666665,0.0900088755672924,0.1947031613148277,0.44843162235843465,0.15143503660923677,0.004600000000000001,4.540733928314632,0.004600000000000001,0.22544834299700472,0.25737073552175366,0.06460391298074851,0.0
1685570160,1.8135237711582612,7.086373753793798,98.89565136672017,8.28160335026162,0.9992888471528896,19.03276302265285,7.461225909771033,0.49906897878679657,11.116844377931265,8.256167513794063,0.6008230887692297,1.4032941058085944,102886058.66666667,55320029.86666667,16780902.4,39451579.733333334,42447394.13333333,22807347.2,132337664.0,35755485.86666667,10170368.0,50411110.4,3079372.8,9621504.0,54.06666666666667,102.13606666666666,3.5347,305.00406666666663,3.6013666666666664,53.754400000000004,3.6013666666666664,555.8693999999999,78.93333333333334,31.202733333333335,0.046178911378971316,0.10338202169497296,0.25878824476650564,0.06738038927425208,0.004600000000000001,3.1220679318246534,0.004600000000000001,0.12924614363775938,0.16220546181172996,0.028523762155177275,0.0
1685570190,1.7296719599340913,6.484184961518098,97.54311205633343,9.097905930992763,0.9376771378140994,18.93796913294575,8.64291502987368,0.5225446470536537,10.355581941870446,7.131678013739381,0.5300009585291842,1.4259011390892224,102817109.33333333,55205478.4,16733252.266666668,38773282.13333333,42429235.2,22813218.133333333,132337664.0,35834948.266666666,10440157.866666667,50409472.0,3079918.933333333,9646626.133333333,58.170566666666666,100.91346666666666,3.465733333333333,333.51103333333333,3.4,53.71463333333334,3.533333333333333,560.0385666666666,73.9849,29.329866666666664,0.004990895362016695,0.006902935207812552,0.050136937669366215,0.008090975047539853,0.004620755745690175,0.32413944475975215,0.004618306467957466,0.005423298743581785,0.011393436261143537,0.004953104361128832,0.0
1685570220,1.814417521568531,6.217158758411433,97.50774582573213,8.407093669631854,0.9569072997893886,18.5287147163864,8.234573638272357,0.48551462295653114,10.405005876906674,8.543339951898377,0.4928346067397237,1.3167891895290293,102891246.93333334,55283302.4,16706082.133333333,38861892.266666666,42430054.4,25262626.133333333,132351180.8,36148155.733333334,10035336.533333333,50409472.0,3084288.0,9463125.333333334,36.15496666666666,61.46273333333333,2.222933333333333,194.04710000000003,2.2036666666666664,30.2004,1.9540666666666666,348.3725,47.83669999999999,14.945066666666666,0.025032127843108445,0.057414156445391905,0.12357919742703175,0.030880448542618667,0.004640774288891783,1.4337881995970294,0.0046824930582024275,0.05819102668217976,0.08442999798963823,0.014117907735741418,0.0
1685570250,2.3031536381724544,6.331879213881198,96.96978336547765,5.593543957070524,0.8658175113590209,18.567631868261916,5.776184838188239,0.4545027771515239,10.324723504196612,11.715482399541571,0.4331114445978023,0.9666751537009174,102986547.2,55305830.4,16747997.866666667,38434406.4,42426368.0,26578124.8,132383539.2,36349269.333333336,10344584.533333333,50409472.0,3089203.2,9708066.133333333,28.671833333333332,60.565333333333335,2.1481,185.6787,2.3032666666666666,28.232933333333335,2.0733,314.5222,45.012166666666666,14.605266666666667,0.08452267589876176,0.16357249554415365,0.41987500000000005,0.117198437265796,0.004617496734251663,4.34357346360724,0.004671480387300054,0.2115649835012448,0.222771339427812,0.057055564339386224,0.0
1685570280,2.8760941131412636,5.8226336544295325,98.7083420992476,4.7281569752371295,0.8685049618405477,17.940647395684582,5.561145777732516,0.4097963171605502,10.455112105947363,12.40458303181736,0.5442329575553149,0.8955516064481014,102986820.26666667,55221589.333333336,16877021.866666667,38469085.86666667,42426368.0,25843029.333333332,132392823.46666667,36118118.4,10265395.2,50413568.0,3086745.6,9597747.2,39.26366666666667,54.09076666666667,1.6786999999999999,177.39313333333334,1.8061,30.642333333333333,1.5282666666666667,328.9646666666667,40.04696666666667,16.550733333333334,0.09435627598522854,0.21070204371250198,0.5347872073578596,0.17063008239654467,0.004645604891690702,4.75079686697296,0.004600000000000001,0.23285323969014243,0.26743857567904755,0.07674524144180903,0.0
1685570310,2.4396287647698562,5.292324368253527,98.70092713472124,4.6039458687356865,0.8772201923520648,18.614451052189,5.417714346780154,0.3582859222775513,9.47685334175299,11.71980616861128,0.5107254613650518,0.9238738404671879,102951594.66666667,55265553.06666667,16764654.933333334,38705152.0,42426368.0,25536375.466666665,132407978.66666667,36243046.4,11319705.6,50412885.333333336,3084288.0,9431449.6,30.68316666666667,55.9741,1.8600999999999999,190.17860000000002,1.9193,26.316300000000002,2.147,337.0946,38.35126666666667,18.032899999999998,0.09399268512128935,0.23450355895909927,0.7451904761904762,0.1582616712157893,0.00467248205431619,4.735727114270153,0.004600000000000001,0.2332148820957943,0.31770870487435166,0.07168876211101419,0.0
1685570340,2.317297814043259,5.90906114914389,97.02428073209025,4.747882768505765,0.9647321631356738,18.124246438369962,5.413344385575786,0.4754334479969111,10.080079612958064,11.384700086872686,0.6070127703252312,1.031485549703544,102986683.73333333,55270604.8,16709222.4,38866397.86666667,42426368.0,26822246.4,132476108.8,36273493.333333336,10222250.666666666,50409472.0,3087701.3333333335,9520742.4,31.787966666666666,55.956066666666665,2.5281666666666665,181.7331333333333,2.5974999999999997,32.2479,2.720466666666667,336.95079999999996,42.627500000000005,18.621266666666667,0.09935614535726454,0.23161910177317332,0.6318059607059607,0.16101162725702042,0.004613533065400073,4.817448773689749,0.004600000000000001,0.24388587500819497,0.36285691182381213,0.06842847038150662,0.0
1685570370,2.533948360966123,6.130503524271125,99.39971288647449,4.883136753301839,0.9931693604875319,18.74688868831932,5.656922326768621,0.45421296786253534,11.162231824246094,12.313214616391832,0.6688699735745856,0.9836465673095791,102989824.0,55301461.333333336,16868420.266666666,38297600.0,42426368.0,26170709.333333332,132483891.2,36027596.8,10895360.0,51183616.0,3083468.8,9524565.333333334,30.360033333333334,58.02516666666667,2.104033333333333,190.28473333333335,2.100633333333333,29.262933333333333,2.0847666666666664,336.0415333333333,45.981766666666665,15.432466666666667,0.1135642674968802,0.21106551695517115,0.4690481766728331,0.18055613481325083,0.004600000000000001,4.8320438341004275,0.004600000000000001,0.241824592598024,0.35033875035381556,0.0727758644018716,0.0
1685570400,2.131581257883844,6.55129783564023,96.08272936354564,4.980472948821656,0.9229459388940523,18.184126524122224,5.723866350240303,0.4845421673289026,10.484228215588391,11.451407340711919,0.5207642863126052,0.9517204269073566,102935483.73333333,55369864.53333333,16673723.733333332,38506632.53333333,42426368.0,26349704.533333335,132489216.0,35981994.666666664,10445209.6,50409472.0,3087701.3333333335,9571123.2,35.799366666666664,54.3189,1.5262333333333333,178.52996666666667,1.6432666666666667,31.9599,2.048966666666667,317.9749333333333,44.3102,16.285800000000002,0.10363133882909338,0.20452678308564426,0.4611003153477157,0.18181040235064216,0.004600000000000001,4.727254074604844,0.004600000000000001,0.23341017824127266,0.27367166326431464,0.07227347631753729,0.0
1685570430,2.3410076195891847,6.4089260642134205,99.89823395577244,5.665051056722146,0.9520731195379538,18.703952394408812,6.2047417857416605,0.4416169022811689,9.936296070384776,10.88980532932799,0.3481029716613565,1.0003063708022075,102985728.0,55280981.333333336,16713591.466666667,38656136.53333333,42426368.0,24693009.066666666,132501640.53333333,35869627.733333334,10465416.533333333,50409472.0,3083468.8,9578086.4,59.62903333333334,93.0265,3.3348999999999998,308.6454,3.4687666666666668,50.0073,3.6712333333333333,538.1120999999999,67.10976666666667,28.096333333333334,0.09527598306829614,0.19162343029656917,0.44020175843425313,0.1508490315532798,0.004628305986962888,4.614824036515496,0.004628377459762535,0.22923561468252523,0.267050263581467,0.06531429866137714,0.0668
1685570460,2.138473681737367,5.769307117648514,95.90976623278478,9.624060170492704,1.150248890567435,18.847349444615045,8.47111062343855,0.574188550722941,10.291701605584372,8.193280065801732,0.4403207754127749,1.5852709514036407,103008802.13333334,55233467.733333334,16754551.466666667,39395874.13333333,42426368.0,23076454.4,132517888.0,36201267.2,10078890.666666666,50409472.0,3162931.2,9650995.2,60.266666666666666,98.13333333333334,2.8666666666666667,318.4,3.0,50.34133333333333,2.8,545.8331999999999,72.6,28.466666666666665,0.056181807051604665,0.11876025370973481,0.21993208180708188,0.07025500231182341,0.004638140523548539,3.56121449557498,0.004638157330271229,0.14896115290189338,0.17609283922072294,0.029671075568681825,0.0
1685570490,1.6970630908198294,5.533045889693666,96.51566799825127,9.89872768880255,1.0689777422756641,18.363003094963197,9.182145898222739,0.5134961561379232,10.003104002081853,6.782764490062244,0.5235373013389687,1.5739830331700702,103038976.0,55226368.0,16573917.866666667,40100659.2,42426368.0,22589849.6,132517888.0,36296021.333333336,10228394.666666666,50409472.0,3162112.0,9477188.266666668,56.93333333333333,99.99893333333333,4.399466666666667,303.86626666666666,4.399466666666667,51.733333333333334,4.332800000000001,562.1994666666667,70.86666666666666,31.532266666666665,0.005646231480634561,0.007901354961721665,0.05449485632918049,0.009052053661112208,0.004612284559316711,0.3441144158593297,0.004612284559316711,0.005797934127243636,0.012021050024093653,0.004838184578707113,0.0
1685570520,1.9542534306135884,5.719842384832881,99.29937768980182,8.963415110202309,1.0014711271156749,18.82119659795119,8.580797104572062,0.5174288393069637,10.226723412109502,8.286732401654007,0.5222559041150527,1.4664900702411507,102975078.4,55266918.4,16964812.8,38879641.6,42426368.0,25149166.933333334,132517888.0,36393642.666666664,10400563.2,50409472.0,3125384.533333333,9517192.533333333,33.568799999999996,67.59326666666666,2.6647666666666665,212.34446666666665,2.7602666666666664,35.594500000000004,2.1527666666666665,392.07399999999996,50.52923333333333,18.697266666666668,0.02861930739668765,0.05448834932509612,0.14114078658958185,0.03643098579372423,0.004600000000000001,1.5055431089808031,0.004600000000000001,0.06784783447600241,0.08890456485420913,0.012739160855751126,0.0
1685570550,2.607434945633211,6.3828988600616166,98.70423389873062,5.924404476674376,0.8704918635221678,17.740614745785162,6.13911419493412,0.4356823419402877,10.412105859266116,12.491287796393383,0.625426816298654,1.042388059978566,102879232.0,55304192.0,16652151.466666667,38601796.266666666,42426368.0,26187229.866666667,132517888.0,36519662.93333333,10043118.933333334,50409472.0,3084424.533333333,9886378.666666666,34.647666666666666,47.70066666666666,1.9272333333333334,173.29260000000002,1.7313333333333332,26.8013,1.7361333333333333,314.4968666666667,48.00823333333334,16.719133333333335,0.08635279689960074,0.16644820133417132,0.4239071140212445,0.12135125923347626,0.004600000000000001,4.180598567916499,0.004600000000000001,0.20667801467410288,0.22517290921244423,0.04629973041009608,0.0
1685570580,2.7039325581185683,6.125992229369832,98.13441531010734,4.652025965399681,0.9013945199498963,18.041950736382553,5.541463867692756,0.3838280185789205,9.981967166650454,14.416451271840893,0.5791065898626094,0.9118119658357691,102932206.93333334,55274700.8,16874427.733333334,38879505.06666667,42426368.0,26928742.4,132542737.06666666,36407432.53333333,10852352.0,50409472.0,3090568.533333333,9644032.0,37.21706666666667,62.17406666666667,3.0535,178.13886666666667,2.940633333333333,33.78763333333333,2.657433333333333,333.6647333333333,43.38426666666667,17.7681,0.09808832094934865,0.20550732264183047,0.4759539570532514,0.17803276057853587,0.004600000000000001,4.77398301997595,0.004600000000000001,0.23389934382803357,0.32094075450735204,0.08152630237567986,0.0
1685570610,2.631660645269352,5.800742140308142,97.65206826778854,4.627907965575924,0.8811810208706568,18.42322101646841,5.57670404301415,0.4428851148673319,10.690903297941912,12.81188772719049,0.5136070925642776,0.918939398868096,102979584.0,55298048.0,16678912.0,38575308.8,42426368.0,26764492.8,132562670.93333334,36566220.8,10116846.933333334,50409472.0,3085516.8,9693866.666666666,34.46846666666667,58.4765,2.6791666666666667,177.58406666666667,2.7830999999999997,31.424300000000002,2.214566666666667,319.9924333333333,40.29666666666667,21.448333333333334,0.09871144759121885,0.20994027981693478,0.4771335995910032,0.17602158524642045,0.004600000000000001,4.829283661923241,0.004600000000000001,0.23537114563051317,0.33132412162948527,0.08222747147561073,0.0
1685570640,2.7264137869908835,6.3420256875456635,96.46997494720898,4.712722945383179,0.8939315636438778,17.534467224742,5.6339631892788935,0.4767509600797944,10.266018327233995,13.003564871801078,0.7074415178726717,0.9084491220617056,102970982.4,55277158.4,16704580.266666668,38303061.333333336,42426368.0,26084147.2,132592025.6,36729651.2,10456541.866666667,50430498.13333333,3173034.6666666665,9519240.533333333,34.2148,62.530366666666666,1.4745333333333333,174.79013333333333,1.5762666666666665,28.012066666666666,1.7376666666666667,324.81166666666667,41.907900000000005,16.924833333333332,0.09760220340052944,0.22628505588243883,0.6514211348995832,0.1748581226477873,0.004600000000000001,4.71105899765693,0.004600000000000001,0.23474453488696975,0.3076218010912325,0.0610113507189348,0.0
1685570670,2.826054248271911,4.971186552474493,96.6362702118366,4.541833713811523,0.8746485063053316,18.68610870266319,5.451816293178377,0.4067013113887516,9.429433545683729,12.381020806411907,0.6074966982898661,0.8626602873754398,102905036.8,55449463.46666667,16678365.866666667,38505949.86666667,42426368.0,26441318.4,132640494.93333334,37078903.46666667,10428142.933333334,50409472.0,3085789.8666666667,9630105.6,39.5733,58.65306666666667,1.9341,206.2511333333333,1.8063666666666667,30.824933333333334,1.8861333333333332,334.71186666666665,43.2374,15.055166666666667,0.09640899333474703,0.3093362448885161,0.8174503968253969,0.18326822795734335,0.004600000000000001,4.783819731557853,0.004600000000000001,0.23204368030408667,0.279516543499545,0.0644877544156998,0.0
1685570700,3.0108932201534655,4.7128177219999605,97.41383085198439,4.902031810335305,0.9407798531641991,18.20651010380457,5.589142365600793,0.49612967606144653,10.800869632450173,12.276757777531845,0.4662650882424781,0.9542280370441956,102945860.26666667,55209984.0,16922214.4,38432768.0,42426368.0,26457702.4,132702481.06666666,37009408.0,10310178.133333333,50409472.0,3131665.066666667,9441006.933333334,35.52126666666666,64.57379999999999,3.1441666666666666,208.1183,3.0361666666666665,29.6741,2.8108,334.14986666666664,43.727533333333334,18.942166666666665,0.09667563348353572,0.3546229518695754,0.8464481721981721,0.1786818708642093,0.004605806451612903,4.788641361438143,0.0046284187192118225,0.23608145995390328,0.2927458000616252,0.0745300047175092,0.0
1685570730,2.450704322230983,6.1127660657678,99.8691722552654,6.369553328346334,1.1454880074793026,18.451357821016742,6.444208880100137,0.610323934866371,11.253784226119125,13.176269832187199,0.577178663235623,1.2774572689081465,103190528.0,55292313.6,16578423.466666667,38711296.0,42426368.0,24032870.4,132734293.33333333,37049139.2,10236450.133333333,50409472.0,3076915.2,9623688.533333333,53.2251,86.30466666666666,3.332866666666667,285.0969333333333,3.4572333333333334,50.14163333333333,3.4050000000000002,510.40040000000005,65.6098,26.1235,0.09428208275813912,0.22046435955345844,0.6088709463051569,0.14562234555638845,0.00466178375145914,4.528307822088012,0.004748454685623762,0.2291470750460806,0.2866603835805926,0.06882884027877378,0.0
1685570760,1.83326074323437,5.900746600243258,99.34894161549116,11.019270403941466,1.40714490662943,18.062416442092516,9.644200586364063,0.8224396702879463,10.189423726200902,8.825902525422178,0.5388154572107767,2.183251523173294,103147929.6,55256405.333333336,16611874.133333333,39186978.13333333,42426368.0,22935552.0,132734976.0,37048046.93333333,10311543.466666667,50409472.0,3155694.933333333,9456844.8,57.8,101.93333333333334,4.133333333333334,314.2,4.0,53.976800000000004,4.266666666666667,544.5333333333333,76.26666666666667,30.2,0.055829866982621615,0.10476687658119595,0.3299612705835616,0.07048408291632592,0.005404532803304467,3.393578528636039,0.004899221866320523,0.1432754802237367,0.16702783829618817,0.032665669734586046,0.0
1685570790,1.727628964149351,5.654426217139547,97.36171912901612,15.40873601582611,1.983242444898821,18.38473101230288,13.285577949846248,1.0421945679630227,10.26855831809328,7.051447602127703,0.5027646279113407,3.038815963510367,102832810.66666667,55236744.53333333,16832102.4,40193228.8,42426368.0,22620296.533333335,132734976.0,37113719.46666667,10454357.333333334,50409472.0,3124292.2666666666,9477870.933333334,58.071533333333335,100.2691,3.9341333333333335,315.47476666666665,4.066666666666666,53.06666666666667,3.8,569.7616666666667,75.13820000000001,29.0,0.004841597061343122,0.0070679270436420265,0.11205901547789031,0.014499703293164771,0.007576047021147641,0.32172279782407015,0.005319220664514782,0.005175168382982592,0.010335100773843173,0.008072972011830564,0.0
1685570820,1.9054670824526871,5.972306340534733,99.16883931252453,12.087052694096911,1.7099496475173916,18.939132908855527,10.689949482257619,0.7991069783899972,10.022136777695245,7.885427791014213,0.6109356055165811,2.2513449231003966,102743108.26666667,55329860.266666666,16642048.0,38736145.06666667,42450397.86666667,24274534.4,132736477.86666666,37250662.4,10110293.333333334,50409472.0,3100672.0,9417796.266666668,34.2427,62.07436666666667,1.4753333333333332,201.75933333333333,1.5332000000000001,30.98006666666667,1.6584333333333334,338.08446666666663,48.943099999999994,17.384966666666667,0.024821667846402915,0.059010106712733185,0.16799604618263164,0.04000823064148203,0.006874414395302553,1.5784110009712855,0.0049482451008084445,0.06544918765443124,0.08585074376692921,0.016646707386068434,0.0
1685570850,2.2589550356250707,6.204661122875237,96.45582942143137,6.731106388738662,1.163059071216248,18.143048419502044,6.980161864797991,0.5720542834445602,10.6454494245673,12.112812949853152,0.6770029533250367,1.3956457636752715,102928657.06666666,55349521.06666667,17093154.133333333,38345113.6,42426368.0,25982976.0,132759552.0,37323844.266666666,10471150.933333334,50411656.53333333,3081966.933333333,9624507.733333332,33.59793333333333,53.95576666666667,1.7362666666666666,176.97580000000002,1.7072333333333334,27.8243,1.9278333333333333,332.00253333333336,38.9544,17.802633333333333,0.08113510426955346,0.17685514181820344,0.3978184682964095,0.11587267189638288,0.004815165232900245,4.317381580555052,0.0048185869067009866,0.21173429664709376,0.22818932427985375,0.04705535193265364,0.0
1685570880,2.3933753243204823,6.428477045992219,94.66436509834655,5.180509248484352,1.2097762774677887,18.45557341473086,5.898548275121862,0.5611291380103968,9.971369641843063,11.613677219664943,0.5841703209659524,1.3061125600861496,102999381.33333333,55408230.4,16990617.6,38260053.333333336,42426368.0,27107191.466666665,132849664.0,37697399.46666667,10347315.2,50409472.0,3086472.533333333,9616315.733333332,35.998000000000005,60.062466666666666,1.5403666666666667,172.7714,1.7332333333333334,31.591,1.5277666666666667,323.00896666666665,38.29273333333333,17.22233333333333,0.09608366039143795,0.2115503920932161,0.45134407561038,0.1743228719051572,0.004674585028437182,4.779349843509925,0.004714396072013094,0.244894033138226,0.29403062680924824,0.06630069976752617,0.0
1685570910,2.462525676449239,5.970926341683157,99.89299326126452,5.417675443547538,1.2654047160575017,19.04896373050472,5.821475535216399,0.520123860179897,9.609960328156767,11.619748239666205,0.6037926822860114,1.2973968616531337,103093043.2,55366451.2,16793873.066666666,38575172.266666666,42482073.6,26695543.466666665,132782899.2,37573154.13333333,10729881.6,50409472.0,3167027.2,9634884.266666668,27.584533333333336,57.17693333333333,2.3806333333333334,178.53766666666667,2.5989,29.90236666666667,2.504566666666667,328.02376666666663,40.0809,17.978233333333332,0.10561596471688241,0.2184193523322554,0.4632852449266377,0.16867230277586784,0.004639604028190654,4.82237056015005,0.004600000000000001,0.2452334159703288,0.33915129449885256,0.07175988421845254,0.0
1685570940,2.829194358486475,5.825970995904711,99.41874332743113,5.2003968039890545,1.1549184809866067,18.02103462772916,5.753126069108249,0.5561448668219686,9.89353511592048,12.51293749958789,0.5654918087414096,1.1471379327909144,103147929.6,55247257.6,16741853.866666667,38725768.53333333,42426368.0,27022131.2,132795187.2,37602235.733333334,10310997.333333334,50409472.0,3101491.2,9459985.066666666,33.0899,60.9113,2.2551,204.36823333333334,2.2507333333333337,28.643866666666668,2.4625333333333335,356.2865,46.1957,14.2334,0.14267413912610952,0.23264480158729126,0.48132907411599457,0.16921390088391988,0.00462728370221328,4.793188415868278,0.004604931506849316,0.24104347031998363,0.36912943336135234,0.0681986144616458,0.0
1685570970,3.608256590703643,4.693466512414909,96.29957636888032,5.131214700917638,1.1150855699512023,18.465902137234576,6.282478881664629,0.5574432490610576,9.846732601543,12.633487229620346,0.5879301769101208,1.1924915279247774,103243776.0,55261866.666666664,16855040.0,38599748.266666666,42428416.0,26418517.333333332,132805427.2,37472938.666666664,10188936.533333333,50409472.0,3086609.066666667,9542314.666666666,33.3426,61.455133333333336,2.0529333333333333,170.55623333333332,2.2184666666666666,31.265333333333334,2.4541666666666666,307.9470666666667,43.472566666666665,13.9326,0.15930616522761376,0.24593104819337835,0.5299037396364652,0.17817298925946765,0.0047156228161581775,4.731589404982926,0.004650073659606497,0.2373682821477871,0.3843632444754896,0.05367040643479551,0.0
1685571000,2.860745833464921,4.812338271943434,96.48582525471308,5.2433214948616325,1.0812850641901528,18.143557289055426,5.813477299674011,0.5649269821545974,10.720852673822096,12.909575667091202,0.45740762054205863,1.199140466387064,103182609.06666666,55270331.733333334,16609280.0,38549504.0,42426368.0,26496477.866666667,132813619.2,37554585.6,10282052.266666668,50409472.0,3097122.1333333333,9570713.6,35.46596666666667,60.65553333333333,1.2912666666666666,182.02226666666667,1.4075666666666666,29.51723333333333,1.4613666666666667,352.74373333333335,42.28053333333333,14.082699999999999,0.11946318963447031,0.34012965880080814,0.689014202172097,0.17351896062948716,0.004788289455302432,4.696833291591466,0.004647984948983182,0.23395766098493953,0.38705879492970285,0.05277533075264191,0.0
1685571030,1.9150143358381544,4.608664727982561,98.23797258681262,5.591361720658211,0.9521563671587276,18.31398391620043,5.906811791350848,0.39276604369409523,11.280949919501058,11.201322897512105,0.4324946310781848,1.0551180112903145,102981632.0,55196330.666666664,16746632.533333333,38818884.266666666,42426368.0,24978909.866666667,132855534.93333334,37740544.0,10062506.666666666,50411793.06666667,3144908.8,9589964.8,51.704433333333334,85.48313333333334,3.9999666666666664,293.9812333333333,3.9971666666666668,44.863899999999994,3.929666666666667,502.255,61.42743333333333,28.762766666666668,0.08952937994324318,0.23529942184924757,0.5033165394546973,0.15328720746324095,0.004716835014822226,4.635579434774098,0.004600000000000001,0.22225218097439162,0.30185382827537954,0.05330902871246355,0.0
1685571060,1.8536374298169591,5.104494526486052,98.23734842693389,9.742935305319294,1.1552321373320522,18.540407340589738,8.141156767984926,0.5673081144666224,10.319458058184937,8.057955988341279,0.4859974651666642,1.5303782707817106,102981632.0,55216537.6,16818995.2,39216742.4,42426368.0,22968183.466666665,132866048.0,37992038.4,10012125.866666667,50409472.0,3085653.3333333335,9552554.666666666,61.5379,88.6,4.0,311.2,3.8,45.74943333333333,3.8666666666666667,556.2666666666667,62.266666666666666,28.866666666666667,0.05003728462127002,0.1544004127283967,0.3072285828206881,0.06707537554531048,0.004655069326138944,3.4525387982370077,0.004600000000000001,0.129787181459908,0.16702923585131985,0.026854691640494508,0.0
1685571090,1.6962774871872761,5.36015196878619,99.80100916773662,10.330327889208304,1.0395954666636236,18.342307073997414,9.049238788606607,0.5504399459890525,9.488684358285665,6.899957322159045,0.4849809365298532,1.5321272971496769,102872678.4,55238656.0,16689698.133333333,39635626.666666664,42426368.0,22588620.8,132866048.0,37940155.733333334,10113160.533333333,50409472.0,3082513.066666667,9374242.133333333,56.2619,99.1195,3.0,309.41456666666664,3.0558666666666667,51.77086666666666,3.4,542.0284666666666,71.37493333333333,29.737033333333333,0.004785697374615091,0.01647744657185424,0.05980370600246265,0.009103733729892465,0.00464824159877933,0.37650659234340483,0.004600000000000001,0.005246840121435716,0.01210962574672411,0.0048679305556876325,0.0
1685571120,1.72260997204363,5.920763574313729,96.9659036660582,9.161979671853937,0.9005863398535612,18.662177920020373,8.348900041353192,0.5196058999388457,10.403034367568614,8.087839761951042,0.559814367135426,1.3714352370922964,102825984.0,55242752.0,16904738.133333333,39624977.06666667,42426368.0,24775065.6,132866184.53333333,37947801.6,10406843.733333332,50409472.0,3087564.8,9410560.0,37.256099999999996,67.57043333333334,2.5938333333333334,203.4926,2.413,30.848533333333332,2.477333333333333,342.0243,45.927699999999994,18.370966666666668,0.02424034700112667,0.07325015491986343,0.18518295019157088,0.03655425584473904,0.004620994428172959,1.5561361553216289,0.004600000000000001,0.06216962591158581,0.08650244869166251,0.012221995721739431,0.0
1685571150,2.349963063907184,5.528968761659054,96.34839843019736,5.9892005357642315,0.9289058875219088,18.609946585239133,6.606256960843564,0.4550993448269731,10.08007994613666,11.822711845429845,0.4638762079060172,1.0801672248617085,102825984.0,55299003.733333334,16599722.666666666,38523153.06666667,42426368.0,26867438.933333334,132882432.0,38065902.93333333,10150161.066666666,50409472.0,3084288.0,9606075.733333332,37.344699999999996,65.609,2.0066,196.1854,1.9029666666666667,32.96286666666666,2.2599333333333336,333.36386666666664,46.839866666666666,18.5955,0.09263104740546876,0.19717162201778174,0.4804522486772487,0.13281734933075795,0.004600000000000001,4.4370950084932925,0.004600000000000001,0.21570823720215818,0.26721690610087934,0.05693977828234151,0.0
1685571180,2.723848607441205,6.813492476416548,99.9070852545282,4.771335998948642,0.9042048711212007,18.135647384168383,5.839797641015389,0.42069944276324217,11.198148651354744,13.016445268054778,0.5488867885881384,0.9548623522720944,102769049.6,55342421.333333336,16622933.333333334,38474001.06666667,42426368.0,26343014.4,132898816.0,38633472.0,10351001.6,51777536.0,3086882.1333333333,9512960.0,30.488933333333332,62.8936,1.9298,203.83696666666668,1.9280000000000002,32.7944,1.8438333333333332,370.6319666666667,52.37186666666666,15.837133333333334,0.11031891304976013,0.2206189415033008,0.4946763004888005,0.17684894236259424,0.004600000000000001,4.776121860490386,0.004650590389016019,0.23853862085309172,0.35515917463500524,0.06908790502302727,0.0
1685571210,2.768888713794557,6.2333736940700195,97.79537115004752,4.79949481321271,0.8645945987997286,18.400101446771334,5.781313484792351,0.43755066225408185,11.06822021425224,12.134644502655702,0.7275603158265667,0.9296005034548934,102862165.33333333,55344605.86666667,16697207.466666667,38629102.93333333,42426368.0,26772275.2,132898816.0,38238617.6,10321920.0,50414387.2,3084288.0,9635840.0,32.818133333333336,49.15213333333334,1.7030333333333334,204.72359999999998,1.8275000000000001,31.6479,1.7739,363.0033,42.628433333333334,15.159133333333333,0.09461320997819649,0.22807033674033003,0.6150626710454296,0.15820665113939397,0.004600000000000001,4.696099580966959,0.0047900601307774415,0.2312074306958958,0.35465535078909277,0.062117436533680855,0.0
1685571240,2.6009785543276918,5.504144059344683,98.87650484905141,4.738013593024558,0.8691003119689604,17.991398341260183,5.6547683451461355,0.3569693883254756,10.512371451953811,11.555534833918937,0.42146587932698326,0.8773154511218634,102981632.0,55308288.0,16790732.8,38473181.86666667,42426368.0,26095069.866666667,132900181.33333333,39935726.93333333,10283417.6,51351825.06666667,3086472.533333333,9657548.8,44.275600000000004,63.67816666666667,2.2534666666666667,194.765,2.4041333333333332,32.48096666666667,2.1235333333333335,337.04523333333333,46.1257,19.856133333333332,0.09307035119059658,0.22616282335890675,0.5936799719887955,0.1638515155303372,0.004605625,4.692011141875186,0.004731833959784211,0.23246180148177126,0.3827816779225214,0.05949843779484424,0.0
1685571270,2.5708571797158917,5.776029341379236,99.60271390600617,7.752991524201258,1.6523286622025544,18.209553253992645,7.464239389118441,0.6335704029593806,9.543153961104553,12.753439939688658,0.5538884728734108,1.6219007971502422,102993100.8,55375598.93333333,16711680.0,38386210.13333333,42426368.0,26374280.533333335,132902912.0,38697642.666666664,10320281.6,50416844.8,3077734.4,9597883.733333332,34.74133333333334,49.88633333333333,1.9067666666666667,177.30769999999998,1.7780333333333334,29.091133333333335,1.8378333333333332,332.91046666666665,47.3908,19.137800000000002,0.09318854057157726,0.2058821732839422,0.5130967989673738,0.1914854492087225,0.007088319663276337,4.687149825155009,0.007532487569730779,0.2340810407962541,0.3232299475670297,0.06037369327659672,0.0
1685571300,2.9174216818932837,5.735387634124115,98.40677002053823,14.56087753770121,3.423177852333684,17.962181575501667,11.698418423982792,1.4057269667680867,9.080275530389502,13.781723777181499,0.5205138937899273,2.542745764034286,103161446.4,56332288.0,16642594.133333333,38369962.666666664,42428552.53333333,26220134.4,132902912.0,38624597.333333336,10240682.666666666,50425446.4,3083468.8,9554602.666666666,34.43346666666666,61.09356666666667,2.9977333333333336,179.62976666666665,3.1138666666666666,28.371766666666666,2.6090333333333335,322.65229999999997,51.082,18.929733333333335,0.09657685296840532,0.20630960032385728,0.751621387871388,0.2137471579195117,0.024422294372294373,4.716443011751072,0.024627590811965815,0.23212592765404774,0.2827419299621691,0.07476803532925182,0.0
1685571330,2.3779844280188076,5.791222708720511,97.87168196158767,16.303426257163213,3.8253345197779445,17.62477302072592,13.385142566172163,1.2598720748638088,11.187787840252156,11.908996755253963,0.512633810931993,2.587488405297038,103198720.0,55305284.266666666,16667170.133333333,38535714.13333333,42426368.0,25027925.333333332,133001216.0,38791168.0,10075613.866666667,51722103.46666667,3139037.8666666667,9429811.2,55.85496666666667,95.9939,3.733033333333333,288.8833666666667,3.9330333333333334,49.94053333333333,3.8017,544.4735666666667,68.9364,33.1681,0.09892869188941449,0.22300571263191452,0.9056106486106487,0.21682277899814517,0.041125000000000016,4.613813658121043,0.028106228070175442,0.21996674276293163,0.2843132310910271,0.07544434727603731,0.0
1685571360,1.9078402253112359,5.084502204007205,98.89071681653363,11.971615217345141,1.7871271125448336,17.12280541120539,11.511856698546358,0.9916310074979573,9.881240152544981,8.377498131569432,0.5014336216779882,1.957321435986635,103198720.0,55293269.333333336,16669354.666666666,39462638.93333333,42426368.0,23350067.2,132960256.0,38628283.733333334,10009804.8,50409472.0,3080328.533333333,9402231.466666667,66.26666666666667,83.53333333333333,3.3333333333333335,322.06666666666666,3.533333333333333,44.0126,3.6,565.6,65.93333333333334,27.8,0.053675199857331636,0.28907392694507433,0.8046006539756541,0.13826098987755897,0.017659988880663783,3.2991078813970285,0.012146631707896986,0.12678391884870488,0.17876324311822422,0.041389239980881364,0.0
1685571390,1.6285721491010228,5.219677602074259,98.85070537418848,9.46409415515216,0.9504102463731989,17.60562268320167,8.532792948934318,0.5286719789784292,9.650415170767262,6.620158553233796,0.4818067792981143,1.4360253370139444,103125128.53333333,55273745.06666667,17081412.266666666,39939276.8,42426368.0,22774169.6,132960256.0,39003750.4,10240682.666666666,50410973.86666667,3132074.6666666665,9471726.933333334,53.32073333333334,107.97466666666666,4.668166666666666,307.4321,4.534833333333333,52.52653333333333,4.734833333333333,565.8357666666667,76.39153333333334,33.662333333333336,0.005091136940966854,0.052387253064550277,0.11125496031746035,0.011281671752603898,0.004651058899199543,0.5216710079384138,0.00460440366972477,0.0061677754582815745,0.01649703446712755,0.004916672870052314,0.0
1685571420,1.9008603521962693,5.666844774917211,97.14998243815414,8.72439439541826,0.9615507579921302,18.1771809730012,8.565179558401372,0.4996640055168408,10.213201414345852,8.109534542018217,0.5899071860119363,1.4452801257105536,102814105.6,55308288.0,16629623.466666667,39759189.333333336,42426368.0,25437115.733333334,133057467.73333333,39250875.733333334,10867643.733333332,50503406.93333333,3155148.8,9497258.666666666,38.958200000000005,62.75046666666666,1.4582000000000002,183.51723333333334,1.5365,30.2849,1.8111,319.0344666666667,42.79600000000001,14.232433333333335,0.02499302409177384,0.07553383459869019,0.12194395676340129,0.033414680815037894,0.004625379031197141,1.6062144440933683,0.004600000000000001,0.06573105349288029,0.09393382536385557,0.013207994077998242,0.0
1685571450,2.439212611362864,5.499055866794653,99.85817823587657,5.495651385341864,0.8937906904407011,18.497977800186053,6.619676342134991,0.41689605060241,10.45903344354062,11.050179023748402,0.6151060965789649,1.041533939208246,102911180.8,55242752.0,16645324.8,39056179.2,42426368.0,26645162.666666668,133017600.0,39524352.0,10566451.2,50478967.46666667,3084288.0,9581226.666666666,36.72036666666666,63.7802,2.1496666666666666,203.26063333333332,2.347,33.4347,2.1446666666666667,350.0051,44.18423333333333,18.39153333333333,0.0798260941619378,0.2149331658179612,0.5496610981610982,0.1191169881391208,0.004654163211513023,4.352172182983609,0.004608275862068966,0.2125477132955685,0.24174005302707183,0.05440219428949193,0.0
1685571480,2.874286236980925,5.004326303194,97.33550062485102,8.621472705825457,1.9749549556730983,17.843420740306463,9.478588086367104,0.828920172008214,10.644275815829698,11.785651131684237,0.49762940113701926,1.6790884952504608,103007573.33333333,55246848.0,16492953.6,39158442.666666664,42426368.0,26219588.266666666,133024426.66666667,39266713.6,10526446.933333334,50536994.13333333,3081966.933333333,9740288.0,31.224466666666668,59.4993,2.592633333333333,167.39219999999997,2.729133333333333,30.542700000000004,2.8546,313.2271666666667,39.57806666666667,17.579533333333334,0.09814229490109122,0.24857213989579346,0.902175925925926,0.20529667575811777,0.014620326287416658,4.730111149042404,0.016150214864243263,0.23215734479131037,0.3086576218852137,0.08488906921245985,0.0
1685571510,2.711606595720632,4.9859148305014065,97.62007672048793,16.06714892578624,3.392581183001838,17.685982733791377,14.35779162059512,1.624460244471089,10.624389778669446,11.283591531471219,0.42060321246704474,3.504252244143333,103088128.0,55313203.2,16415402.666666666,38451473.06666667,42426368.0,26702779.733333334,133050368.0,39326515.2,10104558.933333334,50409472.0,3078826.6666666665,9508727.466666667,37.1593,57.98843333333333,2.112233333333333,193.19653333333332,2.1870333333333334,30.350700000000003,2.0002,333.6909333333333,46.073499999999996,17.408633333333334,0.10967690356625633,0.21770310293539563,0.7717267917267918,0.23131217920973185,0.028777287157287165,4.790420725432353,0.022583003114125193,0.23252270045989326,0.3293638894630144,0.09682441111138326,0.0
1685571540,2.3762480104050647,5.981049007262872,95.99455046099843,17.173539749040074,2.778245453924295,18.13156883078506,14.77231152688203,2.234638936641329,11.10946473264224,12.169841678345273,0.5779018304597814,3.157123809316823,103084305.06666666,55945216.0,16583202.133333333,39598489.6,42426368.0,26474086.4,133054464.0,39523669.333333336,10459136.0,50665472.0,3078007.466666667,9548322.133333333,32.653533333333336,58.931333333333335,2.6694,196.91333333333333,2.8815666666666666,37.6259,3.0101333333333335,385.09933333333333,49.41733333333333,19.119533333333333,0.0970155538970689,0.19876754848051434,0.8242372012232694,0.23359899193003827,0.03097420634920636,4.796763431299315,0.02778791402116403,0.23295155069581686,0.2983276364204534,0.09505111240503912,0.0
1685571570,2.593512430814217,6.311622782303738,95.7910775466066,17.51347525280273,3.469204472952592,17.676717165738737,15.573712398651628,1.8057041252056831,13.031832836149961,11.66330709575024,0.6494675067375738,2.9970186507028074,103030784.0,55400311.46666667,16743219.2,38493388.8,42426368.0,26307788.8,133058560.0,39570636.8,10206412.8,50811562.666666664,3076096.0,9557333.333333334,37.876333333333335,58.498900000000006,1.4595,182.80873333333332,1.5392333333333332,33.81973333333333,1.6718666666666666,334.3654666666667,36.8418,17.679,0.09444901236281433,0.2011275231756995,0.8818575200169213,0.23245571121748262,0.03604570105820106,4.734819193959832,0.033067129629629634,0.23176026889015938,0.2796674713221222,0.09212874013331944,0.0
1685571600,2.683064149390017,6.772221374063453,97.9258485652063,19.87547512974987,4.386042012217816,17.53206847004781,15.255113153404476,2.0717212957381124,11.96319030779038,11.72835711426105,0.6009387177885217,3.3599453501523966,102952277.33333333,55431304.53333333,16969728.0,38607940.266666666,42431283.2,26318984.533333335,133058560.0,39441749.333333336,10051447.466666667,50469819.733333334,3080055.466666667,9679530.666666666,33.657066666666665,48.5697,1.8741333333333332,205.80833333333334,2.1835333333333335,29.849300000000003,2.2170666666666667,332.6103333333333,41.339733333333335,15.889999999999999,0.09297748928255266,0.2099352291070814,0.8662186010058818,0.23518618189305862,0.04193709207459208,4.711626323303657,0.034570878427128436,0.23057333523959586,0.32789458848409286,0.09124351390970396,0.0
1685571630,2.8829534711428924,6.906172850045627,95.97003570574756,18.61158273261271,3.329608477262918,17.678119730923775,17.19666788608663,1.7340206521857204,10.931118698851593,11.527658608188618,0.5888872938390162,3.0603799040203725,102966067.2,55342830.93333333,16670173.866666667,38740241.06666667,42428006.4,24504456.533333335,133058560.0,39690922.666666664,10134186.666666666,51256115.2,3082513.066666667,9662327.466666667,51.2847,88.9003,4.269566666666666,271.4149,4.337999999999999,48.9995,4.268533333333334,518.3201333333333,68.76916666666666,29.0183,0.08857198308558617,0.21229748018878408,0.8445734126984127,0.22534113222870797,0.03614874708624709,4.563124981331128,0.035418434343434356,0.21826848759601114,0.2984085954887436,0.079278748462296,0.0
1685571660,2.010650392433538,6.171047342791725,98.32934312958704,13.214830739822672,1.3577808799966922,18.79732823537433,13.001996848260005,0.8957344043828461,10.387864732490504,8.392866943845695,0.524091926872155,1.9529144277118717,102977536.0,55327266.13333333,16733525.333333334,39244595.2,42426368.0,22950297.6,133058560.0,39841245.86666667,10395648.0,50409881.6,3080192.0,9525248.0,59.40266666666666,100.73333333333333,3.933333333333333,325.8666666666667,3.8666666666666667,53.05883333333334,3.6,533.6666666666666,74.93333333333334,29.0,0.049307333055975545,0.11945660233654089,0.5053065583181665,0.1404012586430562,0.016129179061679065,3.209071370342801,0.01732651623376624,0.12564271357447138,0.16201998637396803,0.0352769015305774,0.0
1685571690,1.7251083940925833,6.187164797667491,99.74285279051004,10.251817409808082,0.9491295133262677,19.594839105695836,11.465714705882531,0.5842326048289849,10.591686433290963,6.959038614545368,0.5130295670399371,1.472456400058996,102977536.0,55304192.0,16587434.666666666,40116224.0,42426368.0,22855680.0,133058560.0,40030208.0,10289152.0,50413568.0,3080192.0,9469952.0,62.666666666666664,91.33333333333333,2.0,345.3333333333333,2.0,48.666666666666664,2.6666666666666665,592.6666666666666,68.66666666666667,28.0,0.0068260869565217345,0.009357193114196046,0.04921348314606742,0.015527270581345039,0.004738461538461539,0.48076923076923084,0.004702857142857143,0.006894369271183712,0.018183544303797473,0.0073273459589342504,0.0
