time,adservice_cpu,cartservice_cpu,checkoutservice_cpu,currencyservice_cpu,emailservice_cpu,frontend_cpu,main_cpu,paymentservice_cpu,productcatalogservice_cpu,recommendationservice_cpu,redis_cpu,shippingservice_cpu,adservice_mem,cartservice_mem,checkoutservice_mem,currencyservice_mem,emailservice_mem,frontend_mem,main_mem,paymentservice_mem,productcatalogservice_mem,recommendationservice_mem,redis_mem,shippingservice_mem,adservice_load,cartservice_load,checkoutservice_load,currencyservice_load,emailservice_load,frontend_load,paymentservice_load,productcatalogservice_load,recommendationservice_load,shippingservice_load,adservice_latency,cartservice_latency,checkoutservice_latency,currencyservice_latency,emailservice_latency,frontend_latency,paymentservice_latency,productcatalogservice_latency,recommendationservice_latency,shippingservice_latency,frontend_error
1685227620,2.247595781358909,5.867589350353054,1.2322754932870328,10.635408050175295,0.7710546164362336,19.128299738763513,10.566804319759518,0.6694434618185001,9.914966569337523,8.788523705613803,0.46680085792455905,1.2092655064116162,99328000.0,58580992.0,11854064.94117647,38222185.4117647,42549248.0,25469650.82352941,97766942.11764705,35490876.23529412,9834014.11764706,48615424.0,3087661.1764705884,9235757.176470589,47.90911764705883,65.57917647058824,3.0588235294117645,213.7465294117647,3.176470588235294,36.470588235294116,3.2941176470588234,375.5628823529412,52.383529411764705,20.119588235294117,0.0329397275416007,0.0719234576470731,0.23990641711229954,0.07425650651203766,0.0046,2.052791106284577,0.012059125188536957,0.07059754613963899,0.12201002643963467,0.018046496256203762,0.0
1685227650,2.7401374845972275,5.900611451988427,1.1082903913287614,17.18905922445528,0.8425073936599564,18.343183069176757,15.742173133263556,1.2945967440010093,11.179854977932397,11.068702881471415,0.3222016021803737,0.9462576437111877,99158562.13333334,59266525.86666667,11799074.133333333,38300603.733333334,42549248.0,25162820.266666666,97767424.0,35321446.4,10268398.933333334,48617335.46666667,3066538.6666666665,9218730.666666666,44.733333333333334,73.66666666666667,3.066666666666667,226.2,2.933333333333333,37.27603333333333,3.0,375.46666666666664,58.46666666666667,23.333333333333332,0.06521937545683383,0.1748368421589743,0.7122192760942759,0.17797633518483205,0.004600000000000001,3.654181548457259,0.02313270637562927,0.16869742758113296,0.21888427044173922,0.04386641286985364,0.0
1685227680,2.9525882458952535,6.273933378386709,1.1738735849293938,18.765544102265082,0.7987749563608194,18.43528169615057,18.91286094557562,1.4903779660740715,12.088776018060939,12.948608684325231,0.2751851623541787,0.9159769390099325,99209216.0,58695270.4,11735586.133333333,38422118.4,42549248.0,25350280.533333335,97773568.0,35572394.666666664,10135688.533333333,48624981.333333336,3070225.066666667,9220505.6,37.93333333333333,66.46666666666667,3.0,214.4,3.066666666666667,34.92856666666667,2.8,415.8,55.13333333333333,19.2,0.08327482967388809,0.22136124534307852,0.8042407407407409,0.2092813331888674,0.004600000000000001,4.137779057402271,0.028833783320238674,0.2061461385149024,0.2371357180213436,0.04963726839779778,0.0
1685227710,2.5831587444545954,6.057570502483767,1.132077662869605,18.43905487902216,0.8455471404207348,17.85308528988145,18.13892730042841,1.6224174133894054,12.348599685093584,13.40224947573495,0.2813992428892619,0.9111038905289656,99235020.8,58562150.4,11802760.533333333,38627737.6,42549248.0,25392469.333333332,97781077.33333333,35545361.06666667,10005435.733333332,48623752.53333333,3055616.0,9046971.733333332,44.6,76.73333333333333,2.533333333333333,219.33333333333334,2.6,36.333333333333336,2.533333333333333,384.8,44.266666666666666,20.466666666666665,0.08445615946652417,0.1839494980297532,0.5694195912805846,0.2040428642262164,0.004600000000000001,3.9235800052522563,0.037347117003367014,0.20081842330378713,0.22900016222848066,0.047922766952216776,0.0
1685227740,2.3165661301755907,4.734570682524213,1.1665676271876313,18.803825982452523,0.8694032934686275,18.567201982125006,17.7795197904154,1.5188626650092631,12.231423527493638,12.415823257372548,0.2765603608760806,0.961927968019644,99327726.93333334,58528972.8,11696264.533333333,38451882.666666664,42549248.0,25097830.4,97785173.33333333,35602568.53333333,9993420.8,48623616.0,3100808.533333333,9228424.533333333,32.733333333333334,57.33493333333333,2.3341333333333334,199.4695,2.3341333333333334,30.733333333333334,2.667466666666667,328.202,46.06666666666667,17.934933333333333,0.08363062429002487,0.2084330326619144,0.7029809634809634,0.20187317131638333,0.004600000000000001,3.9809336651721106,0.03792490981240981,0.1970204820691606,0.22798317719428196,0.045775859461711726,0.0
1685227770,2.5399457333308124,6.140411717764946,1.1467656780281943,18.66412575741734,0.7999541155429986,18.12756756211443,16.097466820756967,1.5016830350638701,11.572707393387384,12.193988114735685,0.26786296589606573,0.9118396050494634,99270109.86666666,58593553.06666667,11852185.6,38363136.0,42549248.0,25412812.8,97783808.0,35824435.2,9841049.6,48623616.0,3133576.533333333,9237162.666666666,42.333333333333336,64.02676666666666,1.4666666666666666,205.58683333333332,1.5333333333333334,36.733333333333334,1.6267666666666665,367.9601,49.6,19.920166666666667,0.08003074092965176,0.2369207585963179,0.792934311059311,0.20008852911967423,0.004600000000000001,4.1814354524890245,0.026705273472773475,0.20243354164153476,0.23836797410728047,0.045429856529785026,0.0
1685227800,3.093632953736173,6.6933240487476455,1.1125548954892206,19.43454318950702,0.8559149900219374,18.434414660914467,17.76612339348924,1.7069606072525372,12.430991572893815,12.239779163433091,0.280013800710919,0.8677148395696027,99381521.06666666,58566109.86666667,12020940.8,38599611.733333334,42549248.0,24930304.0,97864362.66666667,35692544.0,9922150.4,48623616.0,3047014.4,9593787.733333332,37.4,73.4,2.4,207.86666666666667,2.4,35.266666666666666,2.6666666666666665,390.6666666666667,45.266666666666666,21.333333333333332,0.08012296980901759,0.2299089023914424,0.7468849206349206,0.20397739605628804,0.004600000000000001,4.277256843613358,0.03283526936026936,0.20659422051431223,0.24746205218596343,0.04615822480479783,0.0
1685227830,3.001473973812386,5.979338225395525,1.1900094557780525,17.47978470682883,0.8380605190814628,18.497554945277592,17.552595270487377,1.4239477466033876,11.008527710242934,13.537785005673644,0.3115438214749175,0.9770900959403999,99571712.0,58566109.86666667,11942980.266666668,38839910.4,42549248.0,23321941.333333332,97869824.0,35695957.333333336,9774830.933333334,48623616.0,3054796.8,9352396.8,54.666666666666664,93.6,3.066666666666667,295.4,3.0608333333333335,51.8,3.0,538.9333333333333,68.26666666666667,27.333333333333332,0.07695910288329239,0.20525983975223003,0.49055357977693176,0.19875350359864205,0.004600000000000001,4.127989735430827,0.03404545454545455,0.19413117249395048,0.23028769766358484,0.044340157028266255,0.0
1685227860,2.005517702331244,5.624233941527862,1.3029798733249587,11.782363495538416,0.8730374441099251,18.046151979422078,10.985416087237791,0.6634280668182567,10.444528105705807,8.734134141720343,0.47073686074079196,1.196020867680237,99667968.0,58579763.2,11905160.533333333,40058060.8,42549248.0,22135603.2,97869824.0,35891200.0,9682944.0,48623616.0,3080465.066666667,9318400.0,62.266666666666666,98.73333333333333,3.933333333333333,324.0,4.133333333333334,53.8,4.133333333333334,553.9333333333333,72.86666666666666,28.6,0.04392897534511419,0.11309868140851788,0.3156190914158306,0.1099600365462868,0.004600000000000001,2.536327898050251,0.0175295059557452,0.10430134890566818,0.13979739975602856,0.02680543284156473,0.0
1685227890,1.6518436237611855,5.377700378615564,1.5210425150211317,8.102695816904545,0.9407190697161294,18.723662478432946,7.569726048729374,0.44352441427140554,9.973934579175467,6.052431668069962,0.5448825365385447,1.2826572788930668,99180953.6,58589730.13333333,11775726.933333334,39129224.53333333,42549248.0,21990058.666666668,97869824.0,35776238.93333333,9909316.266666668,48626346.666666664,3142178.1333333333,9254775.466666667,60.733333333333334,100.66666666666667,3.2666666666666666,315.4,3.4,51.93333333333333,3.466666666666667,565.6,74.06666666666666,29.066666666666666,0.004914533912071009,0.011284808076596733,0.050657686086364784,0.0056216626985663605,0.004600000000000001,0.2981979203726651,0.004629206140350877,0.005669062259244017,0.011457654560636292,0.004943610392066125,0.0
1685227920,1.7317941453418728,6.533224388109095,1.5693429166669144,10.16570729229466,0.9305675697547315,18.929016442726958,9.618735797789224,0.5036114732993718,10.606207246546553,8.038462330886755,0.5245923511956142,1.3422663451611432,99104085.33333333,58679569.06666667,12047291.733333332,38682897.06666667,42549248.0,23202201.6,97869960.53333333,36484710.4,10046532.266666668,48668672.0,3017932.8,9314850.133333333,38.733333333333334,70.60893333333334,2.533333333333333,225.2756,2.533333333333333,33.2,2.2666666666666666,389.2756,52.53333333333333,21.74226666666667,0.017144363112050323,0.04254685306464467,0.18016814241113502,0.04129046648774385,0.004600000000000001,1.055035753791192,0.009558638431917772,0.043008552200486265,0.07035080856880868,0.012117562494806182,0.0
1685227950,2.086838884672232,6.691623498584517,1.2695636557148766,16.132824009097543,0.8660414386991632,18.13501286845422,16.531707212488595,1.2726374133564826,11.92916437862023,11.137693776720631,0.33403798148531316,1.0194208399231786,99491840.0,58684893.86666667,12124979.2,38536669.86666667,42549248.0,24682222.933333334,97893580.8,35976533.333333336,10083669.333333334,48641638.4,3063398.4,9311163.733333332,43.4,69.73333333333333,2.533333333333333,229.26666666666668,2.8666666666666667,34.6,2.466666666666667,372.53333333333336,45.666666666666664,20.933333333333334,0.054492791861482336,0.10051851084489084,0.46274805421363396,0.15501253593202374,0.004600000000000001,3.1111841925448047,0.03054949494949496,0.15082937441703462,0.19745849557182957,0.039003361934411465,0.0
1685227980,3.23041527469004,6.609860783673019,1.1716472839171148,17.807374218814747,0.8379374234924813,17.79358409068427,19.808230270956468,1.4029678625135729,11.129151653131393,12.007692160037445,0.2867812788456181,0.9422866885613554,99921920.0,58699366.4,12030498.133333333,38624324.266666666,42549248.0,24548693.333333332,97910784.0,35371144.53333333,9705608.533333333,48704170.666666664,3012061.8666666667,9471590.4,33.45126666666667,62.9239,2.2666666666666666,201.84403333333333,2.2666666666666666,33.266666666666666,2.1333333333333333,398.9875,52.178700000000006,19.333333333333332,0.07691731605209666,0.1485401854538043,0.488653404793053,0.1968210836587503,0.004600000000000001,3.708960945329589,0.03785059523809524,0.18959010686122557,0.22279415679464024,0.0464023297250412,0.0
1685228010,2.9508195530348846,6.977955489050055,1.191126272373988,16.756127564172957,0.8299356598995992,17.75007642543986,18.80396253232504,1.0914813654217932,12.178326179983404,12.5752800611501,0.284738868450635,0.9193735912013252,99744836.26666667,58709879.46666667,11751424.0,38468266.666666664,42549248.0,25526954.666666668,97923345.06666666,35508360.53333333,9843097.6,48639726.93333333,3027353.6,9266244.266666668,35.333333333333336,58.6,2.1333333333333333,183.4,2.2666666666666666,30.733333333333334,2.466666666666667,364.26666666666665,49.4,20.2,0.08584012879814791,0.1615852602289011,0.48412768399949624,0.19978389310993047,0.004600000000000001,3.757970793379744,0.029689318783068797,0.19713676269147953,0.22550859994607717,0.04640768604782498,0.0
1685228040,2.5155087417560926,6.562677281548383,1.1438396653858556,18.59411033091214,0.8521446967036673,18.526137684044492,18.333466543491273,1.4576043765519169,12.365568933590952,12.325704209241962,0.28576947880466014,0.9793295602031223,99725312.0,58710425.6,11751697.066666666,38480964.266666666,42549248.0,25167052.8,97935360.0,35692680.53333333,9910135.466666667,48623616.0,3079918.933333333,9307067.733333332,36.404833333333336,68.73976666666667,2.8670666666666667,228.67833333333334,2.607066666666667,31.418266666666668,2.533333333333333,375.29,47.2024,21.002,0.08872448395804271,0.1584970025804613,0.4909161628819106,0.20860885002713214,0.004625164025366955,4.136900147058477,0.03241858488733489,0.20366001133701406,0.23036448854071506,0.045545222608826506,0.0
1685228070,2.8110819958669637,6.771588147336439,1.3230612683913592,19.741491966578202,0.8733759502236573,18.37326975320574,17.660821470146853,1.9910511687064958,12.089523608448976,13.994897638127425,0.2932058434976721,0.9517451550813533,99749888.0,58611029.333333336,11802487.466666667,38562201.6,42549248.0,25247744.0,97970039.46666667,36425591.46666667,9876548.266666668,48637952.0,3058619.7333333334,9250406.4,37.53333333333333,71.3496,2.8666666666666667,208.2,2.7333333333333334,32.333333333333336,3.066666666666667,377.46666666666664,53.333333333333336,21.624466666666667,0.08730816105227203,0.16176054010223997,0.49338260787406774,0.20995296961719753,0.004642949256229726,4.183669605158452,0.03982654914529915,0.2057921256482716,0.2298510754893769,0.04717835999249043,0.0
1685228100,2.8395897806404133,6.5726261141459945,1.0678720677021158,19.790972739452247,0.8298990339499763,17.89736306004226,17.613794192610477,1.4188098303763281,11.723359979813187,13.176509950714676,0.28639087624178594,0.9071238669348298,99840000.0,58636151.46666667,11843720.533333333,38392627.2,42549248.0,25801113.6,97992977.06666666,35553280.0,10073975.466666667,48624571.733333334,3008512.0,9214361.6,44.0,65.66666666666667,2.466666666666667,223.46666666666667,2.6,36.79363333333333,2.466666666666667,385.6666666666667,50.86666666666667,19.866666666666667,0.08587633540861193,0.1941361452927538,0.5814600135850135,0.20476132931825228,0.0046164687164487045,4.144710668659077,0.03976067971380472,0.20653319593148228,0.22782133353973127,0.049283736327315156,0.0
1685228130,3.3961088897466754,5.997806374119093,1.0328385764486208,17.16867242732264,0.8417826823240044,18.2946455068917,16.19843715158689,1.4662107293632227,11.249071729756428,12.05199804541659,0.3020841949416699,0.9560719154337532,100011895.46666667,58582220.8,11877444.266666668,38461849.6,42549248.0,23885960.533333335,98000349.86666666,35525973.333333336,10286557.866666667,48692428.8,3010560.0,9323042.133333333,50.90606666666667,89.49603333333333,2.466666666666667,281.72603333333336,2.7333333333333334,44.10183333333334,2.533333333333333,510.53656666666666,68.56986666666667,25.21033333333333,0.08211928756207279,0.18560557449173054,0.6691798941798941,0.18952934912299133,0.004600000000000001,4.0208806000051105,0.031724815357879875,0.1939113604414961,0.22108991874056425,0.04545665963941851,0.0
1685228160,2.3471989946501144,5.394958319978869,1.1618314106767693,10.797343949058977,0.928115193032108,18.08183124053749,9.51261633800266,0.6131495289157911,10.599831455438084,8.050327933385223,0.46221834411855295,1.1633940410018904,100188160.0,58590549.333333336,12001553.066666666,40065979.733333334,42549248.0,22000435.2,98004992.0,35629465.6,10122581.333333334,48624435.2,3009331.2,9213678.933333334,58.8,96.63306666666668,3.933333333333333,310.8666666666667,4.133333333333334,49.53333333333333,4.133333333333334,560.8666666666667,70.93333333333334,29.0768,0.04865107121553255,0.09786681609460367,0.4230806277056278,0.1017284226307695,0.004600000000000001,2.682264092725751,0.01747290325578561,0.10428476139397902,0.1438832832135922,0.02486790606333775,0.0
1685228190,1.6730558463420213,5.473844727675774,1.3611167362246568,8.237108716066716,0.8586559601829127,18.8307524916784,7.056834123048026,0.37923807696540485,9.712032997020492,6.436123024445985,0.5399027200116086,1.285325374324996,99853516.8,58591095.46666667,11553450.666666666,40619485.86666667,42549248.0,21894348.8,98004992.0,35719577.6,9992874.666666666,48626073.6,3094391.466666667,9140224.0,62.666666666666664,100.8,3.6,322.0,3.7333333333333334,53.93333333333333,3.7333333333333334,572.9333333333333,76.4,28.866666666666667,0.0047630637531086125,0.011515654354073547,0.05591311592028174,0.005218808393349806,0.004600000000000001,0.2736044705025763,0.004639071962520239,0.004987149255174892,0.010190335259810253,0.004769110589133757,0.0
1685228220,2.1537934536270313,5.964236811377834,1.3415188592127254,10.803747877663,0.8807111196203917,19.06689753992432,9.112932602936777,0.6309692067685906,11.069739087074456,7.432345711931536,0.4972621416728561,1.2708859037927522,99809962.66666667,58597376.0,11804945.066666666,38808507.733333334,42549248.0,24320819.2,98006357.33333333,35772689.06666667,9888290.133333333,49241429.333333336,3054387.2,9319765.333333334,42.2472,73.94743333333332,2.2666666666666666,256.38146666666665,2.1333333333333333,39.06666666666667,2.0,421.4588333333333,54.725500000000004,19.2,0.020585793919046268,0.05193860570847496,0.2853134768558749,0.04536069992755644,0.004600000000000001,1.1623209426333583,0.01111876292335117,0.04475188508346353,0.08305575299163527,0.01315186850248841,0.0
1685228250,2.871583655495699,6.424038448768216,1.263516117717193,17.670271120909693,0.8962826498250996,17.404558763051053,16.309422046983475,2.099033009352024,12.611887055144582,11.01469361668981,0.3413671834605822,1.026988992390546,99917824.0,58676701.86666667,11718656.0,38328456.53333333,42549248.0,24425676.8,98009088.0,36024320.0,10082577.066666666,48867191.46666667,3078007.466666667,9274299.733333332,34.86666666666667,64.06666666666666,2.2,198.33333333333334,2.2666666666666666,30.8,2.1333333333333333,360.0,46.8,18.78966666666667,0.06784168792904254,0.17830475172075208,0.5548755057578589,0.16660111751153076,0.004600000000000001,3.258587572639745,0.03529487052299553,0.16247985240702037,0.23003350729050093,0.0385587374364537,0.0
1685228280,3.2472701764912117,6.249190190095874,1.0536121972104733,19.37882032853007,0.8644181508372341,17.906783572232484,19.385194145601986,1.8608809153064116,11.85101487388954,13.406729614381293,0.27663768439901787,0.9065102381322284,99971072.0,58603929.6,11774907.733333332,38578176.0,42549248.0,25670314.666666668,98018508.8,36209595.733333334,10282325.333333334,48623616.0,3037866.6666666665,9177770.666666666,39.266666666666666,66.09343333333334,2.1333333333333333,208.2,1.8666666666666667,36.129866666666665,2.066666666666667,391.1333333333333,44.4,15.533333333333333,0.08546485281368647,0.21937351103941208,0.5392584842693539,0.20125008366898284,0.004600000000000001,4.023740810788146,0.0453578383765787,0.2038979172993921,0.24724367014751522,0.045107333424327205,0.0
1685228310,3.293286651238011,5.4691801628944665,1.0947735986669664,18.848379040780227,0.8789103163761476,17.92152179492394,16.918810430842694,1.3681426306521869,10.8065232640782,13.159855438439138,0.2686322800531486,0.8803887310535055,100153753.6,58613077.333333336,11894784.0,38821888.0,42549248.0,25190673.066666666,98033527.46666667,36149111.46666667,9719671.466666667,48623616.0,3071180.8,9309388.8,45.7956,69.9843,1.2648666666666666,206.37406666666666,1.3933,34.93333333333333,1.2656333333333334,377.6352666666667,58.09883333333333,18.183666666666667,0.08508639331522093,0.19208517716097046,0.4710996892375076,0.19319788809917865,0.004600000000000001,4.214704030227089,0.041047321251733014,0.20164282567696654,0.2326985472430921,0.04898262359210845,0.0
1685228340,3.474642402794876,5.601501697833869,0.9860985227153932,17.881122338941942,0.8044666319469568,18.554348697440613,16.826695224352786,1.228259524546642,10.731001853347383,12.242497647735664,0.26752625547413184,0.8783756731711364,100541235.2,58627276.8,12102178.133333333,38688358.4,42549248.0,25607918.933333334,98055236.26666667,36271035.733333334,9897301.333333334,48626073.6,3010286.933333333,9476778.666666666,37.266666666666666,67.05303333333333,3.2666666666666666,193.8,3.533333333333333,33.8,3.3333333333333335,394.26666666666665,51.4,23.189666666666668,0.08607290837866279,0.17590661636942,0.46749697662144296,0.19668748447930165,0.004600000000000001,4.354110213190594,0.03244274163688463,0.2026554857186848,0.2317385978846889,0.05310356473160249,0.0
1685228370,3.918188498544578,6.056427411347731,1.0575433947756412,19.62905508507163,0.8698810068669808,18.383431470089462,17.2923335081751,1.4668488575475889,10.69505694154588,13.443549272507278,0.27458967296136827,0.9103209120679525,101049002.66666667,59467912.53333333,11846587.733333332,38398361.6,42549248.0,25173742.933333334,98071347.2,36355140.266666666,10549384.533333333,48667306.666666664,3075549.8666666667,9495347.2,41.53333333333333,61.18216666666667,2.3333333333333335,188.4,2.4,35.86666666666667,2.2,363.93333333333334,50.0,20.1535,0.08692154093062258,0.281007824309876,0.7738280122655123,0.20490744016306733,0.004600000000000001,4.299325059720422,0.03028556594680883,0.2015166548849681,0.24513298249548704,0.048073073736168315,0.0
1685228400,3.6732103562274756,5.8535493148894995,1.1335173386451332,18.84642606265038,0.8405352599701115,18.247936370269812,18.83807180955073,1.4695075869376157,12.089698107560265,13.765242475421372,0.2726092392780253,0.9448916264759557,100974592.0,58605158.4,11938201.6,38016614.4,42549248.0,25067793.066666666,98082816.0,36583424.0,9856887.466666667,48654199.46666667,3027490.1333333333,9261602.133333333,34.06666666666667,73.26666666666667,2.533333333333333,203.33333333333334,2.4,34.93333333333333,2.7333333333333334,393.1333333333333,50.53333333333333,20.466666666666665,0.08581424910783034,0.467663700542079,0.8966766425868595,0.21067170630514317,0.004600000000000001,4.080021005390582,0.03692242063492064,0.199727390505984,0.24866079298231317,0.050463662096308814,0.0
1685228430,3.1979942555010945,5.803546463778574,1.1319379456200147,17.689187816601567,0.8946260520594794,18.4161674118616,16.42022314755616,1.415930858890189,13.01206674093671,12.612751380316928,0.30238548517666336,0.9718144916760119,101020740.26666667,58617036.8,12034048.0,38302515.2,42549248.0,23234696.533333335,98082816.0,36406886.4,9895799.466666667,48632490.666666664,3014792.533333333,9236206.933333334,60.13333333333333,94.46666666666667,3.533333333333333,281.3333333333333,3.2666666666666666,51.06666666666667,3.2666666666666666,547.0,73.2,28.8,0.08251991002982771,0.298170452926399,0.7386175580691711,0.20019107043287837,0.004600000000000001,3.783383585105564,0.03277042483660132,0.19252289268690112,0.2350174999717634,0.0513190316432253,0.0
1685228460,2.1628735851108583,6.038085244697554,1.6490543268453821,11.517038710099559,0.9694417478141077,18.18613687070738,10.79628190788077,0.7825853076872397,10.907591968062365,9.168371134575267,0.4805093070547921,1.320210629224364,101081088.0,58588774.4,11726848.0,38797448.53333333,42549248.0,21991424.0,98165828.26666667,36089719.46666667,10234948.266666668,48626073.6,3134668.8,9230199.466666667,59.86666666666667,104.86666666666666,3.8,328.3333333333333,4.0,52.50763333333334,4.066666666666666,583.3333333333334,77.8,30.782233333333334,0.04724307558011993,0.12888613594132833,0.32545808080808075,0.10518485774906848,0.004600000000000001,2.3373220497709375,0.013541195546975825,0.10358024871320198,0.15670436533769697,0.025607691836404704,0.0
1685228490,1.7022582780257776,5.629525986097038,1.6510130353934127,8.374561439294714,0.991200600645658,18.902829809422215,8.267017735936424,0.46822793544629043,10.512395088851978,6.580368092797197,0.5623068953616218,1.369379817474203,101058150.4,58589593.6,11809314.133333333,39154892.8,42549248.0,22000708.266666666,98082816.0,36285644.8,9795037.866666667,48624981.333333336,3114734.933333333,9203165.866666667,64.6,100.53333333333333,4.666666666666667,329.73333333333335,4.133333333333334,54.93333333333333,4.0,558.0666666666667,73.53333333333333,29.0,0.005386633866397264,0.009879395304701579,0.05494095868993143,0.006029075227288855,0.004600000000000001,0.32254911704544287,0.004624903660474976,0.006036511267884863,0.01150044555022226,0.004733974171130498,0.0
1685228520,1.9170575612528267,6.202071914206735,1.4426838689285348,10.329745405204097,0.9262588203463272,18.33106729069899,9.045883030238622,0.5597934855490855,10.765298013948572,7.990494916778454,0.48424809046953315,1.230031192398108,101021149.86666666,58616490.666666664,11687936.0,38688768.0,42549248.0,23615761.066666666,98083498.66666667,36550792.53333333,9966114.133333333,49440904.53333333,3084834.1333333333,9385301.333333334,41.86666666666667,75.33333333333333,2.6,221.26666666666668,2.4433000000000002,36.3917,2.6666666666666665,403.73333333333335,51.666666666666664,19.933333333333334,0.017487969367215552,0.044386031114560805,0.14114809748736656,0.039557160844944664,0.004600000000000001,1.0285700914422746,0.006006208222962555,0.04326502115144151,0.04903082780847996,0.010951395844284485,0.0
1685228550,2.418523513020133,6.121961943341293,1.19208898810837,15.544037972615548,0.8530217935640889,18.3244915592408,15.278960146991341,1.246065038640849,11.442299631965682,11.628311475018219,0.34489217594680643,1.0653936865432863,100553250.13333334,59481292.8,11747737.6,38645623.46666667,42549248.0,24643720.533333335,98088960.0,36439244.8,9748616.533333333,48623616.0,3013427.2,9359360.0,34.53333333333333,61.666666666666664,1.7333333333333334,197.2,1.6666666666666667,32.53333333333333,1.7333333333333334,357.53333333333336,48.0,19.4,0.06559706558612113,0.14725535977243467,0.49850488869790344,0.15804781151118796,0.004600000000000001,2.9748302377560933,0.022248515406162465,0.16524853712405552,0.18742180387197635,0.03439858315220671,0.0
1685228580,2.4104666556010534,6.187082367093998,1.063361296735528,16.256667425529702,0.8390709356757882,18.5217583099513,18.212232445582124,1.6077897535373973,12.031192201057205,13.000593704305224,0.2722747504733648,0.8955590393204884,100401015.46666667,59839829.333333336,11960046.933333334,38431539.2,42549248.0,25518626.133333333,98131968.0,36735385.6,10108928.0,48623616.0,3075140.2666666666,9307477.333333334,45.46666666666667,69.26666666666667,1.0,201.6,1.0,33.4,1.2666666666666666,348.4,45.8,16.2,0.08982881075204556,0.22526537634330343,0.6981969696969696,0.20872028972351117,0.004600000000000001,4.1084634471733406,0.041097474747474744,0.20420674881153714,0.22965593512780824,0.05307034575365445,0.0
1685228610,2.8640787139320025,7.248674703675959,0.9908295538914603,17.702865166296384,0.8235598012816678,17.917159004552914,17.22892760649342,1.877337849273345,11.888183315874919,12.666012566546303,0.2763304823793519,0.8084840017427095,100123033.6,58682572.8,11947622.4,38617088.0,42549248.0,25698986.666666668,98172928.0,36410845.86666667,9891430.4,48623616.0,3048516.2666666666,9334784.0,40.1516,77.23176666666667,2.8666666666666667,244.3713,2.8002666666666665,32.204233333333335,2.8,391.0640666666667,49.2,19.9647,0.09132871002478184,0.2000015597879233,0.5948383025883025,0.21056262944054796,0.004600000000000001,4.255843772369995,0.0465625,0.20780503549345664,0.22848274561014353,0.06589217426708724,0.0
1685228640,2.819202698979325,7.390200387385169,1.0611740005789383,18.076605595969216,0.8279747778996971,18.118180765308924,17.762818216193086,1.7665319919151516,11.285868937891873,12.378134409054551,0.27978300789509375,0.9210483436432366,100271854.93333334,58665779.2,11770811.733333332,38526976.0,42549248.0,25429606.4,98196138.66666667,36596531.2,10065510.4,48754688.0,3062715.7333333334,9425715.2,42.26403333333334,65.04773333333334,1.8,202.4434,1.6666666666666667,34.4,1.8666666666666667,387.97249999999997,51.06506666666667,17.395233333333334,0.09049159277380331,0.17115640794210601,0.4831124342719336,0.21040275136405678,0.004600000000000001,4.195136194765258,0.04307037037037038,0.207751973174983,0.22883678572355676,0.04989236554231315,0.0
1685228670,2.7056810226727857,7.23587603135096,1.0944607564716489,19.73403761903018,0.8715328839650669,17.291433390668477,18.35812723571902,1.3734190346349573,11.461597871333238,12.51412649277302,0.28152552795327324,0.9034489673599446,100271445.33333333,58699776.0,12227242.666666666,38496938.666666664,42549248.0,25757013.333333332,98206515.2,36436104.53333333,10027008.0,48623616.0,3103266.1333333333,9194564.266666668,41.46606666666666,67.37586666666667,1.9422666666666666,203.86583333333334,1.7493333333333334,35.669599999999996,1.7430666666666668,381.6,41.6,18.8244,0.08489294985204235,0.16850977332388695,0.4737369845922477,0.21330260051804528,0.004600000000000001,4.193625896948409,0.0419768907018907,0.20704395556754554,0.23908843363579338,0.04585230957437594,0.0
1685228700,3.27517630842694,6.7286639120784,1.1057507239926685,19.998430291587212,0.8219611461577737,18.168166550417332,17.772134336634444,1.4255112104977459,12.506145081502693,13.529027743459794,0.28791575212610315,0.9223330741335171,100219289.6,58710152.53333333,11829248.0,38446557.86666667,42549248.0,25446536.533333335,98230272.0,36475153.06666667,9751210.666666666,48623616.0,3014382.933333333,9223782.4,40.4,77.1691,2.8,220.73333333333332,2.7158,34.12343333333333,2.933333333333333,429.6,55.06666666666667,21.266666666666666,0.08751144856926012,0.17825433292511528,0.5144998747340079,0.21063269527869452,0.004600000000000001,4.341277954592792,0.04011413100788101,0.2086212385899863,0.243801417843204,0.04630234492860423,0.0
1685228730,3.620038499597601,6.30049346354725,1.2611027608671714,16.06216739462156,0.8580358348339276,18.612885135903753,16.57265739768556,1.383253964082598,12.314498018447958,12.228756314540277,0.30043707205031617,1.0297584216632218,100031692.8,58647347.2,11935061.333333334,38814651.733333334,42550203.733333334,23386385.066666666,98238464.0,36332748.8,9741926.4,48623616.0,3127159.466666667,9269521.066666666,52.53333333333333,104.82046666666666,4.1339999999999995,322.9055333333333,4.400666666666667,49.666666666666664,4.466933333333333,556.6687000000001,70.26666666666667,31.401333333333334,0.0854663191633489,0.15978262062977286,0.6569523809523811,0.18964345254843767,0.004600000000000001,4.16265923550157,0.0391680402930403,0.1953753882424242,0.23135116115678772,0.04333602077890051,0.0
1685228760,2.608279192051458,5.5850205086598885,1.5786303415079517,10.968756230486203,0.9143099125392926,17.443200184987763,10.184657552968323,0.811945685258252,10.17788012151148,8.534645997869863,0.4582616090757696,1.2650085307945416,100052992.0,58603929.6,11955268.266666668,40067754.666666664,42550067.2,21966438.4,98238464.0,36525670.4,9979767.466666667,48623889.06666667,3032678.4,9344614.4,57.0798,97.61013333333334,4.133333333333334,305.4483666666667,4.109966666666667,51.53306666666666,4.060933333333334,555.9260666666667,71.72606666666667,28.733333333333334,0.04532652578743216,0.1104634882998154,0.4172222446670977,0.09347232134654596,0.004600000000000001,2.4868381837821407,0.022173972693972692,0.09989942194574364,0.148827911079521,0.02221238813307947,0.0
1685228790,1.5351804228798356,5.6173501140009146,1.552306423705459,8.130197694406826,0.9527645302626656,17.929860286652943,7.716798033061303,0.46411046788705496,9.65041654673365,6.433297894756363,0.541598197608262,1.3408453707960453,99868945.06666666,58624682.666666664,11818734.933333334,39118165.333333336,42549248.0,21739110.4,98238464.0,36797644.8,9692774.4,48626483.2,3014792.533333333,9292731.733333332,60.1414,97.70466666666667,3.1333333333333333,296.5267666666667,3.0739,49.53333333333333,3.066666666666667,548.6128,75.4128,28.066666666666666,0.004876846964894738,0.025319951002510388,0.05456128724252491,0.0061863015579115,0.004600000000000001,0.4030307897475996,0.004686288206357956,0.005515100396161151,0.012767676076468346,0.00476836253744202,0.0
1685228820,1.9725082494670025,5.7530566837607555,1.3825906396178984,10.415368421714005,0.8708280118803226,18.177056927489648,9.334643079283001,0.5304951897227189,10.028425751071536,7.269864204761874,0.4857269449875391,1.215302494422733,99776102.4,58590412.8,11914990.933333334,38751163.733333334,42549248.0,22814173.866666667,98238464.0,36846250.666666664,9798314.666666666,48623616.0,3065582.933333333,9381205.333333334,42.06666666666667,73.93276666666667,2.066666666666667,222.7979,1.9475,38.13333333333333,2.1333333333333333,408.8784333333333,52.545100000000005,20.7072,0.02043907060052454,0.052993730571407986,0.16475693426943439,0.04868689015253352,0.004600000000000001,1.1100689253669274,0.010727038813164511,0.037558458805514,0.05849108876860521,0.012981635571880389,0.0
1685228850,3.2740568674464026,5.503603945630215,1.1202886539282049,17.85093083441306,0.8271225831907576,18.336441567205163,14.828448057072306,1.1045676543045895,10.711157084900318,11.049717186746484,0.34196924800080825,0.9875678818338286,99858295.46666667,60480853.333333336,11830749.866666667,38986547.2,42549248.0,24909141.333333332,98273416.53333333,36999168.0,9802274.133333333,48623616.0,3096985.6,9301333.333333334,40.13333333333333,66.91216666666666,2.933333333333333,215.73333333333332,2.533333333333333,35.86666666666667,2.7333333333333334,394.3333333333333,49.13333333333333,17.3639,0.06332154303181504,0.16927859452443614,0.6987079124579124,0.17757526651280697,0.004600000000000001,3.4163423422403483,0.038316719576719574,0.15166790560937485,0.20781997069138275,0.03929302376091241,0.0
1685228880,3.7511222959810246,5.800963798799058,1.1444214238874078,21.10552500818829,0.8924962031976222,18.334168523327147,17.39425500617442,1.3696512707520572,12.74361577515884,12.143390721240445,0.2769096329492619,0.958527967478337,99948544.0,58597649.06666667,11884407.466666667,38780928.0,42549248.0,25796061.866666667,98320384.0,36807065.6,10045030.4,48623616.0,3096576.0,9293824.0,34.86666666666667,62.93333333333333,1.9333333333333333,183.93333333333334,2.2,34.733333333333334,2.2,345.2943666666667,43.4,19.533333333333335,0.0831444665638449,0.20921707587563484,0.7437518037518038,0.2127012249393982,0.004600000000000001,4.240431439022983,0.04259089276736335,0.2084489318545533,0.23285692392587798,0.044580686843480134,0.0
1685228910,3.0800468154381173,5.8904137752844825,1.1788744195020593,19.495936438157255,0.8618213037696686,17.49072145863567,18.132466969021788,1.4262906335599985,12.839983842514455,12.35193436085677,0.27878752863126355,0.9478775297098154,99982813.86666666,58547677.86666667,11881676.8,38556467.2,42549248.0,25465105.066666666,98339225.6,36656059.733333334,9999701.333333334,48623616.0,3031586.1333333333,9071547.733333332,39.669666666666664,57.69226666666667,2.7341333333333333,207.88406666666666,3.067466666666667,33.6,2.8008,370.1372666666667,49.640499999999996,19.47876666666667,0.08447977478793343,0.19776341193845529,0.6468720042238721,0.2135255251512688,0.004613132279050087,4.25736546306649,0.04223581822123811,0.21000185059717252,0.23399319702914634,0.04608393397482858,0.0
1685228940,3.6055454161469433,6.318486068643722,1.1910472696344394,19.4685208315385,0.8467213984381582,17.636060542417795,17.995399854890383,1.9037348445618751,11.59380045773359,12.619792831797481,0.2626531953121136,0.920999957502384,99905945.6,58563106.13333333,11839351.466666667,38352759.46666667,42549248.0,25669495.466666665,98344960.0,37001352.53333333,9861529.6,48623616.0,3065719.466666667,9284130.133333333,35.77056666666667,64.59056666666667,2.3333333333333335,222.80023333333332,2.3333333333333335,37.39666666666667,2.3333333333333335,375.3333333333333,47.733333333333334,20.2485,0.08372841441213649,0.22010890939769584,0.7458766233766236,0.2105443916400029,0.004648032370995521,4.288049213117953,0.044530922593488384,0.20618572335349178,0.2433984897688239,0.04691220720506384,0.0
1685228970,3.782934048525936,6.998908077080155,1.102103053270341,20.74293502144672,0.8790270710425544,17.495211426198896,17.261171328168295,1.8161705680395552,11.842289594480356,13.324128019208281,0.2834502907102888,0.8571062741912422,99821568.0,58888738.13333333,12005102.933333334,39697066.666666664,42549248.0,24900130.133333333,98347690.66666667,37279880.53333333,9764044.8,48623616.0,3126476.8,9418752.0,32.13333333333333,57.02493333333334,2.8,212.06666666666666,2.6,34.266666666666666,2.533333333333333,334.26666666666665,46.333333333333336,19.715566666666668,0.08358047423848794,0.2003713030367719,0.5942360761775656,0.20954002550230405,0.004635649857032951,4.319683098935864,0.043507300654151336,0.20420098105221104,0.23924471015272583,0.05024775402858344,0.0
1685229000,2.9563262114364273,6.346110818103414,1.066133483634836,20.84247394508341,0.8326731693975037,18.681800101170165,16.068605061268233,1.4647871561166348,11.650084126189617,12.113580651532299,0.27030785682767794,0.8833146400415063,99900074.66666667,58821563.733333334,12005102.933333334,38463897.6,42549248.0,26247168.0,98387968.0,37425971.2,10109747.2,48623616.0,3014656.0,9324953.6,36.666666666666664,61.46666666666667,2.2666666666666666,176.06666666666666,2.4070666666666667,30.466666666666665,2.2,345.3333333333333,49.8,19.933333333333334,0.08715362933138113,0.1721844258412142,0.4865802230409833,0.20899516728102918,0.004600000000000001,4.449280167092971,0.04064832910038019,0.20573573142007143,0.22937940921271893,0.056468376750556756,0.0
1685229030,2.6441894059070132,6.380667183994217,1.1870042370528653,17.738977238433417,0.8353965461513773,18.13287857892685,15.19723730157292,2.3004627562472835,10.789256559320386,11.440915480386403,0.3151762316476629,1.0038475791232082,99952230.4,58647893.333333336,12048520.533333333,38278075.733333334,42549248.0,23775232.0,98414592.0,37022924.8,10040661.333333334,48623616.0,3012061.8666666667,9315123.2,53.81903333333333,100.78999999999999,6.278333333333333,292.8005,6.2931,53.33976666666667,5.9385,558.9292666666666,69.89796666666666,34.45116666666667,0.08519582604976055,0.1727686641875355,0.45358267104794453,0.19771587920718764,0.004600000000000001,4.392340095413705,0.026034523809523806,0.19637263338188402,0.22041481269013968,0.04597484404299066,0.0
1685229060,2.1525532630322184,6.6283593862752515,1.7527602010239884,11.427930952009683,0.97129913513252,19.30511436522845,10.132238680376478,0.8745392173379353,11.06593288610192,9.039772322584513,0.48802175764409955,1.3243797646952775,99977352.53333333,58662912.0,11682884.266666668,40569241.6,42549248.0,22021870.933333334,98414592.0,37457510.4,9855795.2,48624571.733333334,3065173.3333333335,9246583.466666667,55.7936,104.80876666666667,3.7508333333333335,295.5459333333334,3.6175,49.06666666666667,3.5508333333333337,575.4437333333334,72.2,26.137333333333334,0.050817298661752094,0.07975515817136575,0.26632213868003346,0.10576661782349375,0.004600000000000001,2.9647456921489455,0.012842413393227971,0.1014074663332603,0.1331430807762298,0.02248771727986642,0.0
1685229090,1.6380160824946481,6.509922708379937,1.6829476489107549,7.983530810813909,0.95474242025414,18.789928229082836,8.031068258770413,0.47589214898355586,10.305072911881664,6.489570303659426,0.5476203958471333,1.446294285233367,99818291.2,58616354.13333333,12025036.8,40064750.93333333,42549248.0,21908002.133333333,98414592.0,37459148.8,9862758.4,48624708.266666666,3049062.4,9446195.2,57.2173,103.01729999999999,4.085566666666667,311.7060666666667,4.0189,48.46666666666667,4.0189,583.7892333333333,74.6332,27.973333333333336,0.004890708169082059,0.008633944065964872,0.05281230035415569,0.005177535788642338,0.004600000000000001,0.3100738413449557,0.004694404748751993,0.005187423072032905,0.010237242503071814,0.004749255833511921,0.0
1685229120,1.9467223252832442,5.4386979573787775,1.47916453572137,9.796545708155056,0.8933655094163035,17.34655338310962,9.483758027954348,0.45963726599163784,10.065956963167588,7.47653416232168,0.48177906599751796,1.1994059437635873,99786342.4,58577305.6,11875123.2,38955690.666666664,42549248.0,22854451.2,98417049.6,37971421.86666667,10116027.733333332,48639180.8,3012471.466666667,9201254.4,44.862700000000004,53.53863333333334,1.2662666666666667,210.57893333333334,1.4666666666666666,31.266666666666666,1.3996,360.2406333333333,52.32616666666667,17.327566666666666,0.017322461983906474,0.09329433805930074,0.17483734073255358,0.04006842797418235,0.004600000000000001,1.1107403350111267,0.00986199833221255,0.041441289164585116,0.06968240611906912,0.011368021183845967,0.0
1685229150,2.25864472112292,6.610366898322293,1.0311980412890056,15.737217184099277,0.8461195817650344,18.358354550698266,14.525643546890786,0.9471177417476697,11.150014508786606,11.41227962717365,0.32618882062105814,0.9796295962971567,99925333.33333333,58670284.8,11809587.2,38582954.666666664,42549248.0,25359701.333333332,98438075.73333333,37611520.0,9913139.2,48623616.0,3012881.066666667,9321130.666666666,42.80296666666666,55.60456666666666,2.2643,190.53119999999998,2.2526,32.79813333333333,2.2188666666666665,351.0353666666667,49.59276666666666,17.685133333333333,0.06227828320830895,0.1386604211590701,0.44924497863247864,0.15790896750060476,0.004600000000000001,3.194311404537157,0.03611069023569024,0.14562341184649583,0.2049942719576764,0.039194865961304406,0.0
1685229180,2.366114556996417,6.516867514207612,1.0447488025331506,17.24035236238062,0.8644541300142603,17.821668039758027,17.809141960771694,2.0207151626347275,11.088947389348588,13.726425371006293,0.281607035443461,0.9123481586547616,100055722.66666667,59870685.86666667,11993634.133333333,38544452.266666666,42549248.0,26311748.266666666,98507161.6,37913258.666666664,9950412.8,48623616.0,3056981.3333333335,9332326.4,38.292833333333334,79.00606666666665,2.7996,221.46133333333333,2.733633333333333,36.66076666666667,2.5326666666666666,380.01113333333336,52.4623,21.758466666666667,0.08871416323464186,0.14981407739144686,0.4758712089338034,0.20084239557978412,0.004600000000000001,4.232445612063526,0.042812282135076256,0.20146554358284474,0.23435237752777877,0.04677915731836515,0.0
1685229210,3.310884950217866,5.883500689387488,1.0869095599934622,17.47346420744214,0.8691254124178737,18.14164915454068,17.178678595788483,1.6425788116329838,9.838406201316028,12.753199594278788,0.2836953850215718,0.8996956906204236,100081664.0,58673698.13333333,11750468.266666668,38293230.93333333,42549248.0,25498419.2,98524910.93333334,38018798.93333333,10078754.133333333,48624981.333333336,3132211.2,9264059.733333332,42.93816666666667,61.69976666666666,1.4666666666666666,214.88556666666668,1.5333333333333334,38.40036666666666,1.5333333333333334,378.6193,47.8719,17.831366666666668,0.09044046792988715,0.14530615273103636,0.4744906324064606,0.20430686089146236,0.004600000000000001,4.338532618802437,0.04310531126482213,0.20769936225978666,0.22875952677525418,0.046795759886415246,0.0
1685229240,3.390850767423612,5.7770342364351155,0.959798442789148,18.64742585689238,0.8430778123467598,18.610700900645764,17.782868369574512,1.4781537790897814,10.143886897679034,12.541591903631732,0.2818755661513819,0.9326939062295232,100000017.06666666,58587136.0,11830613.333333334,38403686.4,42549248.0,25576789.333333332,98529280.0,38774374.4,9897847.466666667,48624298.666666664,3014929.066666667,9222144.0,40.90403333333334,61.46463333333334,1.3333333333333333,202.93586666666667,1.4,34.03306666666666,1.7338666666666667,385.9393,52.5739,17.130566666666667,0.08723905728747414,0.16459814805946352,0.579674963924964,0.20354287568052296,0.004600000000000001,4.185082835380036,0.04388017209541977,0.20348589121622015,0.22545389600239363,0.04778623995284336,0.0
1685229270,2.830618483711073,5.901338665595564,1.0518993457365247,18.176952547519615,0.7841181737403554,17.920303941182212,18.620643003925213,1.4820219644671255,12.053454539527472,12.375901851832465,0.2717344509219781,0.9193461554472776,100072106.66666667,58563925.333333336,12102451.2,38408601.6,42549248.0,25507293.866666667,98532966.4,38296507.733333334,9909043.2,48869376.0,3084288.0,9332462.933333334,38.045566666666666,69.28626666666668,2.8,209.83776666666665,2.7997333333333336,31.447366666666667,3.0658666666666665,356.9614,47.1875,21.805933333333332,0.08838622830336494,0.415622798922198,1.0494074074074071,0.19483389146484567,0.004600000000000001,3.944933353324757,0.039914418914418916,0.1968203489362335,0.23677400040818897,0.048879322228936234,0.0
1685229300,3.125987291525131,4.775053951752566,1.068962829025146,17.814319248280267,0.8657416862813415,18.03985776217248,17.482329102468373,1.299377298831859,11.480739171255646,13.383845930223488,0.2634382036538588,0.8704500722249688,100055040.0,58541397.333333336,11917721.6,38300330.666666664,42549248.0,25828556.8,98621166.93333334,38217045.333333336,10284509.866666667,48657749.333333336,3026670.933333333,9324680.533333333,35.79446666666667,78.6709,3.6090999999999998,205.99646666666666,3.5424333333333333,34.91153333333333,3.4757666666666664,375.53246666666666,45.31679999999999,19.785266666666665,0.0928055922294988,0.6653245322424731,1.379438034188034,0.20189073940613925,0.004600000000000001,4.194981575350211,0.036418861231361226,0.20313396416706014,0.2539230318456054,0.046096412853890406,0.0
1685229330,3.697909791330632,4.591026895707117,1.2231719391909872,17.594138069559055,0.8655844525874394,18.41097884580989,17.10246634515861,1.4543079181087335,10.249026857974563,12.205264880060973,0.2899304889811291,0.954869933351709,99865122.13333334,58580309.333333336,11891507.2,38897117.86666667,42549248.0,23912448.0,98668544.0,38293504.0,9849378.133333333,48623616.0,3098214.4,9342020.266666668,51.782000000000004,85.42426666666667,3.8666666666666667,274.65453333333335,3.9158,45.733333333333334,3.8,496.08363333333335,62.08363333333333,24.6061,0.08630889110416971,0.42392313781824154,0.988144331302226,0.20632556999463975,0.004600000000000001,4.157643103667759,0.03367438117438118,0.20113089250222538,0.24205079774604096,0.03873533255422948,0.0
1685229360,2.407956332948097,5.48436847443377,1.5297585770323885,11.069947786983192,0.9505824244098547,18.204293338778225,11.028807935259517,0.6451182782977329,9.992121344282882,8.695949012473287,0.4801837258907852,1.32148093137658,99859797.33333333,58589593.6,11794158.933333334,40027886.93333333,42549248.0,21832908.8,98668544.0,38511274.666666664,10014993.066666666,48626892.8,3021482.6666666665,9347345.066666666,55.8,96.51466666666667,4.2,301.0059333333333,4.275333333333333,47.772133333333336,4.2016333333333336,562.6119333333334,74.76326666666667,32.06666666666667,0.046069155865906736,0.17957113556837578,0.5178670033670033,0.12111738484847984,0.004600000000000001,2.6899769016019444,0.019488699064093798,0.11594338048847916,0.15542941891676545,0.019098482289092885,0.0
1685229390,1.5705852027382408,5.085533996473931,1.5194394187704179,8.140881877839089,0.9521476270878021,17.933955393114925,7.645543439119932,0.43596978066792624,9.832105555509129,6.653350410352611,0.541396962784998,1.3043462361987472,99901166.93333334,58591095.46666667,12021486.933333334,39790455.46666667,42549248.0,21871001.6,98668544.0,38646715.733333334,9925973.333333334,48627712.0,3042372.2666666666,9156608.0,58.56223333333333,103.11156666666668,3.6009333333333333,322.4250666666667,3.6620333333333335,53.052800000000005,3.6009333333333333,578.6332666666666,76.23286666666667,29.637533333333334,0.005316977915057352,0.09802318740930542,0.08693100649350648,0.006794818723548189,0.004600000000000001,0.4929087535546518,0.004972655951566195,0.006058492260152555,0.01611979357753661,0.004749589398861457,0.0
1685229420,1.9478941102211882,5.7233006900311265,1.3500108127082389,9.353957245056472,0.9182001312544725,17.612441278820505,9.12164718806153,0.47035114973442976,9.90306023167511,8.048639045087416,0.4700680466966313,1.283058114471267,99960832.0,58630144.0,12091938.133333333,40453188.266666666,42549248.0,24078199.466666665,98668544.0,38695594.666666664,9959560.533333333,48625664.0,3067904.0,9246856.533333333,47.19733333333333,67.7959,1.9328,223.18326666666664,2.1333333333333333,37.849000000000004,1.8,371.8087,47.7438,19.333066666666664,0.01993453852271727,0.1540352609743116,0.3197403221778222,0.04959884816816887,0.004600000000000001,1.353826857741945,0.008791235435475327,0.04041212789944096,0.07714276457391571,0.01064759447452421,0.0
1685229450,2.539480205388265,5.884991653730449,1.1831901317810114,14.936359874088703,0.8304548636271378,18.214991295630554,15.363781050771117,0.966847698336473,11.666106573610346,11.339539236914595,0.3332416896179663,1.0211214340921735,100045346.13333334,58602564.266666666,11920179.2,38694912.0,42549248.0,25146572.8,98668544.0,39401472.0,10019635.2,48636723.2,3040597.3333333335,9448789.333333334,36.47423333333334,56.9539,2.4194666666666667,175.30630000000002,2.505733333333333,32.785133333333334,2.354833333333333,373.5704333333333,55.074666666666666,22.173466666666666,0.07334137729947726,0.3019995222508818,0.9645833333333337,0.16013380986873457,0.004600000000000001,3.6330004267088745,0.031264656862745106,0.16442241281183,0.22313496512266556,0.03264376462742637,0.0
1685229480,2.675982315529239,6.4063861060051,1.1275422240547142,17.67782714181977,0.8802849504073876,17.93788160017981,17.69650772341079,1.3730913767918815,10.796758072911254,12.575643342258415,0.28678112452939686,0.9659576757898386,100048896.0,58951680.0,11698585.6,38541175.46666667,42549248.0,25851357.866666667,98668544.0,38928930.13333333,10345130.666666666,48640000.0,3151462.4,9337241.6,41.6,72.74206666666667,2.5420666666666665,216.86666666666667,2.4754,36.1955,2.3420666666666667,407.46666666666664,51.93333333333333,21.214533333333335,0.08587722554460582,0.2263743059963349,0.8465753968253968,0.20190500242596324,0.004600000000000001,4.272289639750906,0.042637042411994036,0.20567669298288363,0.2405102225291899,0.04619320452952793,0.0
1685229510,3.209408815973229,6.5750304971343265,1.0881384731616375,17.826458577384532,0.8700365807574345,18.31594703305184,17.074540444669264,1.6937939415774301,11.050204722157757,12.564007431633657,0.2905775996298695,0.9819094143285524,100049032.53333333,58931882.666666664,11808768.0,38312891.733333334,42549248.0,24800870.4,98668544.0,39083212.8,10045849.6,49361305.6,3099170.1333333333,9206715.733333332,44.0,59.3702,2.3333333333333335,200.4,2.3333333333333335,33.52976666666667,2.2,379.93333333333334,49.266666666666666,17.977233333333334,0.08114388614568475,0.18733738464567665,0.48418155594583706,0.20279059645449077,0.004600000000000001,4.288590981121657,0.039940989565989564,0.20554737643898732,0.22593939198900667,0.04708686864954807,0.0
1685229540,2.724472535368208,6.571258664595233,1.1819013043369944,17.761865593245602,0.8544741551705949,17.2159762648359,17.74253564682712,1.583131083953774,12.23033444518368,13.316863168583211,0.27981201781681675,0.9708488866414079,100095590.4,58567065.6,12074052.266666668,38272068.266666666,42549248.0,25040213.333333332,98668544.0,39206912.0,10219793.066666666,48640000.0,3031040.0,9244262.4,46.666666666666664,73.63856666666668,4.0757666666666665,217.7303,3.5424333333333333,40.4,3.4757666666666664,409.6256666666667,55.46666666666667,23.502966666666666,0.07926191787090674,0.1856650365518518,0.4899099799275494,0.20076422200321037,0.004600000000000001,4.176570065692112,0.04415120897620897,0.20417635435665205,0.22654540258688385,0.0477622515762929,0.0
1685229570,2.607682314759243,6.733134266673479,1.1744989612455754,17.80897490088987,0.8763991012687959,18.21806296246806,19.04748719626133,1.3219087331161417,11.68792458772091,13.4115423239608,0.28485677807653487,0.9443606745079757,100161945.6,58719436.8,11938338.133333333,38237798.4,42549248.0,25236275.2,98676736.0,39318596.266666666,9976627.2,48640000.0,3016294.4,9337241.6,38.5516,63.6466,2.1333333333333333,221.97726666666668,1.9405666666666666,31.735733333333332,1.9333333333333333,371.822,52.5434,18.468,0.08050253706193035,0.17539341037638312,0.48521890458410216,0.20194220604663063,0.004600000000000001,4.038459895208374,0.045306471038707885,0.20202173441494262,0.23090006032096563,0.047301807626393334,0.0
1685229600,2.6854831881867005,7.015445727333354,1.1676713063873643,18.966387802364856,0.8472459193414147,17.779212789439736,19.185352708175685,1.1997412951325106,10.441374880018861,12.989760342054044,0.293448132042222,0.9427137315325371,100067601.06666666,58759031.46666667,11773405.866666667,37973333.333333336,42549248.0,25195315.2,98680832.0,39182199.46666667,9878732.8,48690517.333333336,3018752.0,9604300.8,34.177033333333334,60.111599999999996,3.1319,199.59923333333333,2.933333333333333,31.61593333333333,2.933333333333333,361.0163,54.567,21.147233333333336,0.08017562021778737,0.1688032586276741,0.4835614722828205,0.20674136263706364,0.004600000000000001,4.1247555017502116,0.034891928210678214,0.20274149536217567,0.22795069474374427,0.04745335773844401,0.0
1685229630,2.715085917283374,5.960032568287231,1.225057197768569,18.314315560890627,0.8905483599541978,18.191397603244045,16.942413366938712,1.1311046684175239,10.378856278633249,11.08099538984702,0.3212261584689555,0.9989402180183327,100009301.33333333,60882534.4,11990084.266666668,38057301.333333336,42549248.0,23630233.6,98680832.0,39026278.4,9946862.933333334,48640546.13333333,3138218.6666666665,9384755.2,51.3936,88.36303333333333,4.667766666666666,267.5349,4.8011,47.333333333333336,4.8011,546.8677666666666,67.26666666666667,27.824666666666666,0.07603870707150921,0.14022670264057066,0.4801712036712037,0.20055940595910027,0.0046302677911019595,4.173223660901494,0.03914467592592593,0.19675586332618028,0.2180714789090167,0.04527080211286962,0.0
1685229660,2.0958299304968486,6.0380123438744535,1.669739226573941,11.371978556969417,0.9834420474166686,18.598266068244406,10.579295352964904,0.7263723083426152,9.502929394198468,7.4361491839869025,0.46937118934277094,1.2397579851569271,100034560.0,58642978.13333333,12016571.733333332,39377305.6,42549248.0,22170419.2,98680832.0,39093862.4,9879552.0,48642321.06666667,3060258.1333333333,9462033.066666666,59.266666666666666,105.79166666666667,3.533333333333333,326.5760333333334,3.466666666666667,52.733333333333334,3.533333333333333,576.1441,73.81076666666667,29.4,0.043943752386871586,0.08192036393843607,0.40282731944129,0.11031676706543,0.004632537493081624,2.878432148378965,0.02469674526862027,0.11224608107603189,0.14031204454339571,0.02361684997506265,0.0
1685229690,1.5874265745447746,5.406640847397972,1.617075986022836,8.407281456526096,0.899997713540183,18.5464208915261,7.833923230756952,0.4628882262669017,9.965823655602494,6.4078499542865295,0.5429100415652727,1.3780750769307735,100061184.0,58597376.0,11878263.466666667,38492842.666666664,42549248.0,22212061.866666667,98680832.0,39414442.666666664,9784661.333333334,48640819.2,3056298.6666666665,9212723.2,57.8,95.6027,3.6,315.53333333333336,3.533333333333333,49.8,3.533333333333333,545.9241333333333,69.13333333333334,27.92976666666667,0.005119422726989439,0.012949099438383176,0.05924732224714435,0.005613057236601991,0.004605900432900433,0.3005197278962667,0.004981858522027735,0.005253444523114937,0.01108883650838214,0.004776454454138,0.0
1685229720,5.518123786413886,5.891765080322342,1.459375326714448,9.430672382253046,0.9130407558959714,18.299853853516144,9.15935553890228,0.5888751449633582,10.63026971300683,7.024211994713459,0.5019764575528861,1.2230245553361578,101454643.2,58623590.4,11857373.866666667,38221414.4,42549248.0,23778372.266666666,98688477.86666666,39350272.0,10010350.933333334,48641501.86666667,3088657.066666667,9342976.0,36.16276666666667,59.826033333333335,1.8666666666666667,193.97936666666666,1.9333333333333333,32.266666666666666,2.0,374.78616666666665,39.9195,15.976133333333333,0.023794862254309303,0.09120888236243196,0.19494136840550677,0.049595282093710065,0.004600000000000001,1.285832011245341,0.010561580040282981,0.04147869631621231,0.08607670856528167,0.012422445268572611,0.0
1685229750,43.83387824093031,5.131364287447129,0.9495568768870694,15.32058662061296,0.8255440695831535,18.008840970968947,15.55408144857292,1.0742314543799185,11.788742447614336,10.35446987454993,0.31220677413140663,0.9855032049965058,104711236.26666667,58637789.86666667,11813956.266666668,37864789.333333336,42549248.0,25880712.533333335,98709777.06666666,39628800.0,10153574.4,49125512.53333333,3044010.6666666665,9459302.4,29.333333333333332,56.9382,2.8,172.77043333333333,2.680833333333333,29.133333333333333,2.6666666666666665,319.7914333333334,43.591433333333335,19.733333333333334,0.08020507457935296,0.21046415723689085,0.5855762987012987,0.18963583878293944,0.004600000000000001,4.140869478735199,0.033387774725274724,0.1875218482098692,0.2292398919525586,0.043251575394107844,0.0
1685229780,91.88014323816327,5.772869659976348,1.0721245415862541,16.938749897554985,0.849188813624836,17.558205803786077,18.457724929316374,1.7118392058289977,10.728766783406378,11.574022659825117,0.2599445589087749,0.8375667913480179,104709324.8,58684757.333333336,11951308.8,38264832.0,42549248.0,26475724.8,98738176.0,39712358.4,10224025.6,48640000.0,3022301.8666666667,9470361.6,31.7994,63.98753333333333,2.4,176.39336666666668,2.2737333333333334,30.392033333333334,2.4004,330.6924333333333,45.181133333333335,18.376133333333332,0.11749680145767544,0.2220765453956493,0.8146500544662308,0.22511918612948956,0.004600000000000001,4.70112763589245,0.048411940374440375,0.23053117057699826,0.2544195679007071,0.06597335611729145,0.0
1685229810,90.5690350544978,5.412271168923163,0.9742273480643003,15.68036668314235,0.8545485921857684,17.729551237251773,17.536722403323264,1.613042805834281,9.950784362516185,12.17907825383749,0.256423659482392,0.847357558775812,104642150.4,58613213.86666667,11838259.2,38336375.46666667,42549248.0,25935872.0,98782685.86666666,39870054.4,9738103.466666667,48640000.0,3056298.6666666665,9334237.866666667,32.529133333333334,50.67166666666667,2.4624666666666664,176.94226666666665,2.1410666666666667,31.188966666666666,2.2,323.695,41.518633333333334,17.797900000000002,0.12914740884540493,0.2704809320663922,0.8925663126361656,0.22847628288050015,0.004600000000000001,4.724665206805199,0.0483333672345114,0.22922154187037655,0.2719751378536022,0.07049499437504186,0.0
1685229840,94.94926450926195,5.154023791976054,0.9500112851574838,16.43428405223888,0.8541065224194383,16.85009058773816,17.447315193279266,1.4082450092224783,9.859359071904048,11.346875947721736,0.24610825341439824,0.835047870902503,104644608.0,58633830.4,12024900.266666668,37916125.86666667,42549248.0,26322807.466666665,98940518.4,39857629.86666667,9812923.733333332,48690517.333333336,3040324.2666666666,9268428.8,32.638866666666665,60.65436666666667,2.6666666666666665,207.9479,2.466666666666667,28.2,2.6666666666666665,313.70349999999996,39.6504,18.4,0.11342281141658164,0.5037433102720239,1.0702933057280886,0.23332671471655955,0.004600000000000001,4.747639583430024,0.045838552979671404,0.22630490483499197,0.32656942878639017,0.058796635254047325,0.0
1685229870,93.0114609480108,5.616687288633257,1.0297028832243023,17.819810422381504,0.8061481259068562,17.0805185712427,17.093088878265178,1.7230837571707518,10.670067587776886,11.259311455093812,0.2602044509279563,0.8540601606298728,104864699.73333333,58732544.0,11999232.0,37867929.6,42549248.0,26210577.066666666,99006737.06666666,39971908.266666666,9968298.666666666,48730931.2,3070361.6,9401958.4,34.373066666666666,62.128433333333334,1.8492333333333333,198.97813333333335,1.8492333333333333,29.033333333333335,1.8492333333333333,327.78430000000003,41.37813333333334,16.1226,0.12685640816607296,0.3518175951505467,0.9889592955353826,0.23595855361140575,0.004600000000000001,4.805299488495526,0.04529237472766885,0.2326781718476914,0.3286654110412419,0.07118268360875377,0.0
1685229900,95.79010359661316,5.369465075833608,1.1636945774413412,16.869802423321808,0.8270652890042538,17.51678851380419,17.107793214356647,1.7252637367422177,10.372763530902713,12.298052548498724,0.263448792846512,0.8630240347633127,104898560.0,58725034.666666664,11829111.466666667,37856870.4,42549248.0,26735001.6,99011788.8,40123187.2,10149888.0,48653107.2,3069405.8666666667,9413017.6,37.7934,63.29306666666666,2.2,186.1617,2.1989666666666663,32.45556666666667,2.2666666666666666,308.5109,39.0924,17.6647,0.14921260289777077,0.21275801010435502,0.795152874172611,0.2408059686913914,0.004600000000000001,4.787650675057778,0.044436711287078934,0.2345708261365496,0.27531477628146245,0.07801730215098586,0.0
1685229930,92.47211023010318,5.787670835313617,1.0988362854786762,17.87673107218983,0.8572507890493061,17.943721038560607,17.134684495799082,1.2336578794395092,10.326734618658895,10.70935733606857,0.28948335048368634,0.9467977511109018,105049019.73333333,58675200.0,11934378.666666666,38837179.733333334,42549248.0,25379225.6,99016704.0,40182306.13333333,10251468.8,48640546.13333333,3149960.533333333,9482376.533333333,55.46543333333333,85.23253333333334,3.533333333333333,280.0619,3.466666666666667,48.666666666666664,3.466666666666667,498.2459,65.97923333333333,25.782233333333334,0.12480685684669406,0.22370802544929744,0.8386438746438747,0.2507325246950057,0.004600000000000001,4.748868130907423,0.04010618686868687,0.2264124123120764,0.27172193669723194,0.06668614326650713,0.0
1685229960,96.62296979804793,5.482195955246587,1.3290945975318267,10.756365359792868,0.8858085938976298,18.8208797375407,10.7429767543853,0.5784368806059302,10.270210978000367,8.282125090321655,0.4609862387989315,1.216656344661901,104906342.4,58660454.4,11757158.4,39127449.6,42549248.0,22071705.6,99016704.0,40321979.733333334,10061004.8,48641092.266666666,3142314.6666666665,9299285.333333334,58.17106666666667,99.98039999999999,4.950833333333334,311.41766666666666,4.617500000000001,51.7763,4.684166666666667,565.9857333333333,72.81739999999999,31.351333333333333,0.053872359884215966,0.14877545959790034,0.5287154882154884,0.16188925885556454,0.004600000000000001,3.718211795928555,0.019482482102791097,0.12951556479988585,0.18182511116890984,0.029762737915305305,0.0
1685229990,98.20249472331706,6.038945909432368,1.397899889946223,8.754252662655112,0.9458943021144218,18.30216543351719,8.46980651891877,0.46565505903954135,10.355579027825366,6.643942183055988,0.5392716073460561,1.3179585860539256,104349286.4,58611712.0,11773132.8,39339076.266666666,42549248.0,22339857.066666666,99016704.0,40462745.6,9695368.533333333,48640000.0,3138218.6666666665,9376017.066666666,47.58623333333333,75.45146666666666,1.3333333333333333,227.24673333333334,1.5333333333333334,39.475966666666665,1.8089333333333333,396.5511666666667,54.06666666666667,19.214566666666666,0.008562636922841307,0.02151283005093204,0.08371668717560933,0.018013411022203562,0.004600000000000001,0.3882287344945621,0.005124379166807557,0.017401971663972,0.02957370040056515,0.005230770201904346,0.0
1685230020,96.90249066420928,6.679401378439599,1.16506744530207,13.441467061365419,0.8183842830096808,18.293969583129435,13.66744383312947,0.8711486913258213,11.018759861462998,10.075692664390107,0.4009276302355108,1.012546992960171,104614161.06666666,58734865.06666667,11978478.933333334,39147520.0,42549248.0,25907609.6,99021619.2,40418508.8,9929932.8,48640000.0,3051110.4,9465582.933333334,40.666666666666664,62.666666666666664,2.1333333333333333,182.86666666666667,2.2,32.53333333333333,2.2666666666666666,346.46666666666664,47.2,15.933333333333334,0.07866674659687867,0.13569191259080388,0.5542006003256005,0.17543439694099144,0.004600000000000001,3.7857650729486796,0.022622793040293045,0.17897574029706517,0.21559705041742755,0.033968046825921284,0.0
1685230050,91.18321353718629,5.902359668746968,1.0027911743129254,18.595374074809477,0.8399572371828463,17.444953482543223,17.799745600301826,1.3488042121291606,10.539033601789784,12.560561737019308,0.2675262417849427,0.8558376708799802,104780595.2,58691584.0,11945028.266666668,38568209.06666667,42562218.666666664,25555763.2,99024896.0,40689527.46666667,9993966.933333334,48640682.666666664,3078280.533333333,9308979.2,39.930166666666665,65.49849999999999,1.9502,192.22186666666667,2.145166666666667,34.442933333333336,1.8843333333333334,339.0860666666667,46.18813333333333,17.94943333333333,0.1349430688225908,0.20726886507573916,0.848077488439381,0.22900990837271443,0.004600000000000001,4.641088244429288,0.043454807692307695,0.23044300598566933,0.3423973692914606,0.052779277978398924,0.0
1685230080,97.03264145963004,5.513250494742863,1.1517442440658234,18.580453531154795,0.8520737723317674,17.082039165443405,17.601298352867268,1.7163133958629024,11.356905810607163,11.494343398947828,0.2706510844565394,0.9043148563633526,105566208.0,58657996.8,11732309.333333334,38336512.0,42568362.666666664,26084829.866666667,99037047.46666667,40766259.2,10050218.666666666,48641911.46666667,3049745.066666667,9327957.333333334,35.93333333333333,64.21606666666666,3.569,184.708,3.569,31.2,3.6864,336.1124,49.93333333333333,22.0471,0.13142358986222585,0.21567712431090844,0.862435458326263,0.23567187822194618,0.004600000000000001,4.735821481257929,0.04701120571035432,0.2313166917946629,0.3561009366037491,0.05671637690309226,0.0
1685230110,94.80430479512924,5.280929756766403,1.1630740691712538,16.96423809628689,0.8475936080338493,17.890845290533584,16.173606516573873,1.573106546323371,11.169465652601888,10.768934063778545,0.2600385648546485,0.8965538170974353,105831082.66666667,58663594.666666664,12007150.933333334,38250769.06666667,42553344.0,26442137.6,99076232.53333333,41607850.666666664,9986457.6,48640000.0,3106816.0,9313348.266666668,35.06666666666667,51.49763333333333,1.2,184.73333333333332,1.2,25.866666666666667,1.0666666666666667,313.81176666666664,39.666666666666664,16.712666666666667,0.13813792076981618,0.22139438197896608,0.8165288825484428,0.2348973970564274,0.004600000000000001,4.7669700764169995,0.047153642685144236,0.22831175026036174,0.3016298918687505,0.06274220890927378,0.0
1685230140,93.97231364507016,5.506469768266001,0.9205428180041849,18.957728647982876,0.8194377278659501,18.05393236466193,17.019102215215977,1.7206646567494928,11.121662530761444,10.929803994088473,0.25254243457407277,0.8593973481937446,105703833.6,58548770.13333333,11991722.666666666,38100582.4,42553344.0,26133026.133333333,99082240.0,36266530.13333333,10629120.0,48640000.0,3010560.0,9473774.933333334,38.2,60.959133333333334,1.3333333333333333,190.15516666666664,1.3333333333333333,30.4,1.0666666666666667,331.6666666666667,38.333333333333336,15.869499999999999,0.12275273467387296,0.22663936067721718,0.8083408489658489,0.23150966528592892,0.004600000000000001,4.7464999752513535,0.054629995331465925,0.22793187954689328,0.3102650330113298,0.06776525619643858,0.0
1685230170,92.62960103555129,5.2933860186793655,0.9580267841065747,17.074160735787597,0.8119555981975641,17.47748155753935,17.780174361432337,1.3811364039035081,10.313636663481255,10.495335434782396,0.24397168911847902,0.833779459567568,105981815.46666667,58630144.0,12099584.0,38367778.13333333,42553344.0,25359155.2,99084151.46666667,35800678.4,10193305.6,48713591.46666667,3005098.6666666665,9438822.4,33.4676,51.142266666666664,1.9333333333333333,204.1191333333333,2.0,24.137066666666666,1.8666666666666667,301.171,35.10433333333334,17.163566666666668,0.10760575815747145,0.2258763097876119,1.0039263468013468,0.2343478203538471,0.004600000000000001,4.743814550966395,0.06589219576719577,0.2307557130420953,0.3196624913236293,0.0691165112023547,0.0
1685230200,94.18424987839445,6.036568103087264,1.011256984419788,17.651336202340328,0.8575230343559619,17.704355251675924,17.767191651824685,1.3612994987805718,9.48869249519786,11.23394108635566,0.26651767909888513,0.8865878798181497,105933482.66666667,58699229.86666667,11981619.2,38471406.93333333,42553344.0,25969459.2,99086336.0,35979673.6,10031650.133333333,48640000.0,3069815.466666667,9321267.2,30.459799999999998,47.515,2.2,178.37776666666664,1.9333333333333333,29.333333333333332,2.1333333333333333,332.6666666666667,44.733333333333334,18.629,0.12228781877072842,0.21928955162556837,0.8903872414350356,0.2391330541111635,0.004600000000000001,4.7628953954547155,0.06256031746031747,0.23144573350122818,0.3177052437806997,0.07578855371129593,0.0
1685230230,95.92267377521118,6.463169813266529,1.1215614770273123,16.726929052164248,0.8578109384839493,17.66767545151046,16.219861276604732,1.374347392475408,10.378579224688009,12.331703042603854,0.30040568620856145,0.9289014214024804,105897984.0,58688580.266666666,12116650.666666666,38626645.333333336,42553344.0,25124454.4,99086336.0,35730227.2,10029738.666666666,48645188.266666666,3040324.2666666666,9211494.4,52.539833333333334,86.18166666666666,3.3333333333333335,273.48063333333334,3.2666666666666666,46.9275,3.4,520.1486,63.281933333333335,29.497166666666665,0.09780129265986388,0.20512691707624267,0.7461059047949529,0.24315392848743625,0.004600000000000001,4.694726931074998,0.04551584939026116,0.2257660462503694,0.3326008854942562,0.06421976881181571,0.0
1685230260,99.02459609098429,6.775765800265575,1.516082320002425,10.75139859321803,0.9436844456339846,18.248283457822296,10.785428052383253,0.7553269700206655,10.228579045771664,8.569652015637944,0.47670257818739953,1.3101041626778198,105569211.73333333,58791799.46666667,11769719.466666667,38908177.06666667,42553344.0,21834137.6,99086336.0,35439274.666666664,9988096.0,48645597.86666667,3134122.6666666665,9467494.4,58.46666666666667,93.12423333333332,3.3615333333333335,317.3272333333333,3.3161,48.81396666666667,3.2948666666666666,532.1893,68.8,27.0714,0.05637234015198658,0.11771222986834919,0.43585669191919213,0.16445874320908355,0.004600000000000001,3.595871319399094,0.02228175372652356,0.14483129984629362,0.1944168334988623,0.03024790047260673,0.0
1685230290,96.75217095734858,7.117845495299051,1.4870815024965975,9.111743848515914,0.930180369642684,18.927831359619695,8.170367574054973,0.5113874257536873,10.295674185341557,6.833437459972951,0.5520005757856268,1.375033499230237,105087385.6,58747289.6,11851366.4,38421572.266666666,42553344.0,23041092.266666666,99086336.0,35756305.06666667,9936349.866666667,48640000.0,3106952.533333333,9407965.866666667,43.733333333333334,80.69460000000001,3.8666666666666667,239.79059999999998,3.9275,39.2,3.8,439.6834666666667,56.733333333333334,23.866666666666667,0.010071780807378342,0.024268670960640882,0.06843682909688793,0.01885667094976765,0.004600000000000001,0.446790745031352,0.004859360440583453,0.01834652111078951,0.03364852609362019,0.006309735915301612,0.0
1685230320,97.10728698973115,6.592731967138312,1.362164809730347,13.523652168079014,0.8729617027162608,18.226486133158804,13.934204365862216,1.0455527845211254,10.325203411442185,9.612005528340443,0.40250884529942665,1.0895520101470901,105128755.2,58753706.666666664,12022852.266666668,38235204.266666666,42553344.0,24887978.666666668,99086336.0,35948953.6,9984546.133333333,48640000.0,3056025.6,9176678.4,34.20783333333333,56.76316666666666,1.6666666666666667,192.6618,1.7333333333333334,30.0043,1.8666666666666667,308.36283333333336,41.8102,15.697233333333335,0.06527311173792495,0.15121972820010937,0.5053333333333335,0.17835772041537182,0.004600000000000001,3.526675211598096,0.03183240740740742,0.16372292265931498,0.2002507669757735,0.03962856669910942,0.0
1685230350,92.050332626752,6.634781887105965,0.9463329619816108,18.119055149977463,0.8537092000989192,17.380396001689725,17.282420132508037,1.537175886027552,9.886697910151323,11.939874812478559,0.2599465350163183,0.8517077108383244,105192789.33333333,58691447.46666667,11723707.733333332,38203392.0,42553344.0,24874325.333333332,99086336.0,36010120.53333333,9933346.133333333,48660889.6,3067904.0,9275938.133333333,34.53333333333333,64.761,2.066666666666667,194.93333333333334,2.1275,30.740166666666667,1.8666666666666667,339.5338,41.4,17.723000000000003,0.09447110647644781,0.2148209145958878,0.7883864746364746,0.23551661975728694,0.004600000000000001,4.588542659884171,0.04456356143856144,0.2239270547189051,0.292456786128641,0.07006255790173885,0.0
1685230380,94.44231086253754,5.080701327420111,0.9487599312223317,18.910208754603016,0.8797933425820398,17.61502342486784,18.159447956719816,1.5220236035269847,9.762079928253959,11.628409122280909,0.25209958363163876,0.8964864339933221,105624371.2,58698820.266666666,12006604.8,38315076.266666666,42554436.266666666,25407897.6,99087428.26666667,35659229.86666667,9800362.666666666,48640000.0,3109273.6,9332736.0,33.6769,66.79086666666667,2.066666666666667,191.2884,1.8,30.58566666666667,1.7333333333333334,330.4717,37.86476666666667,18.018833333333337,0.09721210215484871,0.2506637643825148,0.8579107836607837,0.23642845847233573,0.004600000000000001,4.720056925444031,0.037296690577940585,0.22926788867749937,0.3655069067321512,0.06686556675477304,0.0
1685230410,94.71915262778089,4.52416769077825,0.9695398085527849,18.402000843981227,0.7849199395664087,18.131354614394457,17.4859068122682,1.3890420701955086,10.544511564534291,12.216264177748036,0.2395774845977992,0.8083437387650623,106302259.2,58720256.0,12169489.066666666,38329002.666666664,42554026.666666664,26375509.333333332,99110092.8,35852561.06666667,10090769.066666666,48640000.0,3095483.7333333334,9509000.533333333,37.26466666666667,49.06506666666667,2.1995999999999998,190.05276666666666,1.9333333333333333,31.9181,2.0,325.3554666666667,42.33253333333334,16.132533333333335,0.11408798837309402,0.399986645262917,0.9450244276420746,0.23388629844806502,0.004600000000000001,4.800333282642881,0.03996611721611722,0.22908012834040098,0.3816342393162307,0.05568599206973727,0.0
1685230440,93.38983919593096,5.2257339805596565,0.9310833160629284,17.522948606272596,0.8263128869953518,17.79911557699828,16.929576872013364,1.1759893320085166,10.020645880177035,12.159422941392515,0.2404543868599383,0.8328532535699016,105951914.66666667,58621269.333333336,12235571.2,38431402.666666664,42553344.0,25607782.4,99202389.33333333,35625779.2,9646899.2,48640000.0,3099852.8,9320038.4,36.19273333333333,61.98826666666666,1.3994666666666666,179.14346666666668,1.4666666666666666,29.318166666666666,1.4666666666666666,359.1795333333333,47.052,15.282833333333334,0.12293017809411041,0.46395584309819704,1.112985347985348,0.23111189504252788,0.004600000000000001,4.839688655746162,0.03724106518481519,0.23078817402738203,0.3502713102549527,0.047263896794195986,0.0
1685230470,95.52655739421921,5.780764701709445,0.847106246019658,18.16592455069149,0.8064834154848455,18.08732923282128,16.64683272442859,1.1981217105431738,10.209387072653266,11.207685918960815,0.24646394746624084,0.8237425604465369,105525794.13333334,58668646.4,11984759.466666667,39099869.86666667,42553344.0,25734621.866666667,99228330.66666667,35655680.0,9773738.666666666,48655291.733333334,3001002.6666666665,9391308.8,33.666666666666664,60.0,2.933333333333333,188.13333333333333,2.8666666666666667,30.180233333333334,3.3333333333333335,317.1578666666667,41.06666666666667,21.266666666666666,0.10383252434742994,0.29582639508861613,0.8730098790098791,0.23747660234148507,0.004610140845070423,4.830670102260781,0.04174740028490029,0.23479421676437698,0.27152580346295185,0.05198244276194979,0.0
1685230500,97.13440805998964,6.218938743688,1.0431882349290007,18.350895934008502,0.8407940140135108,17.67223728383899,18.37800816247952,1.4232975962507128,10.861778213601584,10.560759469051598,0.25750998997693797,0.8896205481417749,105043285.33333333,58656904.53333333,11883451.733333332,38644394.666666664,42557440.0,25438208.0,99233792.0,36085760.0,10133230.933333334,48640000.0,3010560.0,9578769.066666666,32.326566666666665,49.58636666666666,2.0,186.6,1.8666666666666667,30.8476,2.2666666666666666,338.34420000000006,41.79636666666667,16.466666666666665,0.12112171223877126,0.285809352994908,0.8174013895461264,0.2394067905332263,0.004707794253150775,4.805470070572298,0.049014548524088,0.2330131440200824,0.3416116053952826,0.06572930500033229,0.0
1685230530,96.44836981638245,5.481163724085727,1.0608421166675763,17.74412864358238,0.8366746584597231,17.60782866100825,15.878233069214826,1.168842814976668,10.147468724475836,10.314681864056201,0.28025069850020773,0.8981477157280348,105003963.73333333,58655539.2,11696128.0,38403413.333333336,42557440.0,23457655.466666665,99258777.6,35991961.6,9980313.6,48641092.266666666,3006737.066666667,9248494.933333334,56.6,87.59453333333333,3.408933333333333,299.42676666666665,3.682666666666667,49.2,3.6758666666666664,495.61783333333335,62.13333333333333,25.187833333333334,0.1344970714807274,0.37205166675013124,0.8450722835242961,0.23344425007486508,0.004683765669393012,4.69289175962627,0.0450369708994709,0.2216162079466327,0.3309154085536527,0.056510771278951565,0.0
1685230560,99.07155092581446,5.785095482533957,1.418125902276261,11.533500004412357,0.9252954485909046,17.650761853235288,10.231222642664722,0.7324388978469963,10.449642768471541,7.735779630085075,0.4624879044550541,1.163298425708796,104764484.26666667,58670421.333333336,11835938.133333333,41097079.46666667,42557440.0,21654323.2,99270656.0,35931613.86666667,9791624.533333333,48641638.4,3007829.3333333335,9302835.2,59.4,96.22686666666667,3.609266666666667,309.5611333333334,3.4829999999999997,51.68063333333334,3.4759333333333333,541.8728666666667,72.2,29.471233333333334,0.06447010656772116,0.16832503033740545,0.48712336459836475,0.15813556074049087,0.004600000000000001,3.5734749000260795,0.023381931818181823,0.14273584228521213,0.17454128310218003,0.027777248786912023,0.0
1685230590,99.2591874379158,5.601997522083271,1.420223338370929,8.536268162221527,0.8813490979228009,18.425871303190714,8.198953203063088,0.4416169417498677,10.087623834364672,6.645370486041583,0.5244651261999776,1.3319478387941037,105504631.46666667,58646528.0,11954995.2,38925107.2,42557440.0,22652791.466666665,99270656.0,35823069.86666667,9847057.066666666,48642457.6,3084834.1333333333,9187191.466666667,41.6567,71.4,1.8666666666666667,233.70643333333334,1.6,35.266666666666666,1.8019333333333334,414.68993333333333,58.5643,17.133333333333333,0.008991078508525468,0.04713666839382269,0.07730656565656566,0.015880273308069286,0.004600000000000001,0.6026165542111863,0.004828499464296108,0.01620459419811639,0.03439773131458052,0.006072031163233522,0.0
1685230620,95.39992893790101,4.841047152899273,1.015380744958106,12.634137084267651,0.7698033106852861,18.046607499388152,13.816386844695204,0.9902498264604931,10.28562351447982,8.879417062015158,0.35719709383567577,1.0089003642112586,105938124.8,58598877.86666667,11924957.866666667,38531891.2,42557440.0,26574848.0,99273250.13333334,36790408.53333333,10447940.266666668,48640000.0,3094801.066666667,9461896.533333333,31.466666666666665,60.154133333333334,2.7333333333333334,170.86666666666667,2.533333333333333,26.933333333333334,2.533333333333333,300.6666666666667,40.733333333333334,15.0428,0.0755757539314738,0.2322484148636291,0.5902531565656568,0.1649753337615388,0.004600000000000001,3.982612221460386,0.0235809987725689,0.17195016077462583,0.22832175522754156,0.03792574132781149,0.0
1685230650,97.1701723427762,4.965035010127782,0.9082760750419483,17.43026132452771,0.8035491312018713,17.49302115425631,16.072089537564157,1.9256676104925838,10.970298986527512,10.838023451704883,0.2440957833425573,0.7757333862268122,106076023.46666667,58642432.0,11975065.6,38263603.2,42557440.0,26252902.4,99279940.26666667,35903214.93333333,10940006.4,48640000.0,3036910.933333333,9404142.933333334,33.39476666666666,50.9847,2.3333333333333335,168.70649999999998,2.3333333333333335,30.843466666666664,2.1333333333333333,325.70093333333335,44.5255,16.881066666666666,0.11110448229156002,0.31798269643738397,0.9116452241715399,0.23339442670831176,0.004600000000000001,4.914480418545998,0.04802878787878788,0.23028797103356352,0.3408079478742218,0.07694043330980802,0.0
1685230680,93.3926486391945,5.163581956725033,1.0525087462311138,17.860242452801735,0.8165668391798998,18.235860701858527,15.82340341155782,1.764087475061011,11.228397339459303,11.07578602863786,0.2593693994527007,0.8419689462122754,106095547.73333333,58676974.93333333,11966054.4,38281489.06666667,42557440.0,26893789.866666667,99282944.0,35648170.666666664,10461593.6,49537024.0,3064081.066666667,9375744.0,41.6,51.589333333333336,2.4756,175.13333333333333,2.6756,32.266666666666666,2.542266666666667,316.59523333333334,41.4,17.849766666666667,0.12892569099472168,0.2376966582169002,0.8625409878863828,0.23569834365795775,0.004600000000000001,4.89011437886047,0.04723654003267974,0.22972661396502636,0.283283140748163,0.07817997742017528,0.0
1685230710,94.98238968887017,5.336069731925594,1.0023590913608627,18.348960460280953,0.8469371106334455,18.315361013941917,16.231911077478475,1.5178688652941796,10.89925299381399,10.850541524803418,0.2537417509684495,0.8478504695311613,106196855.46666667,58704554.666666664,11979434.666666666,38355626.666666664,42557440.0,26734318.933333334,99291955.2,35854336.0,10957755.733333332,48712499.2,3091660.8,9149098.666666666,36.812,55.34226666666667,1.1333333333333333,186.9196,1.0666666666666667,32.80826666666667,1.2756,345.2615666666667,40.498133333333335,16.469666666666665,0.1192117468418826,0.22450959462864892,0.824650054466231,0.2352001276566495,0.004600000000000001,4.815768604495137,0.04740547949642378,0.22974753288657979,0.25583581879692663,0.07464054816005791,0.0
1685230740,94.5247303063561,5.901276832972442,1.0025238400487366,18.00323986903087,0.8324538672657321,17.858042909981684,16.727482758146976,1.725923528809395,10.383338408362487,10.969348674155007,0.2629305165092309,0.8335788979780112,106196445.86666666,58711517.86666667,11958545.066666666,38593604.266666666,42557440.0,27685956.266666666,99367321.6,35788390.4,10215697.066666666,49143808.0,3078553.6,9480601.6,38.12646666666667,57.852833333333336,3.6089333333333333,192.15540000000001,3.1422666666666665,31.2,3.3512,323.9152666666667,43.09276666666666,19.991699999999998,0.13134763848636047,0.22530119428212553,0.8775612233197373,0.23665306057117297,0.004600000000000001,4.769217837519579,0.043304594017094016,0.23247027614639315,0.31912309150953194,0.07589736306654728,0.0
1685230770,96.01311738902801,5.528789393493453,1.103550782492524,17.538120337321583,0.8405246681654579,17.345109940387644,17.1486132060831,1.6295941637180944,11.009483834669405,10.276548740011952,0.25949708001060423,0.857732751334103,105943040.0,58712064.0,11777365.333333334,38649856.0,43442176.0,26249625.6,99291136.0,35680392.53333333,9996424.533333333,49825792.0,3068996.2666666666,9285495.466666667,34.86666666666667,51.41943333333334,2.8666666666666667,186.68326666666664,2.9874333333333336,32.666666666666664,2.6666666666666665,324.00870000000003,43.5942,17.291999999999998,0.11454624836999039,0.295917120165505,0.9628243075007781,0.24000690021643428,0.004600000000000001,4.82652790240392,0.034522922679172674,0.23836532013422604,0.31583850380836953,0.07314650686805275,0.0
1685230800,96.9055044569723,5.409511516783488,1.098415688885891,16.392333119263633,0.8520658405892497,18.09595939258776,16.874369829123204,1.7447771092265407,11.225666461913224,10.587278624792258,0.25931795806312696,0.9174826883682958,106067421.86666666,58737732.266666666,11715242.666666666,38435498.666666664,42631168.0,25835246.933333334,99291409.06666666,35589870.93333333,10065237.333333334,48640000.0,3065582.933333333,9370828.8,32.733333333333334,63.559133333333335,2.3333333333333335,178.6,2.2,28.533333333333335,3.0,333.2,39.6,16.4792,0.10430176282550817,0.30101531174520585,0.9884047619047619,0.23118539173900463,0.004600000000000001,4.766726789062713,0.04638887593887594,0.23622950063913847,0.2935050079256682,0.06410739244526759,0.0
1685230830,92.25333288889773,5.611071037466135,1.180457464920607,16.599395305603515,0.8659222908359513,17.590085131384235,17.460573523001365,1.3590147361075826,11.266187750534707,11.213954903529718,0.281136427669813,0.9949706013470777,106097322.66666667,58697181.86666667,11771221.333333334,38907494.4,42557440.0,23792571.733333334,99295232.0,36064187.733333334,9941811.2,48640000.0,3043601.066666667,9390489.6,47.88016666666667,90.41336666666666,3.933333333333333,279.86786666666666,4.1883333333333335,43.93333333333333,4.0,512.5273,64.26063333333333,28.563333333333333,0.10883375405576405,0.2984134302965539,0.8805845543345544,0.21809795777920715,0.004600000000000001,4.582588465130438,0.05851329365079365,0.22197937942498155,0.3156818025511187,0.051704463112479164,0.0
1685230860,95.76311425116474,5.58394121365161,1.4922307719074561,11.262415334447605,0.9233345550804579,18.044301435465318,10.829559030119153,0.6094598165553023,10.538617157777564,8.064562590870711,0.4643626106785644,1.2063809613356813,105955601.06666666,58685576.53333333,11872529.066666666,42118348.8,42557440.0,22025147.733333334,99295232.0,35651584.0,9861393.066666666,48656247.46666667,3183001.6,9269248.0,62.5254,104.10386666666666,3.3333333333333335,326.1477666666667,3.4,55.0,3.4,589.5381,76.59046666666667,29.330166666666667,0.06103711086786818,0.1469327457259699,0.5132828282828287,0.1295697233292984,0.004600000000000001,3.4959468450831817,0.031161709956709974,0.1425046447665163,0.18522258627372715,0.02795444840461041,0.0
1685230890,97.11404001611362,6.389425703643901,1.3726279554881733,9.30612240629104,0.8746023242552343,18.618600642491835,8.330102982866402,0.419681347408771,10.74827388631986,6.701657410137196,0.5678283255662356,1.3482433994237923,105603618.13333334,58719709.86666667,12164437.333333334,40820189.86666667,42557440.0,23331635.2,99295232.0,35524471.46666667,9932800.0,48641501.86666667,3084424.533333333,9399227.733333332,42.776666666666664,68.45309999999999,1.8669333333333333,247.87346666666664,1.9336,40.46346666666667,2.0002666666666666,428.1000666666667,54.9662,19.5287,0.008278271826386983,0.020679322712088187,0.07538158214446876,0.0143685850364714,0.004600000000000001,0.44513680924303445,0.005481647785214324,0.013702422629011467,0.03338322677153472,0.0063323828085651585,0.0
1685230920,97.40161703050323,5.850549633852212,1.0415727671637085,13.948271947885509,0.8430195133864742,17.12309171488564,12.386353191294372,1.1502268062339687,10.707674028414878,10.130853986358408,0.38007075815460306,1.0514810851983045,105652633.6,58700185.6,11919360.0,38821068.8,42655744.0,25876889.6,99295232.0,35814468.266666666,10228804.266666668,48640000.0,3076096.0,9488247.466666667,42.94853333333333,65.01,2.8666666666666667,202.929,2.7333333333333334,33.85313333333333,2.8,350.9307,44.86403333333333,21.794833333333333,0.07188276671571206,0.17095917795050825,0.5255024050024051,0.1547477490717951,0.004600000000000001,3.671103704272095,0.01898267385995647,0.15733286001015306,0.2043502583918594,0.044989546605447156,0.0
1685230950,94.61572561097931,6.11743035756289,0.9709048101321315,17.321231169687465,0.8152177110485643,17.69251753578342,17.710797023025503,1.5733259396467953,10.977399406237465,11.739943650010591,0.25203921644036015,0.8508309135852259,104878080.0,58778419.2,11932876.8,38741606.4,42590208.0,27204266.666666668,99327180.8,36159488.0,9896482.133333333,48640000.0,3044966.4,9528661.333333334,32.31173333333333,61.9605,2.6,183.61623333333333,2.4608333333333334,30.666666666666668,2.666,306.64733333333334,42.71033333333333,17.466666666666665,0.1091177877552145,0.23168729473033878,0.8412849495991911,0.22475835680233364,0.004600000000000001,4.703083356352512,0.03671770186335403,0.2240394145552356,0.2701709397762762,0.07532965016027274,0.0
1685230980,95.47711590210025,5.521249934494723,0.9348825925949337,15.851079451542809,0.7898033097384167,17.914752027915753,18.34913256866155,0.9029217868537006,10.624999914823146,11.98903630606393,0.2563844034682466,0.8575769170595634,104952627.2,58811733.333333336,12204032.0,39481207.46666667,42557440.0,25741038.933333334,99353941.33333333,35850786.13333333,10062233.6,48667033.6,3035409.066666667,9684855.466666667,32.39946666666667,57.90586666666666,2.2666666666666666,180.93243333333334,2.2603999999999997,28.39173333333333,2.4,331.25690000000003,46.00716666666666,19.6,0.10074271127545233,0.21794382835500478,0.7792129281537176,0.2320990439487156,0.004600000000000001,4.822064907157253,0.041443193448708164,0.22887908736980603,0.2966021144825739,0.0682011397627323,0.0
1685231010,94.75126913142311,6.186661986706584,1.0433833630137437,17.25341746227105,0.8013829574517365,17.96768652593596,18.8510090256521,1.2534305422942142,10.897408568468794,11.410086637789382,0.25911301874203596,0.8844044763365881,105037824.0,58816921.6,11855052.8,38738193.06666667,42557440.0,25779950.933333334,99383022.93333334,35838771.2,10031240.533333333,48662528.0,3001275.7333333334,9458892.8,31.7789,55.06143333333333,1.8666666666666667,171.64739999999998,1.8666666666666667,26.67233333333333,2.066666666666667,311.25873333333334,38.1254,18.066166666666668,0.09955074311947333,0.21461300418979037,0.7197168387168387,0.23288924695329488,0.004600000000000001,4.767709106674305,0.04443357214680744,0.2259526385942022,0.2576222944343265,0.07070595321346927,0.0
1685231040,94.53131358818426,6.5077232468450195,0.9986001274139064,16.120302000111206,0.8213314711318953,18.157533938806733,17.30469186018232,1.2209043947749019,10.251518872530504,12.050892671515404,0.2543859641720931,0.815558710215108,105029085.86666666,58885734.4,12009745.066666666,38625689.6,42557440.0,26441318.4,99393536.0,35900347.733333334,9885149.866666667,48644778.666666664,3001002.6666666665,9503948.8,37.333333333333336,62.186366666666665,1.5333333333333334,156.33333333333334,1.4666666666666666,33.86163333333334,1.6666666666666667,345.06666666666666,39.06666666666667,16.102333333333334,0.10552637216010306,0.21017824942622168,0.8091271202925615,0.23221475090517593,0.004600000000000001,4.794952300433276,0.04561643854511501,0.2269121370345472,0.24086153105289132,0.0698709210617666,0.0
1685231070,94.05393763562387,6.2623316804758336,0.9708473079038141,17.14445167970763,0.7889872929967822,18.10528734391951,16.684023345095618,1.2392599797175903,10.587282131643255,11.540134301264612,0.2532900535505816,0.8301080282822934,105058986.66666667,58945945.6,11803033.6,38490112.0,42557440.0,25731481.6,99393536.0,35764770.13333333,9733324.8,48672631.46666667,2996633.6,9445512.533333333,34.2,62.765366666666665,2.8,175.4472,2.6666666666666665,29.951133333333335,2.5522,319.0177333333333,43.0,18.2833,0.10342397764369708,0.21229977202910552,0.7706456043956044,0.23035210643666928,0.004600000000000001,4.816687137953062,0.038460052910052916,0.22945037477381108,0.2426658245915957,0.06292917297317673,0.0
1685231100,96.57240103398267,5.7502373119079575,0.9388231857551365,18.57830502508197,0.8070256909575271,17.755973104413474,17.789107343990135,1.1908117903389759,10.578435700378188,11.556899400201944,0.2629719477787725,0.8457814519500034,105730048.0,58752204.8,11912533.333333334,38793216.0,42557440.0,25934643.2,99393536.0,35608985.6,9939217.066666666,48650922.666666664,3006190.933333333,9490022.4,37.733333333333334,59.55283333333333,1.4,189.33333333333334,1.5333333333333334,30.793666666666663,1.7333333333333334,328.6679666666667,43.733333333333334,17.224466666666668,0.1053765935528899,0.2309740738652174,0.6923095238095237,0.23274412517795584,0.004600000000000001,4.730514907490059,0.032549783549783544,0.2284227959210413,0.28016443146575487,0.059703256798177805,0.0
1685231130,93.39145161984946,5.6789157656693785,0.9727224657667558,17.637858173337417,0.8717500862063633,18.27167180658901,16.536233547447576,0.7852747747166017,10.19030769935107,11.72431493979658,0.2892244799753358,0.9366721749788413,105555148.8,58680661.333333336,11825561.6,38804684.8,42557440.0,23666278.4,99396676.26666667,35908676.266666666,9793399.466666667,48644096.0,3103129.6,9337787.733333332,54.44866666666667,87.56043333333334,4.8,294.9752,4.733333333333333,48.6,4.8,529.9125666666666,69.91256666666666,31.404666666666667,0.1096819014082525,0.22145162086003528,0.6878093434343434,0.2286662349515742,0.004600000000000001,4.622426702046128,0.037110912698412706,0.22037577003391548,0.29742482269688825,0.04787745335301068,0.0
1685231160,96.48637510561223,6.66341641022937,1.5727608522511984,11.864505940278129,0.9341620880148337,18.075963051794577,10.880073094005756,0.4579345947942998,10.085803141640655,8.089505517788789,0.47527716984607754,1.3060300863008958,105442645.33333333,58763127.46666667,12016298.666666666,40931054.93333333,42557440.0,22030745.6,99397632.0,35912499.2,9994513.066666666,48655974.4,3185049.6,9666560.0,59.96103333333333,100.25743333333334,3.066666666666667,338.0944666666667,3.3333333333333335,52.86666666666667,3.3333333333333335,587.4549000000001,74.18823333333333,29.718166666666665,0.06682668833675716,0.12697444304978073,0.41195049019607843,0.13081787438258638,0.004600000000000001,3.534890435154456,0.020764178932178936,0.13977139856493537,0.17601924949949724,0.024988117613153886,0.0
1685231190,97.06676377401332,6.033064994625391,1.461867934643667,9.550391184463201,0.8766885554384539,18.45490115870748,9.060425239983823,0.48356001647540336,10.141308594999355,7.560593135601989,0.5559452546504265,1.3066741561087745,105297783.46666667,58738278.4,11924138.666666666,40491144.53333333,42557440.0,23915997.866666667,99397632.0,36079889.06666667,10147840.0,48702805.333333336,3022848.0,9304064.0,39.4,70.4897,2.0,205.6,2.066666666666667,35.9112,2.0,377.73333333333335,48.13333333333333,19.82446666666667,0.01810196753256648,0.04356942498597165,0.1493108919060007,0.037075155850219595,0.004600000000000001,0.9061482652262154,0.006122819258484039,0.037032250571735405,0.05392600674181769,0.01004860001612182,0.0
1685231220,96.24724146646642,5.727933385945446,1.0818531155237616,14.734470246441047,0.7954519779023091,17.367132840594316,13.463648146989048,1.4102131273748801,10.37964493079875,10.637121452229614,0.34243020524804063,1.0287383339150378,105419707.73333333,58738278.4,11818461.866666667,38806186.666666664,42557440.0,25742404.266666666,99399953.06666666,35833582.93333333,9723904.0,48646553.6,3089885.8666666667,9287680.0,33.2,66.72486666666667,2.2666666666666666,197.75813333333332,2.1333333333333333,28.866666666666667,2.2666666666666666,336.1594333333333,40.72463333333334,18.061933333333332,0.08366164672690321,0.18208599528524264,0.7567578415736311,0.19212181007979412,0.004600000000000001,4.179820586524245,0.03602102272727272,0.19024609153651076,0.2148160353840933,0.04612020819925178,0.0
1685231250,95.4225090868538,5.816980489252587,0.9590853102818634,18.415218499858973,0.8042822228229943,17.471834276638866,16.776652402480074,1.947613125776557,10.824107870694904,11.780798741252644,0.2407092907406798,0.8683026531053809,105481284.26666667,58815829.333333336,12289092.266666668,38359859.2,42557440.0,26545766.4,99401728.0,36064733.86666667,10227848.533333333,48649011.2,3139447.466666667,9482649.6,33.2299,56.605333333333334,1.6666666666666667,174.68213333333333,1.6666666666666667,31.6,1.9359666666666666,322.56786666666665,41.36523333333333,14.487933333333332,0.09773308239190771,0.23155290984780022,0.9349426250078424,0.23421407211051007,0.004600000000000001,4.754467197526661,0.057123015873015874,0.22975525799488913,0.24619365764028245,0.07030206091346128,0.0
1685231280,93.98442130208903,6.087499879680168,1.0883551907501248,18.083776318744988,0.8305345929280323,17.149853244999274,17.41441878349898,1.6879945755657382,11.423765501037565,10.973829116674663,0.2579667616176399,0.8681445110443271,105363046.4,58873582.93333333,11931238.4,38647808.0,42557440.0,26400768.0,99450197.33333333,35991005.86666667,10563857.066666666,48672768.0,3143680.0,9327138.133333333,38.239066666666666,48.956,2.1333333333333333,168.49656666666667,2.3333333333333335,34.86666666666667,2.466666666666667,330.7941,40.652833333333334,17.506233333333334,0.09580753559442576,0.22614869015145672,0.8421490819439905,0.23429472183163647,0.004600000000000001,4.80672367946247,0.04627014652014652,0.23489907688722628,0.2671293340987016,0.06677854463113465,0.0
1685231310,95.7644032729818,5.345955149179567,1.046473416293777,16.657413482688167,0.8412518941709031,17.56297064963442,17.552065180557875,1.498433364555803,10.641276136533698,11.286734399923802,0.2500305744599822,0.8424635084828614,105271296.0,58803950.93333333,11934378.666666666,38580224.0,42557440.0,26632601.6,99458252.8,35654314.666666664,10085853.866666667,48685056.0,3099306.6666666665,9374378.666666666,33.3826,54.94636666666667,1.8666666666666667,171.9528,1.8739,27.866666666666667,1.6,328.0,43.4,19.29436666666667,0.09637899956183799,0.21930274308600312,0.8117763233498528,0.23426039088571798,0.004600000000000001,4.8201788259736595,0.03766564084064084,0.23256427199669316,0.31716497956592365,0.060547951250966174,0.0
1685231340,93.47100644446171,4.7441731087780585,1.0707733948186435,16.512131787759582,0.8234328389659062,18.06163354380585,17.321703130762423,1.5756935486005947,9.710845989622062,11.245150557837034,0.2479407767168054,0.8209857996555812,105331507.2,58753433.6,11847543.466666667,38368460.8,42557440.0,25587029.333333332,99461256.53333333,35586867.2,10017314.133333333,48685056.0,3140812.8,9404142.933333334,32.29763333333333,64.5305,3.2005333333333335,184.83356666666666,3.407233333333333,27.602833333333333,3.0,331.66880000000003,41.84616666666667,18.180999999999997,0.09798018489874148,0.23050955230196735,0.8383430735930736,0.23431374998083096,0.004600000000000001,4.769863147780118,0.039394238909525287,0.2260102597485126,0.298070020772963,0.06650984676508928,0.0
1685231370,96.05972172786086,4.671777746633322,1.1239398988819709,16.83568175222378,0.8690213221871416,17.543670635950765,17.995867646711204,1.80103672430157,9.439681726012719,11.738963237877964,0.2593844872083434,0.9099455516941836,105239074.13333334,58748245.333333336,12017800.533333333,38652450.13333333,42557440.0,26166886.4,99466854.4,36535637.333333336,9955054.933333334,48707584.0,3009877.3333333335,9340791.466666667,30.460266666666666,58.31483333333333,2.2087333333333334,180.58926666666667,2.1420666666666666,31.4747,2.2087333333333334,332.47540000000004,42.2,17.08403333333333,0.11323222535525429,0.26704094985454396,0.8281868686868687,0.22892811433365826,0.004600000000000001,4.740840771849873,0.04515838862648073,0.22701881195883894,0.3133910761340196,0.06165311381257278,0.0
1685231400,95.08716973411303,4.853839742941445,1.0280373170445685,17.01918774341415,0.8607561147864777,18.08687929091374,17.187533496812495,1.755275361434652,9.998156452208345,11.259582417116395,0.26571809642924654,0.9110728602797623,105066222.93333334,58753843.2,11989265.066666666,38393856.0,42557440.0,26133299.2,99530615.46666667,36018585.6,9833676.8,48688059.733333334,3021482.6666666665,9396224.0,30.636366666666667,61.17483333333333,2.533333333333333,197.4912,2.3940333333333332,25.79866666666667,2.6666666666666665,336.93843333333336,41.0051,17.317833333333333,0.12050460966329682,0.330990579448635,1.032721500721501,0.231011858470586,0.004600000000000001,4.7920815709131155,0.05302650821400822,0.23050206897935455,0.3176486611835294,0.054209634557109164,0.0
1685231430,95.71227591950135,5.352803562798269,1.0356322860675968,16.2461902632373,0.8368907610516464,18.10422502096201,14.71042350428238,1.7794663392368417,9.651435473908164,10.865632622955498,0.270687101398838,0.8938484857166116,105045196.8,58780330.666666664,12006058.666666666,38380202.666666664,42557440.0,23344059.733333334,99592874.66666667,36346402.13333333,9781248.0,48757828.266666666,3020936.533333333,9304473.6,52.051966666666665,87.69546666666666,2.6666666666666665,284.7660666666667,3.0608333333333335,47.333333333333336,2.933333333333333,496.8666666666667,62.86666666666667,24.95133333333333,0.10376318350954533,0.3792222347990926,1.0544246031746034,0.22156391444037424,0.004600000000000001,4.718329261484937,0.04589583333333334,0.22384777754215007,0.32527474638391546,0.04870801659233167,0.0
1685231460,98.12049643084517,6.4702667281881805,1.2210236283169573,10.690126991591864,0.816652710059363,18.422651632632952,11.113227711913042,0.9120786663814661,10.396730361777767,8.344171608112832,0.48007200402549627,1.1512779716464756,104962048.0,58855150.93333333,12116787.2,40242653.86666667,42557440.0,21763140.266666666,99598336.0,35978990.93333333,9989870.933333334,48687377.06666667,3028036.2666666666,9466538.666666666,62.733333333333334,110.8415,5.533333333333333,336.4,5.5404,57.363733333333336,5.4,624.1106666666667,82.06666666666666,33.73996666666667,0.05604895759209079,0.15433031130092603,0.543213383838384,0.1319291876511562,0.004600000000000001,3.5766070023240872,0.022610615079365085,0.14193041558413508,0.19042979538253682,0.02501482887996304,0.0
1685231490,98.89513822006492,6.219703461383531,1.5939455544125751,9.75939025023404,0.9561942287675921,18.358026285322754,8.794738797746183,0.5540363452729221,10.885922444536407,7.285540810091798,0.5515132311979939,1.376902020868055,104904977.06666666,58783744.0,12209629.866666667,40424379.733333334,42557440.0,23030988.8,99601885.86666666,36146653.86666667,10208324.266666668,48686967.46666667,3072000.0,9377792.0,40.4529,66.09689999999999,1.6666666666666667,209.28470000000002,1.6,34.0,1.8,362.90646666666663,51.65796666666667,16.083099999999998,0.015528322241148994,0.033223512776794355,0.11647736060236058,0.036959647322114396,0.004600000000000001,0.8496192697088908,0.006127230700234338,0.028602819911965116,0.04737672946767914,0.00911276029665137,0.0
1685231520,94.05961240019231,5.24959435678469,1.0760405355256055,15.408301563062405,0.8520327809880656,18.45977195312182,14.39058689334841,0.9693972654554244,11.372901128462106,9.58071498149175,0.363082497449828,1.046050201414815,104988672.0,58756027.733333334,12149691.733333332,38657911.46666667,42557440.0,25554261.333333332,99610077.86666666,36033877.333333336,10162995.2,48685056.0,3075822.933333333,9337514.666666666,39.666666666666664,51.1176,1.4666666666666666,179.88073333333332,1.6,30.133333333333333,1.6666666666666667,325.0235333333333,50.301966666666665,17.266666666666666,0.08213686458512762,0.18262673881189403,0.5949542124542122,0.19329395935223784,0.004600000000000001,4.205123555569917,0.029991600529100538,0.1834431616155564,0.21010804398411728,0.04254254181922602,0.0
1685231550,96.43026704867087,4.772895503220714,0.9054531396680261,18.286724578287593,0.8371058786802601,17.913064777572686,17.19493143179744,1.8640173513388518,10.68425998553001,11.153244954648123,0.24390179158445632,0.8845077383303457,105036595.2,58754389.333333336,11547989.333333334,38663782.4,42557440.0,26797124.266666666,99696913.06666666,36239633.06666667,9905220.266666668,48685056.0,3146547.2,9300241.066666666,31.197166666666664,48.9426,2.1333333333333333,170.13813333333334,2.341666666666667,28.066666666666666,2.0662666666666665,306.84436666666664,42.64436666666666,17.0428,0.13180269732169292,0.41249650122990444,1.1812454212454209,0.2285869130446386,0.004600000000000001,4.786460989348552,0.0480609894835127,0.22290796236888805,0.28455532381007254,0.059163871057624585,0.0
1685231580,94.90822632982255,4.491742191037975,1.0713445235202221,18.941676169193403,0.8425642823785798,18.021681776565053,18.377651810899625,1.3922863855413359,10.12861912193213,11.565903190319862,0.24469586397078863,0.8145371471269183,105014749.86666666,58740736.0,11979025.066666666,38114781.86666667,42557440.0,25314372.266666666,99749888.0,36215739.733333334,9889655.466666667,49366630.4,3146410.6666666665,9361544.533333333,35.23773333333334,55.72616666666667,1.8756,203.81906666666666,1.8756,30.666666666666668,1.7422666666666666,340.49899999999997,46.48116666666667,16.791999999999998,0.13336332318913405,0.4940332667880705,1.0724380518289187,0.22898274605275054,0.004600000000000001,4.7635188405803275,0.04545185753394925,0.22555001408115583,0.3638860229410347,0.05303647613639984,0.0
1685231610,93.3627977798452,5.7054536098594015,0.9586250003117051,19.347989068765898,0.8237955863870137,17.961443582073876,18.172958072518448,1.5018106711612347,11.129460325581354,10.875894073758863,0.2601901681926942,0.8907611582847281,105080695.46666667,58793984.0,11818598.4,38491204.266666666,42557440.0,26262050.133333333,99749888.0,36369066.666666664,10193032.533333333,48685056.0,3091933.8666666667,9452885.333333334,37.602,61.83793333333333,3.066666666666667,183.74863333333332,2.9486,30.12633333333333,3.066666666666667,345.62173333333334,43.6703,18.6024,0.10002120176512161,0.280936627950215,0.9423521717161507,0.23142272315280957,0.004630853772679561,4.69443516245963,0.044577322595704946,0.2291930346871708,0.30832761680087745,0.049013153919065244,0.0
1685231640,93.45110726211432,6.578744048454721,1.1278471168189397,19.436868917242165,0.8250038807053977,17.766669631511615,16.45366414237171,1.2208315941716785,12.036670040183521,10.035530665189212,0.2586966165372696,0.8867799749528353,105141589.33333333,58858973.86666667,11885499.733333332,38062080.0,42557440.0,25401070.933333334,99749888.0,36344217.6,10215424.0,48685056.0,3008921.6,9418342.4,35.52493333333334,61.06883333333334,2.6666666666666665,176.5976,2.3404000000000003,31.2,2.2666666666666666,354.50753333333336,46.90753333333334,17.230966666666667,0.10143870968835439,0.21431877061381735,0.8339175824175825,0.22828716665660556,0.004653128739468168,4.672661096554096,0.044621716464363526,0.23395641690888155,0.245319429560494,0.051782708454504854,0.0
1685231670,94.55407789627357,6.590674444765354,1.029609183353108,17.353661145443134,0.8519506887959962,17.50709936689261,16.99590130635843,1.7773781099798884,12.428255896744277,11.101869783690342,0.2562646568793966,0.7642279561850954,105190468.26666667,58908262.4,11885772.8,38192742.4,42557440.0,26304512.0,99755622.4,36578372.266666666,10099916.8,48706082.13333333,3027763.2,9268701.866666667,36.15436666666667,46.94086666666667,1.8666666666666667,182.37463333333332,1.8,29.333333333333332,2.066666666666667,334.5806333333333,39.1398,14.601066666666666,0.10583118962925166,0.21238792982162785,0.7504343417303944,0.22773273663023302,0.004619012128104596,4.729997849339029,0.04733314591862387,0.2400614275905613,0.2916000255226452,0.06112304109070751,0.0
1685231700,96.11109099511114,5.799819574208946,1.077347377629203,17.83891097984087,0.8580511092046574,17.73447155105711,17.498069856917425,1.5553192481806484,12.11659721260447,11.22142118459345,0.26285259100599856,0.8645051747762705,105189376.0,58871944.53333333,12046336.0,38319445.333333336,42557440.0,25810534.4,99758080.0,36358553.6,9899212.8,48685056.0,3145728.0,9241941.333333334,31.333333333333332,58.53823333333333,2.533333333333333,183.46593333333334,2.7333333333333334,28.266166666666667,3.066666666666667,335.98040000000003,44.580400000000004,18.279866666666667,0.12010078465844395,0.21343823645585996,0.8431976270826386,0.23149272283460362,0.004600000000000001,4.763531548873047,0.04850551337494062,0.2349355611400732,0.330594364250922,0.0744990058730609,0.0
1685231730,97.25883070877106,5.525887132766262,1.3347431667995813,18.66518502238112,0.9067256454581522,17.845053851310347,16.7104274907659,1.3496686404229241,10.532132918293824,11.862516009507546,0.293135149809989,0.8835815818670445,105189376.0,58895564.8,11863927.466666667,38944358.4,42557440.0,24507460.266666666,99758080.0,36616601.6,10072883.2,49402402.13333333,3139447.466666667,9468859.733333332,59.2,93.22676666666666,4.066666666666666,288.4506333333333,3.933333333333333,51.136266666666664,4.0845,543.4182,71.73333333333333,28.37793333333333,0.10794758119146991,0.20076858255639732,0.7710319397993312,0.22628496708922338,0.004600000000000001,4.6714327436236145,0.040016737082362086,0.2221836087574673,0.2768115917527618,0.0715726325572926,0.0
1685231760,97.0164586969222,6.208372223365568,1.5698963659752445,11.530838456459442,0.9448195016033752,18.105714948103394,11.325573131231733,0.8418432969217184,9.664092485032093,8.035198739593826,0.49020320635697234,1.225578607893112,105121109.33333333,58806135.46666667,11913625.6,40701132.8,42557440.0,21982412.8,99758080.0,36772249.6,9959970.133333333,48685056.0,3139174.4,9265152.0,61.91323333333333,107.95656666666667,3.3333333333333335,332.29363333333333,4.0,54.607533333333336,4.066666666666666,596.8431333333334,77.84313333333333,30.607599999999998,0.06042834260988353,0.12865054964124828,0.47000802383890616,0.1390009377813999,0.004600000000000001,3.5707497608823875,0.020534631564088086,0.1498591567479229,0.1770139517735159,0.02867698381270786,0.0
1685231790,97.26795821044537,5.7526224222093445,1.4609704521808993,8.576261827564084,0.9242133358192323,17.904420314333134,8.601899405668043,0.45135425103804044,10.222995411825831,6.770236045728504,0.5669442426577403,1.3441144856386154,104935424.0,58790843.733333334,11987626.666666666,38402457.6,42557440.0,23778235.733333334,99758080.0,36292608.0,9889245.866666667,48685056.0,3004279.466666667,9329868.8,45.6529,79.09726666666667,2.3515,219.01826666666665,2.218166666666667,37.610866666666666,2.2848333333333333,412.3258333333333,52.8319,22.025533333333332,0.008666849739626187,0.03235816100363168,0.12499487356381667,0.017393036268853267,0.004600000000000001,0.4934783988169581,0.006079588569686365,0.01858504435671042,0.03275120815800457,0.0056147580149362815,0.0
1685231820,95.1413069429584,5.469881426310603,1.3084342375506288,11.566450851391853,0.8871365477545324,17.891150158339617,12.114362996744433,0.5572255029540293,10.041293531280953,8.85062385368965,0.45934624497048115,1.1311956833555017,104783872.0,58791643.428571425,12007716.57142857,38598656.0,42557440.0,25621065.14285714,99758080.0,36687286.85714286,9737069.714285715,48685056.0,3006464.0,9189961.142857144,31.020214285714285,56.52292857142857,2.3419285714285714,190.30028571428574,2.071357142857143,27.857142857142858,2.3419285714285714,365.8796428571428,42.252,13.962642857142857,0.0514091680780085,0.11807007976034341,0.39166316526610656,0.12232695717864657,0.0046,3.18742625727817,0.020759438775510206,0.1449378581976352,0.17432886939943013,0.026993960783465942,0.0
