time,adservice_cpu,cartservice_cpu,checkoutservice_cpu,currencyservice_cpu,emailservice_cpu,frontend_cpu,main_cpu,paymentservice_cpu,productcatalogservice_cpu,recommendationservice_cpu,redis_cpu,shippingservice_cpu,adservice_mem,cartservice_mem,checkoutservice_mem,currencyservice_mem,emailservice_mem,frontend_mem,main_mem,paymentservice_mem,productcatalogservice_mem,recommendationservice_mem,redis_mem,shippingservice_mem,adservice_load,cartservice_load,checkoutservice_load,currencyservice_load,emailservice_load,frontend_load,paymentservice_load,productcatalogservice_load,recommendationservice_load,shippingservice_load,adservice_latency,cartservice_latency,checkoutservice_latency,currencyservice_latency,emailservice_latency,frontend_latency,paymentservice_latency,productcatalogservice_latency,recommendationservice_latency,shippingservice_latency,frontend_error
1685218050,1.5509570988953651,5.170024003540778,1.662121804569812,8.040427979629188,1.0147627521753908,17.113441471296582,8.187558477760154,0.5928099438905235,10.303883135255836,7.222127147074934,0.550083760648983,1.5237130111440076,97918735.05882353,53863363.76470588,11679141.647058824,39416530.823529415,42382516.705882356,21830957.17647059,92834394.35294117,35746032.941176474,9876901.647058824,47271936.0,3001404.2352941176,9352854.588235294,45.64705882352941,78.94117647058823,2.9411764705882355,201.88235294117646,2.588235294117647,40.8235294117647,2.823529411764706,358.0,45.64705882352941,22.11764705882353,0.013003444644421717,0.10989715889577675,0.13777490784871163,0.03367623963559413,0.0046,1.0701354256667042,0.005349858577577374,0.01774914396974815,0.049475900552056626,0.0064210346604742655,0.0
1685218080,2.3001147682716865,5.300835337760881,1.6673929983518316,14.141396663703073,0.979080208447823,18.65021486205855,13.440345197424614,1.2853101737355352,7.782351863370268,10.002866269330045,0.43432142867531326,1.2751445905890648,98095377.06666666,53896533.333333336,11907072.0,39230122.666666664,42382950.4,22207419.733333334,92850585.6,35907584.0,10031240.533333333,47440691.2,3020390.4,9391035.733333332,42.152566666666665,83.21990000000001,3.8,230.53333333333333,4.0,42.266666666666666,4.0,432.26666666666665,63.93333333333333,22.266666666666666,0.04041184662879842,0.3263849303317226,0.6594983164983166,0.09353401228047264,0.004600000000000001,2.207645298637915,0.021848873771156376,0.046591366219366354,0.1606896775844847,0.02539427291631988,0.0
1685218110,3.0686293280646115,7.823883833954063,1.651179860372059,17.47608419773102,0.8720505769452696,17.70211217225204,19.193798842136196,1.538904428231902,4.725419342165692,11.497940300371406,0.22876519617553243,1.0111879017537968,98123776.0,56102912.0,12688588.8,39132910.93333333,79485883.73333333,21721634.133333333,92902468.26666667,35828394.666666664,11463884.8,47468544.0,3411285.3333333335,10304716.8,12.266666666666667,38.6,1.1333333333333333,87.33333333333333,0.3333333333333333,32.93333333333333,0.8,143.93333333333334,13.8,6.466666666666667,0.06333900029607581,0.48370701717930653,0.7206044312392801,0.13297234745453035,0.004600000000000001,2.457230828411189,0.03626602564102564,0.06663087112343812,0.2116555455559091,0.039617330573847136,18.733333333333334
1685218140,1.7176505919738638,14.324533837997892,0.8525434699726567,9.467264828208283,1.2503654445128072,12.972964391410068,15.827426721661807,1.4681621389423198,2.5941349817981876,6.302963363534856,0.10939063603081915,0.47659390616321845,98123776.0,60054596.266666666,19100194.133333333,38146048.0,114702199.46666667,25664716.8,93323810.13333334,36052718.93333333,17449369.6,47468544.0,5689890.133333334,14665318.4,0.0,47.333333333333336,1.7333333333333334,28.666666666666668,0.0,9.6,0.0,35.53333333333333,0.0,0.0,0.06962574919992423,8.007345092616722,4.210810576795754,0.11153731537098527,0.004600000000000001,7.274928653157309,0.03841574074074074,0.05980406632326677,0.18422870470754718,0.04024639483020794,7.533333333333333
1685218170,0.69824592653876,12.633287851902288,0.4263232925801309,4.504640581955878,1.396300100477219,9.2403534345841,11.146724810785573,1.5941385975451827,2.7906940719097335,2.9639746191324425,0.15547293012942714,0.44248822907833046,98025472.0,59619737.6,20653397.333333332,38384435.2,126435328.0,26650624.0,93344426.66666667,35818018.13333333,18017757.866666667,47468544.0,5770717.866666666,16537736.533333333,25.066666666666666,78.33333333333333,2.0,132.06666666666666,1.5333333333333334,26.266666666666666,0.9333333333333333,248.86666666666667,37.4,11.8,0.1212759757006111,9.341833473375765,9.300428623369676,0.11757267485759462,0.030877884615384616,9.202701924643792,0.06988942307692309,0.11752593410331263,0.22204803388534186,0.049344800191273776,3.8666666666666667
1685218200,1.805372522675656,8.817641486177125,0.6666548494398123,12.18530904580982,0.647807138214728,13.785857760430806,14.900723285614504,1.168464565160662,8.696980675170948,8.70295899605272,0.2319958589831999,0.6562697773556125,98136883.2,55915724.8,21646131.2,39459225.6,126786491.73333333,25034752.0,93347840.0,36397875.2,18468454.4,47468544.0,5896738.133333334,17538798.933333334,37.06666666666667,59.13333333333333,2.4,184.46666666666667,2.6,36.80363333333333,2.3333333333333335,308.6,45.93333333333333,18.2,0.08946914530621265,8.108648384243489,8.515610768724168,0.1997099976246855,0.018538859649122816,8.215284618429006,0.05912168803418805,0.20630054603302048,0.23488193095275403,0.05441983992536594,0.0
1685218230,2.476738822905115,6.292927789166884,0.8970180555579859,16.135555297864908,0.7418968591874388,18.572572834341535,16.89693384444481,1.0218266549688102,11.481661054680924,10.889712905918167,0.29761235885346665,0.8232197634416452,98322841.6,56860125.86666667,22059963.733333334,39265894.4,126806698.66666667,24255283.2,93347840.0,36251648.0,18812654.933333334,47481105.06666667,5846220.8,17937203.2,62.333333333333336,97.93333333333334,3.7333333333333334,283.26666666666665,3.6,56.4,4.333333333333333,568.1333333333333,78.6,29.933333333333334,0.07233386230394018,0.9144847540007244,1.5252982464395513,0.20427697085934862,0.004731535691637753,4.538269184334246,0.03854429488760946,0.19742106645148655,0.23355001388153415,0.049850929740728425,0.0
1685218260,2.2603330548033855,5.962414049442598,1.0519237931301193,10.567662585248142,0.7624311769487504,18.511756141988503,10.731027803547697,0.7202320553538928,10.025057194618132,7.723042892053746,0.46430737056466487,1.0992988858137474,99422481.06666666,59346124.8,22115805.866666667,40786875.733333334,126824448.0,21830860.8,93347840.0,36145152.0,18694553.6,47484928.0,5906022.4,18046156.8,62.6,97.6,2.933333333333333,301.3333333333333,2.933333333333333,52.53333333333333,2.6666666666666665,570.8666666666667,76.53333333333333,28.266666666666666,0.03372264345102192,0.1559521969633889,0.4332374338624341,0.11713753613532592,0.004600000000000001,3.0952124190933734,0.0193055842007455,0.10650906199435334,0.1624781566124321,0.021402836920473452,0.0
1685218290,1.9327638908155849,6.662931657734902,1.141186504932967,8.284632940607848,0.7767504629664618,18.764488096938557,7.611437743705208,0.4289066475028206,10.1751483946426,6.441228700875693,0.5198101440930853,1.1763609768585879,99576627.2,59446886.4,22219298.133333333,42095684.266666666,126834278.4,21821849.6,93347840.0,35943219.2,18929527.466666665,47484928.0,5862331.733333333,17927099.733333334,55.266666666666666,95.86666666666666,3.8666666666666667,277.8666666666667,3.8666666666666667,49.666666666666664,4.133333333333334,546.4,72.26666666666667,28.733333333333334,0.004858772789298591,0.01201203996224679,0.07651122093439926,0.0050189161063209226,0.004600000000000001,0.2620862736890703,0.0048212239572346105,0.005076857141329341,0.010479267844836528,0.004705418553720645,0.0
1685218320,1.9834290579222327,5.955375135626773,1.2042073646156555,10.36793270788924,0.7976707912837109,18.831515251485886,9.520884402443565,0.6040633561468238,10.198249114259154,8.251187966402233,0.44146996371766883,1.1531458984604606,99436817.06666666,59371520.0,22298214.4,39900501.333333336,126838237.86666666,23904529.066666666,93347840.0,35891063.46666667,18884608.0,47486976.0,5872844.8,17930922.666666668,42.59206666666667,65.78836666666668,2.6,209.26666666666668,2.6,37.048199999999994,2.8666666666666667,396.46666666666664,54.733333333333334,19.139833333333335,0.022448702531444285,0.050479736036112964,0.1871400029708853,0.04036551880925547,0.004600000000000001,1.0305199997002827,0.007692364095635104,0.04467864160905918,0.06948388210457465,0.012469989532572397,0.0
1685218350,2.982118782395089,6.580752493710582,1.1090984500888732,17.368341215949766,0.733062617702681,17.342701820307944,15.922764883038484,1.1955578611716866,12.45603401514282,11.784690666514154,0.2990383471447681,0.9426741219308717,99712477.86666666,59426952.53333333,22138880.0,39867869.86666667,126844245.33333333,24771652.266666666,93347840.0,36374528.0,19004074.666666668,47489024.0,5903155.2,18102954.666666668,38.333333333333336,74.46666666666667,2.933333333333333,214.2,2.8,32.93333333333333,3.2666666666666666,393.26666666666665,49.266666666666666,20.866666666666667,0.07441524245422401,0.13752013403545843,0.45883249660572767,0.15095647829390346,0.004600000000000001,2.946851032302567,0.026184833916083918,0.16423297055965902,0.20181321292424134,0.036397387734478336,0.0
1685218380,2.9747084540352975,7.099835614166736,0.9910436518495874,19.78780107824991,0.7455539520492159,17.85753473580441,17.948265161314755,1.4801426811130367,11.79382636290369,12.081883828036434,0.26666441665913987,0.8405431051366011,99803136.0,59519385.6,22158404.266666666,39379763.2,126850525.86666666,24238080.0,93347840.0,36295475.2,18205627.733333334,47484928.0,4768563.2,18231842.133333333,42.13333333333333,66.26666666666667,2.466666666666667,222.33333333333334,2.4,39.733333333333334,2.4,366.8,50.733333333333334,20.67073333333333,0.08388538921206234,0.17632458388465086,0.4798900192221995,0.19467816391148746,0.004600000000000001,3.765966344846096,0.04209037490287491,0.1972142172292008,0.2246826467103606,0.04506033478137088,0.0
1685218410,2.5828929662062725,6.851557890904937,0.999489337089354,19.680026371618556,0.7514981277246365,17.977098342345645,18.742370012405456,1.6940109121332865,11.44748684159148,13.626026967291175,0.2732887167314942,0.7997311055635717,99840000.0,59443473.06666667,13447850.666666666,39288422.4,53388083.2,25667857.066666666,93347840.0,36129723.733333334,9339153.066666666,47484928.0,2994176.0,8595865.6,38.977133333333335,71.18730000000001,2.6,206.13333333333333,2.7333333333333334,33.847766666666665,1.8666666666666667,381.2640333333333,51.53333333333333,23.139833333333335,0.08178958457086678,0.1659416878708195,0.48414788114490964,0.20198609641483944,0.004600000000000001,3.909868748218295,0.04570812908496733,0.1998435855448189,0.22661029021159498,0.04502106441999906,0.0
1685218440,3.4508635578808877,6.144651527032599,0.9513031130910719,17.7165753834476,0.7190156803339658,18.349977465538363,16.52660375445725,1.4729876748574804,12.277501907016692,13.510107399139732,0.26847327567025103,0.8603955962363447,99910724.26666667,59410022.4,10456132.266666668,39260160.0,42090496.0,25013725.866666667,93347840.0,36262161.06666667,10108928.0,47513326.93333333,2985164.8,8891596.8,44.666666666666664,62.06666666666667,1.7333333333333334,197.73333333333332,1.6666666666666667,36.733333333333334,1.6,387.0,52.06666666666667,20.933333333333334,0.08601125183298497,0.14848169683808762,0.4849636098090792,0.20312642846649726,0.004600000000000001,4.078831761471625,0.04147147817460317,0.2059544391016532,0.22982047179302076,0.04608161697884386,0.0
1685218470,3.9732638970128074,6.8900266409661315,0.8888052131985876,18.1938893244912,0.6874344283767134,17.98276988692409,16.044301797461156,1.5895371366903486,12.33980687740985,13.478435047769814,0.26350064503684156,0.797898416166241,99999880.53333333,59506688.0,10495317.333333334,40053282.13333333,42093909.333333336,25352874.666666668,93347840.0,36075110.4,9661917.866666667,47517696.0,2954854.4,8759705.6,37.0,68.13333333333334,2.066666666666667,223.13333333333333,1.9333333333333333,32.0,2.066666666666667,372.26666666666665,53.333333333333336,16.6,0.0833614470455947,0.13264327374825322,0.46440376214304113,0.20165680660193738,0.004600000000000001,4.045103182747674,0.03659542540792541,0.19369231428597206,0.22759254843744556,0.045864889307688686,0.0
1685218500,2.905654837555915,7.336380649080114,0.9028375397689821,19.566981000809392,0.7179777120124213,18.55595747732191,16.570628608187494,2.039221919820201,11.341275090039415,12.446010842866711,0.2654310890616467,0.7575645002166413,100091904.0,59995750.4,10521668.266666668,38833902.93333333,42100736.0,24662016.0,93347840.0,36269670.4,9969254.4,47517696.0,3013700.2666666666,8792337.066666666,38.51556666666667,69.50393333333334,2.4061,218.79309999999998,2.2666666666666666,33.733333333333334,2.4,369.3845666666667,43.66113333333333,20.6766,0.08003671038894149,0.1528519246019542,0.47794683012975114,0.1978835104230453,0.004600000000000001,3.772488891803862,0.041508623321123324,0.18004966211283155,0.22381617426237693,0.0441552674023229,0.0
1685218530,2.4892320864178274,7.804478222175667,1.0631575149910233,16.8331325273066,0.7596734168753023,18.76744905153914,16.521415208414215,1.5881798006794616,11.173253239670093,11.118727461990407,0.3121674761579889,0.9088322088874968,100063095.46666667,60157132.8,10668714.666666666,38854109.86666667,42107426.13333333,25388236.8,93353164.8,36146244.266666666,9291366.4,47517696.0,3038549.3333333335,8666453.333333334,54.48063333333334,92.57406666666667,3.6666666666666665,279.4,3.6666666666666665,49.13333333333333,3.6,552.7333333333333,71.93333333333334,29.27316666666667,0.07416839998276331,0.1596688867165724,0.47532097032188947,0.1832310899102777,0.004600000000000001,3.6494537036080055,0.0331019493177388,0.17270690078968384,0.21717243431377004,0.04126298713541361,0.0
1685218560,2.0260681784398797,6.704810641305631,1.2540670558275957,11.147361016411898,0.7984166304106702,18.879616526497966,11.110384290581209,0.8191422982256756,10.137456228671079,8.479378242063353,0.471813110709878,1.1120457487236477,100038246.4,59990698.666666664,10586112.0,41916825.6,42111522.13333333,22063786.666666668,93360128.0,36656332.8,9521834.666666666,47517696.0,3022028.8,8758340.266666668,59.6,96.86666666666666,3.6,321.93333333333334,3.6666666666666665,49.53333333333333,3.6,568.2,75.6,29.066666666666666,0.036412303064082684,0.08886301668861504,0.340903044871795,0.10067473270887779,0.004600000000000001,2.4734179278650217,0.013480076438181708,0.09019367053540003,0.14573341879281826,0.02219433787311083,0.0
1685218590,1.6709279707666587,5.620691659166188,1.2074400816426585,8.521627966125179,0.7777604025993793,18.420438739065712,7.7575662955758,0.4121066445814242,10.15717847835427,6.405574832559134,0.48815454583398243,1.196237256963844,99802862.93333334,59940044.8,10607411.2,39572002.13333333,42118894.93333333,22049314.133333333,93360128.0,36767744.0,9671338.666666666,47517696.0,2990899.2,8773905.066666666,58.131366666666665,99.98746666666666,2.6,312.9010333333334,2.8,51.733333333333334,2.6666666666666665,567.3301333333333,73.39276666666666,27.122766666666667,0.0047534745648804815,0.008097646171340036,0.05020227721050007,0.004814339754203173,0.004600000000000001,0.24404831468340657,0.004667267813043546,0.004798297581027766,0.009680933417034278,0.004704171597064447,0.0
1685218620,1.8743742452726884,4.835328008621605,1.0865849069327673,10.444723331957642,0.7407786345612948,18.024211153681474,9.479487566362119,0.6143307450415295,10.184599843400537,7.314831406757795,0.3886081755741404,1.0735896181271012,99879867.73333333,60025241.6,10612189.866666667,40350515.2,42123264.0,23859746.133333333,93360128.0,36734020.266666666,9843234.133333333,47517696.0,2965367.466666667,8829064.533333333,37.4,68.26666666666667,2.2666666666666666,216.73333333333332,2.2666666666666666,32.46666666666667,2.066666666666667,351.73333333333335,47.46666666666667,18.066666666666666,0.022238717144966055,0.08863743739664853,0.19587927948957365,0.049686667628724576,0.004600000000000001,1.142800189270319,0.00834608346079588,0.04000475084320559,0.06024694082804485,0.01204447089651966,0.0
1685218650,2.6595681280243593,6.280752960752145,0.9341105631082737,18.760006531425617,0.7235746355415649,17.616804396594365,15.382102713528036,1.6916096784265717,10.210453391231312,12.273656878618766,0.2679623980285497,0.8620848620406146,99967795.2,59929531.733333334,10774664.533333333,38959377.06666667,42127360.0,26084966.4,93452288.0,36559803.733333334,9934574.933333334,47517696.0,2965777.066666667,8902246.4,38.86666666666667,63.733333333333334,2.3333333333333335,186.0,2.2,33.93333333333333,2.0,379.7781333333333,51.53333333333333,16.8,0.06725246631345728,0.21169828333050328,0.7647083333333331,0.18071004335715388,0.004600000000000001,3.4275616417616286,0.026301681286549704,0.16235941690549052,0.21191654669792886,0.04067265338016206,0.0
1685218680,2.8025312093707346,6.781707462762642,0.8687926020911748,19.73008113583894,0.7304505496166364,18.452435037600797,17.149997770071344,1.6402222729553133,10.685002799843888,13.71957671897109,0.25263167813685167,0.7794313424875264,99912362.66666667,59959432.53333333,10674039.466666667,38900531.2,42131729.06666667,25860096.0,93464439.46666667,36684868.266666666,9803776.0,47517696.0,2967142.4,8989900.8,42.04396666666666,63.06666666666667,2.066666666666667,192.8,2.066666666666667,33.733333333333334,2.2,351.6,43.733333333333334,17.671066666666665,0.09093532706118983,0.21661844828338286,0.8241507936507937,0.21316886348075512,0.004600000000000001,4.223032254756268,0.041953048340548346,0.2029972021060623,0.24364235480598362,0.052189453988546054,0.0
1685218710,2.9087643845319833,5.840162978049582,0.8897522204487459,17.92059832907911,0.6680802707284761,18.783388781307146,16.79338902384333,1.8830730665116526,11.816984148105256,13.533293456721314,0.24459154812055037,0.7598373098163534,98623488.0,59868364.8,10702301.866666667,39050717.86666667,42133230.93333333,26621132.8,93469900.8,36410709.333333336,10041890.133333333,47517696.0,3089476.2666666666,8954402.133333333,34.219500000000004,69.47946666666667,1.8789000000000002,200.5412,1.8666666666666667,31.7947,2.2666666666666666,335.95956666666666,47.37876666666667,17.674833333333332,0.09186856873596837,0.23313551562555757,0.5204799914629136,0.21189585969080588,0.004600000000000001,4.4181768954571945,0.0405922181372549,0.20892571252436978,0.23930733046700414,0.06145120202674861,0.0
1685218740,2.9328671237176236,5.583403736071685,0.9389867231763575,18.184976488016105,0.7156318296154469,18.67031241752753,16.690545494248767,2.0710506920662337,12.136839036535747,12.785909283082027,0.26791406790722144,0.8009380810784296,98587989.33333333,59924206.93333333,10782583.466666667,39072972.8,42141422.93333333,25860915.2,93470720.0,36327697.06666667,9442508.8,47517696.0,3032951.466666667,8903338.666666666,37.733333333333334,70.46666666666667,1.6,203.26666666666668,2.1333333333333333,35.06666666666667,1.6,390.8666666666667,49.86666666666667,16.4,0.08633714749934614,0.22876081614983496,0.48038150431447835,0.2105761255579536,0.004600000000000001,4.474333923039966,0.03653223791459085,0.21309712600744943,0.23116308253720738,0.06730874913886582,0.0
1685218770,3.1103593051619476,6.133884073559704,1.0115878347544958,18.592057770713264,0.7077980217784258,17.622270387784813,18.17313005998528,1.4563448732199826,12.56437631186811,13.929669020387601,0.2571554419805564,0.8281842170824033,98683835.73333333,59910963.2,10983833.6,39072836.266666666,42146065.06666667,25544294.4,93478502.4,36589568.0,9794901.333333334,47517696.0,3030766.933333333,8962867.2,37.8,66.33333333333333,2.6666666666666665,212.13333333333333,2.8,33.4,3.066666666666667,383.3333333333333,52.266666666666666,20.866666666666667,0.08388066040053269,0.21428314145033797,0.5247599526002928,0.2097359118122051,0.004600000000000001,4.292837588860146,0.03830717893217893,0.20432383442863733,0.23349388920193256,0.0553210380084942,0.0
1685218800,3.0955842624717747,5.323803256898722,0.9107780602740412,19.123564129328436,0.7343670758859377,18.686921381453647,18.030371600340533,1.6283672176646637,11.719129346339185,13.738855322984536,0.2522914419965738,0.8026671561011018,98846720.0,60219801.6,10918024.533333333,39292245.333333336,42146884.266666666,25977378.133333333,93484919.46666667,36692787.2,9744793.6,47525068.8,3082240.0,8946483.2,35.46666666666667,63.6679,1.3333333333333333,195.137,1.6666666666666667,34.266666666666666,1.8666666666666667,342.4036666666667,46.46666666666667,17.66143333333333,0.084528691876045,0.3148421998058048,0.7811904761904759,0.20902088013568534,0.004600000000000001,4.278400821738939,0.04828911423543777,0.20107192649191383,0.24508543201674177,0.04746463158890411,0.0
1685218830,2.47639263169757,6.144434960397021,0.8619067285260388,16.54768109663614,0.7234989785654694,18.799794557000194,15.622444423675107,1.0118757891122316,10.970054709324863,12.612235900038232,0.29797023052002003,0.8559791412024281,98934784.0,59896081.06666667,10921164.8,38830080.0,42157670.4,23699456.0,93499392.0,37065250.13333333,9793809.066666666,47525888.0,2967005.8666666667,9122884.266666668,56.333333333333336,91.2,3.533333333333333,306.73333333333335,3.7333333333333334,50.0,3.3333333333333335,543.2,68.86666666666666,28.133333333333333,0.08236340593631888,0.217377544305361,0.6489038494185554,0.18696234769833672,0.004600000000000001,4.098908105125597,0.04362445054945056,0.19314643354935146,0.23429808741480504,0.04596069863388273,0.0
1685218860,1.9084772724492207,6.2974475325401436,1.3228551471266656,11.691805923327998,0.7436578354819224,18.7658899472907,10.710083455578598,0.5232757568619769,10.28963111873481,8.497864976254105,0.47074497271858845,1.105643340427531,98808627.2,59908778.666666664,10949017.6,39822131.2,42168320.0,22171648.0,93511680.0,36907144.53333333,9689088.0,47525888.0,2998135.466666667,9055436.8,63.93333333333333,101.2,3.2666666666666666,343.1102333333334,3.4,53.8,3.4,565.6136,74.14693333333334,28.613166666666665,0.0465260147426136,0.08945244582938691,0.2710061798223565,0.08601433766326393,0.004600000000000001,2.4217113538826425,0.013804553779553785,0.09792907898932134,0.1458399408999688,0.02308576746274509,0.0
1685218890,1.6855881331300941,5.80820756745702,1.356321018211141,8.571100013379748,0.791443035596823,18.853621777811632,7.961344981599369,0.43004530650864997,10.01647047938812,6.246735364132922,0.49958260032469576,1.144678529308854,98276420.26666667,59879970.13333333,10897134.933333334,41178726.4,42177877.333333336,21893802.666666668,93511680.0,36848571.733333334,9462306.133333333,47529164.8,3016567.466666667,8892279.466666667,57.666666666666664,102.8,4.8,307.8,4.866666666666666,51.86666666666667,4.666666666666667,577.9333333333333,74.8,33.13333333333333,0.005344459252642283,0.008879893206193045,0.05216786358412665,0.005547983837555115,0.004600000000000001,0.28331958459445694,0.004659464119583742,0.005728662438960155,0.011348790894875366,0.004715475389758224,0.0
1685218920,2.055606612179853,6.462546385220282,1.2641251254334833,10.331899895857292,0.7025276702350064,18.11475621408943,9.281842150994558,0.5247479477808898,10.404092821103111,7.30947027487357,0.41499501043522147,1.1751716700827162,98215936.0,59929122.13333333,10927581.866666667,40748646.4,42191257.6,23926374.4,93515093.33333333,36600763.733333334,9607304.533333333,47841962.666666664,2968644.2666666666,9084108.8,39.4,63.266666666666666,2.0,205.46666666666667,1.9333333333333333,33.53333333333333,1.5333333333333334,371.26666666666665,52.266666666666666,16.463533333333334,0.021584813567748988,0.05530965532781581,0.09969613678804859,0.040413741524400935,0.004600000000000001,1.1045340679166469,0.005884449795793712,0.037409189496191604,0.06271386157880762,0.010179810190749278,0.0
1685218950,2.9591494889773537,7.977351448038222,1.0424856351834244,16.604024852020657,0.7458937848767024,18.13804169527769,15.515611700960124,1.4399849894390677,12.145557166213125,11.277031582871292,0.2940906358292459,0.9062562915515874,98501017.6,59945779.2,10791731.2,39049352.53333333,42192896.0,24974540.8,93519872.0,36622336.0,9777971.2,48261529.6,2971238.4,9005192.533333333,44.0,66.13333333333334,1.8666666666666667,183.33333333333334,2.2,37.6,1.9333333333333333,414.01843333333335,55.47966666666667,18.8,0.06618393878056274,0.1258816163624785,0.38571430470114687,0.15501040783825423,0.004600000000000001,3.128135639871425,0.023704795321637436,0.14947287330096443,0.1989525843409924,0.03720932120042359,0.0
1685218980,2.333605049200347,7.228175571184679,0.9034173000798532,16.59851989441036,0.7451499031784758,18.540266385234453,15.859516696455383,1.4991452571250166,11.739939067910644,12.665802082433986,0.264845182070427,0.8008865187290625,98726024.53333333,59871095.46666667,10699298.133333333,38906538.666666664,42202726.4,26181222.4,93519872.0,37225949.86666667,9623552.0,47542272.0,2973969.066666667,9077828.266666668,41.4,69.53333333333333,1.7333333333333334,206.13333333333333,1.6666666666666667,33.266666666666666,2.0,382.6666666666667,44.4,20.0,0.08562329255214557,0.1564603423486161,0.4668299971496861,0.20132983325779927,0.004600000000000001,4.066213044547078,0.04116269841269841,0.2010879727521844,0.2261962308462503,0.048794788094799,0.0
1685219010,2.7871484360894265,6.329315291709286,0.9726713046631233,18.188800272546246,0.7095963018253121,17.822914649672555,17.418911809836967,2.177410319104766,11.845077714629129,13.33123273653098,0.2661912249096581,0.8417445275216873,98851908.26666667,59934856.53333333,11073126.4,38811101.86666667,42209006.93333333,25426739.2,93519872.0,37002444.8,9905902.933333334,47683584.0,3037047.466666667,9184597.333333334,37.4,60.670700000000004,2.8666666666666667,211.13333333333333,3.0,33.86666666666667,3.1333333333333333,373.8666666666667,50.333333333333336,23.133333333333333,0.08495107922045601,0.1645945557512336,0.48826629241446273,0.20411618636092382,0.004600000000000001,4.1825125447654985,0.04703604497354497,0.2024292324127557,0.22584424042747167,0.050175109241877874,0.0
1685219040,3.418619611783987,5.914920254746806,1.0575037494251778,21.79896775654654,0.7246672155825227,18.667096864805707,18.44996060672196,2.1815961521484213,11.014914914086347,12.128798179082084,0.2700561098187243,0.8416262846042525,98829653.33333333,60242602.666666664,11078860.8,38848102.4,42213512.53333333,25219754.666666668,93519872.0,37054873.6,9512550.4,47584051.2,3056708.2666666666,8968192.0,40.2,72.6,2.4,192.93333333333334,2.4,36.0,2.4,383.1333333333333,46.666666666666664,19.4,0.07967587389931614,0.17593096022332924,0.49060758369560964,0.20760771532897007,0.004600000000000001,4.141384027153783,0.04607407407407408,0.20105076724361762,0.22654378877730144,0.04779542138931316,0.0
1685219070,3.466810125767466,5.49228279120015,0.9786696156468501,20.536484129372674,0.7541746304024955,17.811507984573545,17.15682210893066,1.4878123244304033,11.044387798775416,13.091516676835202,0.2517056659657269,0.8080820818861593,98901742.93333334,60183756.8,11204061.866666667,38788710.4,42217472.0,26095342.933333334,93625685.33333333,37294080.0,10118485.333333334,47542272.0,3087974.4,8984576.0,40.0,64.8,3.0,210.86666666666667,3.134133333333333,34.53333333333333,3.066666666666667,391.0,46.93333333333333,21.0,0.07885841044542871,0.19734253864217802,0.48927779109744357,0.21139457097417916,0.004600000000000001,4.2237346522387895,0.04125320512820512,0.2002699771105099,0.22744286564335026,0.04953463083115455,0.06666666666666667
1685219100,3.009902775185847,5.407927082874622,1.0846206675240917,17.464252943898316,0.7182631882490764,17.97978572595378,17.797965638762253,1.7507325584285582,11.697982227506497,12.856310613434838,0.24923494053799733,0.8097627196157764,98964275.2,60152627.2,11059473.066666666,38866807.46666667,42223206.4,25081173.333333332,93646848.0,37032209.06666667,9934165.333333334,47542272.0,2971511.466666667,8949486.933333334,38.6,73.6,3.0,206.8,3.066666666666667,36.93333333333333,3.466666666666667,395.53333333333336,44.266666666666666,19.733333333333334,0.0829378139908107,0.21132869169447133,0.5427481571954312,0.20918525952027173,0.004600000000000001,4.324981745521678,0.04033538614163615,0.19926595998570837,0.22824489510889256,0.05089374980449486,0.0
1685219130,2.782915138724806,5.392987554407601,1.1564145511467145,17.679627956671496,0.7238767443544124,18.56676641421978,17.167492139738137,1.3442162843134942,12.435299302210712,10.883579490965564,0.32606268127573285,0.8614580770600875,98969326.93333334,60228403.2,10973730.133333333,39013853.86666667,42224298.666666664,22863052.8,93675793.06666666,37178572.8,9804458.666666666,47542272.0,2971921.066666667,8893917.866666667,63.06666666666667,97.2,4.933333333333334,320.26666666666665,4.8,53.4,5.8,562.4,72.6,30.333333333333332,0.07968408491191613,0.18627168143246092,0.5388775252525253,0.1954105960436768,0.004600000000000001,4.113386261775394,0.031177927627927635,0.19350923345806298,0.2193507385610166,0.043828398215928904,0.0
1685219160,2.27080909525596,5.881797865583883,1.4479252025769738,11.388052319636806,0.8077038693512233,18.622261622532733,11.637499119318372,0.8037510489121416,11.012447885253806,7.930564537718734,0.47140085000089227,1.1062670339559446,98811630.93333334,60209288.53333333,10846754.133333333,40263406.93333333,42236040.53333333,22208102.4,93687808.0,37492872.53333333,9789303.466666667,47542272.0,2969873.066666667,9057484.8,62.46666666666667,106.66666666666667,4.066666666666666,329.8666666666667,4.0,55.06666666666667,4.733333333333333,584.3333333333334,75.0,31.933333333333334,0.04295142697220012,0.09031050983184147,0.34974663447568205,0.10395854711261067,0.004600000000000001,2.5098706442987173,0.016039017571661634,0.11230460786655341,0.14257220775711582,0.02228373687717865,0.0
1685219190,1.6837909797545194,6.712132542881879,1.4621486119189226,8.537891272887894,0.8150087771763467,18.756018119251944,7.891609964936772,0.4097006667694098,10.330129558731153,6.468549907782289,0.535425240911814,1.276454053591676,98844945.06666666,60248746.666666664,10831735.466666667,41502173.86666667,42243140.266666666,21916876.8,93687808.0,37484680.53333333,9645397.333333334,47542272.0,3076642.1333333333,8977476.266666668,60.13333333333333,102.46666666666667,3.466666666666667,303.46666666666664,3.4,52.53333333333333,4.133333333333334,568.3333333333334,73.06666666666666,26.861966666666667,0.004974582998161266,0.009043874645289716,0.05105392623085613,0.0057083203933458145,0.004600000000000001,0.28967898862570785,0.004705680017183976,0.005654096721161223,0.010650675902570402,0.004723019027361132,0.0
1685219220,1.8774494458235818,6.869996947622232,1.1446903871903973,10.11295712379916,0.7470648264336609,19.306458661561912,9.049169078711822,0.5712205691217811,10.957574066272294,7.955897017380331,0.43025578275668813,1.1095310940557623,98846720.0,60250794.666666664,10921984.0,39723008.0,42249420.8,23738368.0,93687808.0,37545847.46666667,9879688.533333333,47542272.0,3009604.2666666666,8954265.6,42.4,77.73333333333333,2.7333333333333334,217.93333333333334,2.466666666666667,35.93333333333333,3.466666666666667,421.8,51.6,20.666666666666668,0.02160637816068226,0.04102073824776578,0.17051068944657752,0.041735064199876826,0.004600000000000001,1.0528626279175306,0.008092951797071223,0.04804583393154223,0.06315751746444466,0.01268980705864116,0.0
1685219250,2.431479894787817,6.713582039767118,1.1178648215263394,16.4978090430478,0.7299762426477371,18.18056689646402,15.103866590918773,1.477479344253638,11.994889313396904,12.252053417009858,0.28976716051054113,0.9310158614702805,98979020.8,60267588.266666666,10988475.733333332,39077751.46666667,42261981.86666667,25391786.666666668,93687808.0,38058393.6,10447394.133333333,47542272.0,3080055.466666667,9027447.466666667,43.021433333333334,70.46666666666667,3.2666666666666666,231.86666666666667,3.2666666666666666,39.86216666666667,3.933333333333333,377.6,49.46666666666667,21.8,0.06808228359125264,0.11674930879186797,0.43342538580246914,0.1696570692516717,0.004600000000000001,3.458982232235177,0.027986906330384597,0.17273465685947487,0.20338669111819963,0.03695325263958825,0.0
1685219280,3.0003317257758173,6.687632674496823,1.1344276616054623,19.59226002510444,0.760120455607746,18.7530831918797,17.920377517424818,1.7949600789853837,11.841026762286072,13.715025972145705,0.26428798066160236,0.8810011629233283,98987485.86666666,60273595.733333334,11246387.2,38827485.86666667,42284919.46666667,25560132.266666666,93687808.0,37815364.266666666,10169139.2,48377856.0,3010013.8666666667,8891050.666666666,36.53333333333333,63.333333333333336,2.6,207.4,2.7333333333333334,31.4,3.066666666666667,375.1333333333333,46.666666666666664,19.866666666666667,0.08339065067606402,0.17108329415461698,0.4784549869327712,0.2030924462587707,0.004600000000000001,4.037273340612406,0.038912431917211325,0.19602328446087736,0.2290902657900298,0.043498085734116725,0.0
1685219310,2.865102782030596,5.535211638795253,0.9638053017062855,17.69416024457228,0.722871102247198,17.865911923806703,17.959243513805557,1.6275921100138893,11.30498842287431,12.955910808046093,0.2525566916175924,0.8051064942947866,99616768.0,60196590.93333333,10944512.0,38812740.266666666,42407799.46666667,25802615.466666665,93687808.0,38235067.733333334,9647308.8,47543910.4,2980522.6666666665,9102813.866666667,36.2,61.46666666666667,3.533333333333333,181.06666666666666,3.533333333333333,33.53333333333333,2.3333333333333335,338.93333333333334,45.8,17.0,0.08342517099588684,0.20813250063319966,0.575252870651807,0.1933141979679432,0.004600000000000001,3.986830177829896,0.03990927706552707,0.18958272295389894,0.2330114968374385,0.04420433896965122,0.0
1685219340,2.681694214538269,6.264332780875103,0.9602761785223629,16.74394372971287,0.7277080833756189,18.533446960348964,17.122485724573227,1.4282659207810429,11.515874347322647,11.994838404865552,0.2638905630033222,0.8231307939863625,99669060.26666667,60239052.8,10998715.733333332,38853700.266666666,43068074.666666664,26095342.933333334,93687808.0,38489292.8,9842005.333333334,47568896.0,2976426.6666666665,9030451.2,42.86666666666667,75.53333333333333,2.2666666666666666,229.8,2.3333333333333335,35.333333333333336,2.466666666666667,368.86266666666666,48.06163333333333,19.791600000000003,0.08213375796201113,0.21091719794745417,0.502519706872648,0.2031759413919619,0.004600000000000001,4.389739047716982,0.03587844794094794,0.20618651881047304,0.2372415154084222,0.04506438726448693,0.0
1685219370,2.559312701488465,6.151258674145654,0.9355648192165259,16.803524495661893,0.711027395591903,18.07518769895133,16.180576154296848,1.082717562343969,10.362543305199958,13.092224693058174,0.26543052410322276,0.8343472329317495,99787980.8,60232499.2,11096610.133333333,38903398.4,42300484.266666666,25502105.6,93687808.0,38407918.93333333,9710523.733333332,47574220.8,2976972.8,9093393.066666666,34.0,74.53333333333333,3.2666666666666666,211.4,3.4,30.533333333333335,3.7333333333333334,408.53333333333336,48.53333333333333,21.866666666666667,0.07941172768773987,0.17455108427336838,0.46469019960706714,0.20837216957041316,0.004600000000000001,4.479391563430963,0.0287994708994709,0.2096064432375597,0.22787923646813116,0.044903194463667216,0.0
1685219400,2.839050798826254,5.606377786950479,1.0441025289158543,15.418267967306074,0.7289433189412988,18.352993899340806,17.331897379557343,1.5365663194636032,10.111882561278959,13.658324412819582,0.26099897886865014,0.8254178999314337,99819520.0,60173516.8,10990387.2,38675251.2,42307584.0,25440802.133333333,93687808.0,38140723.2,9619319.466666667,47542272.0,3036364.8,8936243.2,40.64886666666666,59.6086,2.933333333333333,196.03853333333333,2.8666666666666667,35.46666666666667,2.8,375.40073333333333,46.3472,19.808600000000002,0.08074779737676645,0.19825792626274316,0.4768115385884412,0.19645201910274623,0.004600000000000001,4.200110004636516,0.034379629629629635,0.20139573495113794,0.2300130013171789,0.045783729750567104,0.0
1685219430,2.6933847593686298,5.285954795718132,0.9871404260847231,16.02910103932462,0.7032329296121855,18.133409727259963,16.280996441732015,1.069081478621894,11.233619217754919,13.501166206976636,0.3099664238104246,0.8523433164773728,99640524.8,60219118.93333333,10981239.466666667,38889608.53333333,42312772.266666666,23778508.8,93687808.0,38347025.06666667,9656593.066666666,47544866.13333333,2974788.2666666666,8999185.066666666,62.93333333333333,97.4,2.6666666666666665,301.6,2.6666666666666665,52.4,2.6666666666666665,563.6,76.86666666666666,26.933333333333334,0.07905146873107347,0.18005540781273555,0.47415155422673577,0.1878383170746361,0.004628763127116786,3.6702544797319105,0.032055555555555566,0.18393562029346247,0.22750097522489293,0.04465090223175856,0.0
1685219460,2.373306904479023,5.8841200125935496,1.0638938167338434,11.073532397545533,0.7631928780312661,18.346279147332773,10.907755331083996,0.4531533232078932,10.526294403253429,8.861647371883487,0.44351893914581836,0.9853962604112056,99586048.0,60172834.13333333,10991889.066666666,40318429.86666667,42317414.4,22393105.066666666,93690265.6,38533939.2,9584503.466666667,47542272.0,3017386.6666666665,9079603.2,55.5692,88.59603333333332,3.6647000000000003,308.1940666666667,3.7980333333333336,47.46666666666667,3.594866666666667,528.1960333333333,66.93333333333334,28.329366666666665,0.047530088897458564,0.09152299708301577,0.32143915343915347,0.10640085554441238,0.0046444820570514436,2.255413127721653,0.017306963443061017,0.09362632309213445,0.1369732422611671,0.02300217444184784,0.0
1685219490,1.6134818208356372,5.805967769046011,1.241470596600407,8.519515750254786,0.7594308684718826,18.27917763702403,8.073247658531049,0.3925847300303308,9.981149548210965,6.590062908651442,0.5040795440526655,1.1695176477791458,99586048.0,60216661.333333336,10977416.533333333,39929446.4,42323694.93333333,22289476.266666666,93687808.0,38561928.53333333,9597201.066666666,47550464.0,2970828.8,9092437.333333334,59.93333333333333,102.0,3.933333333333333,307.0,3.933333333333333,52.06666666666667,4.0,579.4,76.4,31.266666666666666,0.0057690688316419676,0.014575294760830766,0.050505830609105386,0.006381444491235235,0.004613953372227645,0.3301040955886326,0.0046778728786757585,0.00578385466893661,0.013029313466026817,0.004706523157336248,0.0
1685219520,2.086049623878544,7.632846434428676,1.2841738386724124,10.066040576542726,0.782689501826283,18.617950732796608,9.412917742736754,0.6142373092691948,11.036347062838974,8.078984090457276,0.44467757142722497,1.1945959501175323,99227511.46666667,60260078.93333333,11196689.066666666,39824998.4,42335573.333333336,25008810.666666668,93690811.73333333,38725358.93333333,9750937.6,47550464.0,2992674.1333333333,9025672.533333333,37.6,68.79893333333332,2.0661333333333336,208.73280000000003,2.0661333333333336,32.266666666666666,2.5328,381.8661333333333,54.266666666666666,19.815733333333334,0.02181004716027608,0.055262246694126486,0.204753181508729,0.04164413327682676,0.004600000000000001,1.1754130074592255,0.011026726716120122,0.05087630260633512,0.0791959637436201,0.011091123247195609,0.0
1685219550,3.567099001288741,7.919788228716667,1.1039732538127363,15.657178776206946,0.7566957050574988,18.52804945842017,15.026250688864604,0.9454570523016119,11.989558136224503,11.73820615790943,0.27167015629702446,0.8393078854928546,99393945.6,60260352.0,11292262.4,39622656.0,42338440.53333333,26218496.0,93732864.0,38885102.93333333,9747797.333333334,47550464.0,3004552.533333333,8983347.2,39.46666666666667,71.33333333333333,3.3333333333333335,204.0,3.1333333333333333,34.266666666666666,2.8666666666666667,366.06666666666666,45.06666666666667,19.333333333333332,0.06698665516493112,0.14013643669502238,0.46541751777702967,0.159031696403394,0.004600000000000001,3.731934709789363,0.03007359668109669,0.18186849647571168,0.20652550298039013,0.03748358360816381,0.0
1685219580,3.53772109778704,6.370049593321712,1.0720688932411007,19.253823880974792,0.7475787659719562,18.27675865147465,18.69552064724031,1.6783496663743336,11.866771569108096,12.607701169334264,0.26012724026794326,0.8156016571818363,99413879.46666667,60231816.53333333,11221401.6,39463321.6,42344448.0,25816541.866666667,93765358.93333334,39184247.46666667,9739741.866666667,47550464.0,3027490.1333333333,9041237.333333334,41.6,63.4,3.0,191.46666666666667,3.066666666666667,34.4,3.2,375.8,47.333333333333336,16.666666666666668,0.08424475623746784,0.20053835663932684,0.49824788609605686,0.20223926827002242,0.004600000000000001,4.386439517588477,0.038812324929972,0.2130882136005319,0.23059225765692198,0.04452634938123841,0.0
1685219610,2.9856647985051477,5.690455285264069,1.0263024621294674,17.43701229079061,0.7354778928513306,18.39225655611297,17.678169807406423,1.3349135333608595,12.160817505911272,13.57133156280744,0.254839079687715,0.8184156224354197,100774161.06666666,60190720.0,11142212.266666668,39410073.6,42346496.0,25464149.333333332,93765632.0,39272038.4,9897028.266666668,47550464.0,2974651.7333333334,9045060.266666668,38.412299999999995,61.46666666666667,1.8,207.33333333333334,2.0,31.466666666666665,2.2666666666666666,335.4,51.0,16.666666666666668,0.085879683558688,0.21224896471403948,0.548417555621824,0.19837029661882527,0.004600000000000001,4.28723651869876,0.03746602182539683,0.20893206047918325,0.23771355383735476,0.04499202336225049,0.0
1685219640,3.3157821504744303,6.179707511753278,0.9162567916024272,19.13842458428551,0.7195423054306196,17.882246371895356,18.675026870908145,1.1892904699656919,11.737932599859189,12.412162155069499,0.253911600248724,0.7899963363870146,100045892.26666667,60241237.333333336,11175389.866666667,38877320.53333333,42344721.06666667,25183982.933333334,93773277.86666666,39102873.6,9587097.6,47561113.6,2976972.8,9101038.933333334,39.64256666666667,67.1824,1.9333333333333333,208.56480000000002,2.066666666666667,33.53333333333333,1.9245333333333332,373.8402666666667,46.53333333333333,18.846766666666667,0.0874141772911168,0.20913970887165007,0.6960753367003368,0.20428978567153627,0.004600000000000001,4.147101386618131,0.03589120370370371,0.20154821635097134,0.24194092814890403,0.04608998241046825,0.0
1685219670,3.434392984074831,6.454503721103074,0.8800162036611456,18.654166451384597,0.7226120690991897,18.219239568804202,18.08433796258693,1.7420947481505538,11.336557065961351,11.720790297463397,0.2615004103322275,0.7556956973983161,99937348.26666667,60210380.8,11278882.133333333,38888789.333333336,42348270.93333333,25518626.133333333,93789934.93333334,39121442.13333333,10060458.666666666,47579136.0,3013017.6,9009561.6,35.4,60.2,1.7333333333333334,179.8,1.8,31.333333333333332,1.6666666666666667,355.3333333333333,48.86666666666667,17.466666666666665,0.08874771578669628,0.19569224761114173,0.7976744366744366,0.21223665120144602,0.004600000000000001,4.254048810819509,0.04178548766048766,0.2085309162419917,0.23865339164652752,0.049525251763162595,0.0
1685219700,3.706097245190173,5.589289992264024,0.912179152124061,20.70018272220386,0.7587477643382734,18.227553742677394,18.27125281969175,1.5029625734851673,11.007710096916323,11.839616439811797,0.25873735024699623,0.8019496895700641,99868398.93333334,60234001.06666667,11198600.533333333,38868582.4,42351547.733333334,25690248.533333335,93790208.0,39356962.13333333,9564433.066666666,47567667.2,2985574.4,9140906.666666666,39.6899,69.40803333333334,3.0,225.8,2.8666666666666667,37.46666666666667,3.1333333333333333,399.1333333333333,49.13333333333333,19.994766666666667,0.08720893259179853,0.17756661668049956,0.7327806915306915,0.21281186408430533,0.004600000000000001,4.346635760679171,0.041689503205128195,0.2120011763459898,0.23054776974391025,0.05161534347319744,0.0
1685219730,3.169544050126012,5.243762475695416,1.0157204470193115,16.816237806378975,0.7562898950931403,18.633966554207923,17.72584054497268,1.7618725234845138,11.103486250441897,12.485305445465725,0.3220333514869997,0.8640044677051237,99860889.6,60226218.666666664,11314380.8,38707200.0,42355234.13333333,23626410.666666668,93790208.0,39516160.0,9691136.0,47550464.0,3029538.1333333333,9041373.866666667,58.06666666666667,92.66666666666667,3.2666666666666666,304.4,3.3333333333333335,50.666666666666664,3.3333333333333335,543.7333333333333,71.53333333333333,30.266666666666666,0.08051462719267333,0.17409440605627144,0.5220786204536204,0.19498262347776896,0.004600000000000001,3.9849521679416804,0.03173141152828653,0.18494393289840724,0.2183598612114938,0.044519958559894754,0.0
1685219760,2.1604840926227546,5.586760845926764,1.184423549183631,11.187043796314702,0.7751421889508295,18.357769475525252,10.970728078883798,0.9184440409891781,10.636785462164763,8.741181509783079,0.4394450231734528,1.0621439680349698,99960285.86666666,60211336.53333333,11214438.4,41127936.0,42354961.06666667,22399385.6,93790208.0,39620881.06666667,9575082.666666666,47550464.0,2969190.4,9175859.2,57.23113333333333,100.50450000000001,5.072766666666666,315.69576666666666,5.066666666666666,49.86666666666667,5.133333333333334,571.1353666666668,74.80116666666666,30.994466666666668,0.04820228321173651,0.11771973087267096,0.3559759252185724,0.10056432563476772,0.004600000000000001,2.4096269747557693,0.017832480229165292,0.08907968807034661,0.1423169170060778,0.0251724066198343,0.0
1685219790,1.6195890323281013,5.522856840638696,1.3995784144645609,7.919609153771009,0.8006041118737229,18.252628139064743,7.237971967747258,0.4015025016380668,9.77665325263586,6.365083457176186,0.5066260245129962,1.2459022979087608,99658956.8,60183074.13333333,11235328.0,40754380.8,42354414.93333333,22222438.4,93790208.0,39623611.733333334,9727317.333333334,47550464.0,2969600.0,8817732.266666668,54.4,92.8,3.8666666666666667,297.8666666666667,3.8,49.733333333333334,4.266666666666667,541.3333333333334,70.86666666666666,30.8,0.005035716490879164,0.015371029983488122,0.05315736378936071,0.00543405970822751,0.004600000000000001,0.336495556697635,0.004704709497276208,0.0053045425850687744,0.011782155908597974,0.004760290033777989,0.0
1685219820,1.7033334610914999,5.712765811254652,1.3714922383095784,10.193670426822246,0.8306916978560654,17.671927417945042,9.21133657404422,0.7020377057210573,10.80253927164703,7.653122413209664,0.42018149086470186,1.1993716465088733,99339332.26666667,60188808.53333333,11224405.333333334,39352456.53333333,42356736.0,23913403.733333334,93796215.46666667,39480524.8,9846647.466666667,47550464.0,2967688.533333333,9003690.666666666,44.364466666666665,79.58836666666666,2.4,237.71906666666666,2.4,34.53333333333333,2.533333333333333,401.138,54.46723333333333,21.77,0.020273363500593184,0.07046544678768438,0.09212324856119751,0.047100157554158764,0.004631456959042818,1.3193244041903824,0.00604511561771562,0.038319908344525797,0.06908738948839102,0.011497122825477239,0.0
1685219850,2.6750695005298013,6.489658975738456,1.091220426291078,18.419294698508487,0.7636790306693888,18.621314151747352,15.820882704607204,1.4108615466127183,11.119807480802836,11.012459133544635,0.28665050120861485,0.8762299739463644,99616358.4,60208742.4,11084458.666666666,39048942.93333333,42355097.6,25789235.2,93847552.0,40052462.93333333,9702195.2,47550464.0,2988441.6,9088750.933333334,42.8,67.53333333333333,1.8666666666666667,229.86666666666667,1.8666666666666667,33.2,1.4666666666666666,416.53333333333336,59.733333333333334,21.266666666666666,0.07077903901651242,0.17133766426358926,0.485529428904429,0.17314343042116453,0.004645589769720873,3.5573312829170103,0.02534888710826212,0.14879439113416387,0.20859063367420258,0.03957011434795939,0.0
1685219880,3.0981558757775405,6.2979879195521375,0.9225380483595234,19.055325284316762,0.7681791741924773,18.08102229664938,16.771422124095043,1.7565301585827449,11.519723438757515,12.23678167612585,0.2548957982953925,0.8163299593021061,99814058.66666667,60145254.4,11360938.666666666,38836633.6,42357418.666666664,25246515.2,93848234.66666667,40196232.53333333,9955191.466666667,47582003.2,3034862.933333333,9188966.4,41.6137,67.0821,3.315733333333333,224.06296666666668,2.9823999999999997,37.884,3.3136333333333337,371.6227,46.6,24.431466666666665,0.08530466231456509,0.26023215402949595,0.8535901875901876,0.1996121236832977,0.004601846153846153,4.088032726204065,0.036735218253968256,0.1926715209109043,0.24380392568962903,0.04896284929110675,0.0
1685219910,2.801985034769137,5.489332111794095,0.9435981006810787,18.920606697627623,0.7313876278550232,18.272740328649373,16.916610217156425,1.4341586544920235,10.526469331741534,13.764525531798087,0.25511843931568623,0.8007698305072418,99971072.0,60183347.2,11347012.266666668,38859025.06666667,42359330.13333333,25734348.8,93921416.53333333,40196642.13333333,9729228.8,47636480.0,3059302.4,9354444.8,38.733333333333334,63.666666666666664,2.2,219.66666666666666,2.2,34.6,1.3333333333333333,364.2,51.0,16.066666666666666,0.08105256753791126,0.2615500257183367,0.8272499999999999,0.19512865876109942,0.004600000000000001,4.164121761223706,0.039378963390911924,0.19614793929783905,0.24118301435128958,0.04712778501825838,0.06666666666666667
1685219940,3.278792000656419,5.801413915247133,0.924791962082979,17.847691797592855,0.7327733985180631,18.403807653894617,16.99690290125553,1.3289953573614885,9.87895727746884,12.659011307828656,0.25725711978074156,0.7959206471857142,100028416.0,60220620.8,11248162.133333333,38882099.2,42423091.2,25734348.8,93933568.0,40139844.266666666,9823163.733333332,47636480.0,3022848.0,9106227.2,41.984500000000004,69.23566666666667,2.3281666666666667,203.76753333333332,2.2646,37.4,2.533333333333333,383.5045666666667,53.70233333333333,20.979333333333333,0.0830099846057241,0.1850962288083785,0.5464064544693321,0.19863667586169967,0.004600000000000001,4.227331551008718,0.040321282679738564,0.19676310460727392,0.23252404402691812,0.045406754599669995,0.0
1685219970,2.593537337532923,6.084568093701506,0.8849798772631792,19.437454227554944,0.6968411541238171,18.31281033427872,16.904804086388545,1.3822664409905794,11.629142165475848,12.280013318694621,0.2649069647598058,0.8566578596910877,100027187.2,60195225.6,11509486.933333334,38826666.666666664,42364518.4,25442304.0,93898888.53333333,40013824.0,9527842.133333333,47981909.333333336,3032951.466666667,9102267.733333332,43.4,63.53333333333333,2.0,194.0,1.8666666666666667,34.13333333333333,2.2666666666666666,381.26666666666665,48.8,16.266666666666666,0.08299541622036702,0.2093008500941922,0.4804478862285927,0.19731514528752758,0.004600000000000001,4.1198325186004245,0.039362121212121216,0.19759292083851954,0.23774292622892215,0.046240622623094,0.0
1685220000,3.3081330005022154,6.148064707356728,0.8687459156786962,20.31761427364578,0.7163425073163562,18.34024083703573,17.515459119446444,1.4390086583062898,12.237662305708538,12.810718679652496,0.26230796651806615,0.781466972270045,99989367.46666667,60170240.0,11457877.333333334,38737510.4,42361105.06666667,25298944.0,93924556.8,40383692.8,9542860.8,47705565.86666667,2977655.466666667,9012701.866666667,42.4,68.66666666666667,2.0,207.4,1.8666666666666667,35.93333333333333,2.2666666666666666,372.2,50.13333333333333,18.133333333333333,0.07948187231128918,0.22898138979175142,0.48918655300046937,0.2002390837562907,0.004600000000000001,4.15566107721211,0.03751335978835978,0.20346046022659686,0.24833162183499544,0.04690456348932606,0.0
1685220030,3.145917302639876,7.622208830140045,0.9799540058968892,19.431722914915007,0.7901321277866431,18.042730164351955,18.23657120611446,1.1579084600824041,11.732006366161697,13.047159404894249,0.32856930020571995,0.879665152910447,100145152.0,60908339.2,11436851.2,38773145.6,42364928.0,23646617.6,93925376.0,40415232.0,9945088.0,47636480.0,2976972.8,9151283.2,52.30166666666666,89.3736,3.6666666666666665,320.0932666666667,3.7333333333333334,47.0,3.6666666666666665,525.0382666666667,67.8072,28.522766666666666,0.0790278724597683,0.2060485825578133,0.46202430439930436,0.19258839801856525,0.004600000000000001,4.0226235989793695,0.03306486928104576,0.1951171631589992,0.2355271872840197,0.04283120069554726,0.0
1685220060,2.1073150977257256,5.989302224649757,1.2201021046337233,12.238405960077538,0.7831915168657907,17.81962981297698,10.460964094199253,0.72010804026587,9.960291602266713,8.684385972544913,0.4650400673472195,1.1269037511545819,100207547.73333333,60207240.53333333,11368584.533333333,40509849.6,42364928.0,22105429.333333332,93925376.0,40473395.2,9661508.266666668,47636480.0,2971784.533333333,9074278.4,57.51743333333333,97.87593333333332,3.0004,299.2678666666667,3.0004,51.333333333333336,3.0017666666666667,559.0008,72.53333333333333,26.734133333333332,0.04421045644247048,0.126623583011016,0.3330543530543532,0.10204679693918836,0.004600000000000001,2.44528788446897,0.017734030756824875,0.10503707624348572,0.1456337113008231,0.02191104517895144,0.0
1685220090,1.6398033881182634,5.146669714899501,1.316302034238445,8.521197471472863,0.8037678923023273,17.980867567117556,7.562716854055086,0.4047768282211932,9.732916738014323,6.540837812524888,0.511399760026282,1.2567837108535271,100165222.4,60206284.8,11222493.866666667,40498517.333333336,42363835.733333334,21911961.6,93925376.0,40648157.86666667,9680759.466666667,47636480.0,2970692.2666666666,9092027.733333332,61.4,103.0,3.8,317.6666666666667,3.8,52.733333333333334,3.6666666666666665,604.0666666666667,80.26666666666667,31.266666666666666,0.004936332407462152,0.017942787210663214,0.06028635778635779,0.0064978196572195975,0.004600000000000001,0.3271902479926205,0.004732309062953876,0.006053992998571938,0.013210062260221396,0.00483524372757993,0.0
1685220120,1.857897083292334,5.249794232098846,1.249826792351785,10.19832649888726,0.8174495616941283,18.974685911782615,9.135837876937137,0.6707561699580815,11.300693798207009,8.009711845674621,0.4288795003278355,1.1778793672443524,100034286.93333334,60207104.0,11487232.0,39385770.666666664,42433331.2,23540394.666666668,93955959.46666667,40638054.4,9779063.466666667,47636480.0,3032678.4,9049156.266666668,39.6794,72.75243333333333,2.2666666666666666,215.82736666666668,2.3333333333333335,34.13133333333334,2.8,415.68783333333334,51.51616666666666,21.1391,0.022496336845098268,0.06064779121103338,0.16728327922077918,0.0359613118566944,0.004600000000000001,1.2053824032548641,0.009913828810935391,0.041417602853606586,0.07337801956783399,0.012679368655743104,0.0
1685220150,4.5646127714711096,5.526835775056399,1.1554642557127213,17.37772686120705,0.7524176575822528,18.666595452721648,14.439170598574822,1.726386436423977,12.241116810260472,11.222980314909794,0.28753693641173067,0.899405861416241,101958041.6,60205192.53333333,11139754.666666666,39149021.86666667,42367385.6,25708270.933333334,93989956.26666667,39029418.666666664,9763225.6,47636480.0,2993220.2666666666,9276074.666666666,36.88166666666667,55.60733333333334,2.1896666666666667,173.6112,2.1333333333333333,33.31486666666667,3.066666666666667,346.9649,47.303,18.695266666666665,0.0759577147103362,0.17619391936583134,0.49513210108604844,0.15829412881056354,0.004600000000000001,3.8261268235788233,0.025875337162837162,0.16289587405712228,0.21634932384542274,0.041266095247683876,0.0
1685220180,47.90007524054411,5.511405295136967,1.1050707894502902,19.19025560453777,0.7507995840348181,17.99018786910647,17.238993290212996,2.5160993669224108,9.30886972988609,12.200670665852751,0.2507417606530024,0.8066308969104728,104647338.66666667,60191539.2,11606562.133333333,39089083.733333334,42373120.0,26100258.133333333,94038016.0,35728452.266666666,9571532.8,47636480.0,3010286.933333333,9241122.133333333,29.86273333333333,50.869,3.0729333333333333,172.56013333333334,3.0016333333333334,28.266666666666666,2.6661333333333332,307.6014666666667,36.56076666666667,17.692999999999998,0.09629571775504756,0.2196441217397838,0.8354454619454619,0.22130177492829367,0.004600000000000001,4.586390644566787,0.04098119243909684,0.21911589023322256,0.25007115052794077,0.04826544201164051,0.0
1685220210,90.57945944196291,5.150202684425458,1.071728607698383,18.437098220393306,0.7520742066468067,17.929986656778645,16.86127391588004,1.6413155463674611,10.581541270570483,11.625744267711003,0.24165346981470173,0.825672649178883,104548215.46666667,60977698.13333333,11448593.066666666,38948454.4,42373120.0,26832759.466666665,94244044.8,35694592.0,9839547.733333332,47740108.8,3106269.8666666667,9180501.333333334,35.6124,56.108466666666665,1.8615,199.15143333333333,1.9333333333333333,33.594833333333334,2.1333333333333333,362.8847333333333,48.5738,16.7252,0.10624805858064407,0.24095673962300956,0.8788463480963482,0.2351757759807314,0.004600000000000001,4.81784886644166,0.046508046796833985,0.2359673957261087,0.35073627994856577,0.054375606791173065,0.0615
1685220240,95.66428625522718,4.268285140062037,0.8878506733382505,19.45978429657321,0.7343661774518417,17.63378387487357,16.17490027483963,1.6696988244520565,9.598826536542374,11.6543538093043,0.23933681744114463,0.7601014482995825,104452369.06666666,60177339.733333334,11232187.733333332,39096046.93333333,42373120.0,26863069.866666667,94298112.0,35875362.13333333,9728546.133333333,47818069.333333336,3034043.7333333334,9123430.4,35.364466666666665,59.6483,2.4972333333333334,193.1754,2.7401333333333335,32.6,3.066666666666667,344.1747666666667,43.41206666666667,16.618000000000002,0.10365757433252266,0.5064490026410166,1.1611408165442492,0.2360771123624551,0.004600000000000001,4.817043327240972,0.049149648962148955,0.23719718439801132,0.3868176426336912,0.06736213854769997,0.0
1685220270,92.27748348104747,4.515394032875428,0.9524507981839062,19.437029672895278,0.7657722020311316,17.663248967174663,17.828373851639945,1.9407782071007065,10.294407074728921,11.87309593321595,0.2347247864566109,0.7492165936613908,104534016.0,60145937.06666667,11640422.4,39166361.6,42373120.0,26189550.933333334,94303027.2,35731182.93333333,10020727.466666667,47813427.2,3045922.1333333333,9441006.933333334,30.6269,52.393633333333334,2.2666666666666666,182.86666666666667,2.3333333333333335,26.6,2.6666666666666665,304.1333333333333,47.266666666666666,18.944200000000002,0.10599989778552062,0.5168996120120831,1.559020979020979,0.23441700143021993,0.004600000000000001,4.720092390078158,0.0460238229119808,0.23146910676348398,0.3305109027124003,0.06250229223961563,0.0
1685220300,92.4619343276362,5.583840308626829,0.9800657816016485,17.6005464078149,0.7539592908134211,17.320060079188554,18.392137830567727,1.4641601017486274,10.2275367370878,12.211674538767689,0.24058998113833352,0.8139104227454255,104555861.33333333,60178432.0,11511944.533333333,39437653.333333336,42373120.0,26633830.4,94315724.8,35483648.0,9634201.6,47771648.0,2980386.1333333333,9086976.0,36.94563333333333,61.7834,1.9333333333333333,204.93333333333334,2.0,34.266666666666666,2.1333333333333333,335.3687,44.807233333333336,18.540833333333335,0.13493847198203648,0.3917246527881021,1.169683080808081,0.23300233631328024,0.004600000000000001,4.706027758752656,0.046711916638000235,0.22884845301208961,0.28645895851702546,0.0612056811577753,0.0
1685220330,94.18121122082069,4.990669620964847,1.003885967874076,15.756078987396982,0.7175051871320953,17.400725241835186,17.773408154802247,1.0050593481784451,10.503168901124655,11.669026370487266,0.30202663785303796,0.843174878601159,104518451.2,60190173.86666667,11335406.933333334,40156364.8,42373120.0,25141930.666666668,94318592.0,35151462.4,10197401.6,47771648.0,2970828.8,8996044.8,57.94003333333333,93.43113333333334,4.6061,323.88793333333336,4.601633333333334,52.853966666666665,5.2,542.7189333333333,67.42136666666667,31.1186,0.12085957351085447,0.24034729494455806,0.8705765628420428,0.2259733360290102,0.004600000000000001,4.565366334134892,0.04251411146723647,0.2179210194044915,0.256638196967301,0.05266347437317957,0.0
1685220360,97.54123156193742,6.278214434464123,1.5458711997906,10.85994710284132,0.8891756182359725,18.03083721466864,10.897900996533288,0.585895931336275,10.694552784836203,8.563427260400333,0.47699617207858086,1.208266000921657,104309145.6,60267724.8,11263590.4,41001779.2,42422272.0,22424507.733333334,94318592.0,35221913.6,9719261.866666667,47771648.0,3040870.4,9032226.133333333,57.26056666666667,95.2314,2.932933333333333,277.5988,2.932933333333333,50.8,3.0662666666666665,541.6253,72.6043,26.826866666666668,0.05683796007095746,0.14502160771386566,0.5589656084656084,0.1452857591894046,0.0046256797594113365,3.2792089482748996,0.02126074324324324,0.13689930768630493,0.17516250457218466,0.02611960898202263,0.0
1685220390,97.45502620701801,6.234043510354701,1.3395475992070045,8.960890823865288,0.830379150535961,18.16220991150519,8.345230186994481,0.5054374374918772,10.278650033083256,6.421661326440857,0.4688274667445491,1.2185784077684676,104130150.4,60212019.2,11401625.6,40620168.53333333,42400972.8,23695360.0,94326237.86666666,35442824.53333333,9705472.0,47771648.0,2974242.1333333333,9150054.4,47.678599999999996,74.3485,3.066666666666667,229.93333333333334,3.066666666666667,38.862433333333335,2.1333333333333333,438.59523333333334,57.8619,21.813433333333332,0.008639859235606779,0.0344839178762357,0.11027730609294774,0.01970654062181804,0.00463344266884606,0.5463518292600789,0.0069282940038505785,0.017835566975598755,0.03314285695140619,0.005973078381145864,0.0
1685220420,93.33352616121303,5.651735770452633,0.9864474021737383,15.074001737180456,0.7331686429198191,18.153561580665762,14.451101196820554,1.1409269589076192,11.010458868044642,10.018420981473886,0.30476830221276924,0.9362378016503616,104634504.53333333,60204646.4,11786376.533333333,39590570.666666664,42377216.0,26716842.666666668,94359961.6,35204983.46666667,9971712.0,47771648.0,2965504.0,9378747.733333332,33.4299,58.333333333333336,2.0,199.73333333333332,2.066666666666667,30.403233333333333,2.466666666666667,322.46666666666664,42.93333333333333,18.853233333333332,0.09257404008778668,0.16242827875896546,0.509128872053872,0.19000516819067398,0.004608377504848093,4.092142658791858,0.03781978854478855,0.19235609729662126,0.23014062356363366,0.04394650517747795,0.0
1685220450,92.33526914242358,6.065159284022316,0.9592456279589642,18.779064158945754,0.7949123000373394,18.052692113079612,17.85626225874443,1.8337454823813248,10.32151344411076,11.31880212426461,0.2365931339172788,0.7933179493185445,104778001.06666666,60254344.53333333,11367082.666666666,39399970.13333333,42377216.0,26414148.266666666,94367744.0,35445418.666666664,9813606.4,47771648.0,3010423.466666667,9379020.8,36.06666666666667,62.333333333333336,2.466666666666667,191.73333333333332,2.6666666666666665,27.3238,2.8666666666666667,336.46666666666664,46.4,17.281299999999998,0.1590568542450069,0.22531207703713008,0.8287532679738562,0.23534805003401563,0.004600000000000001,4.798477354681286,0.04700669253812636,0.23926983386834572,0.3644441087413713,0.0711047743750038,0.0
1685220480,92.91625806085698,5.292671402692479,0.9152068761284494,17.710923760635,0.7111561511118017,17.511255871602224,17.085592314448967,1.498191463487565,9.730315881452723,11.752548906005929,0.23558096572340947,0.7780385234698878,104605286.4,60257894.4,11424699.733333332,39293064.53333333,42377216.0,25823095.466666665,94432460.8,35349026.13333333,10323285.333333334,48368844.8,2995814.4,9134080.0,38.98976666666667,58.80416666666667,1.5281666666666667,188.81816666666666,1.6,33.396033333333335,1.8666666666666667,337.6458333333333,41.383500000000005,18.554233333333332,0.13616715095765308,0.24277128070161083,0.945568070818071,0.23278922749452677,0.004600000000000001,4.776718769931258,0.043615178571428576,0.2369347253953281,0.3549061475042607,0.059602601708239784,0.0
1685220510,94.2395666416031,6.582319565062234,0.8314342391290341,16.7147884512811,0.7144587381690285,16.84108393127997,18.968126845065683,1.3395612006843385,10.397856305386714,11.492648544245686,0.2434766915501006,0.7622401872062106,104975974.4,60240964.266666666,11467161.6,39235037.86666667,42377216.0,25148347.733333334,94390135.46666667,35456204.8,9765683.2,48106973.86666667,2978474.6666666665,9221461.333333334,29.4061,61.37,1.9333333333333333,188.48063333333332,1.8,27.933333333333334,2.066666666666667,326.51726666666667,43.68436666666666,18.590433333333333,0.1575908396125791,0.23989343378782232,0.8475756095756096,0.23215814914364047,0.004600000000000001,4.711248241956337,0.043980700998348055,0.22975294586063055,0.31672681748707554,0.056148316009948296,0.0
1685220540,93.6380761651219,5.678992128494424,0.8638263856895366,17.940162169646197,0.7347640545466548,17.102122405854892,18.57809240395283,1.4898799828861626,9.296185129948103,11.212011934707814,0.2510610946691802,0.7517989345526339,105011609.6,60270865.06666667,11521092.266666668,39124445.86666667,42380765.86666667,26193100.8,94392320.0,35192832.0,9676800.0,47771648.0,3078553.6,9207125.333333334,38.53333333333333,61.06666666666667,2.2,189.06666666666666,2.066666666666667,30.066666666666666,2.1333333333333333,344.0,43.06666666666667,16.749000000000002,0.15548734918420276,0.2249920240423115,0.7681913919413919,0.23290066181471475,0.004600000000000001,4.682196367244768,0.04580918248418248,0.2289565002242239,0.2515562119868072,0.06181448818083535,0.0
1685220570,96.51230357217915,5.695792638316593,0.8298252009195219,19.252866408832727,0.7249454035862526,17.34008822967443,18.27318912463048,1.4959796242264933,10.679415921977077,10.92919890669246,0.24563705815772235,0.7481711301265285,104936243.2,60248064.0,11447227.733333332,39144243.2,42383906.13333333,26435447.466666665,94395596.8,35486651.733333334,9752576.0,47834726.4,3052339.2,9219822.933333334,41.6096,57.34193333333334,1.4666666666666666,207.58993333333333,1.5333333333333334,34.0,1.4666666666666666,324.90250000000003,43.38213333333333,14.5742,0.12532166455708302,0.21725869714245408,0.7894764957264957,0.2330531200534826,0.004600000000000001,4.688853406634233,0.04507038239538239,0.22700177062328122,0.2472049313824021,0.052435299059429875,0.0
1685220600,96.53008363250021,5.627243996941339,0.8645656677611151,17.971081209722275,0.6970208525438938,17.68768018226143,18.113883587557662,1.338627756114968,10.133340439788721,11.897373125723808,0.2344156949058949,0.7957628510458884,105145002.66666667,60213930.666666664,11516723.2,39045939.2,42385408.0,26425890.133333333,94396416.0,36194577.06666667,9888836.266666668,47771648.0,3018342.4,9277440.0,34.56679999999999,57.37116666666667,2.8244333333333334,181.75306666666665,2.8,30.466666666666665,2.2666666666666666,330.33340000000004,50.4474,17.074833333333334,0.10293901729304032,0.22329748344159395,0.7792516835016835,0.22787839720815792,0.004600000000000001,4.671876116961193,0.042668223905723904,0.22349174087798448,0.3154963910702824,0.049419067904334694,0.0
1685220630,93.66843913728887,5.88981363449256,1.071656045170897,16.604133906853594,0.7669391005001693,17.742477467220837,16.643723267203832,1.089337825785025,10.590124343727352,11.796165639207882,0.29275150460924443,0.82607030980653,105308160.0,60214476.8,11506210.133333333,39191347.2,42385408.0,24190566.4,94396416.0,35726950.4,9463398.4,47771648.0,2978611.2,9075370.666666666,56.80946666666667,89.76136666666666,4.3976,276.8555333333333,4.330933333333333,47.8,3.530933333333333,523.3016333333333,65.33333333333333,29.605,0.10356398611234673,0.21993416195671373,0.7867371031746032,0.2153052839861766,0.004600000000000001,4.556922658046312,0.04986755952380952,0.2157606959855482,0.2864623719317904,0.0502573133938663,0.0
1685220660,96.12289004524054,5.419505397599385,1.5707542120788134,11.7288987443194,0.8184071681141339,17.70591863573023,11.26819934671037,0.692702731075731,10.58193035100512,7.459455492248737,0.4963294702469714,1.2352529839400999,105249996.8,60197273.6,11554133.333333334,41036595.2,42385408.0,22502604.8,94396416.0,35445555.2,9765000.533333333,47771648.0,3012881.066666667,9064174.933333334,57.82286666666666,102.75716666666668,3.8508333333333336,307.39753333333334,3.7333333333333334,55.266666666666666,4.4,580.0243666666667,74.28716666666666,30.2733,0.06256705718391029,0.14836098837843392,0.5351143162393163,0.13215683869301093,0.004600000000000001,3.3793003199358957,0.03067613816738818,0.13282804334514012,0.17140473307935392,0.02499660522436745,0.0
1685220690,97.8825617967434,5.280216305716854,1.4173918317207648,8.925080610776536,0.8392621188425852,18.02641741037992,8.300903154069024,0.4418167033143053,9.863372336812605,6.939775348090735,0.4598609504785542,1.171062626551232,104909482.66666667,60198092.8,11612979.2,40805444.266666666,42385408.0,23707511.466666665,94396416.0,35542084.266666666,9673386.666666666,47909546.666666664,3071044.2666666666,9145139.2,49.0506,70.14226666666667,1.5896666666666666,222.022,1.6666666666666667,38.00523333333333,2.0,429.1673333333334,58.052299999999995,19.699099999999998,0.010333770560553105,0.07712210828052053,0.11516525567795459,0.01928179565170127,0.004600000000000001,0.6650711609438144,0.0068668451617257854,0.020792435760535626,0.03815046328540093,0.0064402548962644605,0.0
1685220720,95.6421188478215,4.659866753591539,0.9634194343202099,12.257175621252344,0.7335497265065741,17.51364608000063,13.061306268147952,1.0326198412953322,9.465969337996034,9.742310710777895,0.28078492004546335,0.9206567598187533,104783052.8,60194816.0,11708416.0,39099596.8,42385544.53333333,26462344.533333335,94470417.06666666,35386709.333333336,9744247.466666667,47870771.2,2973696.0,9306385.066666666,30.7742,58.143233333333335,2.1394333333333333,182.84726666666666,2.068166666666667,24.933333333333334,1.7333333333333334,320.54060000000004,44.3241,16.4695,0.07427857185257215,0.2265253773965177,0.6131153799903799,0.18063206924157849,0.004600000000000001,3.998548515333627,0.03402031746031746,0.19267174618796762,0.23620165998928658,0.043454461762171534,0.0
1685220750,95.29829887475104,5.090675824301519,0.8515467026142225,18.139638073689152,0.6848293479895077,18.470529026785986,14.630468732064394,1.226960921030807,9.061470277708695,10.668242873437396,0.23004036928375043,0.7117403957173223,104952354.13333334,60243558.4,11490099.2,38919645.86666667,42389504.0,26688170.666666668,94433280.0,35382749.86666667,9594197.333333334,47857664.0,2975607.466666667,9437593.6,33.91556666666666,70.3639,2.539433333333333,175.75916666666666,2.466666666666667,33.4,3.066933333333333,326.47860000000003,42.29113333333333,14.072766666666666,0.12503861149446266,0.2584696206862495,0.8479380243437906,0.2364997444823895,0.004600000000000001,4.7603891208569085,0.05291126672891379,0.2338386473126115,0.35986111964589096,0.06739182002892566,0.0
1685220780,91.29995774255252,5.398412231619123,0.9202506918169164,19.56788933760089,0.708924474310166,18.116868506192457,17.34391032624744,1.492201620861553,10.253678528918462,11.121335300009518,0.23554226591269872,0.7635688938236131,105205896.53333333,60258577.06666667,11629636.266666668,38878412.8,42393326.93333333,26017928.533333335,94450619.73333333,35173853.86666667,10331886.933333334,47858073.6,3068313.6,9396633.6,33.05643333333333,59.6331,2.2,191.66666666666666,2.2666666666666666,32.86416666666666,1.6666666666666667,331.52916666666664,44.2032,17.053366666666665,0.15311785167075717,0.28998751148031493,0.8903550184693761,0.23981806608169312,0.004600000000000001,4.759689354984827,0.04523953495872033,0.23081898299441497,0.3639227406127901,0.06109273389341498,0.0
1685220810,95.18111054444267,5.7552281565357335,0.8846899397811913,20.842539605938757,0.7242287184636741,17.795573472110416,16.88463838533084,1.1946455568745715,8.946036169558543,10.705845123408206,0.23024348304282832,0.7577162910312889,104976247.46666667,60624759.46666667,11582941.866666667,38969207.46666667,42397286.4,26936661.333333332,94456763.73333333,35537169.06666667,9878050.133333333,47865036.8,3014246.4,9116603.733333332,36.6498,52.23056666666666,1.6061,192.6753,1.6666666666666667,28.813666666666666,1.2666666666666666,302.6309333333333,44.014633333333336,14.685033333333333,0.129470814685593,0.23683371069905618,0.871763425028131,0.2394274607956649,0.004600000000000001,4.733136259131765,0.0426067388651367,0.23031095728481862,0.29971192444239897,0.05155213974024868,0.0
1685220840,95.14579605647474,4.732935841419691,0.8251998102890978,18.45263685926234,0.7055782066827376,17.695294827908004,17.227539616308174,1.2805242818323932,10.559341114892389,10.391806759283376,0.23938630711451805,0.7452967810193931,104979660.8,60736853.333333336,11797845.333333334,38946269.86666667,42393600.0,26839449.6,94476424.53333333,35595332.266666666,10111385.6,47952281.6,2978338.1333333333,9325772.8,33.619299999999996,60.29643333333333,2.8729333333333336,165.307,2.8,32.733333333333334,2.8,317.20210000000003,41.2759,19.48456666666667,0.10976467833419393,0.28411504281262734,0.8180729802604803,0.2357046516381767,0.004600000000000001,4.706971973230607,0.042553768733702944,0.22975404015383966,0.2838775675561891,0.04811042031438883,0.0
1685220870,94.67889818826488,4.502446348166514,0.9568554493756475,17.01428422382287,0.657824737504324,17.509353935539323,18.84232103553344,1.7188942457207088,11.065008925566586,10.799396795766166,0.240603810183431,0.7827321814360001,105142135.46666667,60198912.0,11661312.0,39011942.4,42393600.0,25874841.6,94482432.0,35334826.666666664,9768823.466666667,47859712.0,3053704.533333333,9170124.8,32.16383333333333,70.13333333333334,2.8,197.88920000000002,2.933333333333333,29.666666666666668,2.466666666666667,339.72153333333335,41.327666666666666,18.903000000000002,0.11315587436249089,0.3443421079474215,0.8293114857851699,0.22665535027070896,0.004600000000000001,4.653724321560458,0.0434070009097183,0.22741058092027344,0.3194417992630786,0.04782171478525265,0.0
1685220900,91.05033856064006,5.5733511803377915,1.0223264288682876,16.71262755049208,0.7553631384898213,16.975093811529298,16.692322245669676,1.2459463744254988,8.78651823275496,12.148570393622688,0.2369891018480997,0.7801386889782201,104686660.26666667,60255027.2,11616392.533333333,38992008.53333333,42393600.0,25737079.466666665,94495539.2,35678208.0,9708748.8,47905587.2,3025988.2666666666,9206169.6,33.11666666666667,55.6413,1.8152333333333333,183.19016666666667,1.6819,32.0,2.7611,344.6917666666667,46.1304,17.2315,0.10838657693744162,0.24122516837428976,0.9259654304029303,0.21941690765594832,0.004600000000000001,4.619324137287472,0.04555456050442506,0.22392243839408693,0.29908024362560415,0.04836648819162419,0.0
1685220930,95.89925360627733,5.836849492605358,1.0291858527458637,15.68285254780059,0.7624138201156027,17.757725415059813,17.389008639239446,1.2856484992765913,10.077060903361218,11.515674457192585,0.3192675402775054,0.8455581655875871,104606105.6,60286702.93333333,11732036.266666668,39065463.46666667,42394965.333333336,24596480.0,94508236.8,35503854.93333333,9991509.333333334,47857664.0,2981888.0,9265971.2,53.025666666666666,86.6779,4.594833333333333,281.42803333333336,4.666666666666667,48.280033333333336,4.133333333333334,503.25169999999997,63.78796666666666,30.720533333333332,0.09751934799995071,0.21870220898441864,0.8759083889966243,0.21255027155034167,0.004600000000000001,4.489727596429216,0.042651833814333816,0.22018401071360155,0.2812647541962065,0.048118542699873194,0.0
1685220960,96.3347344810807,6.495942175858359,1.4077886946532092,10.314053064140342,0.8442641023050653,17.860216975486022,10.808500833787917,0.6837484034716269,10.170930407895867,7.916877943379137,0.45730969612316,1.147414565173716,104531148.8,60280832.0,11574476.8,40218897.06666667,42402474.666666664,22029789.866666667,94511104.0,35260552.53333333,9700556.8,47857664.0,2975470.933333333,9230745.6,55.62883333333333,107.46666666666667,3.8666666666666667,321.8666666666667,3.933333333333333,52.13333333333333,4.133333333333334,560.6610999999999,71.72776666666667,30.357066666666665,0.05870549831438186,0.17896088682528083,0.495109649122807,0.13254824588257727,0.004600000000000001,3.2108405219883864,0.024162677045177054,0.14074503838104396,0.16865165530705706,0.02826292235725802,0.0
1685220990,96.46296179798294,5.4202200897557455,1.2617398759643208,8.454510345295832,0.8138203880735079,16.909993969031692,8.03269495828039,0.49864395089560076,9.709288025366726,6.872938731844861,0.46618185902059683,1.148349576951674,103815304.53333333,60239735.46666667,11561915.733333332,40471210.666666664,42393600.0,23526331.733333334,94511104.0,35237888.0,9837363.2,47857664.0,2977245.8666666667,9137902.933333334,40.93333333333333,68.885,2.145566666666667,218.75953333333334,2.1333333333333333,36.333333333333336,1.6,417.28606666666667,54.2109,18.945433333333334,0.010850852413073651,0.10195767062657198,0.10245584723054058,0.020127185351886307,0.004600000000000001,0.7346920006037742,0.004786657415194743,0.016484089019777857,0.036911698145699674,0.006580997553194851,0.0
1685221020,94.60754522803187,5.043094501470271,0.9577847971639561,15.59219714473711,0.7302615881507006,17.909832165777,13.22149955729515,0.9628029796714281,10.28914985657163,9.937220376266788,0.3049627767574074,0.9544075810792677,103892718.93333334,60227584.0,11651481.6,39694882.13333333,42397422.93333333,26670148.266666666,94529672.53333333,35611443.2,9805824.0,47859575.46666667,2979430.4,9258188.8,38.69616666666666,46.746833333333335,2.1229999999999998,168.01116666666667,2.2666666666666666,32.06666666666667,2.1333333333333333,352.48760000000004,47.29326666666667,17.8599,0.07243386586016584,0.22050239824372456,0.8177117604617609,0.17729926647074545,0.004600000000000001,3.9339270194372213,0.027244621744268813,0.17328976580834302,0.20356413654451708,0.03717490178781234,0.0
1685221050,92.94322023750318,4.292370254379714,0.9044730092346126,18.385645421013727,0.7232767876480086,17.18765575960771,17.12154485231706,1.084655296890161,9.854656384954843,10.93164812939854,0.21812366393442836,0.7675576818991373,107350698.66666667,60257075.2,11621990.4,39782673.06666667,42399744.0,26746880.0,94592750.93333334,35171123.2,9806097.066666666,47871317.333333336,3079236.2666666666,9206442.666666666,32.6,59.733333333333334,2.8666666666666667,168.93333333333334,3.0,27.266666666666666,3.066666666666667,317.8666666666667,44.666666666666664,19.904933333333336,0.0976716293261791,0.44267915057748336,1.6356486344537815,0.23284264399155835,0.004600000000000001,4.798656272034727,0.0462174023892774,0.23301495867113922,0.3428189276629311,0.056889802297242345,0.0
1685221080,95.4808371016794,5.172600847785218,0.999668226459366,18.111289748790355,0.7662231458316502,17.31995270426133,17.586811826932284,1.5620314993251676,10.545869793540065,11.25274585292926,0.24162773474435797,0.7940587266516629,105320448.0,60294758.4,11667456.0,39572275.2,42405888.0,26642432.0,94601216.0,35312025.6,10024550.4,47909000.53333333,3047424.0,9269248.0,36.53333333333333,56.86666666666667,2.533333333333333,168.66666666666666,2.466666666666667,31.266666666666666,2.4,337.6668,44.2,17.996466666666667,0.10987977925725327,0.5345114861653942,1.5738750000000001,0.2336947779009801,0.004600000000000001,4.825171362833984,0.045967392025973684,0.2341871696427779,0.36300817570048405,0.059733906924743715,0.0
1685221110,93.42440709078375,5.339839967279935,1.034472031673054,18.899575649190908,0.7822669743560946,17.34761256475383,17.813851142059054,1.8906702281278795,10.54654636496154,11.963956237019609,0.2382695616934686,0.8227057258002822,105320448.0,60225536.0,11699541.333333334,39290743.46666667,42432512.0,26546722.133333333,94604902.4,35494024.53333333,9846237.866666667,47906816.0,3101218.1333333333,9251362.133333333,31.128466666666668,60.656166666666664,1.9396,185.3058,2.1333333333333333,28.715033333333334,1.4,344.6025333333333,49.4512,18.868966666666665,0.14825321587147444,0.2873893959261213,0.9698720330237361,0.23312477162049067,0.004600000000000001,4.759731041992419,0.04461261282290695,0.23555384808659463,0.34066274678597824,0.05608999516434025,0.0
1685221140,95.00734234625024,5.889297903685946,0.9581031415061083,18.27272519938805,0.7491304000716587,17.900670247058887,17.752777060814125,1.8399029630817112,9.985570960702118,13.162237126600312,0.256855313660137,0.7727701282907578,105462988.8,60263082.666666664,11709098.666666666,39161446.4,42401792.0,26494156.8,94609954.13333334,35385207.46666667,10020454.4,47906816.0,2974378.6666666665,9404416.0,32.03566666666667,54.89149999999999,2.1333333333333333,168.22956666666667,2.4,33.666666666666664,2.0,321.3953,37.75866666666666,17.1535,0.15631826979201033,0.2233316536051643,0.7673845598845599,0.23370232050470602,0.004600000000000001,4.73904951872687,0.043510962301587304,0.23680130710250205,0.3414290758403612,0.05271250634944059,0.0
1685221170,94.12057941326584,6.144227105469761,0.9602778324182332,17.611184873985966,0.7142142367080503,17.55635858419892,17.202753053090607,1.463146282543309,9.476488347659851,11.565881009116591,0.24926244219945962,0.7932202088464881,105467904.0,60265949.86666667,11684795.733333332,39061504.0,42402611.2,27307212.8,94615415.46666667,35500987.733333334,9822754.133333333,47908864.0,3079918.933333333,9193881.6,29.782233333333334,60.3889,2.0,190.45409999999998,2.2,30.133333333333333,1.6,347.44513333333333,43.79963333333333,17.4838,0.11801238416457648,0.21451679578448615,0.7570643338143339,0.2349563202473301,0.004600000000000001,4.763729244659379,0.041121500259000264,0.23388583368410007,0.2848837847066097,0.05742330232360322,0.0
1685221200,97.08681334343301,6.048151883838175,0.9187007952417366,17.502899803368358,0.7240760564868265,17.28595248919858,17.0242040449346,1.4558290320288996,10.569294426231698,11.918480950022172,0.2330039878077146,0.7659161825016823,105556650.66666667,60267451.733333334,11424563.2,39002931.2,42405888.0,26253038.933333334,94668253.86666666,35599155.2,9764864.0,48775304.53333333,3038685.8666666667,9386393.6,39.92906666666667,58.61946666666667,2.457866666666667,196.58239999999998,2.3245333333333336,35.192433333333334,2.057466666666667,322.3550333333333,45.7477,18.4534,0.13882544032874383,0.35323014582880863,0.9419721382705128,0.24264746352842234,0.004600000000000001,4.741500595428732,0.044584525197025195,0.22820161580692339,0.26860584221781103,0.06658358831934463,0.0
1685221230,92.10793954839501,5.386029414066663,0.9576576784803663,18.346977595737265,0.7544881898530483,16.64827854124461,16.131209812948722,1.4232865713283736,11.611332938750115,11.366002300091198,0.30317721498685013,0.8251088463429689,105667106.13333334,60257621.333333336,11789789.866666667,38998289.06666667,42405888.0,24748168.533333335,94621696.0,35408281.6,9615223.466666667,48017408.0,3004825.6,9295735.466666667,53.706066666666665,88.21443333333333,2.6731,272.9256,2.7333333333333334,48.859833333333334,2.8656,499.6225333333333,64.79316666666666,25.8625,0.1270934216136962,0.4758699203308408,0.9358934977945882,0.22984849441704927,0.004600000000000001,4.5941973032625025,0.041622619047619054,0.2143922843107917,0.25454070146800695,0.0610501545856487,0.0
1685221260,97.66227816881675,5.673449455789226,1.3487568400411087,12.131243840647048,0.8567300777167652,18.495775343559465,10.985924142477158,0.7438842215711186,10.721223827185336,8.43491711694274,0.47657551049615954,1.1807913756961248,105713117.86666666,60267997.86666667,11846314.666666666,41729228.8,42405888.0,22641049.6,94621696.0,35775146.666666664,9690726.4,48029696.0,2977792.0,9422165.333333334,59.17863333333333,100.51096666666668,3.7948333333333335,328.43656666666664,3.8,51.53333333333333,3.7333333333333334,569.4932666666666,73.5912,30.688100000000002,0.06092985870389957,0.1594653158961244,0.5851365864527629,0.1349714274976191,0.004600000000000001,3.5365716485482745,0.019061706349206353,0.12951653110449762,0.17271158153279811,0.03129820481315738,0.0
1685221290,97.2370125276075,5.8958217928264895,1.361615211117381,9.191393330241986,0.7935369338720214,18.900664208240933,8.742436007714684,0.43480132890827644,10.370608908583316,7.028294318576708,0.49638771080972405,1.220551424878298,105438822.4,60292573.86666667,11578709.333333334,39957026.13333333,42405888.0,23207799.466666665,94621696.0,35869764.266666666,9889382.4,48030924.8,2975197.8666666667,9151692.8,42.7815,67.1247,1.8011000000000001,225.65606666666665,1.8666666666666667,33.266666666666666,1.9333333333333333,377.5647666666666,52.57513333333333,18.970399999999998,0.009136210267296505,0.02596384205925357,0.0906807133838387,0.019152481675367868,0.004600000000000001,0.5338782487262682,0.005114173978466013,0.017320723265363637,0.034158919648522114,0.006480996466463939,0.0
1685221320,98.6571047113123,5.970631373731911,0.9297872855437361,14.72044648721386,0.7091496949411938,18.27650471372142,12.734318628331348,1.1607795687001798,10.627162799521313,10.032531455992107,0.2900458422223136,0.8934613718924392,105216409.6,60254344.53333333,11636872.533333333,39749222.4,42405888.0,26746743.466666665,94650914.13333334,35629192.53333333,9777561.6,48033382.4,3041826.1333333333,9357448.533333333,31.134633333333333,61.27336666666667,2.066666666666667,183.06406666666666,1.8666666666666667,26.660833333333336,2.6,294.85516666666666,36.61833333333333,17.491766666666667,0.07048062370344699,0.1454756061195038,0.4462411265803042,0.17100002724105443,0.004600000000000001,3.9077420838276975,0.022226200882450885,0.17159993822510075,0.20004484090206992,0.03478607134371451,0.0
1685221350,93.73711405871222,5.642986981948052,0.7949160415002098,17.104399655712346,0.7134686919640367,17.755302101461723,17.11210940886963,1.8427315929911663,10.463182011825916,11.061194928366287,0.23604564133318157,0.721335888013942,104821145.6,60242739.2,11777365.333333334,39602585.6,42405888.0,27099136.0,94706483.2,36043434.666666664,9633792.0,48079394.13333333,2979703.466666667,9298739.2,33.01826666666667,58.92516666666667,1.8125,174.03236666666666,1.9458333333333333,27.003766666666667,2.0802666666666667,315.1732,39.52816666666667,15.272033333333333,0.12727420744247353,0.21300463949736306,0.731977540977541,0.23229459198639885,0.004600000000000001,4.743030235677123,0.04399011752136752,0.23093823596193416,0.26035924190575566,0.06356805054195742,0.0
1685221380,94.97317755169983,5.932794966949903,0.987822172168559,18.639963515833344,0.7681833541611186,17.959382978799077,18.12134054011507,1.587760399567934,11.482269486426093,10.561268302395288,0.24085748976048232,0.7609106892341297,105413154.13333334,60298035.2,11580211.2,39227938.13333333,42432921.6,26458385.066666666,94728738.13333334,35505220.266666666,9823027.2,48029696.0,2977928.533333333,9141725.866666667,31.413733333333333,60.9445,2.394833333333333,194.1892,2.3333333333333335,30.8051,2.533333333333333,345.80743333333334,42.240300000000005,18.266066666666667,0.13214870448843952,0.21896713344368637,0.7795157723540077,0.23420434057062567,0.004639519541589683,4.802505790723375,0.04989712940811624,0.2350561897149212,0.26521039059303475,0.07202962276836415,0.0
1685221410,94.30155481635936,6.454150123016494,1.0066697347272096,18.278350213650036,0.8046905137165241,17.396980819054274,18.863364869602204,1.3333768174004168,12.097455969487662,10.860510862065857,0.2459078885746389,0.782866022938191,105676390.4,60357563.733333334,11527782.4,39122944.0,42484804.266666666,27033190.4,94732288.0,35698005.333333336,9619865.6,48031334.4,2981888.0,9300514.133333333,33.2,59.86666666666667,2.3333333333333335,169.86666666666667,2.1333333333333333,31.124933333333335,2.6,304.73333333333335,43.06666666666667,14.897033333333333,0.12438688142499649,0.2168456348262883,0.7569444894917031,0.236925621918915,0.004646266744028821,4.813538315654835,0.04725705094422486,0.2354095977504781,0.26586928310276126,0.06571946619723358,0.0
1685221440,93.52961600103825,6.372994399900946,1.0140157724911203,17.99802819087984,0.7025100996313517,17.563355293117997,17.51028348877927,1.0913617409910426,12.533133593229765,11.016100639700564,0.24404361409082606,0.7790204998023645,105902489.6,60364390.4,11720977.066666666,39133320.53333333,42483712.0,27284002.133333333,94744439.46666667,35596014.93333333,9673523.2,48029696.0,3032678.4,9370009.6,37.8702,51.02513333333333,2.607266666666667,169.6290666666667,2.7353666666666667,30.746133333333333,2.4006666666666665,327.05353333333335,37.72286666666666,20.98753333333333,0.16317908897134034,0.2175962765437036,0.7416031746031746,0.24062850484478635,0.004609511358207011,4.874735353127267,0.04332700771908977,0.23699310019885997,0.35658161656798265,0.06671534314206133,0.0
1685221470,95.34485180288782,6.188203611875549,1.0578085756811206,17.68338251907094,0.7533882794271193,18.343373567701665,17.55259866893005,1.2842871736868413,11.439702201888265,11.440018310093903,0.24511913258767046,0.8118062693854313,106065920.0,60323157.333333336,11521638.4,39106696.53333333,42486033.06666667,26420838.4,94748672.0,35894613.333333336,9899212.8,48029696.0,3108044.8,9220505.6,35.32716666666667,63.229033333333334,2.2666666666666666,178.76069999999999,2.3333333333333335,30.990066666666667,2.8,342.41226666666665,43.985866666666666,16.236433333333334,0.16751808074679309,0.21899113487366065,0.7814032831418667,0.24283080538208016,0.004600000000000001,4.944937247917293,0.048011352657004826,0.2352084470024623,0.38032998964421844,0.07467331744877709,0.0
1685221500,95.40293285923308,5.743902497393875,1.016400232284504,17.156071622868037,0.7661833349354147,17.528867720874235,17.07239620210044,1.4216177877825038,10.969844252770347,12.439181870280727,0.24518871191804104,0.8035671914324851,106945740.8,60237824.0,11704593.066666666,39196535.46666667,42484121.6,26328814.933333334,94748672.0,35805866.666666664,9859072.0,48029696.0,2983389.8666666667,9258325.333333334,31.440833333333334,60.923,2.466666666666667,184.8401333333333,2.6666666666666665,28.4,2.066666666666667,323.3494,46.1147,16.120933333333333,0.12985953230339808,0.2267198248554343,0.8597909622468362,0.23887342918388738,0.004600000000000001,4.816367763221235,0.04772413283136799,0.23140574593458219,0.3297910235083545,0.07028270630570499,0.0
1685221530,94.37012754775834,5.3624668607593575,1.0071034648088657,16.942824800773053,0.7298425301339538,17.334511566699554,16.80698826568569,1.03395657969743,12.267502315562627,11.90679471831363,0.31810505866780814,0.8531185169249803,106882798.93333334,60257757.86666667,11783918.933333334,38814788.266666666,42483712.0,24431274.666666668,94778709.33333333,35715481.6,9604710.4,48029696.0,3024076.8,9287270.4,54.722,92.6595,3.6666666666666665,304.04583333333335,3.8016333333333336,49.320100000000004,3.468033333333333,526.2216666666667,71.04856666666666,28.275333333333332,0.10791563249003971,0.24292432209953743,0.886991341991342,0.21963523993051848,0.004600000000000001,4.591481162066908,0.038584100948071534,0.2258434872429184,0.3051673784625965,0.05181515835523182,0.0
1685221560,96.32756087468846,6.028491732206598,1.303403867637108,11.502273660177405,0.8358595648698579,18.712769105338587,11.275503902022937,0.7503775416341771,10.960580245403998,8.521131544979156,0.4886709015492766,1.1603104302753466,106932497.06666666,60283835.733333334,11671825.066666666,40570880.0,42484667.733333334,22488132.266666666,94830592.0,35805866.666666664,9807189.333333334,48029696.0,3066811.7333333334,9252864.0,55.90613333333333,101.1847,4.2202,314.7760666666666,4.2016333333333336,51.163266666666665,4.466666666666667,558.1465666666667,75.02459999999999,31.283,0.0588293977786741,0.16232202075464486,0.62153841991342,0.11657577184816269,0.004600000000000001,3.427642596326295,0.023735000000000006,0.1378746588295105,0.18694365686104789,0.023291962061372396,0.0
1685221590,97.30091034729067,6.247595169265204,1.240396211172786,8.984782071284474,0.798606420132279,18.568816518123427,8.467552417755387,0.4644394698762891,10.297325001947403,6.892319830333451,0.49142676097685245,1.2851243095239873,106202316.8,60262673.06666667,11698176.0,40583168.0,42487808.0,23439360.0,94830592.0,36045619.2,9798587.733333332,48029696.0,2970965.3333333335,9396906.666666666,43.257466666666666,78.9736,2.2,239.46666666666667,1.9333333333333333,37.05586666666667,2.2,432.4279666666667,54.954033333333335,19.8781,0.009513143008998885,0.02460903797900555,0.054509835490261595,0.017113002999449182,0.004600000000000001,0.4578066277787068,0.004905245293081903,0.0149228239371292,0.028326011122675233,0.005745080872563092,0.0
1685221620,94.64193073269873,6.503310204730291,0.998665714445313,13.55157391201963,0.7387256528548597,18.10113301519934,13.139235170740301,1.1421633889858063,11.089139179366885,9.699942512650885,0.3256339764847252,1.028785545583475,106286011.73333333,60320153.6,11618304.0,39382766.93333333,42490402.13333333,26716842.666666668,94830592.0,35861572.266666666,9759539.2,48029696.0,3060804.2666666666,9256004.266666668,38.04096666666667,52.199666666666666,2.4673333333333334,188.40203333333332,2.534,36.333333333333336,2.134,332.7558333333333,46.06466666666667,17.64783333333333,0.07240535979057486,0.14544100962841072,0.5560201372701373,0.1667242892067096,0.004600000000000001,3.5772998353025405,0.022801436394930368,0.1602389237302235,0.192901718098875,0.0332770766374397,0.0
1685221650,95.83196495760212,5.486413783192938,0.9105008925223605,18.060849683914096,0.729803984667269,17.246099746840155,17.416823711263604,1.3743242209493474,10.73746713033702,11.790830729929707,0.23863182642932798,0.8046547347222267,106523306.66666667,60274278.4,11543210.666666666,39092906.666666664,42489309.86666667,26402542.933333334,94842880.0,35825664.0,9950003.2,48094549.333333336,3092753.066666667,9111142.4,31.455033333333333,60.8134,3.4,203.28093333333334,3.2,28.733333333333334,3.533333333333333,326.3244666666667,42.655033333333336,21.467533333333332,0.09579674041143926,0.22812974909754016,0.9136172001564158,0.2284797390937166,0.004600000000000001,4.6219049687284075,0.04260272748085248,0.22976318653945285,0.29000561299502553,0.059378586490508284,0.0
1685221680,93.52686689322216,4.4626666441621285,1.0792906015982175,18.692819761538207,0.7559798488513988,17.820443968837576,17.707512915026804,1.6579323953754677,11.320187487482249,11.569065750005466,0.24071163521961292,0.7882965266108897,106550886.4,60219392.0,11752789.333333334,39037883.733333334,42491904.0,27190340.266666666,94885478.4,35873450.666666664,9765683.2,48331434.666666664,3000729.6,9134080.0,29.456333333333337,65.54753333333333,2.5948333333333333,189.84426666666667,2.2,27.733333333333334,3.3333333333333335,330.1311333333333,42.338,19.383699999999997,0.09743618645636545,0.3214744138128489,0.9865413770882161,0.23359837644940915,0.004600000000000001,4.767008976389918,0.04444512323848708,0.23901097207138972,0.32178818814948645,0.0691394756951114,0.0
1685221710,95.8209840326829,4.840861685358087,0.9815418384504794,19.418399749609772,0.7589742598453959,18.491996231483707,16.942066814050342,1.7803651869442123,10.495426975148028,11.183754657583092,0.23485884826954395,0.7889310009951799,106569728.0,60291345.06666667,11826244.266666668,39034060.8,42488627.2,26932974.933333334,94914969.6,36201813.333333336,9905356.8,48070792.53333333,3024759.466666667,9227741.866666667,33.99446666666667,55.01833333333333,2.3516666666666666,200.584,2.3333333333333335,31.0,2.466666666666667,347.2300666666667,46.0067,18.349733333333333,0.0983331647594689,0.2833554632727736,1.0878020451770452,0.2313859947611444,0.004600000000000001,4.753078583038671,0.046317284889101834,0.23575990835505975,0.33316609736037434,0.06982977163285997,0.0
1685221740,93.38056546253664,5.301454837746615,0.8490756053976466,18.942765672082874,0.75166227227094,17.500854884020743,17.469871815691537,1.360279930186396,10.415180153406961,11.739671447939482,0.24752637028969254,0.7899880498015615,106549248.0,60487680.0,11673463.466666667,39279820.8,42487808.0,26964787.2,94924800.0,36702890.666666664,9851016.533333333,48055910.4,3053977.6,9305702.4,31.974300000000003,57.35423333333333,1.2788,193.53333333333333,1.4121333333333332,33.93333333333333,1.2666666666666666,329.4859666666667,43.8,20.721799999999998,0.14976951354355628,0.2249252383820749,0.9249648962148963,0.2351190881293438,0.004600000000000001,4.72822215463199,0.04957693436057407,0.22944762108025915,0.3358601080083304,0.07419209383675743,0.0
1685221770,92.29196780457265,6.019615067315297,0.8220036386000756,16.89147626014732,0.7059758696846367,17.336609141859615,16.351443113396403,1.484939664284988,9.264577716158449,11.071009810085943,0.2387691329085465,0.7752916892351959,106562355.2,60394154.666666664,11437260.8,39377715.2,42489173.333333336,25977105.066666666,94926574.93333334,36156211.2,9712571.733333332,48062464.0,2998408.533333333,9438412.8,36.11386666666667,58.837599999999995,2.6,191.3709333333333,2.533333333333333,29.679633333333335,3.066666666666667,318.00236666666666,40.63056666666667,14.867766666666666,0.16309201055026268,0.2251466152855789,0.8301328160143949,0.23758589921555748,0.004600000000000001,4.719359179951831,0.04676828090210443,0.2257322651439145,0.3058234228701244,0.07232228333160724,0.0
1685221800,92.73828349849789,4.858590953109428,0.8991655358205448,18.49026005595731,0.7451566444713743,17.742945173655546,16.751782604114812,1.7923073647079029,10.302559817208452,10.349670084791773,0.22508019178578312,0.7578494023138517,106666393.6,60416819.2,11449685.333333334,38894796.8,42491904.0,25735987.2,94970129.06666666,36120439.46666667,9839820.8,48076663.46666667,2977382.4,9180501.333333334,29.816133333333333,49.228566666666666,2.3396,168.43613333333332,2.2,28.466666666666665,2.6,307.90229999999997,40.81773333333333,16.298366666666666,0.13747005697641684,0.45619657460912794,0.9788757658033975,0.23641213648670298,0.004600000000000001,4.743647489685441,0.043470634920634924,0.22576244575343404,0.34290925535689165,0.058978058746193475,0.0
1685221830,93.08989769552531,4.817328705638389,0.9752423568402747,16.801707458659767,0.7487896474890737,17.68288160318863,15.386657368153056,1.2550077361567924,10.622909862435204,10.314762769156111,0.294628878816795,0.8338485520594036,106875699.2,60198365.86666667,11300727.466666667,39035972.266666666,42491904.0,23462843.733333334,95182848.0,36440064.0,9763771.733333332,48078848.0,2974242.1333333333,9172309.333333334,55.778299999999994,88.31660000000001,3.568233333333333,298.27826666666664,3.671,47.616099999999996,3.0043333333333333,535.1882666666667,71.54729999999999,29.94173333333333,0.10414398890015424,0.6249749966805781,1.1747083333333335,0.23302443902752965,0.004600000000000001,4.8122397162437585,0.03250203869047619,0.21991923942176161,0.33405123620853877,0.05018199432467913,0.0
1685221860,98.16821763313055,5.600076834214424,1.465868742043908,11.010508579086968,0.8160382529860022,18.120508948690762,10.798482966700316,0.7455734444576394,10.393494467716716,8.640173040617615,0.4785528286036905,1.1631172389365763,106901504.0,60217480.53333333,11443950.933333334,40464930.13333333,42491904.0,21781435.733333334,95182848.0,36390775.46666667,9851426.133333333,48078848.0,3033497.6,9209036.8,60.9669,107.8672,4.066933333333333,334.80106666666666,4.000266666666667,56.0587,4.533600000000001,606.5341333333333,78.26666666666667,31.761033333333334,0.05323997059678438,0.2755018166657186,0.5593973239723239,0.1269660004890643,0.004600000000000001,3.635854337120927,0.01758511013471654,0.13127555071353775,0.18124130218587484,0.023495201099712246,0.0
1685221890,97.24757554478009,5.996282211548063,1.5312878913573653,9.288538639081814,0.8352836556688279,18.53688551229648,8.832316104755062,0.4925496612984411,10.305161973303798,7.068487824443692,0.4927727192596317,1.2461775651191256,106431283.2,60243968.0,11413640.533333333,40710690.13333333,42491904.0,23285760.0,95182848.0,36707942.4,10084352.0,48078848.0,2997862.4,9093666.133333333,45.6553,76.94406666666667,2.3981666666666666,222.53376666666665,2.1981666666666664,39.5532,2.4087666666666667,408.1929,54.663466666666665,22.950366666666664,0.012248183091353355,0.03494959736832093,0.08787580600643329,0.021036688519919113,0.004600000000000001,0.6074938895782311,0.005317508130015782,0.017103888838336266,0.03461722569082907,0.00598474066200551,0.0
1685221920,93.99133240154453,5.591657091160471,1.127479692573534,15.392361263071187,0.7986001720688657,17.933361939426685,13.009841743282102,1.4866886011395024,10.154039871462164,10.221242863598292,0.3019587029896449,0.9293275286009437,106628027.73333333,60240554.666666664,11575842.133333333,39661294.93333333,42494498.13333333,24981230.933333334,95182848.0,36511061.333333336,9886515.2,48246784.0,3089476.2666666666,9422165.333333334,30.8614,61.603233333333336,2.1227666666666667,160.63576666666668,2.2648333333333333,31.866666666666667,1.9341333333333333,309.2899,45.34943333333333,16.284,0.07898687717995462,0.18345985009078564,0.7039212454212455,0.18446881537496107,0.004600000000000001,3.974285122408459,0.0260950345351816,0.16963106168690198,0.20818271685325215,0.03703015494644386,0.0
1685221950,93.8933157167345,5.081404750501544,0.9075685346787306,19.286213131272824,0.7846710279861564,17.682947551935076,18.366853866247684,1.8906895852439491,10.492837660127726,11.55575043901079,0.24015473454414557,0.8048450811708674,106735206.4,60208742.4,11390429.866666667,39061640.53333333,42491904.0,26431214.933333334,95182848.0,36563763.2,9869448.533333333,48468787.2,2996906.6666666665,9140633.6,39.24973333333333,61.4904,2.2,160.12153333333333,1.9333333333333333,34.09316666666667,1.6,323.7210666666667,42.36776666666666,15.968866666666665,0.15425042715432288,0.23122922152357234,0.893674416608055,0.2396439439002229,0.004600000000000001,4.763344893652664,0.04164307951250675,0.22769784674689383,0.3339350579203249,0.0728823794604418,0.0
1685221980,94.52130125780879,4.930682942945894,0.8098121419246521,18.07964281181735,0.7680258968933494,16.477002973658035,16.472788472078317,1.3927870294579947,10.482015923279638,11.37776473320344,0.23397441995982593,0.7220302917013538,106760055.46666667,60268134.4,11542937.6,38947771.733333334,42492177.06666667,26281574.4,95182848.0,36520482.13333333,10095411.2,48080622.93333333,3024486.4,9079193.6,30.509466666666665,65.336,2.066666666666667,188.91563333333335,2.066666666666667,29.6051,1.7333333333333334,339.9037333333333,31.703333333333333,17.864433333333334,0.1608513297626927,0.2236187952053131,0.8178308188772585,0.2377602351217348,0.004660116855014314,4.784053031405973,0.042656992414190555,0.23116721808699509,0.3279631341207748,0.08059937727826567,0.0
1685222010,96.02380923041177,5.231893331860087,0.9105367405571898,17.504802050314304,0.7504581702712281,17.662326209848835,17.193210734620003,2.0906483802017646,11.331679656010074,11.346331058591918,0.2415471082452147,0.7501183495352206,106881024.0,60296396.8,11694080.0,38971801.6,42496000.0,25905834.666666668,95182848.0,36584652.8,9936349.866666667,48083763.2,3071726.933333333,9292322.133333333,28.269000000000002,64.52026666666667,2.1852333333333336,173.35893333333334,2.2570666666666668,28.392833333333332,2.2574666666666667,344.5909333333333,48.04906666666667,16.005733333333335,0.15125644498427598,0.23801021205771897,0.9078099955599956,0.2313796472413348,0.004659247197512149,4.774150019457035,0.04330906084656085,0.22889243332493284,0.25914326174226876,0.0607925983814969,0.0
1685222040,95.48163802668081,5.538975554444865,0.9553027367701026,19.847230365655616,0.7293078617783678,17.295422050228797,16.391611296717564,1.9112537897389452,10.92232544257841,11.071864016742389,0.25336363067645584,0.833540915760518,106971682.13333334,60306773.333333336,11636462.933333334,38748979.2,42497501.86666667,25874295.466666665,95182848.0,36608819.2,9670109.866666667,48091136.0,2976153.6,9228288.0,36.50233333333333,64.29666666666667,1.8,174.1319,1.9329333333333334,30.7418,1.8666666666666667,361.92109999999997,44.825900000000004,18.8402,0.14038168172499624,0.24064294555067448,0.9017715189222544,0.23444640904484484,0.004601935483870968,4.759287128208749,0.049224050024050024,0.23006605640914626,0.2565689648376532,0.06924163626871353,0.0
1685222070,95.37845222734313,4.9801156697831,0.9192670068511847,18.5531989689519,0.7598926932761664,17.686460704310964,15.824702821746087,1.7651246637330942,10.50219200246776,11.23681597068695,0.2534081619305918,0.7901928641581785,106962261.33333333,60323703.46666667,11510988.8,38779562.666666664,42497638.4,26239112.533333335,95190493.86666666,36682547.2,9941811.2,48973141.333333336,3035682.1333333333,9206988.8,33.673966666666665,59.2814,1.6069666666666669,175.91393333333332,1.7315333333333334,29.666666666666668,1.6,347.3711666666667,38.15226666666667,18.237199999999998,0.10608997202161943,0.21923050555904985,0.7725371328018387,0.23236055081923782,0.004600000000000001,4.7291127150724055,0.05442500000000001,0.23353852881232431,0.2925475641691151,0.07399919770216688,0.0
1685222100,90.61945136379086,4.935792571377697,0.9539663346960533,16.72582259450414,0.7644915639038465,17.696445852965415,17.997733758840596,1.4773631980904456,10.491208306755333,10.883255538227818,0.24060979182826184,0.7909949269699967,106618470.4,60275507.2,11495970.133333333,38986410.666666664,42496136.53333333,26739234.133333333,95191040.0,36457813.333333336,9769779.2,48091136.0,3096029.8666666667,9173674.666666666,35.07083333333333,53.763333333333335,2.4615,188.43156666666667,2.7333333333333334,31.4151,2.0,327.66209999999995,43.676500000000004,17.276833333333332,0.09718351269782356,0.2179531769008378,0.76539069644952,0.2291976794662718,0.004600000000000001,4.720331694337795,0.04986534391534392,0.23220085596841405,0.29280301075248505,0.06697570636308993,0.0
1685222130,94.42916670951193,4.4258228859484525,1.0895949069126993,16.17807878917837,0.7610978914569908,16.861796171802116,17.34559630972883,1.4022709837858711,10.767798555277876,10.967855140193548,0.29521697714975914,0.8942256781017104,106094592.0,60252979.2,11518498.133333333,39102464.0,42496000.0,25039940.266666666,95221077.33333333,36510378.666666664,9747660.8,48091136.0,3007829.3333333335,9047244.8,54.68733333333333,89.92913333333333,3.856733333333333,288.90146666666664,3.6670666666666665,48.86666666666667,3.1337333333333333,507.3638,63.56653333333334,26.72603333333333,0.09266551031438498,0.21892331918454574,0.7917962579502829,0.2224151841416829,0.004600000000000001,4.630757262568153,0.040455891330891336,0.224145924282176,0.24231700378486776,0.06309195764086847,0.0
1685222160,98.01555709527617,5.16425719014801,1.3704899243892474,10.442238039347378,0.8115783848187412,17.575505618731274,11.701894441548882,0.7012483191417137,9.73041844560173,7.880201780974365,0.47551977181373783,1.1317277951580198,105921058.13333334,60239872.0,11501568.0,41315942.4,42496000.0,22194995.2,95232000.0,36641177.6,9715165.866666667,48091136.0,3053841.066666667,9170261.333333334,57.68066666666667,100.73649999999999,4.317833333333334,300.6893,4.333333333333333,51.274166666666666,5.2,552.0522333333333,71.80893333333333,30.9171,0.060324639789058755,0.15539901905974243,0.5715747549019609,0.14361150256369856,0.004600000000000001,3.5001475519447274,0.02135627689942908,0.14048766830714673,0.16962209218931923,0.028823787013386237,0.0
1685222190,97.07126516183318,5.64069076751822,1.2580888089448725,8.238875387940807,0.836267400866266,18.171961322171963,7.9893685553688565,0.43496857520212756,10.033614865360486,6.468079446124928,0.4751137283179828,1.248093376257311,105238801.06666666,60245606.4,11858193.066666666,40408405.333333336,42496000.0,23546265.6,95232000.0,36617147.733333334,9761587.2,48091136.0,3057800.533333333,9191150.933333334,42.523,63.4615,1.5333333333333334,218.3339,1.5963333333333334,35.266666666666666,1.3333333333333333,399.3798,50.52816666666667,17.914466666666666,0.011104980085305922,0.03801092530832271,0.06297811277332127,0.019653806568386216,0.004600000000000001,0.5803508353520628,0.004700724686150717,0.01798788834886155,0.03757805717509961,0.005668598831254794,0.0
1685222220,95.65696056701478,5.061457316147061,0.95792080910077,13.593010631351127,0.7623144278616742,17.674990482446493,12.866689414988166,0.9103668822110204,10.266863430220962,9.724349014211324,0.29166448638453224,0.9030035354202001,105304746.66666667,60239872.0,11674419.2,40124416.0,42498048.0,26060663.466666665,95244014.93333334,36832187.733333334,9682534.4,48091136.0,2979566.933333333,9055846.4,38.52003333333334,63.12566666666667,2.466666666666667,163.8014,2.4,30.066666666666666,2.4,327.2370333333334,44.791533333333334,16.2609,0.0747697724869766,0.1960650616408529,0.5594865567439098,0.1720790749057603,0.004600000000000001,3.8169399085658737,0.026260391414141413,0.16418927662607655,0.21198599627368425,0.04079059237256878,0.0
1685222250,96.10574234438859,4.594171585195056,0.8579162762217979,17.665453110724787,0.7211975711633652,18.419348509286248,16.39943063599259,1.4895408969624662,10.09209542771064,11.499986569353771,0.23376280849229406,0.7147051802564691,105488384.0,60243382.85714286,11523218.285714285,39489536.0,42500096.0,24842240.0,95264768.0,36912566.85714286,9805238.857142856,48206994.28571428,2977206.8571428573,9201664.0,31.779642857142857,65.49285714285715,1.5714285714285714,172.00471428571427,1.7142857142857142,29.142857142857142,1.7142857142857142,325.37257142857146,42.70214285714286,18.64428571428571,0.10293703205351405,0.2440415141183184,1.5959821428571435,0.221805415984176,0.004600000000000001,4.661306090181499,0.044866567460317475,0.22303293070386052,0.29444035344030534,0.07880843123252494,0.0
