time,adservice_cpu,cartservice_cpu,checkoutservice_cpu,currencyservice_cpu,emailservice_cpu,frontend_cpu,main_cpu,paymentservice_cpu,productcatalogservice_cpu,recommendationservice_cpu,redis_cpu,shippingservice_cpu,adservice_mem,cartservice_mem,checkoutservice_mem,currencyservice_mem,emailservice_mem,frontend_mem,main_mem,paymentservice_mem,productcatalogservice_mem,recommendationservice_mem,redis_mem,shippingservice_mem,adservice_load,cartservice_load,checkoutservice_load,currencyservice_load,emailservice_load,frontend_load,paymentservice_load,productcatalogservice_load,recommendationservice_load,shippingservice_load,adservice_latency,cartservice_latency,checkoutservice_latency,currencyservice_latency,emailservice_latency,frontend_latency,paymentservice_latency,productcatalogservice_latency,recommendationservice_latency,shippingservice_latency,frontend_error
1685262360,1.8102386885338404,5.644780433362132,1.3995045646159319,9.88360929757732,0.8775802058573056,18.278374927824952,9.447275976869603,0.393738125105572,9.903432896070065,7.044602659056392,0.5201487385272304,1.3463179854985603,101212160.0,59080704.0,12242944.0,38871040.0,42663936.0,22618112.0,134799360.0,36847616.0,10154356.363636363,50301858.90909091,3115938.909090909,9383936.0,60.36363636363637,96.18181818181819,3.272727272727273,319.27272727272725,3.272727272727273,52.90909090909091,3.4545454545454546,504.1818181818182,72.72727272727273,26.363636363636363,0.023968775529540066,0.0747812606237657,0.08938429752066114,0.04488261535891509,0.0046,1.3752881725213737,0.004785148727380641,0.037431853893127094,0.06109743265993268,0.007910266197904182,0.0
1685262390,1.562792666324213,5.489217753568954,1.6056997685523553,8.041808992227166,0.9328381798336445,18.157003687033754,7.771957626892059,0.44122163426535616,9.95459190503166,6.487194495270024,0.5880608197075274,1.3998064641141774,101117815.46666667,59115246.93333333,12236526.933333334,40392294.4,42665574.4,22272136.533333335,134799360.0,36583287.46666667,10014993.066666666,50302156.8,3093708.8,9482513.066666666,59.4775,106.4871,3.8666666666666667,329.9045,4.666666666666667,56.06666666666667,4.666666666666667,581.0666666666667,79.33333333333333,30.866666666666667,0.005923134762446242,0.018646444902986465,0.06024189942002444,0.007131143110518809,0.004600000000000001,0.3382814333264644,0.0046771759092256405,0.005314018784545394,0.01298083760750372,0.004718151864682484,0.0
1685262420,2.0566640580923203,5.9507801843223085,1.7033845764650712,9.741163650319761,0.9277441938830607,18.289558939129503,9.601496493107403,0.6228798951699434,10.291138305398034,8.220261837950009,0.5097701252882754,1.3506997614356304,101066752.0,59112925.86666667,12047564.8,39165405.86666667,42676224.0,23438813.866666667,134799360.0,36848844.8,10012672.0,50298880.0,3093026.1333333333,9492206.933333334,41.0,72.06666666666666,2.066666666666667,228.33333333333334,1.9333333333333333,38.266666666666666,1.8666666666666667,389.0,48.0,16.0,0.017230602160740346,0.05469235049393468,0.12912059407096171,0.036121660225897224,0.004600000000000001,0.9843630555057553,0.005325199870526289,0.033291430397703686,0.062940738618281,0.010312036000568478,0.0
1685262450,3.0655363990188236,6.383327873620486,1.1910087033640624,15.533750638161013,0.8346735902429931,18.413887648967727,15.281184946937554,1.292038478335698,11.33806183553583,11.842500141059201,0.35566884695221174,1.037691297297115,101268684.8,59057356.8,12087296.0,39166771.2,42664345.6,24694374.4,134799360.0,36990702.93333333,9978129.066666666,50298880.0,3020526.933333333,9520742.4,40.6,65.86666666666666,3.1333333333333333,216.46666666666667,2.8,33.46666666666667,2.6,370.3333333333333,49.86666666666667,23.733333333333334,0.07144125226477846,0.2166712504100981,0.5325393819143819,0.14057303680978925,0.004600000000000001,3.084835754248591,0.02468544470324362,0.13919601039196836,0.21027871328757083,0.041289554317987164,0.0
1685262480,3.0838888218561533,5.675072602097659,1.2090163205480333,18.10318626588756,0.8271914479604408,17.635640613874195,17.950543920456358,1.8660775129052423,11.07434487831506,12.291771899416934,0.2599822459696982,0.9674562291995372,101373952.0,59043840.0,12149828.266666668,38806732.8,42666120.53333333,25245832.533333335,134802773.33333334,36902775.46666667,10039978.666666666,50406741.333333336,3022301.8666666667,9504768.0,38.13333333333333,58.85126666666667,3.0,203.01056666666668,2.7333333333333334,35.13333333333333,2.6,394.73333333333335,50.8,22.333333333333332,0.0882127389438661,0.4546549120813827,0.9644323486970546,0.19479728272208302,0.004600000000000001,4.124707511497202,0.042347405372405375,0.19567824689704416,0.24673885684580407,0.04905079264912784,0.0
1685262510,2.9157092238882316,6.088966106603877,1.146676495283563,18.03664603634397,0.8293274426723278,18.202181181583406,15.699738181742601,1.5172489390060402,12.347836808526147,12.531160227871117,0.272199311246213,0.9196517299314563,101421056.0,59083025.06666667,12289365.333333334,38658321.06666667,42663936.0,25215385.6,134816563.2,37094468.266666666,10329019.733333332,50411520.0,3021755.7333333334,9489749.333333334,32.46666666666667,64.0,2.533333333333333,197.46666666666667,2.4,27.733333333333334,2.533333333333333,327.8,47.93333333333333,16.666666666666668,0.08261942343619015,0.38590240918996765,0.9392343073593072,0.20006735948361434,0.004600000000000001,4.177887646464026,0.041196241258741266,0.19962842539131084,0.2441407564466855,0.0474081976983379,0.0
1685262540,3.1699086973952006,6.293556443316157,1.0278331370170906,17.261229330336747,0.8129915081367004,18.327360452001678,15.932077787759956,1.3600987028444202,12.415337774017551,13.638654111058397,0.27601700246875244,0.8948429047188635,101341184.0,59147605.333333336,12507955.2,38403686.4,42663936.0,25607372.8,134828441.6,37241924.266666666,10256930.133333333,50380800.0,3113915.7333333334,9673250.133333333,37.4,72.13333333333334,2.8,222.66666666666666,2.8666666666666667,36.666666666666664,2.8666666666666667,391.06666666666666,48.53333333333333,23.333333333333332,0.08397350439500308,0.19019070846803574,0.6044008630258629,0.20054581127212412,0.004600000000000001,4.070562453258805,0.03649884259259259,0.20254794778342838,0.23185057643760862,0.050745068465101635,0.0
1685262570,3.0403184776669923,7.253610710651428,1.1861053785781308,18.489330428779894,0.8387599625882473,18.53187967939355,17.656958837043167,1.1850424391674437,11.991077508845203,12.900409064262384,0.2788303766566392,0.9424537637182415,101261312.0,59181738.666666664,12224921.6,38676343.46666667,42663936.0,26016017.066666666,134843050.66666666,36840652.8,10089813.333333334,50380800.0,3088384.0,9726498.133333333,38.0,66.26666666666667,3.533333333333333,217.26666666666668,2.7333333333333334,32.8,2.8,378.13550000000004,46.00216666666667,19.4,0.08368923507374666,0.16817393101293704,0.48295858483923837,0.20577762087858412,0.004600000000000001,4.199143665923327,0.042115350043475046,0.2025296168850999,0.22756050445768145,0.05013323004473705,0.0
1685262600,2.7427735164846965,6.300606370560336,1.333191671349328,17.81364255430973,0.9038194076991969,18.515819726742293,18.14922695181763,1.7383106494259264,10.53709504191286,12.273169335066877,0.28415450505910866,0.9323658790910716,101264861.86666666,59100364.8,12143684.266666668,38807278.93333333,42663936.0,25316420.266666666,134844416.0,36808294.4,10219520.0,50380800.0,3013427.2,9523473.066666666,44.06666666666667,71.46666666666667,2.7333333333333334,212.46666666666667,2.7333333333333334,37.4,2.6,415.6666666666667,51.666666666666664,22.533333333333335,0.08085497963129464,0.15636354470974975,0.48968217373531875,0.2060598727270366,0.004600000000000001,4.2290230353939515,0.046166066225441234,0.19671685658830482,0.2233896809298285,0.04585057502319115,0.0
1685262630,2.4621087580805168,5.978240476471914,1.1618489197563202,15.00267443254735,0.9001910148808128,18.690411440999984,18.064740259739803,1.5823430782900372,11.465930882495973,11.128460019564766,0.3058190523430176,0.9701430567813776,101316881.06666666,59103232.0,12225331.2,38559197.86666667,42663936.0,24739020.8,134852608.0,37226632.53333333,10117802.666666666,50380800.0,3080738.1333333333,9924334.933333334,53.0,98.33333333333333,5.4,287.8666666666667,4.866666666666666,49.6,4.866666666666666,542.0,70.66666666666667,33.86666666666667,0.07828859028429648,0.141844888738946,0.4578740277174756,0.18695750960937732,0.004600000000000001,3.963236241021204,0.04460454737470992,0.18989047075389048,0.22293823437618634,0.04349352431003946,0.0
1685262660,1.8852946161431194,5.83300254007879,1.642018216697823,11.17604792118764,0.9644315526386538,18.381153299238232,12.89339619132312,0.7777297739966608,10.549936912378428,8.674686345108485,0.4900762108772103,1.3188923711963383,101315106.13333334,59097907.2,12235707.733333332,40783872.0,42663936.0,22397337.6,134868992.0,36960256.0,9940855.466666667,50380800.0,3017932.8,9483332.266666668,58.13333333333333,100.13333333333334,3.466666666666667,311.26666666666665,3.466666666666667,51.4,3.466666666666667,586.3333333333334,75.73333333333333,29.933333333333334,0.046304036407160194,0.08331374638831805,0.2607589526701369,0.09737933327432459,0.004600000000000001,2.58763616223495,0.02115044695549599,0.11310280286020803,0.16349006234516864,0.023502092176343956,0.0
1685262690,1.6646491732388824,5.596223512010071,1.6164897232636084,8.285230063738174,0.9427391941624533,17.9499260960616,7.661489709982785,0.47274888564988315,10.202837545224535,6.758241619475924,0.5887323728238495,1.4289880119178993,101266773.33333333,59088896.0,12051797.333333334,41564842.666666664,42663936.0,21921792.0,134868992.0,37412181.333333336,10058956.8,50382984.53333333,3005098.6666666665,9476778.666666666,57.8,101.6,5.4,310.0,4.933333333333334,52.666666666666664,4.933333333333334,570.8,75.13333333333334,34.733333333333334,0.0050601173690260765,0.009399453685257648,0.048785639504786725,0.006142226807717423,0.004600000000000001,0.3125914281469419,0.004669790803086422,0.006146295343101027,0.010919618499633292,0.004721160148960224,0.0
1685262720,1.9989124884167664,5.4931275308385334,1.641424070208936,9.862813457443668,0.9337230968680624,18.3817869431109,9.275076198294354,0.6526020009846083,11.189929022132178,7.847668839057181,0.5057194098106901,1.3477663218236091,101314560.0,59146376.53333333,11856145.066666666,39483801.6,42663936.0,23573026.133333333,134868992.0,37146350.93333333,9924471.466666667,50380800.0,3010013.8666666667,9427626.666666666,44.33453333333333,69.0,2.933333333333333,211.8,3.2666666666666666,39.2,2.8,413.9832333333333,51.33173333333333,21.066666666666666,0.021561378683589264,0.0660432703405888,0.16289778247486733,0.040639868140991325,0.004600000000000001,1.0317430197090185,0.007963400135082918,0.04162542923858697,0.08304515262245057,0.009108262219480733,0.0
1685262750,3.111163154621915,6.301075511360975,1.283845845013247,17.46010547561698,0.8539944907890632,17.98682209641506,17.407972519829098,1.4999533350375744,12.855102262545952,12.105786049710229,0.35722833088041556,0.9738102922841582,101421465.6,59112106.666666664,12093713.066666666,39205819.733333334,42708309.333333336,25129779.2,134869947.73333332,37417233.06666667,9975398.4,50380800.0,3016430.933333333,9494118.4,41.0,64.66666666666667,2.466666666666667,215.13333333333333,2.4,34.6,2.6666666666666665,379.26666666666665,51.733333333333334,18.533333333333335,0.08770098737670441,0.18139240388782257,0.439747985814412,0.16549527090193494,0.004600000000000001,3.34310481991075,0.02803972526012,0.16195366392603228,0.22062288771655486,0.03551221185806343,0.0
1685262780,3.065459474075792,5.381016923894405,1.1144532775916032,19.96920995028867,0.8567882176536521,18.35139052421639,19.153751208826534,1.905372877151928,11.58284763042949,13.904843775477664,0.2830355185828682,0.8931255540710323,101435801.6,59116885.333333336,12022442.666666666,38756215.46666667,42663936.0,25673045.333333332,134876910.93333334,37229363.2,9735509.333333334,50380800.0,3138764.8,9617271.466666667,41.666666666666664,64.00216666666667,3.4011,223.3366,3.467766666666667,33.4,3.3344333333333336,354.56256666666667,47.06666666666667,19.1355,0.09632519645925204,0.19357854823488746,0.49654974955005554,0.21405600552661103,0.004600000000000001,4.337481766733932,0.04078344477410848,0.20760337738560597,0.2405349401723065,0.047210778727660434,0.0
1685262810,2.855341217172916,5.323851921806876,1.2096882767686814,20.042125815727218,0.8465150087576797,18.12843811967317,17.79992454276933,2.172198944850291,10.518865242726848,13.220887593461278,0.26843202785201753,0.9204206055864959,101508573.86666666,59138048.0,12179729.066666666,38640844.8,42663936.0,25387827.2,134881280.0,37754197.333333336,9690862.933333334,50390357.333333336,3067904.0,9493435.733333332,40.666666666666664,70.0,2.2,209.33333333333334,1.8,34.333333333333336,2.066666666666667,386.06666666666666,48.53333333333333,19.666666666666668,0.08485177134960334,0.17872153336009527,0.4897374092994583,0.21254383907444693,0.004600000000000001,4.413509782177083,0.04374524593197194,0.21011972384632308,0.23262425776198906,0.04678229227180623,0.0
1685262840,2.8098128621230303,5.130901866300165,1.1362480518202602,18.53395380078054,0.8130714483541649,18.242735663409565,19.117583679465426,1.677267367474163,12.010090638374518,13.022898000440739,0.2815223752596128,0.9314496468741339,101621486.93333334,59136000.0,12127709.866666667,38882781.86666667,42663936.0,25620480.0,134881280.0,37378867.2,10196172.8,50403737.6,3070088.533333333,9436637.866666667,41.6,70.4,2.1333333333333333,215.93333333333334,3.0,35.8,3.0,438.06666666666666,55.06666666666667,20.515066666666666,0.08689137135256793,0.18801241398736396,0.5684833897120611,0.20734680043587342,0.004600000000000001,4.290548958891473,0.04147196006607771,0.20739725024313954,0.2361176509335077,0.04548225898935739,0.0
1685262870,2.6623508242841334,5.519735318556543,1.1859654114915397,16.171557048475183,0.8748720328615683,17.84969395386315,19.226273746526786,1.7599653556144774,11.980324160837613,12.902401929683645,0.2757031129136131,0.9622273223970607,101627084.8,59103641.6,12271889.066666666,38838135.46666667,42663936.0,25333896.533333335,134887833.6,37780138.666666664,11216759.466666667,50380800.0,3106542.933333333,9589145.6,41.733333333333334,68.93333333333334,2.7333333333333334,213.33333333333334,3.0,34.266666666666666,3.066666666666667,371.26666666666665,51.2,19.866666666666667,0.09097986269953938,0.2517773196565968,0.850593253968254,0.20123825950867574,0.004600000000000001,4.126826518290834,0.04642533022533023,0.20151484054547592,0.2472243468717944,0.04720489112080251,0.0
1685262900,3.32540680341915,6.4668950531612,1.2085954357652797,17.132645961608418,0.845736109214741,17.876395751489706,18.112193074396195,1.3778339174714327,12.437656912104092,13.261855519407119,0.2857574255957201,0.8985416994574343,101425152.0,59146922.666666664,12309845.333333334,38782293.333333336,42663936.0,24553062.4,134893568.0,37692757.333333336,11004313.6,50380800.0,3110229.3333333335,9575219.2,37.4,56.1522,2.2,190.8899,2.533333333333333,32.733333333333334,2.3333333333333335,331.6666666666667,45.4,17.066666666666666,0.08828782666339988,0.23117116298279503,0.7338968489240228,0.19134256397199711,0.004600000000000001,3.90681416100674,0.04987146927146928,0.1913189803287955,0.23541790081106415,0.04902981447478769,0.0
1685262930,3.500910439070274,6.590342688039657,1.1746739012937188,17.66493867479311,0.8628222665333081,18.231249025969724,17.444311806559206,1.0923737907956528,12.100420142950833,12.687882159546536,0.30511711932869456,0.9688292463543772,101347328.0,59091899.733333334,12378658.133333333,38667605.333333336,42663936.0,24987648.0,134907767.46666667,38072320.0,10022092.8,50380800.0,3014656.0,9518011.733333332,52.86666666666667,90.7516,4.133333333333334,271.36063333333334,3.6664000000000003,46.21183333333333,3.6666666666666665,504.44306666666665,69.18993333333333,28.4,0.07781152260620397,0.18391750696524128,0.48361999367445196,0.18188744654099542,0.004600000000000001,3.8370440993271697,0.03880459656084657,0.1787679342073221,0.2123714052005033,0.04484073368955504,0.0
1685262960,2.2187843041799318,5.380632020223875,1.4508289481519576,10.732636098624019,0.9231171222469065,18.211779636893322,10.516278318991015,0.8772869092564368,10.172275993612706,9.013188532111254,0.4544633871802011,1.1934414611593245,101163008.0,59115793.06666667,12315443.2,39081574.4,42706944.0,22931046.4,134909952.0,38092390.4,10224981.333333334,50380800.0,3011925.3333333335,9623688.533333333,57.666666666666664,98.8,3.3333333333333335,295.3333333333333,3.933333333333333,50.333333333333336,4.0,545.4,72.33333333333333,27.066666666666666,0.04131338800906745,0.14635288994114168,0.4222239010989011,0.1005702646280384,0.004600000000000001,2.641233268742521,0.019242241290455587,0.0987076927651085,0.1392915751682982,0.024331582422685294,0.0
1685262990,1.5828530011766304,5.464272285725643,1.602116448707942,8.11981424303068,0.8848472027858215,18.24756683400053,7.852980615840249,0.4080206979499181,10.068812964913507,6.555381416913552,0.5788823049751,1.3841066173091527,101163008.0,59081113.6,12230109.866666667,40843673.6,42666120.53333333,22515712.0,134909952.0,38233838.93333333,10297207.466666667,50382165.333333336,3030084.2666666666,9668198.4,59.8,100.6,4.6,317.93333333333334,4.0,53.86666666666667,4.066933333333333,567.2774333333333,74.74409999999999,33.99893333333333,0.005013258973621153,0.03757729411928156,0.10129428512094661,0.00682612075655288,0.004600000000000001,0.40486338301581654,0.004683326918337624,0.006323048077127685,0.016534460077844756,0.004697104857892585,0.0
1685263020,2.2137118458313148,5.746842690253172,1.5834370632941273,10.604091733683223,0.9058988425000315,18.752632366285702,9.979157829459712,0.5409392096637864,10.691516064227791,7.769563163528874,0.5355049444386139,1.3318748258263384,101200691.2,59115656.53333333,12154606.933333334,39746218.666666664,42663936.0,24079564.8,134912682.66666666,37979750.4,9987686.4,50703974.4,3061350.4,9616588.8,40.46666666666667,81.26666666666667,2.6,225.33333333333334,2.2666666666666666,37.666666666666664,2.4,410.53333333333336,53.266666666666666,19.133333333333333,0.02138296354419832,0.05807060003220007,0.15829923945562718,0.041783116789248766,0.004600000000000001,1.1085752469530368,0.008909054585327066,0.043113202343818914,0.06969014587568122,0.011012066767378108,0.0
1685263050,2.8519786402897247,6.289893383511682,1.2764933251803696,16.064413866510858,0.878273819424752,18.721567585317896,16.34682052314871,1.2501082167226696,11.148128369749601,11.828978022258768,0.3611273527199121,1.0456773848645298,101252573.86666666,59092172.8,12058624.0,39475882.666666664,42663936.0,25738171.733333334,135012352.0,38658867.2,10106197.333333334,50413021.86666667,3011652.2666666666,9588736.0,35.6,71.46666666666667,3.533333333333333,211.93333333333334,3.2,31.733333333333334,3.1333333333333333,383.3333333333333,49.2,22.0,0.06853273708602384,0.15745395298147485,0.45110393407761834,0.1635841135720371,0.004600000000000001,3.5249468505095436,0.02511964174714176,0.15894009397600264,0.20901649426100244,0.03985124237020594,0.0
1685263080,2.771099547685629,6.649214548356212,1.2395900538882425,20.502733920754455,0.8530962304492069,18.382714479937682,18.566987697078115,1.6423859065512114,11.334620366611814,13.674815354093345,0.2864672340227253,0.9671019996824693,101273600.0,59101184.0,12146414.933333334,38549367.46666667,42663936.0,25291844.266666666,135072290.13333333,38257049.6,10136234.666666666,50380800.0,3111321.6,9452066.133333333,34.934666666666665,69.32433333333333,2.7333333333333334,226.7838,2.6666666666666665,36.266666666666666,2.6666666666666665,409.93333333333334,51.333333333333336,21.666666666666668,0.0784063411928731,0.20280109049632677,0.5380275665275666,0.2134535250623715,0.004600000000000001,4.257999615865273,0.03542922979797981,0.20347435636772718,0.23137111578588065,0.047225687904439304,0.0
1685263110,3.275152853409657,6.737409993612184,1.2206369734234894,18.63261436323253,0.8120674415727579,18.72846365576744,18.482567783265036,1.8687215495704663,12.976833636416536,12.820597473215011,0.2810943998178733,0.9568516786398383,101385011.2,59051622.4,12136174.933333334,38709384.53333333,42663936.0,24831590.4,135073792.0,38544042.666666664,10079027.2,50380800.0,3027490.1333333333,9679121.066666666,41.266666666666666,71.66666666666667,3.1333333333333333,213.73333333333332,2.4,37.46666666666667,3.1333333333333333,374.7538666666667,49.13333333333333,22.0,0.08050353474372471,0.1865074809912436,0.48529612105478603,0.2123943112566958,0.004600000000000001,4.141712736774608,0.03823676769853241,0.20677243556193362,0.2267293812145447,0.04886545164994338,0.0
1685263140,2.750348842289478,6.285648016502972,1.1780684134513133,17.82278945837372,0.8487547339102939,17.95945718610997,18.00182115913361,1.5846787651123684,13.241093418393893,12.061073395699443,0.2684272349375575,0.8973222431842525,101474986.66666667,59094357.333333336,11894101.333333334,39054540.8,42663936.0,25171148.8,135083622.4,38511957.333333336,10303624.533333333,50380800.0,3079099.7333333334,9669700.266666668,40.733333333333334,68.73333333333333,1.8666666666666667,212.8,2.4,35.733333333333334,1.7333333333333334,375.46666666666664,48.46666666666667,18.733333333333334,0.08499560355160722,0.2599564287109209,0.7487962962962963,0.20320162418779242,0.004600000000000001,4.127503844679753,0.041665720981375005,0.20606159371656643,0.23414992531871442,0.04932682670956288,0.0
1685263170,3.2157285783191107,6.057113430578123,1.0464213195064087,17.852811047085588,0.8232704868250659,17.77223936117966,18.223825243092744,1.6615637116600892,12.159544006198571,13.165737270532606,0.26787010804845374,0.9117529138008891,101017053.86666666,59162897.06666667,12357768.533333333,38738739.2,42663936.0,25190126.933333334,135114888.53333333,38894387.2,9974169.6,50380800.0,3112140.8,9715029.333333334,37.06666666666667,67.0,2.2666666666666666,201.93333333333334,2.2666666666666666,32.0,2.466666666666667,394.53333333333336,53.13333333333333,19.666666666666668,0.08716085780164623,0.34702903263933454,0.8176329966329965,0.19877414431535853,0.004600000000000001,4.161910269861408,0.042060835913312694,0.20783294496915136,0.23939382762008918,0.049195368905199044,0.06666666666666667
1685263200,3.5415307498723227,7.015625116790676,1.071701246962235,20.230101692670114,0.7695399328034377,17.871549535660453,17.906995011018974,1.2648589722634282,11.628192318695808,12.635781615850474,0.28237625128410637,0.9380522616877616,100876561.06666666,59201399.46666667,12353399.466666667,39282141.86666667,42663936.0,24856712.533333335,135170594.13333333,38603434.666666664,10217881.6,50380800.0,3060121.6,9552145.066666666,38.94676666666667,77.41143333333333,2.933333333333333,212.35256666666666,2.7333333333333334,36.333333333333336,2.8,397.8,51.666666666666664,21.733333333333334,0.08560483641339407,0.22237495810447475,0.6027849088046456,0.19795195466567508,0.004600000000000001,4.087611612941487,0.04118811504642538,0.2030105141159037,0.23428420102694153,0.0471725448135414,0.06666666666666667
1685263230,3.0828727294687086,5.752990054232696,1.2798389534130687,19.467176021579245,0.9129050895515124,18.625206500204552,17.845199922721996,1.236693649390261,11.239111938957596,12.303061636601521,0.29736699674134565,1.0116377099719136,100880384.0,59068142.93333333,11980936.533333333,39050308.266666666,42663936.0,23101440.0,135184384.0,38788300.8,10179652.266666668,50380800.0,3066538.6666666665,9558562.133333333,51.0,87.2,4.266666666666667,273.6872666666667,4.4,46.46666666666667,4.533333333333333,523.6666666666666,68.26666666666667,27.266666666666666,0.0795018925034652,0.2195746268334597,0.5602552258371225,0.1935546500399195,0.004600000000000001,4.0768459972548525,0.03642644810792064,0.1919832097026432,0.22361579825617964,0.048196580734956154,0.0
1685263260,2.093286780762695,5.033026101406056,1.5819455409064818,10.96390921219819,0.9434414004290913,17.866443865132293,11.47219083426784,0.757936446012263,10.611016234534068,8.616765875539919,0.47680825861325865,1.2327764708739493,100880384.0,59080704.0,11886592.0,40702634.666666664,42663936.0,22371259.733333334,135184384.0,39182882.13333333,10143061.333333334,50380800.0,3149414.4,9680896.0,60.266666666666666,99.86666666666666,2.933333333333333,322.6,3.1333333333333333,53.86666666666667,3.2,552.9333333333333,75.06666666666666,28.333333333333332,0.04799176397527198,0.14346442145617208,0.39509732923526025,0.1153013944835685,0.004600000000000001,2.826385313175799,0.021471809992553027,0.11127790184143034,0.14704369309514342,0.034577710942658914,0.0
1685263290,1.6883426344530903,5.704979817409312,1.362227132337028,8.301570066459838,0.9085351904837545,18.285123119322115,7.630684376619371,0.42537930404884394,10.002570484002852,6.25908415780271,0.5637873048553973,1.3481680652156847,100819763.2,59095449.6,12035686.4,39772296.53333333,42663936.0,22500829.866666667,135184384.0,38969890.13333333,10029875.2,50380800.0,3148049.066666667,9490022.4,59.46666666666667,99.93333333333334,4.133333333333334,322.73333333333335,3.6666666666666665,51.8,3.7333333333333334,559.6,72.86666666666666,29.666666666666668,0.0052210190527399196,0.01349982968054893,0.05884154179347044,0.006505184648263289,0.004600000000000001,0.37441325790803276,0.0046712910237803685,0.006435372074999039,0.01248868111854596,0.005026307150200281,0.0
1685263320,1.8698757824882106,5.625255567378662,1.5151346644897672,10.874629520039429,0.8962454325390304,17.93806117588019,8.944651105562176,0.7588041853267827,10.22709179017112,7.406829061947322,0.5313545874904121,1.3559634795125095,100734156.8,59109512.53333333,11983394.133333333,39997849.6,42663936.0,24330513.066666666,135199402.66666666,39266030.93333333,9932800.0,50384622.93333333,3128661.3333333335,9407419.733333332,38.2,69.13333333333334,2.4,212.73333333333332,2.3333333333333335,34.40723333333334,2.3333333333333335,391.6666666666667,53.4,19.266666666666666,0.01714605252413969,0.05369736191271486,0.2251891872172772,0.03885000782753064,0.004600000000000001,1.0386270507316568,0.008889125109913581,0.03512235178074754,0.06688209772893368,0.01048896222011802,0.0
1685263350,2.7346436946589106,6.159821915160469,1.1470776559590259,16.901916086200625,0.8314240605191331,17.833137524206425,15.621417688452796,1.3492834929979804,11.729831976215168,11.271608651085785,0.34741420006037416,1.0187837161743882,100782080.0,59188565.333333336,12021760.0,39102600.53333333,42663936.0,26193510.4,135225344.0,39275451.733333334,10157943.466666667,50381209.6,3086062.933333333,9629286.4,38.4,65.2,2.066666666666667,212.26666666666668,2.1333333333333333,35.93333333333333,2.1333333333333333,375.26666666666665,46.93333333333333,18.666666666666668,0.06440508998268898,0.14457208308552527,0.4705676867885201,0.15438248080319397,0.004600000000000001,3.44606181677576,0.030272420634920635,0.1489637178535501,0.2057540243822067,0.037454967769541395,0.0
1685263380,2.7720625240251513,7.0388085916048535,1.0176643043555254,18.34815642337114,0.863883573274418,18.475077854516748,18.33444378532249,1.3582208808599008,12.573525385953253,13.287221180007315,0.28237555764167016,0.9344102172284551,100782080.0,59212595.2,11976157.866666667,39393006.93333333,42663936.0,25242009.6,135225344.0,39065190.4,9848012.8,50380800.0,3077734.4,9641847.466666667,37.068266666666666,58.64866666666667,2.7333333333333334,202.7027,2.533333333333333,35.13333333333333,2.533333333333333,372.93333333333334,47.0,20.333333333333332,0.08346224288215134,0.17431752840446021,0.479054166705388,0.19991722062331174,0.004600000000000001,4.159514724384638,0.04006444412069412,0.19556077991860724,0.23003921874659047,0.04646629247228664,0.0
1685263410,2.927396434186238,6.099915157860351,1.1463060175158162,18.963519314309554,0.8257602541419024,18.322594833530733,18.268339534756333,1.446578287998974,11.097747750517723,12.42083179841442,0.280801219894916,0.9430849241647196,100779212.8,59137228.8,12284040.533333333,39051400.53333333,42663936.0,25868561.066666666,135232443.73333332,39256200.53333333,10026188.8,50380800.0,3037047.466666667,9546683.733333332,38.733333333333334,70.33333333333333,2.933333333333333,214.93333333333334,2.7333333333333334,35.06666666666667,2.4,371.0,48.6,19.066666666666666,0.09067927765795537,0.2001402948632557,0.5608376809056955,0.19879256736326387,0.004600000000000001,4.139537779562288,0.03730787684537684,0.1924961906517919,0.23127943375903282,0.04458971562129687,0.0
1685263440,2.890108181564978,5.6705241742949575,1.100188126946931,18.607355547056954,0.8794107636806897,17.914604532992357,17.98361778258643,1.9628010187419742,11.826089610529333,13.36306768375945,0.27765844111970966,0.9678485303207601,100777984.0,59124121.6,12224102.4,39002658.13333333,42663936.0,25655569.066666666,135248554.66666666,39453081.6,10238088.533333333,50380800.0,3087837.8666666667,9412608.0,38.86666666666667,61.0676,2.6666666666666665,201.20379999999997,2.8,34.2878,2.8009333333333335,376.0028333333333,48.4,21.8019,0.09582925939828109,0.21742757406260124,0.7555462962962964,0.2071656736257271,0.004600000000000001,4.308156233067904,0.03688776455026455,0.20247189237617358,0.23245012353899644,0.04450319785685583,0.0
1685263470,2.4376743435327084,6.454174903090452,1.15381773510736,16.934499275208005,0.8908735726757234,18.54323116199098,17.25999681300393,1.2917812493892165,11.219713038385402,12.950591280310077,0.2827488869264078,0.921370555928758,100851712.0,59185152.0,12235298.133333333,38978628.266666666,42663936.0,24584738.133333333,135254016.0,39684232.53333333,10089403.733333332,50380800.0,3134395.7333333334,9697962.666666666,40.8,64.8,1.8666666666666667,196.13333333333333,2.066666666666667,34.266666666666666,2.0,383.0,46.6,16.533333333333335,0.08666963872569276,0.16967094739434394,0.5980271672771674,0.21157312045948387,0.004600000000000001,4.353603151580462,0.030970866402116395,0.20357751691295267,0.22853987784709082,0.04425587612237483,0.0
1685263500,3.101950608343391,5.708356754296229,1.0683965389710128,16.384632396512718,0.8449900390490664,18.813201336383848,15.19784028254239,1.2575042558725873,10.422423129966724,12.977329981877206,0.2851892406859055,0.9142247699749908,101222263.46666667,59145557.333333336,12508910.933333334,39104512.0,42663936.0,25765888.0,135259204.26666668,39870737.06666667,9817565.866666667,50380800.0,3088930.1333333333,9449198.933333334,39.266666666666666,66.8,2.1333333333333333,228.88263333333333,2.3333333333333335,33.6,2.0,374.2,48.2,19.0,0.08217665874896166,0.17247451935695032,0.4819235998967182,0.20855569194628745,0.004600000000000001,4.303826925366163,0.028643272005772002,0.19756241939967398,0.23293535174166557,0.04438223386872768,0.0
1685263530,2.5836071587178053,5.831493770200613,1.009334217432651,17.388361376725427,0.8913466734478309,18.43659134084484,17.243275505148272,1.0552285215079462,10.508809791988595,12.233125305584641,0.29942714555487815,0.9709201921101956,101486182.4,59084800.0,11982984.533333333,38927837.86666667,42737664.0,24043110.4,135268625.06666666,39718092.8,10055406.933333334,50382301.86666667,3102310.4,9303927.466666667,61.06666666666667,92.2,3.933333333333333,300.2,3.7333333333333334,53.266666666666666,3.6666666666666665,530.4252666666666,68.13333333333334,29.466666666666665,0.07908137111674512,0.2146137283763613,0.47488391114593076,0.19358716985287674,0.004600000000000001,4.198143949823564,0.029269146825396827,0.19371722530508817,0.2361742775437787,0.04305772993220636,0.0
1685263560,1.8796094616004526,5.522243934362128,1.562784162671342,10.880264558231813,0.8603891136089016,18.185665037491336,10.884772541006308,0.6507889734697889,10.620776801516174,8.512751374206275,0.46425142285652743,1.2580525338720283,101620667.73333333,59084800.0,11742685.866666667,41460940.8,42663936.0,22342860.8,135270400.0,39895040.0,9904264.533333333,50381619.2,3064490.6666666665,9596654.933333334,60.666666666666664,102.1324,2.8,321.9287333333333,3.066666666666667,52.30623333333333,3.066666666666667,561.8275,74.66666666666667,26.714133333333333,0.044030234510934685,0.1423188386784105,0.39760420249971345,0.09800707238507192,0.004600000000000001,2.6896968873424685,0.015467154160439051,0.11296522271691704,0.16135988972530155,0.024260034660049664,0.0
1685263590,1.7347913303233136,5.350332077183048,1.4488059990455888,8.495699518741679,0.9031830336274908,18.978849132991414,7.850019148068737,0.42663143601397796,10.14724706499173,6.57598144322416,0.5651061118475079,1.2514100514459083,101435255.46666667,59086574.93333333,12024081.066666666,39369250.13333333,42663936.0,23096524.8,135270400.0,39953749.333333336,9835861.333333334,50381209.6,3127296.0,9394722.133333333,60.333333333333336,102.2,4.266666666666667,335.3333333333333,3.6,54.2,3.6008,589.7333333333333,75.0,30.0,0.005438714313716922,0.015364461307216349,0.0691079880417031,0.006237614185475249,0.004600000000000001,0.3379468960980937,0.004741422367459225,0.006461787183595095,0.01334286557334551,0.004876634244285641,0.0
1685263620,1.752537910672932,5.364929117281727,1.3748635521121453,9.860328468472057,0.8577228247232799,18.640487885801914,9.316728248290522,0.5657951958438974,10.055250518376555,7.3503150772101185,0.5191703332985731,1.1749577791479233,101232776.53333333,59095176.53333333,11901883.733333332,39197900.8,42663936.0,23731131.733333334,135273403.73333332,40021742.93333333,10151389.866666667,50381755.733333334,3107225.6,9535488.0,44.13333333333333,68.8,1.2,245.4,1.6666666666666667,37.333333333333336,1.6,401.01193333333333,49.333333333333336,16.341533333333334,0.018562463730247,0.044693042696736233,0.14423134592982137,0.04617170473561096,0.004600000000000001,1.0127952592916525,0.007779351773211966,0.03591911251380165,0.05615775552715788,0.011868357789205228,0.0
1685263650,2.4952499534647488,5.898867823279119,1.1121989398969714,18.167994647141345,0.8181018358002128,17.66682118622739,14.834542635383746,1.4841777924708017,11.683223137937441,11.675934176348274,0.3331176897577886,0.9748810331444627,101317973.33333333,59083298.13333333,12220552.533333333,38716347.733333334,42663936.0,25604096.0,135274496.0,40914397.86666667,9908224.0,50380800.0,3129070.933333333,9570713.6,39.266666666666666,61.46666666666667,2.533333333333333,204.53333333333333,2.2,34.53333333333333,2.466666666666667,372.26666666666665,52.6,18.6,0.06693317850217012,0.1287534178746514,0.4766805555555555,0.18003160251152744,0.004600000000000001,3.3387763894678186,0.03350605278980279,0.14281979722292817,0.19956452576569844,0.03963113948334482,0.0
1685263680,2.5585233178183255,6.0166377043270876,1.0902646608916722,20.5294890377637,0.8554721451254185,18.058675849224773,17.80890199209249,1.9370024503582253,12.98673564554224,14.389650689363629,0.2816521259756431,0.9762887954908309,101328759.46666667,59144738.13333333,12097399.466666667,39092497.06666667,42665437.86666667,25209787.733333334,135274496.0,40271189.333333336,9935940.266666668,50380800.0,3094801.066666667,9785753.6,41.86666666666667,66.2,2.8,200.4,2.7333333333333334,37.2,2.8,394.46666666666664,52.6,20.133333333333333,0.08436632069229086,0.22521062197507022,0.7964629629629629,0.21586576117875025,0.004600000000000001,4.1713710929540175,0.045893183042447744,0.2036358382600924,0.23536876614049715,0.05527995213152164,0.0
1685263710,3.220103473634866,6.346429184921518,1.112880266150248,18.09608855465261,0.8041223070033365,17.78766884945277,17.46380823848235,1.5321550473527,11.699003766360319,13.61542403129592,0.28272627070154116,0.9179836181512732,101384192.0,59157162.666666664,12154060.8,39096866.13333333,42663936.0,24944503.466666665,135274496.0,40546850.13333333,10232217.6,50380800.0,3080738.1333333333,9613448.533333333,39.53333333333333,66.33333333333333,2.0,211.06666666666666,2.466666666666667,28.466666666666665,2.2666666666666666,359.1333333333333,50.8,17.933333333333334,0.08271814057287245,0.21228160968897142,0.6633842592592594,0.20763022228907488,0.004600000000000001,4.136518063615112,0.04952561050061049,0.21028613361601778,0.23850479569149505,0.05414325001526517,0.0
1685263740,3.449413461144251,7.056068223834896,1.0095966202634286,19.52695585792433,0.8123733632477991,18.256933857283705,16.90067722221478,1.5679583059665818,11.267527511904015,14.333769390716544,0.28709602705519083,0.9081407792081584,101384192.0,59222152.53333333,12001826.133333333,39300846.93333333,42663936.0,24130355.2,135274496.0,40457284.266666666,11106167.466666667,50380800.0,3049335.466666667,9405508.266666668,36.13333333333333,58.86666666666667,1.6666666666666667,203.53333333333333,1.7333333333333334,33.4,1.6,353.4,42.6,18.066666666666666,0.08361752884498613,0.18475267147768004,0.5004770997022524,0.20522933072964408,0.004600000000000001,4.074820180115458,0.04343897537647537,0.20846505358237533,0.23618111627445512,0.05059615860358861,0.0
1685263770,2.9384933982495,6.584376850199506,0.9761901347471619,19.969248523138067,0.8663594444449948,17.989689920766637,19.21156502221082,1.2285168933911512,10.154390645784938,14.258575871224524,0.285719558657528,0.9301317328077504,101524411.73333333,59129856.0,12147097.6,39567496.53333333,42674858.666666664,25228356.266666666,135288149.33333334,40691302.4,10274406.4,50404829.86666667,3051520.0,9507225.6,39.0,63.333333333333336,2.2,218.26666666666668,2.1333333333333333,34.46666666666667,2.3333333333333335,364.2,46.93333333333333,18.466666666666665,0.08587445782074082,0.1717177724930338,0.4691460754001077,0.2098187300440756,0.004600000000000001,4.106188995038485,0.0327738425925926,0.20399302957381457,0.2320702641773876,0.05108451641547574,0.0
1685263800,3.3885314281365044,5.303853957075964,1.1108630400294457,18.93506486736459,0.8194908784126607,18.591251668994946,17.955720118283185,1.0988162771317234,10.36621580964262,13.696826257148768,0.27716554505408697,0.8977606000460725,101089280.0,59156889.6,12020394.666666666,40343415.46666667,42663936.0,25032977.066666666,135314909.86666667,40590813.86666667,9881190.4,50380800.0,3020253.8666666667,9771417.6,39.1955,70.66666666666667,2.8,196.06666666666666,2.933333333333333,37.93333333333333,2.6,386.11710000000005,48.383766666666666,20.4,0.084518060508631,0.19885142534792535,0.5879826007326007,0.21303624264766843,0.004600000000000001,4.144438563860502,0.036529560431398676,0.20095409575901926,0.23249427615999116,0.04831382857313756,0.0
1685263830,2.808871204736038,5.189193255649997,1.21363861927559,17.81413854503321,0.8077757793438226,18.13197925790529,17.52457952227212,1.3488499711357578,11.46905352264093,11.7835892441913,0.30888417184853817,0.9281585863119048,101185126.4,59067596.8,12022852.266666668,39020134.4,42663936.0,24450252.8,135374165.33333334,40594090.666666664,9905766.4,50380800.0,3021346.1333333333,9536307.2,50.06216666666667,90.5355,3.1344333333333334,276.8032666666667,3.733633333333333,46.06666666666667,3.6011,533.7241666666666,67.79483333333333,26.76833333333333,0.0832698858902864,0.22108053257968024,0.6218217229768955,0.2019756655945162,0.004600000000000001,4.221549154662729,0.043357026143790854,0.1954625384804833,0.23101537683747914,0.04541529882655583,0.0
1685263860,2.141649591465374,6.255058043905886,1.5619738243594605,11.43596732516246,0.8775213422567806,18.965249230798666,11.47571557642589,0.6936578937148755,10.705330127339625,9.348872648229056,0.48659555156446815,1.2520011924541568,101195776.0,59084800.0,12067362.133333333,39244322.13333333,42663936.0,22136422.4,135385088.0,40812407.46666667,10189892.266666668,50382984.53333333,3015338.6666666665,9575082.666666666,61.86666666666667,105.46666666666667,4.2,316.6,4.266666666666667,53.4,4.333733333333333,581.7333333333333,78.0,30.333333333333332,0.04946716407310782,0.12741216090747728,0.35894692272211237,0.11049324667581338,0.004600000000000001,3.1355761773425987,0.02707844576719577,0.11108161001837671,0.16371447253734367,0.024508372502635607,0.0
1685263890,1.6764683120581874,5.7865052937433195,1.7784941333276447,8.387501667186424,0.9521086487876158,18.154268969306695,8.040282296272226,0.47272508029896687,10.35837912997015,6.6159520924062925,0.5544982371156608,1.4619113047556604,101033574.4,59088622.93333333,12215637.333333334,39683140.266666666,42663936.0,22320469.333333332,135385088.0,38221414.4,9985774.933333334,50380800.0,3016704.0,9620821.333333334,59.266666666666666,103.26666666666667,4.133333333333334,317.46666666666664,4.333333333333333,53.06666666666667,4.466666666666667,595.7333333333333,77.73333333333333,31.933333333333334,0.005083466790904445,0.011706654328520683,0.05285344875253704,0.0053761324192213205,0.004600000000000001,0.2877607770543286,0.004693756678405553,0.005211335082043938,0.011138080422878479,0.004718646375328513,0.0
1685263920,1.9747530664132416,5.777023482348509,1.6573979737569364,10.045645056748944,0.900224173116461,18.860534383192338,9.169542343431026,0.6135143374547603,10.840641695230255,8.227348174744899,0.5450168893775359,1.397396250569862,100852940.8,59099818.666666664,12130167.466666667,38767820.8,42663936.0,23332454.4,135388091.73333332,36139554.13333333,10409028.266666668,50380800.0,3059985.066666667,9424759.466666667,41.13333333333333,76.8,3.4,218.2237333333333,2.2666666666666666,36.46666666666667,2.466666666666667,411.8666666666667,54.333333333333336,24.4,0.015231678893359246,0.044487062038711604,0.1387903510820848,0.036355810568062266,0.004600000000000001,1.0106280845276787,0.008470176947834937,0.03863733172588833,0.06679418539241656,0.010272593125996344,0.0
1685263950,2.9446381825691494,6.133226075850956,1.0270255758492337,15.497633492865354,0.8332775276935429,18.493500852029072,14.731465009152142,0.9250125211706213,11.906932638922443,12.662006681158463,0.3233014698123711,1.008315384648241,100958208.0,59144874.666666664,12340155.733333332,39140966.4,42663936.0,25008264.533333335,135399150.93333334,35873177.6,9971302.4,50380800.0,3018752.0,9609898.666666666,38.1878,66.53333333333333,1.7333333333333334,198.9779333333333,1.6,35.333333333333336,1.5333333333333334,381.4,50.8,19.4,0.06258174760767045,0.1381853566133008,0.3977453482190325,0.15506810249207006,0.004600000000000001,3.4607444599626613,0.02134874087503795,0.16128899729133545,0.21068022750200158,0.03598458033590073,0.0
1685263980,3.183910915827056,5.670898173923017,0.9565301571471198,19.79968773556077,0.8138869396934212,18.384304072889165,16.178042224116485,2.0707432135794597,12.120552684910594,14.11936841323554,0.2685471754496506,0.8641786519615885,101106346.66666667,59125486.93333333,12090845.866666667,39037337.6,42663936.0,26041685.333333332,135411712.0,35999470.93333333,10050355.2,51302126.93333333,3088247.466666667,9586278.4,35.93333333333333,60.333333333333336,2.0,217.13333333333333,2.2666666666666666,36.0,2.6666666666666665,369.26666666666665,48.86666666666667,18.2,0.08784361555073533,0.2471083484292513,0.5178350990934008,0.2066662578117332,0.004600000000000001,4.323147220217741,0.026805914486762446,0.20643349507071243,0.24086107751925034,0.047077265147708124,0.0
1685264010,2.837501041353957,4.95888244632809,1.0328082823248264,20.207183380414435,0.8276745427793892,17.379146202254145,17.876008360781725,2.0701565444700254,11.662681832056524,13.391911173491131,0.25761296055451444,0.8688185189923507,101211477.33333333,59101184.0,12215500.8,39063688.53333333,42663936.0,24765644.8,135447893.33333334,36225570.13333333,10044211.2,50380800.0,3171396.2666666666,9633245.866666667,37.93333333333333,67.59403333333333,3.1333333333333333,197.71703333333335,2.1333333333333333,33.666666666666664,2.3333333333333335,367.1333333333333,47.266666666666666,20.4,0.08776721540486458,0.5499552825884171,0.766641414141414,0.2085422754525963,0.004600000000000001,4.321356783769483,0.03214060846560847,0.2038502037914017,0.2524528865473033,0.047128933766464216,0.0
1685264040,2.9298907735337196,5.374686352789957,1.030864068274226,18.01088249575167,0.8246973639249463,18.208510826309574,17.531189199257867,1.0327979277221753,11.249945891226451,12.876889658266265,0.2742180317917684,0.9030316985445387,101244928.0,59135863.46666667,12305885.866666667,39149158.4,43152179.2,26265873.066666666,135456221.86666667,36062003.2,10326289.066666666,51079850.666666664,3085380.2666666666,9530572.8,37.661100000000005,67.0,2.8666666666666667,193.46666666666667,2.533333333333333,34.333333333333336,2.6666666666666665,360.8,47.2,17.533333333333335,0.08147139964960702,0.4039550926692462,0.742111111111111,0.20566583854135675,0.004600000000000001,4.264750292481464,0.03577325498575499,0.19951379091232305,0.2446585539290923,0.04471238350776872,0.0
1685264070,2.6727929050321473,5.45338224337471,1.063138468361083,17.80491394978536,0.8494107092198476,17.616227654959896,17.724789376784226,1.5665589967937104,10.758680578848573,12.923031718967161,0.2813157287185515,0.910239610280137,101189632.0,59162624.0,12139451.733333332,39163084.8,42908057.6,26065715.2,135467008.0,36302848.0,10398378.666666666,50660420.266666666,3151462.4,9724996.266666668,44.666666666666664,59.6,1.8666666666666667,206.93333333333334,2.0,34.333333333333336,1.9333333333333333,372.46586666666667,46.33253333333334,18.4,0.0795820773658176,0.19429199469424735,0.5166547835856627,0.20488491338065054,0.004600000000000001,4.354990776635928,0.03244518398268399,0.20512171038649363,0.24016948463537272,0.044614397699752714,0.0
1685264100,2.5860221408547446,5.543384508896524,1.0031237468094554,17.331845343500127,0.808047921989108,18.108488203027616,18.3191014652605,1.3600582256181768,10.280269571591994,12.00082766281886,0.2751219096700042,0.8978158000106133,101134336.0,59151974.4,12151193.6,39018496.0,42663936.0,24911872.0,135467008.0,36098594.13333333,10224571.733333332,50380800.0,3149277.8666666667,9558971.733333332,38.86666666666667,70.33523333333332,3.066666666666667,198.46856666666665,2.2,31.466666666666665,2.1333333333333333,363.2434333333333,49.666666666666664,20.878966666666667,0.08127609852568558,0.1989785179144303,0.4880941527368113,0.20201224607566345,0.004600000000000001,4.319348152975759,0.029139869300353168,0.20408040698697,0.2326359806686187,0.045714067089360766,0.0
1685264130,2.940449189497755,5.85973761161769,1.1575014271870903,15.959676044215826,0.8061185778319981,18.08318289035548,18.092491780094097,1.4364085951516925,11.580734763674942,12.20239738129821,0.3238881777515569,0.9585370800121535,101069892.26666667,59175731.2,12213725.866666667,38774784.0,42663936.0,23423385.6,135472742.4,36024046.93333333,10036974.933333334,50380800.0,3101491.2,9576448.0,52.86666666666667,95.66666666666667,4.6,318.26666666666665,3.466666666666667,48.733333333333334,3.6666666666666665,550.4,68.46666666666667,29.266666666666666,0.07688004323796177,0.1841568687070909,0.4660593938149973,0.18795409017165352,0.004600000000000001,3.8016622631355355,0.030307616859790772,0.19050776179507573,0.2216379433925902,0.04612480037178659,0.0
1685264160,1.8963069277981262,5.648559267434645,1.6238708765413317,12.150473781249156,0.917351817753468,18.187216697441492,11.430715622215654,0.7241207425683042,10.68372589144106,8.387088912616921,0.4836007385092734,1.2510428345256268,100869051.73333333,59105280.0,12087022.933333334,39365563.733333334,42663936.0,22042897.066666666,135475200.0,35963153.06666667,10350182.4,50383394.13333333,3080192.0,9712162.133333333,58.06666666666667,102.5409,5.4038,306.8113666666667,4.265733333333333,48.266666666666666,4.270466666666667,592.2063999999999,74.66666666666667,35.35223333333333,0.04380660614361711,0.11090672848278028,0.3622592094045856,0.10203581465319833,0.004600000000000001,2.2345611620174184,0.02012834937890348,0.10975685499515068,0.16958643577759577,0.02866919206382289,0.0
1685264190,1.536019312012126,5.671929015724447,1.7819107449779221,8.147796581610722,0.9866969678511379,18.377059616960423,7.613651241734606,0.48025004966677953,10.395866985229002,6.669434016111438,0.5698577328171931,1.5101807768348259,100720640.0,59128217.6,11883042.133333333,40124825.6,42663936.0,22165367.466666665,135475200.0,36006707.2,10223342.933333334,50394180.266666666,3084834.1333333333,9566754.133333333,61.391,102.32223333333333,4.732266666666666,329.7,3.466666666666667,53.86666666666667,3.533333333333333,575.1333333333333,73.8561,30.6,0.005023088923236446,0.011860658950689901,0.06522170109692854,0.0062221116377688445,0.004600000000000001,0.2941561848437946,0.004700674301051267,0.0057185214115240395,0.012447035554933488,0.004825302834990846,0.0
1685264220,1.7940255697949214,5.9510685293307715,1.476824933629023,10.119554958871225,0.90764090222708,18.575286788366352,9.860603971950777,0.7027342045157968,10.81627924493177,7.5037539266124575,0.5427356984046503,1.2745539210381858,100622609.06666666,59129582.93333333,11971379.2,41044650.666666664,42665301.333333336,23384473.6,135478067.2,35742105.6,9902489.6,50380800.0,3054250.6666666665,9450291.2,43.733333333333334,77.93333333333334,3.2,221.0,2.8666666666666667,35.53333333333333,2.7333333333333334,374.58746666666667,52.733333333333334,18.929666666666666,0.01944251792019524,0.04567926896722776,0.2100184673841217,0.036885710639320037,0.004600000000000001,1.0113828340050228,0.008806973352140795,0.044483059931071704,0.06979311782465275,0.00938176708476845,0.0
1685264250,2.0498039950804534,5.903199227589023,1.1768436681218417,16.74008794212094,0.7672746600789436,18.219848005993587,15.00575147350133,1.6818268091663835,11.408221891742013,11.553249714924657,0.3517510041726676,0.9973945574159295,100761600.0,59072921.6,12030088.533333333,39102737.06666667,42666530.13333333,25239005.866666667,135549337.6,36123443.2,10184977.066666666,50380800.0,3114188.8,9536034.133333333,40.8,69.13333333333334,2.933333333333333,217.13333333333333,3.0,32.6,2.933333333333333,383.0,48.333333333333336,20.066666666666666,0.07252478976925578,0.18241175862078748,0.6905855119825709,0.1510766475466991,0.004600000000000001,3.667976367505298,0.02937064393939395,0.1696795392204354,0.21099865783888086,0.037129969003276565,0.0
1685264280,2.847727463479584,5.608382412425289,1.167512030392868,19.147917582618774,0.8613185900952264,18.337230964898115,16.984711261396587,1.945456947411007,11.481418426490364,13.644905254133631,0.2731392675018911,0.9693591393382931,100847069.86666666,59100637.86666667,12229973.333333334,39242683.733333334,42699707.733333334,25280102.4,135557120.0,36263799.46666667,10130500.266666668,50380800.0,3156104.533333333,9639253.333333334,41.863899999999994,69.60216666666666,2.5344333333333333,233.53549999999998,2.0677666666666665,34.13333333333333,1.8677666666666668,396.20160000000004,52.86666666666667,20.089366666666667,0.08469781985429602,0.2945703135101646,0.9177941565515098,0.19882811598543002,0.004600000000000001,4.13116866035952,0.04453239538239539,0.2024070738967815,0.23178136723650308,0.045691980409955056,0.0
1685264310,3.0872370268449942,6.53258475875934,1.0112122445084737,18.631801228540457,0.8373879388291691,17.893889005700586,18.277126931883043,1.456121323243407,12.031627058425244,13.166266731447068,0.2823493240622674,0.9292814285049853,100937728.0,59129036.8,12034048.0,39323648.0,42878566.4,25298944.0,135557120.0,36211507.2,10098688.0,50409472.0,3065036.8,9629013.333333334,37.333333333333336,66.0,3.8,215.13333333333333,2.4,32.266666666666666,2.6,368.4,51.06666666666667,23.2,0.08322483140046115,0.20869088652943946,0.893531746031746,0.20046079911538658,0.004600000000000001,3.906253930535584,0.04653744658119658,0.204975330774974,0.23116332320416788,0.04849933019949077,0.0
1685264340,2.9620835112089403,5.42870090882039,1.0098314510911224,18.58380575606653,0.7892878374637405,17.42277315109792,17.043679223949436,1.317213760104738,11.9975311875861,12.682394140251889,0.2879688250955053,0.903880847535153,100937728.0,59519931.733333334,12140680.533333333,39237085.86666667,42663936.0,24943684.266666666,135559714.13333333,36332475.733333334,9959014.4,50380800.0,3015611.7333333334,9650995.2,35.4,68.06666666666666,2.533333333333333,219.93333333333334,2.2666666666666666,32.06666666666667,2.6666666666666665,387.61086666666665,48.010866666666665,23.8,0.0810800245637551,0.1916244203952414,0.575090440270936,0.2038192115684106,0.004600000000000001,4.104191767119045,0.04124074675324675,0.2091302915575644,0.2309893639267269,0.05699934319912217,0.0
1685264370,3.3966979355618188,5.895110796926006,1.1876468224123498,19.10083823935548,0.8824076240248737,17.369308789093726,17.743056587485945,1.601755033836572,10.391554020996148,12.748262115914176,0.2863861917467559,0.8541068833002234,100937728.0,59196211.2,12170990.933333334,39197354.666666664,42665301.333333336,26181222.4,135563400.53333333,36338210.13333333,9839001.6,50380800.0,3051656.533333333,9563886.933333334,39.6,63.53333333333333,1.8666666666666667,210.86666666666667,2.6,34.86666666666667,2.2,370.0312333333333,47.333333333333336,17.133333333333333,0.08796919452125222,0.19505762059947446,0.5722425629184315,0.20935899196640398,0.004600000000000001,4.285360458580664,0.03765157203907204,0.2077702555862759,0.2308637127160386,0.050985733652129536,0.0
1685264400,3.3373610929250432,7.105510655568535,1.15140800520232,20.31640118344433,0.8311520759045549,17.86819475005741,17.26382433093468,1.723632900914237,11.27508600298611,13.360456544907073,0.29001557930994515,0.9182122160341118,102049655.46666667,59260518.4,12066816.0,39020134.4,42663936.0,25421277.866666667,135614464.0,36233898.666666664,10243276.8,50380800.0,3055206.4,9515827.2,41.22303333333333,65.973,2.8,210.92913333333334,2.7333333333333334,40.733333333333334,2.6666666666666665,361.9526333333333,51.8,21.8,0.09006169308686432,0.18693379129626292,0.5361611168622038,0.2124396201352563,0.004600000000000001,4.364227977684692,0.035272706228956216,0.20914412353267678,0.2291826183708642,0.04581591089672346,0.0
1685264430,2.888274406564054,8.12704171884973,1.2714177488923581,18.013950255477653,0.8954131998121494,17.752015167305654,16.53377892456128,1.2652683036485106,11.779235775476213,12.390704495106185,0.3225793600131522,1.0276069618754247,101076992.0,59607176.53333333,12029952.0,39537049.6,42754457.6,25440119.466666665,135657608.53333333,36284825.6,10446711.466666667,50380800.0,3013700.2666666666,9491251.2,53.6561,87.58359999999999,2.5968333333333335,290.7402,3.1984,48.8173,3.265066666666667,510.4534333333333,68.72326666666666,25.25926666666667,0.07616375695747682,0.15763009090284447,0.47136316373644654,0.2015740550764826,0.004600000000000001,4.207915090010784,0.025265384333562867,0.20131933756238415,0.21829431150432146,0.0447902385582687,0.0
1685264460,2.001011417459449,7.365194393412258,1.3649632199133348,11.791662610839847,0.8856878961868038,18.73909980414306,12.006457825246542,0.7204511135506108,10.480619039770861,8.820322452626238,0.4949307317202286,1.2622937473742606,100777984.0,59164262.4,12031317.333333334,39434922.666666664,42663936.0,22211652.266666666,135663616.0,36352273.06666667,10303624.533333333,50380800.0,3045239.466666667,9537126.4,59.7307,103.13333333333334,3.933333333333333,332.4,3.466666666666667,53.8,3.533333333333333,584.4,75.86666666666666,32.333333333333336,0.03940730021690672,0.08645481090682836,0.32419872531323946,0.10997850706409187,0.004600000000000001,2.757393413762635,0.015423741125270228,0.11373687897944817,0.14796428836678846,0.029778187125957582,0.0
1685264490,1.7098122655706949,41.41957257879506,1.610650754788342,8.43718093945809,0.9179832195303284,18.950785945430564,8.207234910142194,0.44622524583715034,10.355139120208257,6.866221780682494,0.5901893539275418,1.3900317975682819,100592844.8,63143116.8,12066816.0,40570333.86666667,42663936.0,22357196.8,135663616.0,35954688.0,9995468.8,50388992.0,3066129.066666667,9527569.066666666,55.266666666666666,95.66666666666667,3.933333333333333,288.4,3.933333333333333,48.53333333333333,3.933333333333333,535.8666666666667,72.66666666666667,28.266666666666666,0.005166259603533531,0.012432000474055387,0.0688661262484792,0.0062057547071827125,0.004600000000000001,0.3132748190706391,0.0046990686428514065,0.0059157445578026015,0.013140101566043557,0.005009859364549241,0.0
1685264520,2.0285623858409467,91.9055928871485,1.5547889617228932,11.191138778745596,0.8943402104980481,18.03370663020107,11.706997119211362,0.6836820969416356,10.905678134620612,8.916427052240982,0.5126508181136009,1.2723631563503948,100657425.06666666,63642555.733333334,12270387.2,39235447.46666667,42663936.0,24896307.2,135672490.66666666,36078660.266666666,10465553.066666666,50380800.0,3125248.0,9460121.6,35.5208,56.367399999999996,2.5324,195.20773333333332,1.9990666666666668,29.666666666666668,2.265733333333333,328.2,44.666666666666664,15.913233333333332,0.04245440745102779,0.12436134235867873,0.24702314814814805,0.09932630074002964,0.004600000000000001,2.5504555719388806,0.009987819995359918,0.11187051411180335,0.14082294999982745,0.022546089156958677,0.0
1685264550,3.472522547660013,92.7387060458416,1.0631559237496195,16.89166811957416,0.8263435613412751,17.40620208560621,16.380744147149976,1.1665645496120751,10.798680040969607,11.89572169876723,0.2712879708030888,0.9209883498528992,100864000.0,63549849.6,11871573.333333334,38715392.0,42663936.0,26178901.333333332,135691468.8,36323191.46666667,9995195.733333332,50425856.0,3109000.533333333,9661644.8,36.733333333333334,58.361133333333335,2.3992333333333336,193.2331,2.134133333333333,26.6,2.2674666666666665,336.7232666666667,45.027100000000004,19.4008,0.08938168234734634,0.23144489512040572,0.795449235949236,0.2159220076958716,0.004600000000000001,4.529380268251355,0.03884488474488475,0.21785710017461618,0.25736814121016344,0.059907781825662726,0.0
1685264580,2.6920383252160334,94.37839502097923,1.048101294337179,18.84886558509209,0.8126711230115402,17.33959916357875,16.930164068747676,1.4622450798822086,10.395877237745472,11.776827199547604,0.2580393000174539,0.8552927556806108,100784128.0,63569920.0,12058487.466666667,39184384.0,42663936.0,25519445.333333332,135779942.4,36079479.46666667,10049536.0,50404693.333333336,3039095.466666667,9647445.333333334,33.2,58.333333333333336,1.6,174.26666666666668,2.2,27.333333333333332,2.1333333333333333,377.6,45.53333333333333,17.933333333333334,0.09580983653007799,0.2635049686985537,0.951959293658984,0.22961266859885854,0.004600000000000001,4.684675001494169,0.04622029652673035,0.2278059410207798,0.31648386107068593,0.07626032465697588,0.0
1685264610,1.8985113351559475,94.73257985807548,0.9902906528042291,16.865299562547854,0.867439503570683,17.772756837802866,17.134178367179313,1.4833395765678725,10.600473927078658,12.06617298972655,0.25798972537644344,0.9152100523898237,100727466.66666667,63582208.0,12321587.2,38667059.2,42663936.0,26381926.4,135746082.13333333,36086852.266666666,9910272.0,50389947.733333334,3073911.466666667,9597883.733333332,38.46666666666667,59.86993333333333,2.3355,202.20649999999998,1.4688333333333332,28.333333333333332,1.8032666666666666,321.344,43.0,14.511466666666667,0.09667599159577574,0.22778389314832587,0.858169612794613,0.23273548003207944,0.004600000000000001,4.698535134816819,0.04395352182539683,0.2257301742396626,0.32374586944010697,0.07530958822724657,0.0
1685264640,2.3294982875417944,95.70656571041899,0.8879596987548075,17.44010609906871,0.8333233583982979,17.983977465645697,17.52938121279624,2.0322857502354617,9.652630964072175,11.0559756387314,0.24294226583111556,0.8428622126476164,100927897.6,63532373.333333336,12213452.8,38749798.4,42663936.0,25699396.266666666,135811208.53333333,36344354.13333333,10233309.866666667,50380800.0,3068996.2666666666,9584366.933333334,28.266666666666666,64.33333333333333,2.7333333333333334,177.6,2.8,28.8,2.8666666666666667,309.6666666666667,38.06666666666667,15.666666666666666,0.10024748720923547,0.22800267103567118,0.7337678571428571,0.23695371032756823,0.004600000000000001,4.768744439423232,0.04271647657897658,0.22717784901313617,0.3200727225797778,0.068724558620739,0.0
1685264670,2.1945134215517936,94.82036867871619,1.0470029716209173,17.08197613784267,0.8405062639055749,17.70943268824338,17.086489842412213,1.455329790404383,9.782053752128892,10.73492296106236,0.2431456384223857,0.8534434914098689,101054464.0,63618662.4,12047701.333333334,38823253.333333336,42663936.0,26542353.066666666,135981192.53333333,36285781.333333336,10003251.2,50380800.0,3056162.1333333333,9552418.133333333,36.06666666666667,60.9987,2.066666666666667,177.26143333333331,1.6666666666666667,28.866666666666667,1.9987,348.3505333333333,44.53333333333333,17.161299999999997,0.11823680886457143,0.24017537191665905,0.9064646464646465,0.24006990943766365,0.004600000000000001,4.918439570445727,0.05520945767195768,0.23408013721841572,0.3149534076665789,0.06973419351587799,0.0
1685264700,2.6627861255128287,94.6255389976292,0.9846650942416121,16.15090747276376,0.8263898476272142,18.466766991785455,17.41257731602278,1.2514425943417622,10.396948195060146,11.113844775265903,0.25197655387437107,0.8300556707911484,101119317.33333333,63620164.266666666,11940795.733333332,38802636.8,42663936.0,26248396.8,136068437.33333334,36080981.333333336,9812650.666666666,50380800.0,3122107.7333333334,9746978.133333333,35.266666666666666,64.73333333333333,1.7333333333333334,188.6,1.6666666666666667,30.466666666666665,1.9333333333333333,334.4,42.93333333333333,17.4,0.108325231706751,0.22564734341154014,0.8947415888205363,0.23671953066550505,0.004600000000000001,4.918399749498191,0.06180654761904763,0.23457879922292546,0.32150278700138907,0.06878908799292699,0.0
1685264730,2.314519829115331,94.19356326037253,1.0155376512839887,15.976390343476018,0.8217430279395249,17.189885596570246,17.021036672169867,1.0901643742680707,10.102318120178445,11.448565085694236,0.2953217600789579,0.9051636961803866,101117952.0,63538244.266666666,11969331.2,39238997.333333336,42665710.93333333,25338538.666666668,136069120.0,35836040.53333333,10070835.2,50380800.0,3072000.0,9723630.933333334,54.53333333333333,89.12809999999999,4.264033333333334,288.79186666666664,4.7307,48.93333333333333,4.464033333333333,511.2787333333333,68.46666666666667,28.090566666666668,0.09661616002307534,0.2114513932514503,0.7390721153846155,0.22076651660465088,0.004600000000000001,4.674579616253078,0.045987713675213676,0.22229368698659938,0.2796308649295895,0.06490676868075859,0.0
1685264760,2.1560859945444313,99.25063441326026,1.6399302660508757,11.78679529001281,0.9469726654024375,18.099481865266792,10.436890288809925,0.5751564596745903,9.92550850237261,8.32073246951553,0.47654068598654487,1.2133796094452494,100925440.0,63540428.8,12198980.266666668,40151722.666666664,42663936.0,22191991.466666665,136069120.0,36267895.46666667,10011033.6,50380800.0,3029128.533333333,9563886.933333334,57.666666666666664,97.13333333333334,3.8666666666666667,310.53333333333336,3.933333333333333,48.86666666666667,3.8,534.8666666666667,72.0,27.0,0.0582970416389106,0.17192173615864428,0.45039019581782747,0.13387582332207643,0.004600000000000001,3.591633718161356,0.024259646358543423,0.13909642301268124,0.1759801457267051,0.0342630244783962,0.0
1685264790,1.579152295786916,95.62516393356609,1.5328821217882516,8.666943578450377,0.9189170906078888,17.490371434097636,8.089314595113796,0.49178727537304917,9.573390304140995,6.781002594565573,0.5368982089447243,1.3119964313371635,100956023.46666667,63546845.86666667,12035959.466666667,39557256.53333333,42663936.0,22860458.666666668,136071577.6,36327424.0,9955464.533333333,50380800.0,3076915.2,9524019.2,44.93333333333333,78.8,2.1333333333333333,237.66666666666666,2.4,40.266666666666666,2.0,425.3333333333333,57.2,18.6,0.009013224075444064,0.08091519755844308,0.13571201714951717,0.019524690847024205,0.004600000000000001,0.7083916656234918,0.006144381956577097,0.01602877409687551,0.04020415818378058,0.005996583175133881,0.0
1685264820,2.051171569193606,98.43916564450166,1.009369780543742,13.85381000785521,0.8302388499529942,18.295255459205922,12.05209090710582,1.141027983738518,9.9254115940723,9.509337626212206,0.39636851010687546,1.008600369033689,100990976.0,64572074.666666664,12116650.666666666,39378124.8,42663936.0,25992533.333333332,136077312.0,35975031.46666667,10148249.6,50380800.0,3015338.6666666665,9666150.4,36.8786,56.16226666666667,1.4,171.23333333333332,1.6619666666666668,32.666666666666664,1.6599666666666666,330.139,43.181133333333335,16.016066666666667,0.07026349317755233,0.20114108724875895,0.4927382703081232,0.17159153897016802,0.004600000000000001,3.893899032186891,0.02442528027528028,0.17095328934774998,0.21072072592843305,0.03863133560345317,0.0
1685264850,2.59628167808537,94.34214160378649,0.8789267420015461,17.318202187123294,0.7879433842233617,18.2817956824264,15.511422091113761,1.307608462617591,10.679413986916893,10.030638603818232,0.25358699298770937,0.8768231398822548,101177480.53333333,64311569.06666667,12260010.666666666,39687509.333333336,42663936.0,25417728.0,136077312.0,35901713.06666667,9972394.666666666,50556108.8,3097668.2666666666,9677209.6,32.8,60.997899999999994,2.0645666666666664,179.73333333333332,2.7979,27.533333333333335,2.2,324.67969999999997,43.13333333333333,18.914466666666666,0.09483613862281401,0.23523047277698592,0.8320691364305915,0.2300498408311685,0.004600000000000001,4.703844003894518,0.04104542793127352,0.22726829341565566,0.3123974750992786,0.07364006004994923,0.0
1685264880,2.669855475479332,95.84034228864681,1.0173963744853156,17.990473395097503,0.8567071114971906,17.247458705687027,18.106930574374847,1.2273984814710854,10.892239579038753,11.085594070084628,0.2438702499600647,0.8941604892767475,101336405.33333333,63570329.6,12159522.133333333,38906265.6,42714589.86666667,25797427.2,136077312.0,35885329.06666667,9952733.866666667,50380800.0,3076096.0,9617271.466666667,36.86666666666667,63.53333333333333,1.8666666666666667,187.4,2.466666666666667,30.933333333333334,2.2666666666666666,306.06666666666666,41.666666666666664,14.533333333333333,0.09594198038701944,0.4693099651412191,0.9288500034290652,0.2357851612208473,0.004600000000000001,4.759836280748408,0.048923458485958485,0.23109119602870046,0.345051265012359,0.06990087305632922,0.0
1685264910,2.7065711306226548,92.80771578891638,1.1151197237058892,17.951617859625056,0.8534938122099179,17.70036044099938,19.336075431139307,1.6027532861423264,10.34774810203987,12.579452406772683,0.2562020500811594,0.8772734353077039,101062246.4,63558178.13333333,12211541.333333334,38829397.333333336,42713634.13333333,25638092.8,136077312.0,37464200.53333333,9895389.866666667,50380800.0,3099443.2,9521834.666666666,37.0,59.86666666666667,2.2666666666666666,183.93333333333334,2.6,34.46666666666667,2.533333333333333,329.4,45.4,19.6,0.09787559529598779,0.35835295825367725,0.9097153214337996,0.23782570778124884,0.004600000000000001,4.742749988185437,0.04909464024644945,0.2330383125574599,0.35436026551403016,0.06715381754442676,0.0
1685264940,2.8379437249570456,94.44042757136386,1.1338568560242555,18.94493087558341,0.8218030683516521,16.640004047304704,19.076075136796593,1.3123316332596149,10.486504350182573,11.31889436322376,0.258619972928797,0.893820221048335,100980326.4,63600093.86666667,11962641.066666666,38569574.4,42663936.0,25469201.066666666,136102161.06666666,36033331.2,9918327.466666667,51136102.4,3019980.8,9662054.4,32.4,60.280633333333334,2.2666666666666666,179.98416666666665,2.066666666666667,29.6,2.3333333333333335,318.4,44.4,17.333333333333332,0.10663458118724106,0.22225229675010388,0.8329947478991596,0.24017485282826917,0.004600000000000001,4.75143529426072,0.04339856539838158,0.23171435912717614,0.3503938327304067,0.06716797317734362,0.0
1685264970,3.029703586413649,97.09991903022338,1.0922397639386743,18.987549184734238,0.7896368088661528,17.68616217752485,18.06075941206324,1.5621576394486587,10.36385231507502,10.278361038958527,0.2526311681858414,0.8994871405442929,101155908.26666667,63631360.0,12183552.0,38763997.86666667,42663936.0,26764629.333333332,136134656.0,35846417.06666667,10143880.533333333,50380800.0,3015748.2666666666,9440733.866666667,31.066666666666666,61.9974,2.6666666666666665,171.1987,2.6666666666666665,29.333333333333332,2.933333333333333,320.9505,42.2,17.2852,0.1167454628088412,0.2562279794931507,0.8654267311922111,0.23745827492807398,0.004600000000000001,4.849651494146089,0.04422832266847359,0.23192122956608216,0.3344829703320287,0.06763382108251355,0.0
1685265000,2.6646531789093766,94.11207265572283,1.1436426336841523,17.707326511990107,0.8387719518424522,17.147862543825564,17.34128606413662,1.5370587890613616,10.988242963442442,11.089565849241238,0.25355941195967663,0.8797235150249756,101028386.13333334,63492642.13333333,12090845.866666667,38840456.53333333,42663936.0,26637926.4,136137659.73333332,36221747.2,10040524.8,50380800.0,3108181.3333333335,9687586.133333333,38.53333333333333,63.93333333333333,2.533333333333333,186.8,2.2666666666666666,30.333333333333332,1.9333333333333333,317.93333333333334,42.266666666666666,16.6,0.09518292030264688,0.5182886880949896,1.1738888888888885,0.2304830055775036,0.004600000000000001,4.85835645782609,0.046618718464841655,0.23794437858982753,0.3687893895838948,0.07214926522937565,0.06666666666666667
1685265030,2.9951045246859267,96.55376079573762,1.1364204417803185,15.782113112040667,0.8280076667510762,17.73834814502936,16.15100294375455,1.2411594972616564,11.23983394874366,12.100766648015558,0.29728223362458145,0.9128131851070573,100809932.8,63585484.8,12031590.4,38853017.6,42663936.0,24037239.466666665,136138752.0,36194440.53333333,10110976.0,50384622.93333333,3142860.8,9750937.6,49.46666666666667,81.66666666666667,2.933333333333333,266.53333333333336,3.4,42.33976666666667,3.3333333333333335,460.3333333333333,63.46666666666667,23.666666666666668,0.08499616043290827,0.4255370201387578,1.0619329322638145,0.21780467675146278,0.004600000000000001,4.624695738641969,0.04156394813519814,0.22589204296211102,0.3149887384441341,0.06118892987177716,0.0
1685265060,2.296179135222812,96.62749898046145,1.3728558674824605,10.637282324968787,0.8627964952427014,17.52198477129262,11.019986958286722,0.873338668759179,9.9496266319746,8.893848240200981,0.4645297978043203,1.236662361079914,100832597.33333333,63545480.53333333,12116787.2,40523502.93333333,42663936.0,22314188.8,136138752.0,36227208.53333333,10044484.266666668,50628471.46666667,3094801.066666667,9592695.466666667,56.2929,89.36446666666667,3.8683,280.1797666666667,3.0,46.8,3.0,522.8151666666666,67.62226666666668,29.003266666666665,0.051138383620935486,0.16362020200069552,0.4062003968253968,0.13791057395987447,0.004600000000000001,3.3721472832070556,0.017815694444444453,0.14535762001451832,0.19328668427894746,0.027244556272070022,0.0
1685265090,1.6281012073699102,97.66067317346567,1.2972925310756707,8.650481857861177,0.8811635689386083,17.75253505265483,8.039317417478731,0.4649795450743758,9.370856278930738,6.436374522355022,0.5407339913903543,1.1932501159946594,100877789.86666666,63560362.666666664,12130713.6,40147899.733333334,42663936.0,23359488.0,136139980.8,36193348.266666666,10223616.0,50412339.2,3019571.2,9605120.0,47.8,69.33123333333333,2.265633333333333,214.1979,2.0656333333333334,37.46666666666667,2.0656333333333334,415.07103333333333,56.53333333333333,18.790366666666667,0.008835610262949956,0.05133191091691946,0.09765627104377102,0.015002620046984749,0.004600000000000001,0.6720154626200358,0.006830297378529383,0.015541643571043273,0.03215766156036424,0.005591139798355164,0.0
1685265120,2.0706737909284274,98.16560326724267,1.039381112914469,13.509826300255641,0.8472165453330749,18.07996402668139,12.000186807092836,0.8422552733013233,10.372012359086836,9.627667567679287,0.3872113827980135,1.0310793273978256,100936499.2,63553536.0,12306295.466666667,38696823.46666667,42663936.0,26330043.733333334,136161826.13333333,36560896.0,10771933.866666667,50652228.266666666,3022028.8,9617271.466666667,36.46666666666667,60.6,2.066666666666667,182.93333333333334,2.2,38.0,2.0,318.0,43.06666666666667,15.8,0.06589661345267868,0.2334215313297786,0.5506150793650796,0.17602625366483718,0.004600000000000001,3.9629885079659606,0.025523340548340545,0.16216314107155955,0.19048119416114578,0.03380440046396653,0.0
1685265150,2.2076039903619225,94.39144946329624,0.8648904035532221,17.135382412876744,0.8536914450413918,18.22263781746273,16.909274584127928,1.3169669183810337,10.490261681028402,10.665316505332123,0.2481432321143588,0.8459639542638071,101041220.26666667,63601732.266666666,12144366.933333334,38848102.4,42663936.0,25749640.533333335,136175616.0,36542600.53333333,10000247.466666667,50380800.0,3022301.8666666667,9625326.933333334,27.733333333333334,57.46666666666667,2.7333333333333334,197.13333333333333,2.466666666666667,27.266666666666666,2.533333333333333,295.0,41.93333333333333,17.533333333333335,0.11609926756283637,0.3068871313931485,0.9188968253968253,0.24631403905955876,0.004600000000000001,4.821407875582453,0.039315300324675326,0.225421074002951,0.2893920207486269,0.06398370836679662,0.0
1685265180,2.185148517408114,96.1926641461386,1.042545831030574,18.82147650056549,0.7868782849982279,17.909242111915738,17.719746291037666,1.7543278041416015,10.214126826720063,10.957278903178546,0.2543859322103913,0.8490875041478804,101154816.0,63631360.0,12180411.733333332,38649719.46666667,42663936.0,26313659.733333334,136210022.4,36534954.666666664,10177331.2,50484019.2,3066948.2666666666,9652360.533333333,35.4,59.598166666666664,1.8,184.9324,2.3333333333333335,30.0,2.2,338.0707333333333,41.733333333333334,17.663,0.13830186054807642,0.23469203073276038,0.7967815517815517,0.24091744421679526,0.004600000000000001,4.864120112424233,0.04093856560786708,0.23538604889899784,0.3137254377314317,0.06792354340521306,0.0
1685265210,3.3825333964306092,94.63265395474137,1.0290700992038857,18.661695744497322,0.792146764755202,18.253203485186955,17.28926321186725,1.5380538133533326,10.18782380542558,10.215658056830188,0.25479594225453034,0.8613015079107204,101154816.0,63647744.0,12048520.533333333,38668151.46666667,42663936.0,26162107.733333334,136213572.26666668,36410163.2,9768004.266666668,50380800.0,3065856.0,9683217.066666666,40.733333333333334,61.46666666666667,2.2666666666666666,201.46666666666667,2.0,29.666666666666668,2.2,322.93333333333334,41.46666666666667,16.6,0.10796520415459304,0.21052686335841955,0.6724612794612795,0.23369088600551094,0.004600000000000001,4.797099758885584,0.041376887001887006,0.2322302391661262,0.29415647590353017,0.055211735522370735,0.0
1685265240,3.4921131761477295,96.19470858113147,1.0682610819933442,16.514464935513665,0.8272404185026242,17.450375344744305,17.239746899488715,1.6925456624465915,11.4637142759396,10.48914900725374,0.256176344722844,0.8612827185608356,101202329.6,63617706.666666664,12220279.466666667,39107242.666666664,42665301.333333336,26438314.666666668,136218487.46666667,36421358.93333333,10557440.0,50380800.0,3016704.0,9656046.933333334,37.333333333333336,68.33333333333333,2.8666666666666667,190.2152,2.6666666666666665,32.33573333333333,2.4,374.1333333333333,46.6,18.266666666666666,0.09501255944435666,0.21259076213427233,0.7580584479589898,0.23676510900541453,0.004600000000000001,4.7612624194354165,0.04764532458282458,0.2264415228499457,0.30609651511697306,0.06178899618859105,0.0
1685265270,2.734745711640127,96.68829467017446,1.1419841484657012,19.29216635628367,0.8638910330461952,17.80888423635755,15.468243328935204,1.5061755891983397,10.80905872012774,10.77777448589249,0.24881158809393267,0.8751788852905258,101205060.26666667,63549440.0,12275985.066666666,38875409.06666667,42663936.0,26351479.466666665,136233779.2,36677222.4,10246690.133333333,50380800.0,3072273.066666667,9560473.6,34.205333333333336,60.0,2.8017666666666665,190.87473333333335,2.2,31.466666666666665,2.066666666666667,337.7067666666666,42.879133333333336,16.668433333333333,0.0945916643860864,0.23826429516285932,0.8721935458706054,0.24436365876002253,0.004600000000000001,4.856999491651992,0.05372449813258636,0.2308882329413004,0.31536421529559905,0.06482782479347991,0.0
1685265300,2.707364068058874,96.00757470346232,1.0063205814691456,19.392786407397292,0.8478307341227714,18.06561487635406,16.79113484884131,1.2635248798045482,10.911745145425067,11.020372194384047,0.24554208803685806,0.881754737322412,100999577.6,63512712.53333333,12201984.0,39023820.8,42690696.53333333,26294818.133333333,136277606.4,36483072.0,10301440.0,50380800.0,3051793.066666667,9666013.866666667,32.6,61.0,3.533333333333333,183.26666666666668,2.6,30.605900000000002,2.933333333333333,319.93333333333334,45.0,21.133333333333333,0.10223296436054494,0.34640653936212723,0.9068809012839586,0.24282461257269036,0.004600000000000001,4.870705867471881,0.049624669312169314,0.23374731776473062,0.3644474028682722,0.0553331324331072,0.0
1685265330,2.6265588196884218,95.27450773864419,1.241045660664543,16.521546080061125,0.8627279446725182,17.617899468545012,18.12798214893881,1.1651915052584625,11.082453721242972,11.927093348601355,0.2927062402681379,0.9780513388543811,101024699.73333333,63534967.46666667,12123613.866666667,39115980.8,42665710.93333333,24171861.333333332,136346146.13333333,36535091.2,9913548.8,50380800.0,3047970.1333333333,9531665.066666666,55.93333333333333,91.93523333333333,4.866666666666666,305.4085333333333,4.333333333333333,51.2,4.335233333333333,533.7979,69.2,31.161733333333334,0.10908471390317205,0.303637619864757,0.7370002662567319,0.2277360031655326,0.004600000000000001,4.659784145136921,0.037358915308547666,0.22292112973753075,0.34648655793378197,0.051163886936776544,0.0
1685265360,2.124187624598013,96.88156734682694,1.5858862191668672,11.710748117299453,0.9812905906578223,18.19958610174705,11.368504250715285,0.6300027101105938,10.63060872314306,8.298962639930233,0.4870771924906541,1.3248714074005072,101075899.73333333,63608285.86666667,12172902.4,38945587.2,42664209.06666667,22338901.333333332,136347648.0,36966946.13333333,10014173.866666667,50390357.333333336,3066129.066666667,9518284.8,59.46666666666667,101.6,3.4,316.0,3.3333333333333335,51.0,3.4,575.2,75.8,28.733333333333334,0.06098214629670819,0.17049845568671193,0.38740799556362177,0.13820629387769465,0.004600000000000001,3.3295441299984416,0.015637224706121763,0.13997439213426652,0.1858376588101284,0.030784040406504464,0.0
1685265390,1.775045703944125,98.61999476281724,1.5215231705165417,8.673534122999554,0.9457607932363444,18.06216967295103,8.36262630071476,0.4926797419492097,10.69244064501473,7.033257698270698,0.593990617309318,1.36540747613751,100625749.33333333,63603780.266666666,12218641.066666666,41138449.06666667,42663936.0,22904832.0,136350105.6,36678451.2,10267443.2,50443605.333333336,3109683.2,9683763.2,44.333333333333336,73.53333333333333,2.933333333333333,254.05073333333334,2.657233333333333,37.2,2.466666666666667,415.8164666666667,57.068266666666666,22.745633333333334,0.007012944487218248,0.025092974659734903,0.08141630642408165,0.012712918676977124,0.004600000000000001,0.3545784782209384,0.004988306091246326,0.012733404134768983,0.02756800287858419,0.0061442292902125625,0.0
1685265420,2.638517554925753,93.8521904043225,1.1583648276139045,13.748462887153673,0.7867250349321108,18.4609636946037,14.175964126825654,0.8574920287063834,11.047431759331458,9.256853799366825,0.3853471471311976,0.9837000454820751,100696883.2,63982660.266666666,12166485.333333334,39091541.333333336,42665301.333333336,25773670.4,136372224.0,36571818.666666664,10004889.6,50380800.0,3087974.4,9563613.866666667,33.266666666666666,57.666666666666664,0.9333333333333333,198.73333333333332,1.8,35.0,1.6666666666666667,349.0,47.06666666666667,18.0,0.06705670272523048,0.19169031418005258,0.5914784798534799,0.16929740486086695,0.004600000000000001,3.9379682188837344,0.024960073768823785,0.17736571565753959,0.22696376435517002,0.03736541108659222,0.06666666666666667
1685265450,2.817637564458457,94.542412329784,0.9833193800970895,17.753163119604444,0.7974747490608003,17.852417943205563,18.499602785071776,1.2029169533938817,10.843341676978131,10.238466376659924,0.2528814994704331,0.8743089876855549,100873557.33333333,64078779.733333334,12289092.266666668,39499776.0,42663936.0,25788689.066666666,136372224.0,37297766.4,10975778.133333333,50380800.0,3124428.8,9500672.0,31.893666666666665,57.71503333333333,3.0,173.0121,2.466666666666667,27.266666666666666,2.4658666666666664,306.79403333333335,39.92896666666666,19.731733333333334,0.09516360326170478,0.25666916358323577,0.8742263487000329,0.22672416566021714,0.004600000000000001,4.719705057063091,0.04336629087286982,0.23041984479813535,0.3439082759909982,0.06208112006476873,0.0
1685265480,2.6971214604549165,94.90101559952504,1.1651376918566518,18.245849412197188,0.8970027559822087,17.663169513107245,17.70112238178081,1.423373603709431,11.20567417626893,11.380693905132137,0.2625463164993129,0.8856133780221275,100958617.6,64701235.2,12068454.4,39341533.86666667,42757870.93333333,25380454.4,136372224.0,36963123.2,9940718.933333334,50380800.0,3081284.2666666666,9735099.733333332,32.53333333333333,60.2,2.2666666666666666,181.13333333333333,2.2666666666666666,29.266666666666666,2.3333333333333335,321.4,41.733333333333334,15.733333333333333,0.09436171364258256,0.230736601228192,0.8541543938348286,0.2335624778811155,0.004600000000000001,4.773218265992496,0.05026123601438818,0.2298804958963995,0.27609689947010474,0.06361066795854946,0.0
1685265510,2.7386290653427863,95.64404498656644,1.1220513691202343,19.129939022394222,0.8665861099554337,17.59400221012031,18.591129356829537,1.9504878293947736,10.790277502629344,11.04100221390774,0.24182099734424903,0.8527453856638346,101029478.4,63606920.53333333,12152012.8,39027370.666666664,42663936.0,27156480.0,136372224.0,37209702.4,10309358.933333334,50380800.0,3087701.3333333335,9510912.0,37.19683333333333,56.391666666666666,1.8,180.71583333333334,1.9333333333333333,28.533333333333335,1.6085666666666667,314.17893333333336,42.8587,17.7956,0.1057377343958455,0.23490450200341959,0.8525950957868529,0.23443440504870783,0.004600000000000001,4.806428582216851,0.061019360269360265,0.23195683928247124,0.29711518367083,0.06937774315495249,0.0
1685265540,2.5300692782485723,95.69592945225742,0.9694397874170798,18.19638633226147,0.7835596774280216,17.264450152928188,17.57825931031433,1.683626793633686,10.233479149171897,12.443517811388107,0.24480729476926644,0.8605026325809992,101036032.0,63521314.13333333,11978752.0,38909269.333333336,42663936.0,26323899.733333334,136373862.4,36926805.333333336,10342673.066666666,50382711.46666667,3037866.6666666665,9677209.6,30.933333333333334,57.2,2.933333333333333,190.01473333333334,2.2666666666666666,26.0,2.2,319.8666666666667,39.4,16.733333333333334,0.12477520990397922,0.28358653410736295,0.8458395068983304,0.23118827047607377,0.004600000000000001,4.795372861383957,0.04981438237688238,0.23115113964274825,0.32895489743671386,0.05521551557930556,0.0
1685265570,2.57791918592,94.71016301167542,0.9634268564056431,18.10883609979105,0.814515626259833,17.920432805369153,16.738327258247974,1.5500796965643415,10.489770470248873,11.898273412681437,0.24488504197907965,0.8263643537123572,100956296.53333333,63516672.0,12085794.133333333,38545134.93333333,42663936.0,25519445.333333332,136390929.06666666,37053508.266666666,9996970.666666666,50817433.6,3084014.933333333,9574536.533333333,27.933333333333334,62.06666666666667,2.066666666666667,176.46666666666667,1.8666666666666667,26.133333333333333,1.8666666666666667,336.6,43.06666666666667,16.4,0.12739848276680169,0.29051563006061165,0.8219931251740462,0.23369971306478923,0.004600000000000001,4.772439370173164,0.04377607982295482,0.2307435656598897,0.2965010529434613,0.05479612436906437,0.0
1685265600,2.970251546344917,93.62804999962808,0.9604896148651049,18.49331779767352,0.8483370742418704,16.691677692961573,16.799649845202012,1.7340254540561986,11.496683745035803,12.191296452615834,0.2517270625321781,0.876306784205808,100975411.2,63546163.2,12117879.466666667,38637431.46666667,42663936.0,26094250.666666668,136392704.0,37279061.333333336,9940992.0,50380800.0,3028718.933333333,9723904.0,37.8273,55.112966666666665,1.3333333333333333,182.38173333333333,1.7330666666666665,33.8,1.5333333333333334,344.6676,40.2,17.0,0.09809124543102753,0.29107844707781083,0.8519000721500721,0.23532232232308312,0.004600000000000001,4.764866621605995,0.048745192307692316,0.23218082575287963,0.368246174592668,0.07061162360761379,0.0
1685265630,3.09208893940742,94.06818537773097,0.9933363934055829,16.7160192939312,0.820671244957731,17.68660829770988,15.358310887091582,1.4526670006650884,11.252999474809286,10.982070880054524,0.280872332684343,0.9029847423626068,100910694.4,63537152.0,12262741.333333334,38931524.266666666,42663936.0,24821077.333333332,136395161.6,36839970.13333333,9933073.066666666,50380800.0,3063808.0,9556514.133333333,54.46713333333333,93.1912,4.066666666666666,296.8299666666666,3.6,48.81126666666667,3.6666666666666665,521.8118333333333,67.7564,31.063,0.08965365862823196,0.21916469037152217,0.7154350671688133,0.22095673280735723,0.004600000000000001,4.605497422173106,0.046626984126984114,0.2208904397519897,0.315711047476822,0.05605837523212742,0.0
1685265660,2.291296098415414,98.00820433094786,1.3935641136811434,10.762213976218558,0.9067066622243425,18.28796967392948,10.887399293116863,0.468738435109253,10.702482826741413,7.694299244522032,0.4900479018160586,1.2247858598756247,100754636.8,63524864.0,12213179.733333332,39723008.0,42663936.0,22535918.933333334,136396800.0,36776345.6,10001339.733333332,50380800.0,3127705.6,9577540.266666668,59.8,102.4,3.933333333333333,310.46666666666664,3.533333333333333,54.53333333333333,3.6,558.2,74.6,30.064266666666665,0.05031407618369408,0.13105972105086297,0.28507327802916044,0.1260566564068872,0.004600000000000001,3.4585369622858617,0.017147394126341507,0.13538370016361617,0.17312970696275085,0.026345953475588213,0.0
1685265690,1.6247886888310215,97.1737625560235,1.431075681094409,8.346891771807876,0.9007827762841132,17.829025707227395,8.303748732353261,0.40871612399264906,9.495961694665068,6.646525071541091,0.5663617222320368,1.278085036270081,100714359.46666667,63531690.666666664,11982711.466666667,39812300.8,42663936.0,23079048.533333335,136399803.73333332,36882568.53333333,9972394.666666666,50973081.6,3108590.933333333,9567573.333333334,45.4,74.8,2.1333333333333333,252.33333333333334,1.7333333333333334,37.266666666666666,1.7333333333333334,437.1333333333333,55.666666666666664,22.266666666666666,0.0069504336079357,0.04385351828784249,0.059894226328524244,0.016347051389078587,0.004600000000000001,0.48594066319164714,0.0047483384509467525,0.013488709103209455,0.031023646394392774,0.006694504231017764,0.0
1685265720,1.938288142527561,97.02024131031703,1.0717272851123127,13.546620525438458,0.8385235460492088,18.34029522999204,11.938442912569766,0.7753193096647222,9.821454858996772,8.883076843329189,0.39970986415342297,1.078252262669029,100671488.0,63578521.6,12057941.333333334,39240499.2,42663936.0,26360490.666666668,136404992.0,37152768.0,9950822.4,50711483.733333334,3040597.3333333335,9586688.0,39.266666666666666,59.1979,2.3322999999999996,184.79476666666667,2.4656333333333333,33.588966666666664,2.5312333333333332,351.86943333333335,43.0,22.282233333333334,0.06466624889953851,0.18572035535256878,0.570749542124542,0.16691142906681528,0.004600000000000001,3.8538412678324283,0.02692833740333741,0.16648272503944392,0.21236786062889276,0.03606985540619509,0.0
1685265750,2.637342548675416,92.63860570627058,1.077217745756761,18.86191125184674,0.8059179786831876,17.836141901835216,16.12381648083159,1.561798017526282,9.909312814768274,10.533291329030858,0.2628449277266114,0.8757598838108513,100663296.0,63599820.8,12158839.466666667,38927018.666666664,42663936.0,26447872.0,136407995.73333332,36996437.333333336,10056908.8,50380800.0,3132347.7333333334,9471863.466666667,35.2,55.2,2.2,187.66666666666666,1.8666666666666667,27.4,1.8666666666666667,316.8,40.733333333333334,18.733333333333334,0.09241427245435653,0.23587405329608077,0.8612714947089947,0.23786793131353892,0.004600000000000001,4.777855557215646,0.047872064210299506,0.22492894299348473,0.2629640340798763,0.06951855823372721,0.0
1685265780,2.7465738814192,94.73354790300982,1.0377270450296336,17.598831819749257,0.8279894507794889,16.998091665031627,16.588418249126136,1.420857182283165,10.23993169884733,11.404051915846269,0.25423630269617026,0.8955789980670142,100768017.06666666,63635046.4,12104772.266666668,38832401.06666667,42663936.0,25722606.933333334,136413184.0,38539673.6,10142515.2,50383667.2,3069542.4,9732369.066666666,31.333333333333332,64.8,2.6666666666666665,193.8,2.7333333333333334,31.0,2.4,357.6,43.93333333333333,19.266666666666666,0.09450726370224095,0.22758267126623458,0.8469269588340794,0.23770527818840734,0.004600000000000001,4.784950287276715,0.049288398692810466,0.22712354644139401,0.2597751280508965,0.07174383410198988,0.0
1685265810,2.515366975932951,96.12067109661263,1.0622259245966228,17.60900504005895,0.7735902364713939,17.136709604064094,17.617617671911002,1.3411782832046841,10.365655714928558,11.808113077167576,0.26005556898562554,0.8900633951391855,100840789.33333333,63588352.0,12250589.866666667,38397405.86666667,42681139.2,25468791.466666665,136422195.2,37293397.333333336,10193578.666666666,50383121.06666667,3102173.8666666667,9622869.333333334,36.0,59.136066666666665,2.3333333333333335,195.20953333333333,2.2,31.333333333333332,2.066666666666667,332.43993333333333,41.86666666666667,15.8319,0.09505300220120169,0.27594848268472594,0.9053253285361981,0.23101122267895075,0.004600000000000001,4.722827844719377,0.052528700566744045,0.22631561720491386,0.2520810114581178,0.0658128439201056,0.0
1685265840,2.482907498469633,95.21465930075946,0.989545594834547,19.70776444316025,0.8632961774200398,17.96473703570131,16.756199881560285,1.0784500973023923,9.525523569479562,12.054437424061012,0.25301873275602665,0.8729601115580123,100976503.46666667,63628902.4,12203349.333333334,38872951.46666667,42800332.8,26039773.866666667,136425472.0,37490278.4,10422272.0,50380800.0,3019161.6,9748343.466666667,35.53333333333333,57.6,2.6666666666666665,179.86666666666667,2.1333333333333333,26.6,1.7333333333333334,313.1333333333333,41.333333333333336,19.333333333333332,0.09662081270426834,0.2532112499148583,0.8983448459964479,0.22920659283420852,0.004600000000000001,4.733867068968987,0.06467328042328042,0.22511545692637144,0.24407486823918847,0.05402162309081183,0.0
1685265870,2.4087165748717556,96.56114998143485,0.9773226687865673,18.64733870429798,0.8298593852830608,18.05169437309014,17.122718852932675,1.3309343110673884,10.812637867270269,11.492781210645719,0.25294315880017737,0.8397231785027617,101250662.4,63940334.93333333,12326775.466666667,39004023.46666667,42672128.0,25855590.4,136426154.66666666,37242880.0,10261299.2,50525525.333333336,3020800.0,9755306.666666666,32.0,60.8,3.066666666666667,183.46666666666667,2.7333333333333334,25.4,2.7333333333333334,325.46666666666664,44.4,17.666666666666668,0.0997410916545357,0.21742686457791488,0.8052314964447317,0.22500717354724684,0.004600000000000001,4.721644622133012,0.058020833333333334,0.2266042558485787,0.2441353968584157,0.051992459494064565,0.0
1685265900,2.4734498079526017,94.4729668457405,1.1233110802080306,17.857076078978476,0.8112149612712743,18.242795354515625,16.81978345572453,1.394357379141913,10.941995834768095,11.267839508324638,0.26324745930428306,0.8839436704210254,101350058.66666667,63953851.733333334,12228608.0,38712251.733333334,42736844.8,26086331.733333334,136493738.66666666,37078903.46666667,10250376.533333333,50482107.733333334,3021755.7333333334,9679667.2,37.266666666666666,56.601099999999995,3.066666666666667,192.80110000000002,2.8,31.2,2.4,340.4607666666667,44.0,18.346733333333336,0.09850203630853767,0.21312893635490668,0.8303595971153179,0.2298886734971696,0.004600000000000001,4.735398956950172,0.050232593795093795,0.2312244165772941,0.2596387077062326,0.061845993892694635,0.0
1685265930,2.845399293764783,92.44930965542682,1.2416522387752462,15.808952583858039,0.869581407920504,17.967028117129402,17.485626031697716,1.4954125327242667,9.762259688430625,10.733931968468802,0.2997682348650485,0.9699053815962974,101137339.73333333,63791513.6,12206080.0,39284462.93333333,42692608.0,24675396.266666666,136519680.0,37197687.46666667,10284646.4,50383803.733333334,3016704.0,9661644.8,57.0,97.13333333333334,5.066666666666666,297.6,5.066666666666666,51.06666666666667,4.866666666666666,558.6,73.46666666666667,33.2,0.09071014711037068,0.2044330152724948,0.6462196881709077,0.22192621076623417,0.004600000000000001,4.64348555855145,0.04248271404521405,0.2242708618012896,0.2417049777777707,0.05716628118693241,0.0
1685265960,2.050485437002296,97.7179406360499,1.759375455842387,10.828772506381766,0.9527053899357636,18.147701120770122,11.381828452322173,0.6400863823332696,9.986147083209298,8.050657933303816,0.4870226760240615,1.2899096577207538,100782762.66666667,63602414.93333333,12143138.133333333,39663206.4,42663936.0,22294528.0,136519680.0,37675827.2,9909862.4,50380800.0,3087837.8666666667,9483059.2,58.733333333333334,98.87310000000001,3.2,313.06666666666666,3.2,53.733333333333334,3.1333333333333333,551.2666666666667,71.93333333333334,28.133333333333333,0.055191971537491766,0.12400985423540899,0.38087515681526435,0.1144551932718611,0.004600000000000001,3.6613346570536924,0.020796302053209956,0.15054317536808337,0.1677874499386087,0.026736674632592456,0.0
1685265990,1.6733623947033995,99.92241034133237,1.4417488891494132,9.024006770413306,0.924479819898388,19.10153461801513,8.413863059910275,0.46563004267944585,10.265823792704289,6.5387929341555076,0.5707452752967518,1.312699625527783,100574685.86666666,63629175.46666667,11848089.6,39346039.46666667,42663936.0,22365388.8,136527872.0,37408494.93333333,10134596.266666668,50380800.0,3117602.1333333333,9637341.866666667,44.88123333333333,81.80590000000001,2.8028333333333335,241.85666666666665,2.6695,36.86666666666667,2.5352333333333332,441.0028333333333,58.53333333333333,22.470466666666667,0.007109909103239208,0.024647466715597522,0.11189463640934232,0.01346725127898883,0.004600000000000001,0.44852937979312724,0.005619325109127298,0.011337342314013876,0.023263309868547473,0.0054244947917715235,0.0
1685266020,2.2614284508388836,98.01231703708191,1.236158059807498,12.861103408004563,0.8793367347960511,18.830240915772617,13.840180695184241,1.151238394614998,11.204888596564802,9.157542785021906,0.41829173823864274,1.1009568547704616,100925440.0,64462438.4,12083063.466666667,39172369.06666667,42663936.0,26232149.333333332,136587400.53333333,37584759.46666667,10411895.466666667,50380800.0,3075822.933333333,9618227.2,35.06666666666667,63.46666666666667,2.3333333333333335,190.4,2.4,30.733333333333334,2.7333333333333334,326.8666666666667,46.0,21.733333333333334,0.06856909972228324,0.1419724951183764,0.4881246438746439,0.16427382423832942,0.004600000000000001,3.8145673387076835,0.030129843073593083,0.16658508522872853,0.1954564410748806,0.03441779746962513,0.0
1685266050,2.667223346138635,91.8446349970547,1.114844313438682,18.375060249548753,0.8406152179882549,17.890580408749642,18.319665698073344,1.904051936020867,10.496511628735302,11.588777416224811,0.26204197168823545,0.9308229160135768,100978688.0,63647744.0,12111872.0,39330884.266666666,42663936.0,25611195.733333334,136593408.0,37680742.4,10238907.733333332,50380800.0,3119377.066666667,9768686.933333334,34.6,59.729400000000005,1.7307333333333332,170.46273333333332,1.4640666666666666,28.066666666666666,1.5987,333.6856333333333,43.4,17.314666666666668,0.09600781130307377,0.21434352799994014,0.7378311688311688,0.2281986302554394,0.004600000000000001,4.651167899765906,0.04812809050720235,0.2292019222566884,0.2870880708746271,0.06804502483137607,0.0
1685266080,2.7202618579750664,94.84455098927252,1.0230243295483203,18.93230487783658,0.8393667098633334,17.336429792124417,17.463506314243805,1.7298754595380146,10.506898741399501,12.558610539023409,0.2531635196138038,0.8557096609521914,100774024.53333333,63677644.8,12116514.133333333,38990370.13333333,42686464.0,25212654.933333334,136597230.93333334,37698764.8,10249420.8,50380800.0,3056571.7333333334,9552418.133333333,33.22643333333333,58.75686666666666,2.6652,194.49633333333335,2.8,31.066666666666666,2.7333333333333334,362.0941666666667,46.6565,19.962666666666667,0.09834822014960135,0.2241231546017894,0.7991167427343898,0.22958396041427562,0.004600000000000001,4.674233954766384,0.04656090668590669,0.23018420005001353,0.3021951321740563,0.0713735449573036,0.0
1685266110,2.761471520050551,96.56223345482248,1.1614046774570883,18.51517036727728,0.8506923746794655,17.1343343164478,18.352132837982698,1.4402659104526603,10.73077640253768,12.495397100250639,0.2529892100038367,0.8920664039456003,100830822.4,63556266.666666664,12130577.066666666,39104785.06666667,42663936.0,25882897.066666666,136597504.0,37782596.266666666,10119168.0,50380800.0,3065446.4,9581226.666666666,39.66303333333334,58.992066666666666,2.466666666666667,182.71653333333333,2.533333333333333,29.933333333333334,2.6,298.62600000000003,42.2,19.0557,0.09792671848774961,0.22609422901619405,0.8141682146542827,0.23033531653354442,0.004600000000000001,4.717932847346044,0.04249495721999593,0.22867295717571173,0.2955160417302329,0.06877763252233438,0.0
1685266140,2.476306752582184,94.46539481457197,1.1733508124465752,16.62814807439043,0.8239147170173119,17.90135047808216,16.21615847937118,1.3998605539118387,11.009965974917288,12.896811526448769,0.26281367377737297,0.9317734374586949,101003264.0,63572650.666666664,12100130.133333333,39060002.13333333,42663936.0,25956488.533333335,136598869.33333334,37869568.0,10175010.133333333,50380800.0,3014382.933333333,9622596.266666668,39.666666666666664,60.271233333333335,2.6666666666666665,194.86666666666667,2.8,35.46666666666667,2.8,372.53333333333336,49.53333333333333,19.2,0.09362815951135958,0.22238721636763709,0.7718045604206595,0.23280123083022158,0.004600000000000001,4.75375486313563,0.040429590047895,0.23055496694167765,0.2658087706739335,0.053733424541560444,0.0
1685266170,2.6635045549566194,94.29328473439621,1.049652410750251,16.207500663039287,0.8590470526441184,17.66646261602055,16.82851946770655,1.418988168530613,12.454818007459371,11.694949263550098,0.26243263945412637,0.8540094812876258,101027840.0,63574016.0,12104362.666666666,38703377.06666667,42663936.0,25876616.533333335,136617984.0,37751876.266666666,10277000.533333333,50380800.0,3016977.066666667,9603481.6,33.333333333333336,61.2,1.9333333333333333,184.06666666666666,1.6666666666666667,33.333333333333336,1.8,340.3333333333333,45.06666666666667,16.866666666666667,0.09549515796951417,0.2215341278488244,0.6690165945165947,0.2320195149812228,0.004600000000000001,4.697557410178686,0.04325031901649549,0.22704843217677353,0.24773398291361398,0.049288886399592176,0.0
1685266200,2.002587474904138,97.10399096792077,0.9199940749980804,15.901520703622905,0.8758353672437995,17.984960957910126,16.923935838155394,1.352346359274868,11.388946136964371,11.610402627208384,0.2584977959194848,0.8842142636066298,100963942.4,63588898.13333333,12195430.4,39003204.266666666,42738346.666666664,25870336.0,136618530.13333333,37574929.06666667,10977280.0,50380800.0,3130026.6666666665,9678711.466666667,34.739466666666665,66.03123333333333,2.7337333333333333,182.1535333333333,2.4004,28.733333333333334,2.4670666666666667,296.5015666666667,42.86683333333334,16.782866666666667,0.09665568775733983,0.23286641001985575,0.6318770456503014,0.23507878937742469,0.004600000000000001,4.651339861069853,0.04141472294045823,0.22305057061434755,0.2486165697873914,0.0652390757549758,0.0
1685266230,2.058722475794666,94.29078017580682,1.0562249815297071,16.649567359937958,0.8354803050567432,17.740515538341516,16.53407424137098,1.6201176126575993,10.418019913112342,11.360161150939017,0.28376889213321604,0.8810992042211118,100868096.0,63555584.0,12178227.2,38411741.86666667,42668032.0,24204356.266666666,136622080.0,37812224.0,9780838.4,50380800.0,3047150.933333333,9621230.933333334,51.46666666666667,88.0,4.0,279.8,3.4,45.733333333333334,3.2666666666666666,492.8,65.6,28.933333333333334,0.09110597048969298,0.25489597586677926,0.8826946849446851,0.23012029063900538,0.004600000000000001,4.606923079631992,0.03673614253393665,0.22173720338748706,0.2516354820216556,0.058608743330826676,0.0
1685266260,2.1225736043463272,97.63640884830521,1.3968517580935542,12.88313114069536,0.9018871048129741,17.842660390350918,11.559583966887665,1.0973334723138186,10.687531156420244,8.717108706870055,0.4625817308280767,1.2053148660118305,100793002.66666667,63598318.93333333,11996637.866666667,40060381.86666667,42668032.0,22204416.0,136622080.0,37892096.0,10371072.0,50383257.6,3151052.8,9390762.666666666,60.266666666666666,101.93333333333334,3.2666666666666666,308.46666666666664,3.6,53.122233333333334,3.6,576.3491666666666,76.33333333333333,30.4,0.05241579825675,0.17176804936618134,0.6535714285714286,0.14596700804407667,0.004600000000000001,3.6245691902554356,0.022097577251953413,0.1381395679445758,0.18190641200910437,0.032078150218898455,0.0
1685266290,1.6933383471496124,99.93684562922911,1.3009773041760542,9.06229670905396,0.860011457253418,18.710182711820302,8.21826503579483,0.47867249654546196,10.241146144584294,6.923134101198206,0.5798165181930547,1.4017755268103982,100699340.8,63636821.333333336,11950489.6,39714406.4,42668032.0,22233088.0,136622080.0,37863287.46666667,10105241.6,50383803.733333334,3061077.3333333335,9362363.733333332,46.99403333333333,72.3576,1.3981666666666668,230.0286,1.9315,36.65976666666666,1.8648333333333333,432.44463333333334,57.93333333333333,17.819133333333333,0.009826285102197123,0.02778604884682638,0.10644854374498341,0.015426073622228652,0.004600000000000001,0.5228663026834904,0.005148490473170879,0.015354258186698161,0.030877690465364625,0.0058562127919432735,0.0
1685266320,2.1364570697802767,96.98303379098621,1.1400298605082042,13.026121025754126,0.8217940909479116,18.302151830800092,13.102164861510852,0.9234095009623913,10.07282839126399,9.07507546876395,0.3841819550475621,0.9742678591261132,100852531.2,63687748.266666666,12141090.133333333,38960742.4,42668987.733333334,26267648.0,136637781.33333334,38114918.4,10942873.6,50690457.6,3063261.8666666667,9452066.133333333,37.7917,58.99066666666667,2.6647000000000003,177.2851,2.7313666666666667,30.6478,2.5407,340.6730666666666,46.049166666666665,16.119899999999998,0.0726392125026419,0.1549807294380718,0.5821958943833944,0.16834390919384806,0.004600000000000001,3.8076074879349826,0.02713915343915343,0.17543519037226665,0.2263719034050421,0.033331092675476764,0.0
1685266350,2.920518381954416,94.66415045145853,1.0248530642332887,16.5237099701044,0.8147799636131676,18.417311522246745,16.142009341385663,1.5241008425089697,9.63503397817551,11.078306040848867,0.25839063364669446,0.8115445893793528,100869188.26666667,64008055.46666667,12212633.6,38563703.46666667,42669533.86666667,26140672.0,136652117.33333334,38100992.0,10398242.133333333,50398003.2,3121425.066666667,9657548.8,38.86666666666667,52.4438,2.066666666666667,176.83213333333333,1.8666666666666667,27.333333333333332,1.8666666666666667,336.25826666666666,42.742333333333335,19.237433333333335,0.09610161547969143,0.21575623440280348,0.8182140646662706,0.2270292103962949,0.004600000000000001,4.749424309813359,0.03940605736855737,0.22833002823003495,0.34630610066814965,0.06098620973276549,0.0
1685266380,2.961217716274857,93.04142862277847,0.8216869596510836,18.705816079517753,0.8049565541582377,17.71567142225032,15.765657514647671,1.594224785010002,9.355451273102217,12.682083060350116,0.24354340737011645,0.8203563655861481,100926259.2,63824418.13333333,12143001.6,38642756.266666666,42668032.0,26948266.666666668,136680789.33333334,38017433.6,10315366.4,51027968.0,3020253.8666666667,9673386.666666666,37.266666666666666,58.2616,2.5981333333333336,183.65926666666667,2.0710666666666664,32.2,2.2081666666666666,340.7581333333334,42.266666666666666,16.961166666666667,0.10319608929543955,0.23225230048285433,0.8787645300677421,0.23049046050807726,0.004600000000000001,4.7955997113714695,0.043877540673264354,0.22691219455347028,0.3474574772794779,0.07354366373932092,0.0
1685266410,2.953314590823438,92.31837888502652,0.9956508366105975,18.5763214480774,0.8309241704122645,17.903813435686054,16.690976541951127,1.16560839312516,10.751103005510252,12.68809410433015,0.24273304194783846,0.8601734512280585,101047637.33333333,63682286.93333333,12062720.0,38777105.06666667,42668032.0,25392469.333333332,136698675.2,37928277.333333336,10241638.4,50382848.0,3073365.3333333335,9454796.8,37.3516,61.675799999999995,1.8019,206.23183333333333,2.1826,35.13333333333333,1.7199,338.9279666666667,44.1234,16.889233333333333,0.12085448578304003,0.23619157458733822,0.905372515084438,0.23593278789636582,0.004600000000000001,4.7852640937455275,0.044250261523373656,0.229791599102959,0.3407714947588402,0.07162089727848003,0.0
1685266440,2.5715013787061936,96.49924868942803,1.0278687662641985,18.822319309005316,0.8468659206445432,17.29958319567779,17.894723327318026,0.9364705768700659,10.978082728861345,12.597370209874072,0.2628469049681927,0.8722636628402319,101014869.33333333,63660714.666666664,12224921.6,38949137.06666667,42668032.0,26079095.466666665,136739225.6,38136217.6,10188390.4,50380800.0,3028582.4,9441416.533333333,35.86666666666667,58.6618,2.0638,166.12663333333333,2.7304666666666666,29.6,2.4638,358.6625666666667,48.333333333333336,18.579133333333335,0.10267156742309573,0.2245271480334172,0.8499951245649775,0.23414581889961647,0.004600000000000001,4.722107366226739,0.04229019345986258,0.22988911279498547,0.27826091045962736,0.07198458234943045,0.0
1685266470,2.5374951625084776,92.74435760280276,1.10497497949773,18.06610919480568,0.8468345777325162,17.847083326260318,17.326661589752923,1.2630103080791466,11.060510968440132,11.360259922217578,0.2655455223060363,0.8456256761091783,100825907.2,63728844.8,12165939.2,38855611.733333334,42699571.2,26395579.733333334,136798617.6,38129390.93333333,10078071.466666667,50380800.0,3135214.933333333,9699328.0,33.266666666666666,61.7344,2.9442666666666666,190.61406666666664,2.7989666666666664,28.4,2.458833333333333,345.4948,41.877433333333336,16.0803,0.09397902034389621,0.21957364876177646,0.8164962767137689,0.232422677282279,0.004600000000000001,4.734931789659196,0.047596337145969496,0.22901754039358663,0.2468716319555508,0.06795875929098048,0.0
1685266500,2.999016983713808,96.58174759807845,1.0458682168652331,18.407529060954904,0.8299090070158628,17.401669089498867,16.457905130559183,1.3674877937697887,9.84846914552668,10.546643537845641,0.24540649293204822,0.8753305479545689,100854033.06666666,63719697.06666667,12106001.066666666,38579404.8,42695065.6,26967517.866666667,136830976.0,38431948.8,10904371.2,50382028.8,3040324.2666666666,9741107.2,33.0,48.53426666666667,1.3333333333333333,159.80093333333335,1.8,29.333333333333332,1.9333333333333333,311.20683333333335,35.93333333333333,14.852033333333333,0.10346198009492302,0.23259117303695317,0.8315726356332006,0.23823538013160153,0.004600000000000001,4.849040372109053,0.046567110177404294,0.23379991378026704,0.32206898648641946,0.0732441499798448,0.0
1685266530,2.5323577569788465,90.84221051763916,1.1040457431273403,16.740817769427068,0.8664581164593835,17.683244863014878,14.546829013502798,1.113662090918055,9.082953263034264,9.538703972485054,0.2708285767281472,0.8695388817823886,100920251.73333333,64077004.8,12124160.0,39050717.86666667,42668032.0,24997341.866666667,136865245.86666667,38304017.06666667,10598263.466666667,50382028.8,3086336.0,9504768.0,53.39816666666666,92.29556666666667,3.864833333333333,292.6468666666667,3.2091333333333334,47.53333333333333,3.2648333333333333,557.0071333333333,69.03829999999999,29.026400000000002,0.12559673141450886,0.23616365309295953,0.7478273809523811,0.23206212209584423,0.004600000000000001,4.803898047322106,0.03463794394011785,0.22476832532682245,0.312109829071339,0.07294282309504989,0.0
1685266560,2.213898229636986,98.33963574023248,1.3892895835645658,12.756379584757608,0.92994808419477,18.793545494107597,12.307891183908547,0.738748493262537,9.792143713057305,8.930132057200973,0.4553248319108373,1.1511102248261715,100966400.0,64081920.0,12087500.8,41476915.2,42668032.0,22724198.4,136871936.0,38551142.4,10233856.0,50380800.0,3139379.2,9734553.6,57.0438,101.03094999999999,4.1,322.84929999999997,5.0,52.0,4.8,565.61405,74.9235,32.05375,0.08445808596952155,0.17535684806589147,0.48180600958919034,0.17750665933206908,0.0046,4.148321986241014,0.021909171195652177,0.16531901382146935,0.21298258238028328,0.03774343060625111,0.0
