time,adservice_cpu,cartservice_cpu,checkoutservice_cpu,currencyservice_cpu,emailservice_cpu,frontend_cpu,main_cpu,paymentservice_cpu,productcatalogservice_cpu,recommendationservice_cpu,redis_cpu,shippingservice_cpu,adservice_mem,cartservice_mem,checkoutservice_mem,currencyservice_mem,emailservice_mem,frontend_mem,main_mem,paymentservice_mem,productcatalogservice_mem,recommendationservice_mem,redis_mem,shippingservice_mem,adservice_load,cartservice_load,checkoutservice_load,currencyservice_load,emailservice_load,frontend_load,paymentservice_load,productcatalogservice_load,recommendationservice_load,shippingservice_load,adservice_latency,cartservice_latency,checkoutservice_latency,currencyservice_latency,emailservice_latency,frontend_latency,paymentservice_latency,productcatalogservice_latency,recommendationservice_latency,shippingservice_latency,frontend_error
1685249340,2.900501719979701,7.235858213123621,0.9709287422424372,20.763036649886164,0.8172518345967098,18.71102427715851,18.33374482298667,1.1516291841471356,12.119998666011815,12.986842556807519,0.28485488921419183,0.8486541342528284,99897344.0,58990592.0,12107776.0,38537029.81818182,42565632.0,25268968.727272727,128835584.0,37348072.72727273,9902266.181818182,49975296.0,3152802.909090909,9475909.818181818,42.54545454545455,69.81818181818181,3.090909090909091,218.54545454545453,3.272727272727273,36.847818181818184,3.272727272727273,316.72727272727275,47.09090909090909,19.454545454545453,0.07799887186645925,0.16437520631276056,0.5281655844155844,0.19421507838342753,0.0046,3.668386220902423,0.04327855477855478,0.18935458611661904,0.22245704459235158,0.04099537843623921,0.0
1685249370,3.0718698237059616,7.0157614980199385,1.079015515568778,21.681423821187522,0.8675650039956943,18.562242633159986,17.49393463669544,1.1963100737563563,12.012495748488213,12.936472321138593,0.28019842633043834,0.9497338276444133,99893521.06666666,58928332.8,12296328.533333333,38507042.13333333,42565632.0,25505382.4,128835993.6,37206425.6,10173371.733333332,50487296.0,3080874.6666666665,9428718.933333334,40.266666666666666,75.93333333333334,2.1333333333333333,219.26666666666668,2.3333333333333335,35.53333333333333,2.2,380.46666666666664,47.13333333333333,20.266666666666666,0.08263748537055886,0.19876196563275517,0.6809523809523808,0.19692496676446816,0.004600000000000001,3.6069401944736716,0.04583638583638583,0.19079219185059196,0.22785855608582642,0.04362880963230001,0.0
1685249400,3.5096238196737244,5.286646920478578,1.0983282081398156,17.723404581075215,0.8641821550636742,18.142171813951038,17.58478021975419,1.652515628830178,12.02993428907912,13.637244395798128,0.28065994223983853,0.8829182774397462,99897344.0,58935978.666666664,12112418.133333333,38825437.86666667,42567680.0,25471385.6,128839680.0,37067434.666666664,9965841.066666666,49975296.0,3053158.4,9478963.2,46.333333333333336,69.86666666666666,2.6,220.13333333333333,2.533333333333333,35.86666666666667,2.7333333333333334,386.0,48.86666666666667,18.933333333333334,0.0840016916124246,0.40705493097284823,0.9422257187257188,0.1928347699364633,0.004600000000000001,3.8909544192990446,0.04987815934065933,0.19602829075987013,0.24440478323805928,0.04498138469345999,0.0
1685249430,2.846383637936145,4.92841839857056,1.137763167638752,15.518840745845747,0.829015937426249,18.550271995078806,17.265140786270504,1.4071708923033748,11.304640352970342,12.232716853277282,0.30840918879601076,0.96776281025066,99834675.2,58995780.266666666,12131942.4,38642892.8,42565905.06666667,24192341.333333332,128839680.0,37270596.266666666,9978948.266666668,49975296.0,3138218.6666666665,9607304.533333333,56.733333333333334,94.53333333333333,3.0,298.6666666666667,3.066666666666667,50.6,3.1333333333333333,524.8,66.33333333333333,25.2,0.07780479107292043,0.3056312332976668,0.9152020202020205,0.18431908830899493,0.004600000000000001,4.031526329427042,0.043223135198135205,0.19913275667384722,0.2377875451876981,0.04181915346607334,0.0
1685249460,1.9973149548584506,5.935379634849945,1.353427382310121,11.039185179262942,0.9104593878922419,18.913570196314083,11.312125049674819,0.620494236888041,10.235718278885543,8.16039281974772,0.48634778228839753,1.1772277965947209,99812147.2,58954683.733333334,12000870.4,41325090.13333333,42565632.0,22268177.066666666,128839680.0,37275511.46666667,10233309.866666667,49975296.0,3022438.4,9401275.733333332,56.13333333333333,95.46666666666667,4.0,310.2,4.2,50.06666666666667,3.6,555.3333333333334,72.06666666666666,29.333333333333332,0.04336821029807103,0.09791965887911912,0.3988717627401839,0.1000028896596116,0.004600000000000001,2.7837621136292015,0.020597678571428583,0.12088917509643005,0.15237468251540737,0.022253523158257977,0.0
1685249490,1.6341066703082234,5.490508495685715,1.4094836382288582,8.050679520628858,0.860346785042432,18.796551810646577,7.7765997674034155,0.40730127340002387,9.706177433422281,6.518128857366382,0.562142465526889,1.3458605045917331,99702101.33333333,58934886.4,11870071.466666667,38731229.86666667,42565632.0,22528000.0,128839680.0,37267729.06666667,9996697.6,49975296.0,3059302.4,9305156.266666668,60.733333333333334,107.86373333333333,2.8666666666666667,343.8666666666667,3.255666666666667,54.333333333333336,3.2,587.4675000000001,77.06666666666666,27.4,0.0047278702175369445,0.009165282128516387,0.05298237930878164,0.005379670888762313,0.004600000000000001,0.3016878109699966,0.004652692307692307,0.0057266866281735105,0.010449556594186532,0.004769795199619612,0.0
1685249520,1.7356100854371237,5.959739264164231,1.5141065170982595,10.283485433470185,0.8864148493301801,18.093617005184345,9.167380511479765,0.5395522490953277,10.484472295518406,7.937936994030014,0.5206726910339953,1.2788085666288995,99636019.2,58956185.6,11971788.8,39022182.4,42565632.0,23105945.6,128839680.0,37643878.4,10014583.466666667,49975296.0,3035136.0,9558425.6,39.22683333333334,73.09140000000001,3.1994666666666665,217.7696,3.0,33.333333333333336,3.4,397.3238333333333,53.74556666666667,20.48796666666667,0.017061528856737306,0.05985725330152692,0.2289883427932576,0.03481794312673413,0.004600000000000001,0.9899010311986974,0.009867592384116792,0.03640599820997773,0.05776106456286356,0.01262323681197096,0.0
1685249550,3.022499202038185,6.080214578854748,1.2850068505946932,16.155628754325768,0.8478044941808164,18.606569826550306,15.385137147877117,1.5383664217045037,11.649766873610728,12.057482918193843,0.35231443938533946,0.9810358820415939,99862664.53333333,58896110.93333333,12441736.533333333,38549367.46666667,42565632.0,25064516.266666666,128839680.0,37817548.8,10009804.8,49977890.13333333,3112413.8666666667,9371921.066666666,37.86666666666667,65.8,2.3333333333333335,212.4,2.1333333333333333,35.2,2.533333333333333,404.06666666666666,48.2,22.0,0.06673060509823751,0.21914014335597734,0.4906881225499647,0.15208541920793112,0.004600000000000001,3.4283369424483228,0.029224163105413117,0.14416133790736202,0.2095186001763853,0.035339569362072436,0.0
1685249580,3.6430988917129605,5.090063714937272,1.1920436541150614,18.60954308964971,0.844342608783035,18.368738309254784,17.52758686183591,1.9570393074295869,11.417444264725155,13.38431664204471,0.2757762982772635,0.9677714011220673,99880686.93333334,59073331.2,12120337.066666666,38693137.06666667,42565632.0,24659012.266666666,128841045.33333333,37793655.46666667,9821388.8,49975296.0,3091251.2,9490295.466666667,34.6187,68.61053333333332,3.527933333333333,212.91073333333333,3.5324,32.6,3.265733333333333,370.97526666666664,47.86663333333333,18.516466666666666,0.0803456138696943,0.3807323896468994,0.7554161255411257,0.20687442571016154,0.004600000000000001,4.20196914123189,0.03884404761904762,0.19370300247307112,0.23206158311800193,0.04382449324400317,0.0
1685249610,3.3518899802600046,5.048788406132445,1.2412505746744926,19.673548072109828,0.9072186524588037,18.057899214284255,17.353569905164747,1.446424715870681,10.733425070978019,13.568049770833856,0.2713571157960749,0.8438983112270091,99961787.73333333,58895701.333333336,12379204.266666668,38552507.733333334,42619699.2,25550165.333333332,128947541.33333333,37968008.53333333,10028373.333333334,49975296.0,3066538.6666666665,9595562.666666666,34.93333333333333,65.86666666666666,5.133333333333334,212.73333333333332,4.666666666666667,34.0,5.2,395.06666666666666,50.8,24.133333333333333,0.08155645776464594,0.2549190828935991,0.8017705292643375,0.21259225557164582,0.004600000000000001,4.325880821199023,0.03733116987179488,0.20542743388918797,0.23664919573443063,0.047051202839808355,0.0
1685249640,3.012354408998749,6.213594068109594,1.254446246269745,17.58667874560852,0.8815020953399192,18.00936939741336,18.47948854383212,1.5952456209660388,11.628440994202998,14.608267819689834,0.2894387825019676,0.9225012577789724,99983360.0,58990592.0,12103816.533333333,38659140.266666666,42566587.733333334,24929894.4,128913408.0,37790924.8,10208324.266666668,50830950.4,3012334.933333333,9558698.666666666,40.86666666666667,80.73333333333333,2.3333333333333335,204.4,2.466666666666667,35.0,2.066666666666667,400.06666666666666,49.4,20.6,0.08577052858501516,0.2574724701809278,0.7843825648680525,0.2044578046452815,0.00462624106406258,4.233623630455088,0.04155530303030303,0.20997195853324305,0.27966072706973966,0.046729247851488805,0.0
1685249670,2.9881205025863773,5.954877268874145,1.1250238840819902,16.486391662318027,0.848445876360755,17.167634174312415,17.646970882800936,1.7201418045270296,11.65290330304271,14.894240896547963,0.25995971695049824,0.8607159445719552,100040157.86666666,58859520.0,12207581.866666667,38824482.13333333,42566997.333333336,25277644.8,128916957.86666666,38177450.666666664,10325606.4,50043153.06666667,3013017.6,9719808.0,38.13333333333333,66.13333333333334,2.066666666666667,195.2,2.1333333333333333,35.333333333333336,2.533333333333333,367.46666666666664,46.0,20.6,0.08983710884833118,0.46073748834691947,0.8457417582417583,0.19333255108711161,0.004643227330595951,3.9861767779530415,0.04140118448695267,0.2061808350090359,0.2950821083464855,0.04698646342167739,0.0
1685249700,3.2955955554853364,6.121877825180375,0.9527079778040778,16.873451039066058,0.8502120544776214,17.679430817014914,17.568882148840917,1.7553824929850868,10.921209333946162,13.186886287230294,0.26492177242816356,0.8903346406988317,100089856.0,58929698.13333333,12287317.333333334,38729728.0,42565632.0,25354240.0,128921600.0,38082013.86666667,10138555.733333332,50040832.0,3016977.066666667,9611810.133333333,37.2,69.75680000000001,3.0,213.6,3.0070666666666668,33.733333333333334,3.066666666666667,403.7626,50.8,19.733333333333334,0.09314143509540079,0.39466037893269024,0.697746130625441,0.2007851219341023,0.004613550724637681,4.156496765724751,0.03345200163398692,0.20626121277127882,0.25449685222440377,0.05516726854067316,0.0
1685249730,3.2693811853593227,6.705441450909078,1.0437420748946153,15.71867640746591,0.8001017643404571,18.526017852844276,16.782743859599233,1.7971735050432713,12.199636061151676,11.359707228635392,0.3097777523865805,0.9899984970307771,100072652.8,58926557.86666667,12259054.933333334,38801681.06666667,42565632.0,23379968.0,128922692.26666667,38474547.2,10023731.2,50040832.0,3013290.6666666665,10488354.133333333,52.53333333333333,85.8,2.4,294.3333333333333,2.2,48.46666666666667,2.8666666666666667,506.1333333333333,68.33333333333333,26.733333333333334,0.0867827202251626,0.17458553410474234,0.4681390056022409,0.19611903165964478,0.004600000000000001,4.004068992002015,0.03641666666666666,0.19519089814630375,0.22501139797680422,0.05249196642778356,0.0
1685249760,2.112032166063164,5.895984061199085,1.3257614329925522,11.17953115494044,0.8775058338695525,17.82256544165894,10.72871195297359,1.014835057939622,11.22438898346718,7.981001698598703,0.4728605825610882,1.2329778893812238,99928610.13333334,58872627.2,12141636.266666668,39398058.666666664,42567543.46666667,22489224.533333335,128925696.0,38467174.4,10049809.066666666,50040832.0,3054250.6666666665,9431313.066666666,58.266666666666666,105.73333333333333,3.6,329.6666666666667,3.6666666666666665,50.93333333333333,3.4,586.0666666666667,76.53333333333333,27.733333333333334,0.04814048847828833,0.08614902832026468,0.356241910866911,0.11210790944346494,0.004600000000000001,2.6216240249954077,0.019768487745098044,0.0988837804094318,0.1340494077154223,0.025986494525115516,0.0
1685249790,1.6407491164870676,5.710465207871834,1.5278938670197368,8.389267825373171,0.9286028444969104,18.729928890714472,7.6665670366687415,0.44075727567476014,10.437631610678551,6.366752386819338,0.5879847320575274,1.350145040507413,99821568.0,58916864.0,12065996.8,40278425.6,42644548.266666666,22388736.0,128925696.0,38358357.333333336,10024960.0,50040832.0,3097941.3333333335,9531801.6,58.141799999999996,99.50283333333333,4.1273,310.9715,3.8651,52.2,4.0651,567.0084,74.66616666666667,31.174500000000002,0.0047431807708806836,0.006510107214017465,0.0490037259910238,0.004781747288524691,0.004600000000000001,0.2673447299514675,0.004695401390139014,0.004685445335088671,0.008844461886291547,0.004729317822559064,0.0
1685249820,1.799845335953836,6.831530504187338,1.5397515056859814,10.477313604167074,0.911646835655521,18.93105737763877,9.309701626980313,0.557233838103064,10.659909902669641,7.788822868119374,0.5344474249201772,1.3449014807300632,99770368.0,58989226.666666664,12074188.8,38535987.2,42570274.13333333,23826705.066666666,128933068.8,39493632.0,10376260.266666668,50040832.0,3070361.6,9487291.733333332,39.86666666666667,66.6,1.6,211.26666666666668,1.8666666666666667,32.6,1.2666666666666666,364.4,50.2,16.133333333333333,0.018144326001935676,0.036823863659353924,0.13846513389984355,0.04438022062144329,0.004600000000000001,1.0950431399795904,0.008527309908473592,0.03810482459418064,0.055154591342681206,0.010280424275316264,0.0
1685249850,2.83770938979447,7.614566515429653,1.1605983352767593,16.273991205626622,0.7881591833769857,18.092273710670806,15.579963244206004,1.2171382301139402,11.080655551829384,10.235041748396926,0.3427070161054216,0.9790977258671295,99689403.73333333,60323976.53333333,11915264.0,38752938.666666664,42565632.0,24747076.266666666,128937984.0,38503901.86666667,9748070.4,50141184.0,3060531.2,9471453.866666667,40.06666666666667,61.53333333333333,2.933333333333333,226.8,3.1333333333333333,36.8,2.8666666666666667,382.2,53.0,21.866666666666667,0.0670747806926036,0.11970020923162218,0.47011382297251864,0.17967101256845946,0.004600000000000001,3.7977539160656013,0.024647612370572895,0.1683180478699697,0.1932995870784161,0.03736205855552729,0.0
1685249880,2.829897277670976,6.496571624008913,1.1633448759194445,17.69488751323376,0.8317392359232266,17.944584062029538,18.5487219598406,1.5854585315276768,10.93821185145037,13.170880150255634,0.26537345799068895,0.8916609029322746,99714935.46666667,58910037.333333336,12144640.0,38678528.0,42565632.0,25097830.4,128940987.73333333,38873634.13333333,10303897.6,50069094.4,3016157.8666666667,9522380.8,41.53333333333333,62.333333333333336,2.6,213.73216666666667,2.7333333333333334,31.203066666666665,2.6,369.1333333333333,52.86666666666667,21.6,0.08394173492398067,0.33284056202292844,1.3301818181818181,0.20859944859100538,0.004600000000000001,4.287687399127179,0.03180092592592593,0.20960825885452036,0.23736250709303539,0.04482918263132633,0.0
1685249910,2.896722459086209,5.371494075858434,1.0891488778629455,15.624296365136132,0.8344121753052776,17.78617672709019,17.91399874634136,1.3567022433755869,11.482492307327567,13.935402330269097,0.2603328712035424,0.9213614364506634,99753984.0,58856789.333333336,12021213.866666667,38369416.53333333,42565632.0,25732710.4,128948087.46666667,38836633.6,9947955.2,50811699.2,3120332.8,9629286.4,36.13333333333333,76.13333333333334,1.5333333333333334,214.86666666666667,1.9333333333333333,34.84603333333334,1.4,380.2,45.733333333333334,17.6,0.08523655841159081,0.631392260424385,1.7059880952380952,0.19992223053238087,0.004600000000000001,4.233224723098496,0.030185846560846566,0.20961772013576957,0.2455306825884048,0.04271041501533644,0.0
1685249940,2.7347315345930974,5.523058009655927,1.2266056527945253,16.395175183703145,0.8553241891714936,18.645319796283502,16.888119763583,1.5218230436768512,11.595330149701022,12.430229563118083,0.26363267332498774,0.9314166082956582,99767364.26666667,58869760.0,12182869.333333334,38551688.53333333,42565632.0,25461145.6,128952729.6,38733004.8,10095820.8,50061312.0,3053704.533333333,9414246.4,40.93333333333333,79.66666666666667,4.733333333333333,218.4,4.266666666666667,36.53333333333333,4.266666666666667,390.6666666666667,49.46666666666667,25.0,0.08542220221415288,0.4816579445774712,1.0390185185185188,0.19809643088372872,0.004600000000000001,4.252931391356211,0.035143562755327463,0.20575250164804915,0.23407357326925293,0.042518442773417944,0.0
1685249970,3.1908765502694716,5.422362548588314,1.1519417947440387,15.529050850669652,0.8864200728288901,18.365584608396528,16.293461134870693,1.5888041133852429,11.794003438648094,12.947851712559707,0.2650961946705548,0.9042378862225395,99807232.0,58904576.0,11995682.133333333,38832810.666666664,42565632.0,24548010.666666668,128988364.8,38886741.333333336,10019089.066666666,50061312.0,3157060.2666666666,9489612.8,41.46666666666667,65.6,2.2666666666666666,198.33333333333334,2.1333333333333333,32.666666666666664,2.066666666666667,375.3333333333333,44.733333333333334,17.733333333333334,0.08506626518197247,0.20719079386449796,0.5423286433635273,0.1938015043572081,0.004600000000000001,4.214432728862643,0.03781703296703297,0.20085339967309665,0.22391727928294275,0.0453338518034954,0.0
1685250000,2.494624203585105,5.703438745911907,1.081110526872084,17.52122432293423,0.7901400740609547,18.592223024634215,17.938997587757285,1.3244877733578337,11.017466952671816,12.248366228840672,0.2797214223131384,0.88966073735072,99884646.4,58902528.0,12251409.066666666,39066555.733333334,42668851.2,24844561.066666666,129064960.0,39315865.6,9946862.933333334,50061312.0,3137262.933333333,9661098.666666666,41.86666666666667,67.93333333333334,2.8,216.33333333333334,2.8,34.13333333333333,2.8666666666666667,372.93333333333334,49.266666666666666,19.266666666666666,0.08585394653787258,0.1474255013020013,0.46336938401322014,0.19022248991905755,0.004600000000000001,4.147146699538961,0.0376701381951382,0.200717560601587,0.2229533763499405,0.046972805210318984,0.0
1685250030,2.618881221010768,5.814747535111655,1.3383325349295323,18.67318549261694,0.868803365433923,17.609244600420023,17.30970314022945,1.7031357733334824,11.639345613423457,12.070469228328363,0.32410302359864157,0.9909900245626264,99829350.4,58896384.0,12063675.733333332,39217834.666666664,42566041.6,24102092.8,129064960.0,39511517.86666667,10125858.133333333,50061312.0,3008375.466666667,9345979.733333332,53.53333333333333,94.2,3.6,282.8,3.4,48.6,3.8666666666666667,534.0,67.66666666666667,29.2,0.0812949666137647,0.13995302143605928,0.4603784032009839,0.1852345261681828,0.004600000000000001,3.798777321385057,0.037277981740481754,0.19125932366886364,0.22281673994961804,0.04526312927310891,0.0
1685250060,2.2768073638807578,6.860818256588008,1.3872876854720728,12.794793129441057,0.9431042394554029,18.584674812291492,11.359188881538476,0.7377719428135963,10.91550460820886,9.262040261701609,0.5209130393278615,1.3320299243662144,99586048.0,58892151.46666667,12056439.466666667,39622246.4,42569728.0,22351189.333333332,129064960.0,39155848.53333333,10028646.4,50061312.0,3011515.7333333334,9523200.0,59.733333333333334,103.13333333333334,4.266666666666667,306.6666666666667,4.4066,53.0,4.066666666666666,570.4,73.46666666666667,31.2,0.04429320586018674,0.08582193692931045,0.37425747642051993,0.10472542695102062,0.004600000000000001,2.3001826614967698,0.022453737373737383,0.10450147758467193,0.1569573984063413,0.02587755333143697,0.0
1685250090,1.671500481022226,5.969085536482185,1.5428223816026732,8.553926727853755,0.9422084287079513,18.19410668268178,7.794937428215401,0.4534662476093131,10.187922540181754,6.691889391238333,0.5733611430607499,1.4055056537748478,99492659.2,58870442.666666664,11927688.533333333,39847253.333333336,42565768.53333333,22255206.4,129064960.0,39346039.46666667,9999837.866666667,50061312.0,3017250.1333333333,9580680.533333333,59.733333333333334,107.0,3.4,312.409,3.8,53.746599999999994,3.2,607.8666666666667,79.13333333333334,29.266666666666666,0.004989143536577067,0.010025458663224638,0.05605051190378215,0.006404635135536588,0.004600000000000001,0.3114925177781644,0.004703166231804571,0.005869192519480121,0.011834542381892875,0.004927294134554404,0.0
1685250120,1.9503221075211525,5.512146534207063,1.514853614870233,10.060070760132602,0.893509856183844,18.2135393311553,9.429305206052188,0.5105232005721443,10.213153517416208,7.830301992550769,0.5116110760050906,1.2876688335297155,99518464.0,58912631.46666667,12069683.2,38455978.666666664,42565632.0,23602517.333333332,129070421.33333333,39352866.13333333,10285465.6,50061312.0,3137262.933333333,9416840.533333333,45.4174,71.63403333333333,2.2,231.85073333333332,2.2666666666666666,39.0,2.1333333333333333,408.09869999999995,55.279599999999995,21.706466666666664,0.01679310821883428,0.06595981847045093,0.1499365110933919,0.03726326511162297,0.004600000000000001,1.035371640477366,0.00855811467634208,0.03761725681829821,0.07332110904781235,0.010220836621158332,0.0
1685250150,2.4207795951759623,5.970371188060488,1.0172319275942054,16.223255208610688,0.8552770583989492,17.31968845574225,15.182459787774857,1.2412501811847132,10.897243918270219,12.18401945737722,0.33281480424892007,0.9987097366929574,99729408.0,58879180.8,12088115.2,38927564.8,42573414.4,24306346.666666668,129081344.0,39875106.13333333,10383633.066666666,50061312.0,3062306.1333333333,9609762.133333333,37.8,62.8,2.4,221.73333333333332,2.4,33.8,2.466666666666667,382.3333333333333,47.666666666666664,19.533333333333335,0.059263062587899026,0.22319198209597335,0.7278365384615386,0.15152522850099953,0.004600000000000001,2.915456618217014,0.025249487781954887,0.154761040479273,0.21552660926644826,0.037526081627149634,0.0
1685250180,3.259328057579123,6.5831777651001,1.0639109523920396,17.48292307931964,0.8133393626837842,18.48968711302462,17.50848408601432,1.2751173555635904,11.838270364142335,13.094218247119803,0.2863734346135268,0.9066473126449213,99799040.0,58875221.333333336,12214272.0,38831445.333333336,42565632.0,25149713.066666666,129093358.93333334,39795507.2,10099507.2,50083840.0,3143816.533333333,9433088.0,38.666666666666664,66.40856666666667,2.4,230.66666666666666,2.673266666666667,36.06666666666667,2.8666666666666667,406.4386333333333,52.86666666666667,19.333333333333332,0.07907287362799963,0.22794764282066846,0.8389758757754113,0.2024029373683787,0.004600000000000001,4.001345064208833,0.0409107905982906,0.20497595093725654,0.23220942856865903,0.04598400249089219,0.0
1685250210,3.452175292366447,6.49031611663274,1.1549039321139074,16.526325783728705,0.8761324930424578,18.22834414954278,17.393232770768172,1.6855524811072051,11.803645839550708,12.789749587368735,0.280303735056925,0.9439278700473526,99776102.4,58906214.4,12155562.666666666,38311526.4,42565632.0,25234636.8,129114112.0,39636582.4,10132957.866666667,50063360.0,3058346.6666666665,9411106.133333333,36.46666666666667,70.13333333333334,3.1333333333333333,214.13333333333333,3.2,36.53333333333333,3.2,390.46666666666664,49.86666666666667,21.066666666666666,0.08294631389595265,0.19603027249590801,0.5608810630291147,0.2060289181539839,0.004600000000000001,4.19458795096869,0.043147234129819266,0.20898439642889138,0.2287409728946317,0.04661901021959222,0.0
1685250240,3.0605364348700435,6.803502692487436,1.1687884657429792,19.013445977244274,0.8418005586295362,17.35999690921819,18.297923680491245,1.7400014934663064,13.12178521079542,12.707795619605575,0.2851643314673748,0.9111189947046938,99784294.4,58971477.333333336,11924275.2,38238890.666666664,42566041.6,25224260.266666666,129114112.0,40508620.8,10668168.533333333,50061312.0,3014656.0,9400320.0,36.2219,57.6975,1.8577000000000001,206.1587,1.8,35.91086666666667,1.8,369.93483333333336,46.897000000000006,17.826366666666665,0.08490567503549055,0.19825334618988696,0.46998064205524054,0.20283467736751917,0.004600000000000001,3.992914219359538,0.03963075550395598,0.20437048367506663,0.2312893014485473,0.04604063323680362,0.0
1685250270,3.44117738246555,5.695076735920301,0.9627346492422456,18.940563486107187,0.7853236585749035,17.489508516138617,17.32861812866482,1.9285132829123213,13.039308052430437,12.489446411441197,0.27668781327644576,0.9112680278449496,99794944.0,58814464.0,12079650.133333333,38357947.733333334,42569045.333333336,24495581.866666667,129118617.6,39805474.13333333,9961472.0,50061312.0,3015748.2666666666,9502446.933333334,40.0,67.95073333333333,3.1333333333333333,238.71443333333335,3.0,34.266666666666666,3.1333333333333333,396.07759999999996,49.044266666666665,21.133333333333333,0.08377355647017283,0.22655915092269374,0.4872781940632398,0.20225263795197185,0.004600000000000001,3.8971398189771307,0.03523119658119658,0.1972930311990928,0.2388568150791085,0.04520637701438524,0.0
1685250300,3.6534614564695915,5.895523722031455,1.1722451948647088,18.45459194418654,0.8586866699614628,18.134943589905046,18.84276625230471,1.4464266753008497,12.595824070187202,13.04489833209256,0.29017168549428146,0.9062519557775717,99711385.6,58842862.93333333,12214272.0,38443281.06666667,42567680.0,25368576.0,129159168.0,40076492.8,9984000.0,50061312.0,3052202.6666666665,9529753.6,41.733333333333334,64.625,2.0,204.46666666666667,2.1277333333333335,33.2,2.4,387.06666666666666,53.13333333333333,18.466666666666665,0.08355414315826754,0.2090898076969377,0.5883895502645502,0.20177216904766923,0.004600000000000001,3.941849011920249,0.038359427609427614,0.19442405979752697,0.2346479175041623,0.04509297426241376,0.0
1685250330,3.6208961405027815,6.476259151354174,1.1429646919006697,17.619694114353297,0.86271135930849,18.224984994552592,18.52682696842773,1.4509985258916416,13.773938843903291,13.664658100471062,0.2990485260330399,1.0064934680191668,99754803.2,58837674.666666664,12236526.933333334,38441642.666666664,42779579.733333334,23589273.6,129159168.0,40328396.8,9929796.266666668,50061312.0,3091114.6666666665,9407829.333333334,59.2,91.66666666666667,3.0,302.93333333333334,3.1333333333333333,52.53333333333333,3.066666666666667,534.2666666666667,71.46666666666667,26.466666666666665,0.07879217319820614,0.1920837687130493,0.5349698266375024,0.1929801640411025,0.004600000000000001,3.6235266846850456,0.04152732683982685,0.18819232792619917,0.22151176389678257,0.04440618585109422,0.0
1685250360,2.171432543888717,5.334012040729768,1.2142403152361014,11.093597709902987,0.8250274074709278,17.65867871290051,10.695970657723146,1.1054457674702898,10.246645552460306,8.845111483028353,0.4533150316881573,1.2117752388977894,99849966.93333334,58852556.8,12180684.8,39775709.86666667,42565632.0,22861824.0,129159168.0,40094242.13333333,9940992.0,50061312.0,3048379.7333333334,9576174.933333334,56.9799,92.78506666666667,2.3333333333333335,310.21206666666666,2.6666666666666665,49.77016666666667,2.7333333333333334,517.3408000000001,68.7747,25.866666666666667,0.044087974494033365,0.15346703717684498,0.46566821274852194,0.11136166515324537,0.004600000000000001,2.33616298327725,0.02470656565656567,0.11013844782884834,0.15218665147127125,0.02611664669473041,0.0
1685250390,1.6188570562430913,5.388859119030321,1.432755024629571,7.930631440093723,0.842962465089381,18.223784770040545,7.950060131989029,0.41122525004557936,10.04607457234917,6.717863736717957,0.5420928120193715,1.2312683048662387,99901440.0,58916727.46666667,12017390.933333334,39182062.93333333,42568226.13333333,22577971.2,129159168.0,40218897.06666667,10129408.0,50061312.0,3142997.3333333335,9458073.6,60.333333333333336,99.86666666666666,4.266666666666667,327.26666666666665,4.2,55.6,3.8666666666666667,584.3333333333334,76.33333333333333,32.06666666666667,0.005443583117777097,0.06050179439549505,0.13139884198204194,0.007039368910167404,0.004600000000000001,0.4769709992223842,0.004889009421471938,0.006876466409807362,0.015462315746005133,0.004833258519692145,0.0
1685250420,1.961862929495883,6.464650128521019,1.2699044285570054,9.812989942655433,0.931737491433345,18.886344260527146,9.404788428976852,0.736767725812815,10.156795005091087,8.190439986839198,0.5126082081006736,1.2938524775479359,99880960.0,58938163.2,12184780.8,39564356.266666666,42565632.0,23665049.6,129159441.06666666,40454007.46666667,10367522.133333333,50061312.0,3073228.8,9418205.866666667,39.53333333333333,72.0,2.0,226.4,1.9944,34.2,1.6,411.8,52.86666666666667,19.866666666666667,0.016767908575554314,0.061719865424310724,0.18707007472366968,0.04242476678254587,0.004600000000000001,1.0854441589534116,0.00983734326981659,0.04158422185494358,0.06910113419613834,0.012796975591928847,0.0
1685250450,2.862272556688671,6.802521489429768,1.0658529068703642,14.779544248374016,0.79233335914763,18.551883244168174,16.100180517498742,1.5367167263254304,11.506061156811693,11.882379301724026,0.35483205588964956,1.015613292740978,99737600.0,58927240.53333333,12297011.2,38886604.8,42565632.0,25189307.733333334,129163264.0,40559411.2,10138146.133333333,50900172.8,3025305.6,9426397.866666667,39.733333333333334,69.06666666666666,2.1333333333333333,227.33333333333334,2.2666666666666666,37.333333333333336,2.2,396.1333333333333,52.0,19.866666666666667,0.058981390754982786,0.12705505434780134,0.4669042082705071,0.1645465586272941,0.004600000000000001,3.2216714100561945,0.032950643939393946,0.173064299379533,0.198187819618534,0.04306513464905591,0.0
1685250480,3.209684613157943,6.172249675165869,1.188889365137648,17.65914871191933,0.8484302713488671,17.80813106241657,18.672402781836947,1.4748146394568462,12.256060988215744,12.291404118752457,0.2901671801639289,0.9298724782458778,100240861.86666666,58923554.13333333,12037597.866666667,38826803.2,42567406.93333333,25002666.666666668,129170636.8,40578252.8,9867946.666666666,50061312.0,3134532.2666666666,9655091.2,40.32836666666667,72.50596666666667,2.1288666666666667,199.1229,2.2,33.27993333333333,2.2,380.4771,50.19949999999999,17.853233333333332,0.08545096822163731,0.1611548238982878,0.4880019241987327,0.2058962529205802,0.004600000000000001,3.997471391597077,0.04154003912968696,0.20526484938394965,0.2214407061860043,0.04966966758674359,0.0
1685250510,3.0716320535610535,7.355001512816597,1.0858576641538324,17.883798549367793,0.8180373982727848,18.01405140776974,17.644928790160137,1.2911816901937556,13.42032700530742,13.169052570027494,0.28835663231355874,0.9065630012778165,99912908.8,58963968.0,12359270.4,38949683.2,42568499.2,25986935.466666665,129215419.73333333,40676420.266666666,10077934.933333334,50061312.0,3093299.2,9441280.0,40.59053333333333,63.968666666666664,2.6,217.30546666666666,2.6,35.46666666666667,2.7333333333333334,390.56566666666663,54.71093333333333,18.928366666666665,0.08431366203474626,0.16588601220057733,0.47953059925793495,0.2097354713265745,0.004600000000000001,4.067383702567358,0.03990359477124182,0.199138686029524,0.2256946173494096,0.047557386624904205,0.0
1685250540,2.8981686944277283,5.759982268980164,1.1001581333109816,18.589988216773758,0.8470625920358386,18.194484334387813,18.30617087632975,1.921313074908824,12.889864213035846,13.795165740878407,0.27654661311147,0.9583986646620747,99970252.8,58845866.666666664,12042240.0,38769459.2,42565632.0,25013452.8,129242726.4,36590796.8,9922150.4,50061312.0,3098897.066666667,9409467.733333332,42.13333333333333,53.733333333333334,3.066666666666667,222.53333333333333,2.933333333333333,34.733333333333334,3.466666666666667,389.53333333333336,46.8,21.333333333333332,0.08322448490582336,0.38453137471798426,0.8304836887971561,0.2062331378536971,0.004600000000000001,4.074259609752499,0.03221354166666667,0.19686437254178435,0.24739229506780888,0.04664494926729689,0.0
1685250570,2.760681875147692,4.9494074013723255,1.1053800522698016,17.681944608638776,0.8303274880054707,17.689861652566925,16.96345642691164,2.0485210184875573,11.307940620831102,12.550454201690558,0.2634182472216527,0.9514504150847816,100016128.0,58881638.4,12155016.533333333,38679893.333333336,42565632.0,24292420.266666666,129249280.0,35607074.13333333,9829580.8,50062540.8,3017659.7333333334,9626146.133333333,40.13333333333333,64.8,3.066666666666667,222.0,2.6666666666666665,36.06666666666667,2.8666666666666667,405.2,52.46666666666667,22.066666666666666,0.08532486689979778,0.6934836340809499,1.2144999999999997,0.20102691080591192,0.004660734457323498,3.974075918693241,0.031181265055509003,0.19146818620367553,0.2763865669823202,0.04526298044220256,0.0
1685250600,2.723217688650104,5.487629132865138,1.1034734779815392,18.766047530955653,0.8441562073549475,17.664825271016927,17.379386095876256,1.7477978045318445,11.293199976730541,12.07935650679272,0.26370396639241017,0.913052811908572,100016128.0,58952089.6,12196113.066666666,38599475.2,42569591.46666667,25377996.8,129277542.4,36031692.8,9796949.333333334,50950826.666666664,3093299.2,9478280.533333333,37.62956666666666,62.1811,1.8,200.26606666666666,1.6666666666666667,35.733333333333334,1.4,366.82800000000003,46.4063,18.287566666666667,0.08374036504834606,0.5259498891141826,0.9389560167501343,0.2057424301498793,0.0047638589871498134,4.15325817781716,0.04079608585858585,0.1989367487303481,0.2623568137053472,0.04597440493593651,0.0
1685250630,2.565620974350604,6.462407056595587,1.116132932170388,17.959305138189663,0.8806971143949177,17.934657482757014,15.645042851959426,1.6166174795849129,11.500619399256031,11.682442007466808,0.30532247131159773,0.9724645595570333,99742788.26666667,58998784.0,12128392.533333333,38899575.46666667,42590754.13333333,23524693.333333332,129373661.86666666,36057907.2,10399607.466666667,50061312.0,3011379.2,9649356.8,58.266666666666666,89.4,4.0,285.8666666666667,4.0,47.666666666666664,3.6666666666666665,538.8666666666667,70.46666666666667,28.2,0.07647972850794098,0.19918471863724008,0.5717682709447416,0.19681622478571165,0.004702281126427619,4.137692117590281,0.03000818998253209,0.1967240208999907,0.23047438625723837,0.044351584839094876,0.0
1685250660,2.05268064747306,7.153075219480129,1.4568416171664311,11.611036855114536,0.8801400403376058,18.18581786287166,10.227893069376018,0.8417056594969601,10.882293884172467,8.51772184823585,0.504854110704957,1.2499945979295402,99697186.13333334,59002606.93333333,11999641.6,40591906.13333333,42565632.0,22143249.066666666,129404928.0,35878092.8,9860437.333333334,50061312.0,3042645.3333333335,9483605.333333334,62.44826666666667,102.26566666666666,3.6622,299.1661666666667,3.6,51.46666666666667,3.7333333333333334,586.3507333333333,77.01243333333333,28.791033333333335,0.03488531191817419,0.08456460409257746,0.27691595860566454,0.10293570695462086,0.004600000000000001,2.6569615323904965,0.013001023822513193,0.10361845894188053,0.14811951142742555,0.022646929727774427,0.0
1685250690,1.7035513074288666,6.787218581824612,1.4062014893109749,8.178031744469427,0.8767408208557126,18.71489153716475,7.2989369307078364,0.42129938630063296,10.289913084682189,6.518312006716113,0.5761530941367556,1.292282086496048,99506176.0,58953181.86666667,12009881.6,41197431.46666667,42565632.0,22168098.133333333,129404928.0,36073472.0,10310724.266666668,50061312.0,3154466.1333333333,9510502.4,59.733333333333334,98.06666666666666,2.8666666666666667,309.46666666666664,3.066666666666667,50.06666666666667,2.6666666666666665,546.0,71.6,25.666666666666668,0.004691436296412626,0.0057533449493258615,0.05843617890913868,0.0050187005838894854,0.004600000000000001,0.28283389045302376,0.004705921485529864,0.0049091045281941794,0.008703149204395765,0.004699090621369873,0.0
1685250720,1.8639165615546964,5.645435367526777,1.4522682458253446,9.264960371317024,0.8879216300981706,18.642384923199014,8.92652985668879,0.6036596878586735,10.432653251375525,7.372046159129448,0.5232215209896912,1.242057401243392,99486924.8,58862523.733333334,12157064.533333333,38812057.6,42568908.8,23968017.066666666,129404928.0,35852288.0,10003660.8,50061312.0,3102856.533333333,9502446.933333334,41.733333333333334,60.733333333333334,3.3333333333333335,198.13333333333333,3.4,34.733333333333334,3.2,343.89986666666664,48.666666666666664,20.733333333333334,0.016251627252586835,0.04398333454017929,0.22177684940220924,0.03434504371655547,0.004600000000000001,0.9531869730056393,0.011374918603024958,0.037341957147727686,0.06750381442882296,0.011395648235084089,0.0
1685250750,2.807689124791367,6.421158228522387,1.2033011662599207,16.157338230534734,0.8427934996751638,17.823442390694403,14.589798561673414,1.4416245829956413,11.53986885782094,11.929305863148489,0.3370648546360047,0.9742564885028309,99664691.2,58908262.4,11905979.733333332,38572578.13333333,42565905.06666667,25030519.466666665,129421994.66666667,35814877.86666667,10003387.733333332,50061312.0,3041962.6666666665,9649766.4,35.333333333333336,73.06666666666666,2.0,207.66666666666666,2.466666666666667,34.666666666666664,1.8,366.8,43.86666666666667,18.066666666666666,0.0636901066976741,0.12019364167918907,0.5847916666666672,0.14717097308167332,0.004600000000000001,3.2398696412062007,0.03480067849548112,0.16273934849603164,0.19583077792774164,0.039776885349392783,0.0
1685250780,3.1690684110907923,5.899254436960405,1.0207026584946521,20.089064617472953,0.8486518151310326,18.39486993533838,18.40831491566638,1.8438411339055374,11.75853749309987,13.449284441658763,0.2748438366423914,0.919061958312674,99684352.0,58912768.0,12132352.0,38466082.13333333,42565632.0,24909824.0,129425408.0,35827985.06666667,9972940.8,50115925.333333336,3139447.466666667,9560064.0,45.53333333333333,72.0784,2.2666666666666666,224.66666666666666,2.4,36.93333333333333,2.3333333333333335,385.5518333333333,52.733333333333334,18.733333333333334,0.07784222224784379,0.16442163234150248,0.6725870472120473,0.1976695599267286,0.004600000000000001,4.031911221869268,0.04454896505096733,0.20058703329892075,0.22307513978515825,0.046759875379124044,0.0
1685250810,3.0990094280298544,6.207474912096985,1.1614244991925498,19.163151898002194,0.8743294672207743,17.257528854831207,17.256766105225882,1.9450180237192751,12.096624684542936,14.595499115911588,0.2866216460481556,0.8924497268037133,99731865.6,58976665.6,12019985.066666666,38299238.4,42567406.93333333,25156130.133333333,129425408.0,35691724.8,10123946.666666666,50077696.0,3067494.4,9538491.733333332,40.86666666666667,70.93333333333334,2.4,216.53333333333333,2.6,37.86666666666667,2.1333333333333333,393.4,52.6,20.066666666666666,0.08120770900468802,0.19190196770475604,0.6057076719576722,0.1979639738932962,0.004600000000000001,4.082018816759775,0.0422981030009062,0.20383524572268866,0.22505926932615855,0.04901654558951322,0.0
1685250840,3.089919324413581,6.553429103181298,1.1763453665154804,17.95951684687558,0.8158133131786011,17.895150211051494,17.441796011577868,1.5707496374470047,11.360493702982401,13.547354304157363,0.29235849517417906,0.9653686349366928,99783202.13333334,58940757.333333336,12081561.6,38323541.333333336,42566178.13333333,25231769.6,129425408.0,35655680.0,10122444.8,50061312.0,3093299.2,9637888.0,39.44656666666666,66.88363333333334,2.066666666666667,206.37759999999997,2.0,33.733333333333334,2.066666666666667,397.8701,52.46206666666667,17.887366666666665,0.08759558845717058,0.18424421121867499,0.49408123154053385,0.19626893754547572,0.004600000000000001,4.135939772472005,0.038508368945868954,0.20601206141050443,0.2245451142423188,0.04815703749426558,0.0
1685250870,2.984728289550148,6.24415411148628,1.0557506439403548,18.67062248796611,0.8362290121327991,17.52171500676383,17.318604807071342,2.155992779314258,11.265644182910648,14.159295056462662,0.29548696630471627,0.906553065376837,99840000.0,58913177.6,12061900.8,38172535.46666667,42565632.0,24310169.6,129425408.0,35777058.13333333,10189892.266666668,50061312.0,3078144.0,9478963.2,35.8,62.733333333333334,2.2,205.93333333333334,2.3333333333333335,33.266666666666666,2.3333333333333335,370.1333333333333,51.06666666666667,23.933333333333334,0.08804734445859755,0.16899618900978658,0.4788405503142345,0.19406838441105528,0.004600000000000001,3.911115726993458,0.04018513257575757,0.20324377038424507,0.22556929792190333,0.043658717182302936,0.0
1685250900,2.980303215032356,6.96651588641511,1.0303999499981116,18.420162432492308,0.8178928265136685,18.19675734928287,17.321703206073323,1.5376644233920305,10.820894081542226,13.501015467713993,0.28700436963445874,0.9270190680401741,99834675.2,58939392.0,11922363.733333332,38288588.8,42567543.46666667,25574331.733333334,129425408.0,35785659.733333334,9977719.466666667,50061312.0,3012471.466666667,9419571.2,40.684066666666666,72.44776666666667,2.0622,230.43283333333332,2.3333333333333335,33.152233333333335,2.2666666666666666,399.0413,51.12786666666667,21.115433333333332,0.08338980585351949,0.1634118543166499,0.4805362383429865,0.19191664205815345,0.004600000000000001,3.6728718860791414,0.039940170940170945,0.2033746737595153,0.22964499889036202,0.04340552005347306,0.0
1685250930,3.1288149707687642,7.987859996306849,1.1811763242264246,16.631971928328234,0.8314352410380096,18.30653208762824,16.78934739233894,1.2298630538616824,11.131309140198685,13.08957661253159,0.3277893803059223,1.0104796751837972,99786752.0,58996053.333333336,12059306.666666666,38563840.0,42565632.0,23891148.8,129458176.0,35847645.86666667,10334754.133333333,50061312.0,3066948.2666666666,9556650.666666666,55.2,85.86666666666666,4.266666666666667,279.53333333333336,3.8666666666666667,49.6,4.4,521.0666666666667,64.73333333333333,29.066666666666666,0.07286978374489153,0.1388808503163005,0.47387602073189716,0.1926916939117046,0.004600000000000001,3.6752502126616107,0.027792613960113965,0.197331998820078,0.22230548842074324,0.04290125155805272,0.0
1685250960,2.241334283573107,6.541909442849834,1.5361426082863365,11.335266825809494,0.9323252907473566,17.382180429710086,11.154421944043536,0.9539989797402054,9.805498533476795,8.370473214487623,0.4973622968332196,1.258818044377944,99737600.0,58965606.4,12276394.666666666,38477277.86666667,42565632.0,22456456.533333335,129523712.0,35924650.666666664,10323968.0,50061312.0,3064900.2666666666,9581226.666666666,58.7747,109.35976666666667,5.4718333333333335,317.80286666666666,5.733333333333333,51.885099999999994,5.4,590.1735666666666,76.12873333333333,33.164366666666666,0.037713082766817105,0.14816777701482445,0.36250277194211017,0.1254817545701049,0.004600000000000001,2.6259186204698097,0.014171922298850576,0.1255039128916923,0.15496514046544813,0.024154079889469975,0.0
1685250990,1.5796157367427814,5.316985713181111,1.7179159792085885,8.121243403256974,0.9715035832999627,18.069218431707032,7.567852838172809,0.46868306591962516,9.665464328114064,6.719312709126902,0.5407223746575957,1.334044998768214,99688448.0,58809958.4,12130030.933333334,39042525.86666667,42565632.0,22119219.2,129523712.0,36057770.666666664,9981678.933333334,50120021.333333336,3141085.8666666667,9528661.333333334,58.666666666666664,98.73333333333333,3.6666666666666665,319.2,3.7333333333333334,54.06666666666667,3.6666666666666665,563.0666666666667,74.26666666666667,29.8,0.005176733822535242,0.029901970937748188,0.056628272182764304,0.007539345612190358,0.004600000000000001,0.44338437191896973,0.004636783605454253,0.00616657774413912,0.015247110473899103,0.00473788243185287,0.0
1685251020,1.9708847512939451,5.517353677809699,1.4584363525382433,9.30104373060529,0.9014992784548214,18.116375302401885,9.235179898611664,0.5920915329443854,10.435468869290737,7.549807670275073,0.527250201615014,1.322130146939707,99598199.46666667,58852556.8,12131669.333333334,39134276.266666666,42565632.0,23448234.666666668,129527261.86666666,35786478.93333333,10292155.733333332,50103637.333333336,3063261.8666666667,9647581.866666667,39.46666666666667,71.27310000000001,2.466666666666667,215.13333333333333,2.4,38.0,2.4,353.0,47.06666666666667,20.133333333333333,0.0205654344395125,0.054143171073281045,0.19644726930320147,0.05124744533589391,0.004600000000000001,1.1664812937678306,0.010007837241695723,0.04570531637722804,0.0679664651893271,0.01107004299208426,0.0
1685251050,2.9433093475060854,6.150250598477824,1.232364540599758,18.18386278551495,0.8396404181222858,18.584499000414628,16.188337043944486,1.2600101422865495,11.184408996243574,11.518496414773297,0.3515469014139824,1.0050969793588758,99612808.53333333,58908672.0,12406374.4,38584320.0,42565632.0,25200640.0,129532450.13333334,35929292.8,10206139.733333332,50069777.06666667,3130026.6666666665,9587370.666666666,33.46666666666667,70.06666666666666,2.933333333333333,207.6,3.1333333333333333,34.93333333333333,2.7333333333333334,408.8666666666667,56.2,21.933333333333334,0.07194668528615639,0.14105508571548647,0.6325476190476196,0.17634659964944352,0.004600000000000001,3.621465357457095,0.030605380781499224,0.1772288294111838,0.20238678104764052,0.04216072709259014,0.0
1685251080,2.4697567966247442,5.792887493393631,1.241317920306668,19.43745870648691,0.8571976372238373,17.92560384261361,18.380567923111432,1.5751365540060065,11.095972753186839,13.34382786326019,0.276545314504674,0.9306285749251673,99784840.53333333,58911948.8,12271752.533333333,38623641.6,42568908.8,24876919.466666665,129536000.0,35853107.2,9772236.8,50063223.46666667,3041416.533333333,9493026.133333333,45.2102,62.10726666666667,2.832133333333333,214.66576666666666,2.7333333333333334,36.86666666666667,2.6,350.9597333333333,51.9003,19.3858,0.08491865267454597,0.19892100894354392,0.82203243978244,0.2098471989699222,0.004600000000000001,4.145981045278165,0.0409513888888889,0.20467717758992837,0.23436602111420274,0.05099047013742101,0.0
1685251110,2.657412412503143,5.638600299275069,1.1126422104850333,20.693570113933102,0.8550489662529369,17.95378937305805,17.66436156831306,1.4690816744071171,12.043867107003136,13.037510371753537,0.2771168111181499,0.9278878372041014,99855018.66666667,58885324.8,12154880.0,38458163.2,42601267.2,25455138.133333333,129536000.0,35606801.06666667,9938397.866666667,50061312.0,3024486.4,9399091.2,41.46666666666667,62.06936666666666,2.2,215.70966666666666,2.1333333333333333,34.81923333333334,2.204266666666667,372.06666666666666,49.86666666666667,18.2,0.0834605605522076,0.2242950391499881,0.7609193121693122,0.20835829978687234,0.004600000000000001,4.050559976422445,0.040958969645550534,0.19988166916301198,0.239678248779414,0.051199497665334597,0.0
1685251140,2.695450037278435,6.522969075207573,1.1544536683864197,18.87022531177825,0.8156938818622491,17.173798670204274,16.354356388596454,1.7256218028105776,11.716256497710779,13.125393087215667,0.2733449892428207,0.918074992926312,99889152.0,58907306.666666664,12151603.2,38455159.46666667,42569728.0,25063560.533333335,129536000.0,35615675.733333334,10299938.133333333,50061312.0,3020800.0,9519104.0,37.341366666666666,61.274300000000004,3.0,220.43743333333333,3.2666666666666666,33.53333333333333,3.066666666666667,374.7856333333333,50.80683333333333,16.4699,0.08444666422645268,0.22285411898430885,0.6612729741019214,0.2052380795428098,0.004600000000000001,4.081865695474323,0.03922893079143079,0.20479140332676588,0.23477559291456915,0.05492142479577082,0.0
1685251170,2.9093455240592747,5.54509209294694,1.1351263439703796,20.520161117602875,0.8099326607802368,18.34057782449505,17.56904717370436,1.4192754099375797,10.547965382644815,12.440365800319519,0.277538053727211,0.9258123159118608,99808324.26666667,58896384.0,12257143.466666667,38164480.0,42566451.2,26251537.066666666,129544192.0,36065553.06666667,10077934.933333334,50110464.0,3079645.8666666667,9537672.533333333,37.86666666666667,54.06666666666667,2.466666666666667,208.0,2.7333333333333334,34.666666666666664,2.8666666666666667,377.2,49.266666666666666,18.0,0.08635885743253548,0.24306911289563088,0.7868591269841272,0.20729654857465646,0.004600000000000001,4.303071919587747,0.040651704545454546,0.2075476167374396,0.23161924364234912,0.05497852715822565,0.0
1685251200,3.264472326787667,4.929214700781772,1.0851630083597177,20.956359092882902,0.8832531684709741,18.176905337029076,18.55422734558524,1.4674209955120652,10.653156486201508,11.242218651310173,0.272149368262984,0.9195913640909851,99737600.0,58889011.2,12194201.6,38408328.53333333,42565632.0,26310246.4,129549926.4,36087671.46666667,10209962.666666666,50401962.666666664,3030357.3333333335,9474867.2,39.74576666666667,54.84876666666666,2.8666666666666667,202.21193333333335,2.8666666666666667,32.86666666666667,3.1333333333333333,388.36516666666665,49.373133333333335,20.168666666666663,0.08533080443209977,0.4323934628770274,1.1666477272727271,0.21164873700516132,0.004600000000000001,4.382232777510706,0.04251639471639471,0.20756742208977974,0.23619045636869193,0.04721871804688777,0.0
1685251230,2.889236042504336,4.9325288084619645,1.2379632284592443,18.657384616959682,0.8766729288220965,18.58077891632697,16.364714230992075,1.7015533726805256,11.01204616922669,11.423865217276465,0.3036594255305417,0.9766784829517577,99737600.0,58848597.333333336,11976294.4,38772326.4,42565632.0,23781376.0,129568768.0,35671654.4,10132684.8,50259558.4,3089749.3333333335,9672567.466666667,50.46666666666667,90.66666666666667,2.466666666666667,284.73333333333335,2.4947999999999997,46.13333333333333,2.6,528.0254666666666,67.13333333333334,25.666666666666668,0.08201665043936421,0.44734586690523276,1.445734543234544,0.19998815176040602,0.004600000000000001,4.128836412050136,0.03241766557918732,0.19527864096131253,0.2318019782635417,0.041245736868146775,0.0
1685251260,2.1099303119154316,5.203147633108186,1.2114010183469472,10.44071699364553,0.8512197355717501,17.397603217849287,10.00105150683087,0.9492281977086804,9.587334690104946,7.656098647081489,0.4536330965043274,1.2202343482906766,99741422.93333334,58853512.53333333,12257143.466666667,38728226.13333333,42565632.0,22620023.466666665,129568768.0,35760264.53333333,10083532.8,50061312.0,3022848.0,9418888.533333333,51.6,100.73333333333333,3.3333333333333335,287.53333333333336,3.533333333333333,48.733333333333334,3.0,519.2,66.86666666666666,28.4,0.049625252391333,0.24023230675013857,0.9819444444444454,0.11331906798567122,0.004600000000000001,2.5495657175636506,0.019321996926027193,0.1065709290059765,0.15833835335274857,0.02217149728830372,0.0
1685251290,1.5427013870176596,5.144609330921257,1.325868653999951,7.879009204353152,0.9112956508338909,17.491647073053727,7.526657608784016,0.38025094493817296,9.628071239855858,6.309105681824067,0.5409132229014297,1.266863464643481,99741696.0,58899660.8,12180275.2,39685051.733333334,42565632.0,22313915.733333334,129568768.0,35824162.13333333,10219110.4,50061312.0,3123882.6666666665,9480738.133333333,57.239900000000006,96.83183333333334,4.010666666666666,312.21006666666665,4.133333333333334,49.7046,3.6666666666666665,542.2471,68.85053333333333,29.242633333333334,0.0056431322909884975,0.037495838488904545,0.1254921361884602,0.006902280135931042,0.004600000000000001,0.4111566276919086,0.004737127243293659,0.0064672616210676845,0.014963045913133972,0.00486834286014303,0.0
1685251320,1.6473630312010805,6.063821130722689,1.3848156347550105,9.410405579322953,0.8686952911433076,17.534862169143977,8.495789984971571,0.5299017990876579,10.045893088771894,7.1272941104309115,0.5059952357590618,1.2826881869754108,99692953.6,58909081.6,12088115.2,39245277.86666667,42565632.0,22898688.0,129568768.0,36362103.46666667,10193442.133333333,50061312.0,3204300.8,9319901.866666667,42.44793333333334,75.9306,2.6,229.2877,2.4,35.191633333333336,2.0,412.4344,51.9093,20.544,0.012246733670385396,0.046227188011072055,0.14717110166210282,0.024360798642222296,0.004600000000000001,0.7378596789662566,0.009247554171509915,0.026975875789097995,0.05166325481155744,0.008251365735027655,0.0
1685251350,2.857536979733902,6.453281393656336,1.1149155465048983,16.054849822074544,0.8329426434214867,17.58941177417488,14.114250003102926,1.0889075197177829,11.547821044232728,11.628363366681832,0.3654211376919712,0.9914061013973055,99532800.0,58943078.4,12087842.133333333,38765772.8,42569591.46666667,24819165.866666667,129575321.6,36219016.53333333,10462412.8,50061312.0,3084288.0,9426534.4,38.46666666666667,68.13333333333334,3.2666666666666666,220.2,3.2666666666666666,37.666666666666664,3.066666666666667,403.46666666666664,49.13333333333333,22.466666666666665,0.057515712607048096,0.13795516226758858,0.4509172014260249,0.13033068222039076,0.004600000000000001,3.1250876246243093,0.02919436688311688,0.13909981547826095,0.199410563669603,0.03549213650826415,0.0
1685251380,3.609906468286822,6.964303532088735,1.1530801684483516,17.845895377029358,0.8699654528053462,18.010957837561048,18.311726797958176,1.397544328203989,11.003764618578565,13.83130191169327,0.2803828737696058,0.8687615376520914,99762176.0,59082342.4,12299195.733333332,38906402.13333333,42565768.53333333,25524360.533333335,129593480.53333333,35891200.0,9983317.333333334,50061312.0,3073774.933333333,9613312.0,35.59473333333334,67.6165,2.732666666666667,214.34323333333333,3.2,35.46666666666667,2.4,402.8138666666666,47.825066666666665,21.029033333333334,0.08332821927679207,0.16870239015777014,0.4874446382362539,0.19812482608600562,0.004600000000000001,4.18966440271463,0.03829453833203834,0.2048512182490197,0.23383850525072986,0.04801931081774059,0.0
1685251410,2.7861356081850017,6.387460216010257,1.281973492300269,18.56671034250526,0.8615409176535012,17.21239979196609,17.995897287260266,1.5275231306909207,11.111937635232591,12.890333351892561,0.27774216962425846,0.9496882118394824,99883827.2,58999330.13333333,12049339.733333332,38413107.2,42565632.0,25575970.133333333,129629252.26666667,35637111.46666667,9870267.733333332,50061312.0,3020526.933333333,9489612.8,38.13333333333333,67.9408,2.3333333333333335,213.93333333333334,2.1944999999999997,32.8,2.466666666666667,363.2258333333333,53.333333333333336,18.933333333333334,0.0845163212577875,0.16094717915708448,0.4686016874098587,0.2008531958909955,0.004600000000000001,4.109240555686103,0.03448952020202021,0.20833908723612352,0.2297755999098703,0.04606307779412153,0.0
1685251440,3.46933441241786,7.464383312927377,1.1206382163841895,17.604546864241193,0.830015017769751,18.258032394160413,18.223576596692848,1.3082968059739544,11.698223502481476,12.58610081368169,0.287024582563731,0.9700671205810455,99887104.0,59164808.53333333,12012202.666666666,38944768.0,42565632.0,25631129.6,129638400.0,35921510.4,10025096.533333333,50061312.0,3031859.2,9486336.0,38.925399999999996,61.6,1.4666666666666666,208.8,1.4666666666666666,32.6,1.4666666666666666,359.73333333333335,52.53333333333333,16.8,0.08303152007940767,0.16942572162717998,0.4602729693380162,0.20036255278266976,0.004600000000000001,4.128746672992332,0.0330506283068783,0.2077685532054727,0.22742146117818368,0.047130692596251356,0.0
1685251470,3.2725290160439653,41.03696767299739,0.9647070191978718,18.31881496527781,0.8434211546131355,17.908743549682278,17.45412525565065,1.2931535055544876,11.82538711339215,12.691089193774056,0.27479784912241817,0.9131284546293911,99639296.0,63638050.13333333,12219869.866666667,38502673.06666667,42565632.0,26101077.333333332,129711581.86666666,35682440.53333333,9972940.8,50061312.0,3077734.4,9542041.6,30.333333333333332,53.333333333333336,2.066666666666667,179.26666666666668,2.0,28.333333333333332,2.1333333333333333,312.3333333333333,38.8,19.266666666666666,0.08568909126775863,0.19163613167110577,0.4789173269195771,0.2171071453124333,0.004600000000000001,4.494887249584437,0.032727678571428574,0.2183447644883311,0.24238507471236728,0.05378057533499205,0.0
1685251500,2.826298605628674,86.5263895341566,0.9676835715121411,19.864421471309118,0.8140658408907875,17.570177840797683,15.59052153137502,1.3405141101577227,10.928434248694494,11.836115371616232,0.26320487714252205,0.8671984931198299,99833719.46666667,63615795.2,12084292.266666668,37469388.8,42565632.0,26355985.066666666,129757184.0,36089856.0,10133777.066666666,50061312.0,3090705.066666667,9821934.933333334,37.03006666666667,64.58693333333333,2.632966666666667,196.15286666666668,2.6666666666666665,32.46666666666667,2.6666666666666665,329.72423333333336,39.9884,14.863766666666667,0.08968525505448288,0.2138715081003011,0.7030183150183151,0.2375465988600306,0.004600000000000001,4.752090024506302,0.036106051587301596,0.22806117540738974,0.28252100967427446,0.0659023635734043,0.0
1685251530,2.8545469850345655,96.88739522245595,1.139777919704847,18.537588984291652,0.8600386070120823,17.576808349404512,15.911960184977712,1.2581623811094862,10.886045360153172,10.77288768311332,0.3010765096348049,0.9635369504761029,100043161.6,63563093.333333336,12261512.533333333,38316578.13333333,42565632.0,24407381.333333332,129758822.4,35706880.0,9961472.0,50064315.733333334,3134122.6666666665,9612765.866666667,51.487966666666665,91.50123333333333,2.8666666666666667,296.0610666666667,2.933333333333333,46.8193,3.0,509.4342666666667,66.86666666666666,27.811466666666668,0.0890876378885869,0.21417990079754953,0.7799819041252865,0.23796441429431206,0.004600000000000001,4.6692303394762815,0.03486902056277057,0.2229161277285889,0.2584842924059446,0.05538291231636318,0.0
1685251560,2.076593533208064,98.05894506995514,1.5253657217971488,11.737633784291784,0.9152050683125391,18.13402389360708,11.072872297286848,0.7779284751600596,10.356968759021253,8.16700725373359,0.5092269050583921,1.2597468396853535,99987456.0,63539609.6,12062720.0,39405294.93333333,42565632.0,22286882.133333333,129761280.0,35836177.06666667,9910135.466666667,50074146.13333333,3086745.6,9414792.533333333,58.666666666666664,98.35596666666667,5.1992,323.92960000000005,4.9992,52.733333333333334,4.532533333333333,570.5304,74.0,32.66506666666667,0.058276284941204216,0.12212103980142229,0.4298776963776964,0.15511970803157285,0.004600000000000001,3.6789577956695307,0.015148384961944327,0.14513890738710467,0.17446310735906392,0.022336356473692937,0.0
1685251590,1.7957364315842148,95.670221025928,1.6628051036209175,8.96455356490994,0.962772156857307,18.482876250978038,8.079132830542504,0.4654030705976251,10.213632357674221,6.902385943594906,0.5809689314335509,1.3580467237872573,99881506.13333334,63516672.0,12037597.866666667,40680652.8,42573824.0,22711500.8,129761280.0,36181333.333333336,10061141.333333334,50070050.13333333,3091524.2666666666,9419980.8,48.074600000000004,80.23966666666666,2.6666666666666665,248.66910000000001,2.466666666666667,40.53333333333333,3.066666666666667,437.2776333333333,58.2368,20.803733333333334,0.009624567077470867,0.02322449073858518,0.0795766652603592,0.014510623777971889,0.004600000000000001,0.3914583382199668,0.005144383730131255,0.015040479011967332,0.02911638672031297,0.006169784831787831,0.0
1685251620,2.7504510612749358,95.95830756982087,1.262456038664266,13.102975133514958,0.8332636161996962,18.35531069400571,13.7948679011391,1.205150639332213,9.948930695469295,9.685139539341447,0.3986948538174418,1.0943813650218,99657045.33333333,63502472.53333333,11978069.333333334,39476838.4,42565632.0,25420458.666666668,129762235.73333333,35985134.93333333,10319872.0,50062540.8,3073911.466666667,9454523.733333332,37.7369,66.49156666666667,1.9350999999999998,198.44366666666667,2.1333333333333333,33.4,2.0,331.7006,41.35823333333334,20.401766666666667,0.06253979151634485,0.15182215169639493,0.42904260302605896,0.1353155865500952,0.004600000000000001,3.4618170455160286,0.03091087962962964,0.15908328675114422,0.195943112196068,0.032253253773706185,0.0
1685251650,3.2830949845195416,96.55692369662236,0.9529731455400187,18.022748156050074,0.8302825034827286,17.40510654435269,18.0361760833034,1.5697424497994419,10.108099196254578,11.618540490991883,0.2746479152802651,0.877662512673681,99769958.4,63611289.6,12085521.066666666,39174690.13333333,42761830.4,25383731.2,129778483.2,36135048.53333333,10277410.133333333,50061858.13333333,3084288.0,9414382.933333334,35.3407,57.992733333333334,2.6004333333333336,185.33216666666667,2.0665333333333336,30.266666666666666,2.466533333333333,330.79156666666665,44.35856666666667,18.0713,0.09372175532745489,0.22174615180476284,0.6305402514152515,0.2206969177389678,0.004600000000000001,4.513225806962918,0.05070163725163727,0.22181649139242238,0.2803037158233165,0.06117042462556742,0.0
1685251680,2.613292339222803,91.89246195053502,1.0714909877375969,17.47537944014537,0.8604526386433606,17.76851868989851,17.305379823731958,1.3617905836469577,10.435357637557818,12.089241909800375,0.2527411811172636,0.8864157890278533,99790848.0,63528140.8,11995818.666666666,39532270.93333333,42567816.53333333,25648469.333333332,129829546.66666667,35968887.46666667,10071790.933333334,50122478.93333333,3098214.4,9589009.066666666,33.8595,68.6566,2.6001333333333334,173.99429999999998,2.6005333333333334,28.933333333333334,2.5354666666666663,289.1790333333333,40.996433333333336,16.1979,0.09490126521372769,0.22806572667345873,0.8582296551129754,0.23085596299404923,0.004600000000000001,4.690334378594419,0.045514692252192256,0.22734706227744964,0.3257605689275462,0.06674841093121928,0.0
1685251710,2.117595712353757,96.86538818898492,1.1494765068957353,17.48657138549547,0.8222532222182017,18.091599733648692,17.270386458974563,1.6577981480710589,10.71917200707229,10.957879599371198,0.2516147769600472,0.8552046719049592,99813785.6,63505203.2,11977523.2,39040614.4,42567680.0,25183027.2,129868731.73333333,36137369.6,10320008.533333333,50067865.6,3101900.8,9502446.933333334,29.439700000000002,50.92476666666666,2.3392,170.91289999999998,2.2754,31.133333333333333,1.9336,316.92690000000005,46.5648,17.889033333333334,0.09640521229256963,0.22686233473823184,0.8611779864535787,0.2325286955005062,0.004600000000000001,4.7465842483691185,0.04456252576972391,0.22977054141386027,0.2858522818046545,0.06283843351392422,0.0
1685251740,2.523593214049995,93.11978003246098,0.9291217951944922,17.258128480681943,0.8235919684853019,17.71899439235086,17.47861744206841,1.503350430292358,11.583601161712705,11.334092347601382,0.2396635508335895,0.8598814778317154,99840682.66666667,63576064.0,12126344.533333333,38589781.333333336,42565905.06666667,25851084.8,129885798.4,35874133.333333336,10072064.0,50061312.0,3143270.4,9557606.4,29.321733333333334,54.02426666666667,2.4652000000000003,185.1659,2.6,29.862933333333334,2.3333333333333335,354.00356666666664,45.8902,17.531166666666664,0.09746483920211838,0.23999326442926402,0.7574310754604873,0.23511589030102253,0.004600000000000001,4.732291510852164,0.0464619369604567,0.2291624421016655,0.30430414821055757,0.06279621133278807,0.0
1685251770,2.5515196751033518,97.13282599048573,1.019231525047119,18.338003534239075,0.821124855464408,17.1227547160652,16.961603903276657,1.665953033689109,11.909991195197609,10.797561665330887,0.2567502691830669,0.9050865226976434,99876454.4,63480627.2,12296328.533333333,38766182.4,42565632.0,25681646.933333334,129892352.0,36058726.4,10044484.266666668,50767872.0,3069542.4,9480328.533333333,31.252299999999998,57.38343333333333,1.8,180.67520000000002,1.9333333333333333,28.6051,1.7337333333333333,337.6292666666667,42.78853333333333,17.324366666666666,0.09455295372543553,0.2830814581073292,0.8383311546840958,0.2320157047032483,0.004600000000000001,4.7234861437080005,0.04519060600848527,0.22741102694992194,0.3125587345076227,0.05856324099357682,0.0
1685251800,2.6575151047999266,96.93572396887816,1.0078739069814604,18.082877673971023,0.8245903699728682,17.54102690281959,16.74297777782827,2.0587544650367944,10.296700295619148,10.940300254609419,0.2516433852793559,0.8585306998424896,99905536.0,63537561.6,12022033.066666666,38680302.93333333,42567270.4,25716326.4,129892352.0,36370295.46666667,10004480.0,50108416.0,3148322.1333333333,9525930.666666666,33.865066666666664,61.8631,2.6,193.1817,2.6734333333333336,28.8,2.6666666666666665,348.5328,45.39523333333333,18.399600000000003,0.0921887707543828,0.2282354311174643,0.8264656204362086,0.23035755193853377,0.004600000000000001,4.692901023568407,0.044971826294620404,0.22599075376408115,0.25399259807920316,0.05776042627431324,0.0
1685251830,2.5728284272948154,91.87775472180134,1.1542255446867162,16.638559214269712,0.8555231504450783,18.25686155123941,16.640073742795774,1.903009917458385,9.88177376971253,10.742004678285257,0.2795603870057993,0.9465613048704867,99834538.66666667,63543705.6,12083473.066666666,38300467.2,42567133.86666667,23719526.4,129906278.4,36228983.46666667,10122171.733333332,50061312.0,3082240.0,9443328.0,54.93333333333333,90.26586666666667,4.1328,293.8648,4.1328,50.733333333333334,4.133066666666667,531.3989333333334,66.06666666666666,30.2656,0.08494960324710563,0.20937537187464292,0.7912386363636366,0.21738209463775135,0.004600000000000001,4.588869373850154,0.04160304330065359,0.22012599568112898,0.24017748649316906,0.05226152351683921,0.0
1685251860,2.1276803841537943,98.59856953490792,1.5851953715904707,10.791270486314374,0.9214703134438158,18.502402386821064,12.01412319407852,0.8251534781824055,9.467684117294306,7.680972451753103,0.5038366453628507,1.2922599041731657,99597926.4,63525956.266666666,12108595.2,38237525.333333336,42565632.0,21995246.933333334,129921024.0,36434739.2,9955464.533333333,50065134.93333333,3082240.0,9481420.8,57.19053333333333,98.08516666666667,3.9251666666666667,313.4986666666666,4.117633333333333,51.972,4.134133333333334,548.7907,73.96816666666668,29.432433333333332,0.047671472372381646,0.1278973932318511,0.44983336339586355,0.1250812728418549,0.004600000000000001,3.6185068001400578,0.023859010444510442,0.14644355850103005,0.17654767357613085,0.026938144822376615,0.0
1685251890,1.7374909854570506,96.81737245432586,1.5681521372174507,8.594097517971981,0.9268764104516661,17.99884344184691,8.392522004477103,0.450460350176366,10.268283405476147,6.874098042545438,0.5992491231831684,1.357827010561483,99395584.0,63508480.0,12293597.866666667,38770824.53333333,42565632.0,22628761.6,129921024.0,36297523.2,9956556.8,50061312.0,3078007.466666667,9638843.733333332,49.600633333333334,76.3333,2.8335,230.48823333333334,2.8,39.91863333333333,2.7336,421.26623333333333,56.96296666666667,21.8659,0.008632689414994415,0.021528474150387937,0.06633171599538629,0.012088578880250547,0.004600000000000001,0.4345832387195287,0.004989196743761864,0.012463160423058397,0.025049200067253034,0.005057219873360935,0.0
1685251920,2.4278627604200054,95.64828723544494,1.0852896563448724,13.818924354619945,0.8887300014063885,18.232812120512044,12.97219048533537,0.9004801215556927,10.038274241337328,10.179238286173456,0.39838922163843427,1.0741309104798806,99487061.33333333,63512712.53333333,12114602.666666666,38683579.733333334,42570001.06666667,25980245.333333332,129933312.0,36142421.333333336,9978265.6,50061312.0,3023530.6666666665,9538218.666666666,31.066666666666666,62.733333333333334,1.9333333333333333,188.53333333333333,2.0,29.133333333333333,1.8666666666666667,299.26666666666665,41.46666666666667,17.2,0.06603907472853741,0.1635734310017645,0.40121224562474567,0.16345905269146435,0.004600000000000001,3.657136722270522,0.021608878968253968,0.16844525547239733,0.19827222216343182,0.03472269701582498,0.0
1685251950,3.022532271306459,93.69629565924474,0.9688299729267151,18.988077332941156,0.8066609826332336,17.61082650297384,16.249447615576024,1.3874188175357183,9.603258936171793,11.856090141184223,0.25120124569946867,0.8328552614655708,99617996.8,63611972.266666666,11991722.666666666,38736691.2,42568089.6,26800674.133333333,130003490.13333334,36193621.333333336,10162176.0,50697557.333333336,3094801.066666667,9437184.0,33.53333333333333,52.733333333333334,2.066666666666667,172.8,2.1402666666666668,28.066666666666666,2.2666666666666666,317.9637333333333,40.13333333333333,16.666666666666668,0.09534564099121473,0.23616775750284,0.79416744475568,0.23164191015191105,0.004600000000000001,4.786147502512208,0.042670138888888896,0.22930305182843705,0.2989297907853859,0.06931189154872186,0.0
1685251980,2.510535357076738,96.1663668092843,1.0163326266105581,17.98075509731725,0.8369128563832151,18.201062190964183,17.633570071216237,1.551201652184462,9.384057178048186,11.145055303146398,0.24209002354618217,0.8622091133900166,99891609.6,63619072.0,12156381.866666667,38387438.93333333,42565632.0,26945809.066666666,130078583.46666667,36226935.46666667,10174190.933333334,50467908.266666666,3111048.533333333,9537809.066666666,28.4,56.4,2.6666666666666665,165.82723333333334,2.2666666666666666,29.8,3.1333333333333333,314.8666666666667,39.53333333333333,18.933333333333334,0.10782709399603715,0.23973901387847177,0.8626942609792455,0.24167288897933623,0.004600000000000001,4.928908546649032,0.047169589669589666,0.23189608880787524,0.3539496324186366,0.0732440769518064,0.0
1685252010,2.028054404216771,92.20120439025624,0.9680541434365832,16.037341929159776,0.7763664576390336,18.407601712136735,16.367139486317598,1.6701991859151408,10.247827900706627,12.081934539599526,0.2483249168732744,0.8119126686910817,99946769.06666666,63509162.666666664,12270250.666666666,38375697.06666667,42565632.0,26282120.533333335,130112853.33333333,36549563.733333334,10216789.333333334,50061312.0,3149824.0,9428718.933333334,34.13333333333333,60.53333333333333,2.0,194.26666666666668,1.8666666666666667,28.866666666666667,1.8666666666666667,336.6,51.666666666666664,15.666666666666666,0.10116931928527298,0.2521678245905975,0.9050924714690195,0.23931326409978432,0.004600000000000001,4.879339082840047,0.04628545068049712,0.2330572541891067,0.31157421431313703,0.06185868482042566,0.0
1685252040,2.12468493094131,93.47765298695575,0.9358350241536714,16.437591101356087,0.8278809244566288,17.874048364529234,16.261148861641235,1.4891142655349405,10.451548375849606,12.084161926260943,0.24362903608047626,0.8444276176567306,99927381.33333333,63477077.333333336,12346163.2,38896435.2,42567816.53333333,26072132.266666666,130123366.4,36463684.266666666,10012125.866666667,51002982.4,3088930.1333333333,9841322.666666666,36.86666666666667,58.6,2.2,184.06666666666666,2.0,31.2,2.4,333.1333333333333,46.6,15.666666666666666,0.09572784582168199,0.24169225391248927,0.8914444444444444,0.23280513425774954,0.004600000000000001,4.768666688492165,0.04599884940087146,0.2302479354128038,0.2829969928443841,0.05766660338000836,0.0
1685252070,2.4370346255188147,93.964416626242,1.0242384115346064,17.71383417470251,0.8515396952598924,18.10078445981075,18.628484418634937,1.5545364163554989,11.049747151708772,12.574209223876714,0.2580863451812494,0.8858791540882601,99866214.4,63497693.86666667,12155426.133333333,38615995.733333334,42569728.0,26459613.866666667,130125824.0,36308036.266666666,9876002.133333333,50061312.0,3146274.1333333333,9537945.6,35.18856666666667,63.333466666666666,1.8620666666666668,191.129,2.2,32.112899999999996,1.7333333333333334,338.64616666666666,42.997766666666664,16.9954,0.09910150529308213,0.21758870473734562,0.6914609788359789,0.22940308203939844,0.004600000000000001,4.682429125766297,0.04423308464411406,0.22429305961455095,0.2633178854570033,0.0720759921866153,0.0
1685252100,2.9268121445050164,96.5868520669292,0.9900093870125952,16.383862374191516,0.8528882312689864,18.074462656945368,19.15332633330839,1.315076518753762,11.798901628038477,11.312244385777836,0.25309334935320305,0.8357661655038091,99680256.0,63472981.333333336,12052616.533333333,38956100.266666666,42646323.2,26162244.266666666,130152311.46666667,36349815.46666667,10095547.733333332,50061312.0,3058346.6666666665,9656729.6,36.21856666666667,66.17323333333334,2.8,190.3997,3.0,30.733333333333334,3.2666666666666666,351.3329,47.607933333333335,21.90396666666667,0.09753434290279062,0.2314991209874627,0.8486161616161617,0.22854226923483922,0.004600000000000001,4.73679334045236,0.04712267756037106,0.22496708470259297,0.2877928130390987,0.07174810496567985,0.0
1685252130,2.5683008487558814,94.90529527877851,1.2275501801895479,17.409812070953585,0.8399888377296887,17.907895452065873,17.077803061299537,1.558715359038135,11.337909968169102,11.10538922536266,0.27916102494012834,0.8546364748024249,99696640.0,63512576.0,12214408.533333333,38518237.86666667,42567406.93333333,23942485.333333332,130170880.0,36348177.06666667,9904537.6,50061312.0,3044010.6666666665,9638980.266666668,51.13333333333333,92.6,4.866666666666666,285.06666666666666,4.533333333333333,49.266666666666666,4.866666666666666,520.2,67.8,30.066666666666666,0.09248306451288214,0.26463279191686245,0.9180699855699858,0.2180802842481838,0.004600000000000001,4.695011155280892,0.046935512392091344,0.22256964984356697,0.29860580190641783,0.058323365260040005,0.0
1685252160,1.8244166371621955,96.68053518389681,1.5651894505064639,11.510579073390216,0.8831899979534288,17.94409696227939,10.98005283721828,1.0582032800418635,10.154775436752184,8.168726946640993,0.4529762562305008,1.2712778679072692,99742651.73333333,63538790.4,12130304.0,40538112.0,42566587.733333334,22329753.6,130170880.0,36528674.13333333,10026871.466666667,50143232.0,3149824.0,9492480.0,57.8,102.66666666666667,4.4,317.53333333333336,4.133333333333334,54.13333333333333,4.733333333333333,566.9333333333333,76.86666666666666,30.266666666666666,0.05734854428367043,0.2502405610946321,0.6271999759499759,0.1291853720655126,0.004600000000000001,3.519118561134263,0.026922495670995677,0.14050963274189876,0.18023547386276578,0.027364197287799666,0.0
1685252190,1.731892133280194,97.76117559413211,1.5933937455348157,8.433344576994434,0.8971102452834733,17.66204162499001,8.217897856057792,0.4940339364372004,9.642801777818724,6.510936898993237,0.5448851039726609,1.2937909157761454,99741559.46666667,63539200.0,12025036.8,40552721.06666667,42569591.46666667,22585617.066666666,130170880.0,36628889.6,9951641.6,50225152.0,3077734.4,9326865.066666666,46.53333333333333,82.66666666666667,2.2666666666666666,252.14726666666667,2.2666666666666666,41.333333333333336,2.6591333333333336,416.8,57.333333333333336,23.333333333333332,0.008969468479914092,0.058092344993045546,0.20382281144781147,0.013807787261755213,0.004600000000000001,0.7213357962296318,0.005339513496091316,0.016779733380908553,0.03538718037702168,0.006387415255871111,0.0
1685252220,2.65733753860752,97.08562761263114,1.1722830651363465,12.666969894648025,0.8537672721014637,18.432001089805077,13.835504433727834,1.3612233396785725,10.118328705492708,9.477313087904436,0.3957034755165915,1.0745819541135062,99742105.6,63609105.06666667,12206489.6,38697642.666666664,42565632.0,26391347.2,130175522.13333334,36576051.2,9985774.933333334,50292736.0,3075140.2666666666,9458756.266666668,30.733333333333334,50.86666666666667,2.0,186.73333333333332,2.1333333333333333,29.066666666666666,1.8,317.06666666666666,38.53333333333333,14.466666666666667,0.062005339663465005,0.1596093106145842,0.4620178571428572,0.15598667976265793,0.004600000000000001,3.782436412848896,0.032334965728715734,0.1771726024740196,0.21242002072695457,0.03436935532605205,0.0
1685252250,2.788571286157391,92.05140796224224,1.0655899757322769,15.946401365853287,0.8235467817987854,17.07952872170755,17.548463676222813,1.8057641324824316,9.912713355316859,11.062591976703947,0.25770992624811623,0.9048350449094004,99909632.0,63631360.0,12083200.0,38914184.53333333,42565632.0,26104627.2,130179072.0,36874649.6,9965294.933333334,50238668.8,3150779.7333333334,9429811.2,30.983999999999998,65.92413333333333,2.9217999999999997,189.78633333333335,2.930966666666667,27.333333333333332,3.1309666666666667,340.97293333333334,42.31733333333333,19.705666666666666,0.10636997199732776,0.2111214052173458,0.7020497557997558,0.2263992052031694,0.004600000000000001,4.674157312945929,0.04623766708437761,0.22775343728213227,0.25888055199844867,0.062634620157695,0.0
1685252280,2.769094398437379,95.22835772878165,1.1424551604254523,16.89817911208036,0.8245242402808035,18.02991017612503,16.306626736710893,1.4564746724351587,10.87277421476899,12.120971474163253,0.25742790152394485,0.9036712671088796,99952093.86666666,63616750.93333333,12068181.333333334,38785843.2,42565632.0,26553548.8,130180846.93333334,36484710.4,10131865.6,50225152.0,3070088.533333333,9616588.8,36.333333333333336,61.6,2.8666666666666667,177.8,3.2,31.733333333333334,3.2666666666666666,329.3333333333333,46.266666666666666,19.733333333333334,0.11384892990679818,0.2226443767942009,0.7463246516555341,0.2370842678197736,0.004600000000000001,4.73400915956065,0.04521172161172161,0.22830616598961875,0.26061238314351537,0.07175749289388092,0.0
1685252310,2.40675840655793,92.67353878983519,1.0454472444871032,17.085504857022833,0.8982852421668126,17.630733809226538,17.228840609192332,1.5486866682035654,11.359330832558076,13.27271176961943,0.23129239502844012,0.8655702611700143,100002065.06666666,63446630.4,12161433.6,38595788.8,42565632.0,25403665.066666666,130186308.26666667,36879291.733333334,9914504.533333333,50787123.2,3022848.0,9617681.066666666,37.22796666666667,70.7937,1.6,181.44783333333334,1.5333333333333334,30.6,1.6666666666666667,366.3317666666666,48.965799999999994,16.229599999999998,0.09604178085883378,0.35995494901818487,0.8014038461538461,0.2368152798251923,0.004600000000000001,4.717576988271138,0.04300122100122101,0.22899017646607628,0.36753587917800623,0.07274806279356413,0.0
1685252340,2.4798385552235023,91.97368105208162,0.9551851554988264,18.419705799539162,0.7834363485563397,16.414288585306977,19.727178790826397,1.3069680872470621,12.589768154776339,12.576491670570237,0.251137481887071,0.8617490445927621,100018039.46666667,63853772.8,11987353.6,38423483.733333334,42568499.2,25071616.0,130187264.0,36931310.93333333,10036292.266666668,50225152.0,3022984.533333333,9498624.0,40.46666666666667,59.666666666666664,3.2,183.6,3.2,30.866666666666667,3.6666666666666665,366.0,52.0,20.933333333333334,0.09600920636746187,0.46418143041557797,0.834099715099715,0.22865079964502882,0.004600000000000001,4.676254764066727,0.0437370022134728,0.23082059704279753,0.3967005474913249,0.06842569435302628,0.0
1685252370,2.544711563018791,94.86646494455609,1.0560160946460466,20.256886318865806,0.8342898273863856,17.674196393134086,17.937329000767523,1.419507692170473,11.541008298983744,12.003347872037516,0.25602240398410003,0.873730964244067,100110336.0,63817318.4,11984486.4,38081740.8,42568908.8,25735168.0,130187264.0,36936635.733333334,10007893.333333334,50225152.0,3151189.3333333335,9367278.933333334,37.06666666666667,47.266666666666666,1.3333333333333333,180.73333333333332,1.2,32.86666666666667,2.533333333333333,353.53333333333336,45.733333333333334,15.933333333333334,0.09836936308172722,0.24176414812771627,0.8833820207570208,0.22655346872352097,0.004600000000000001,4.686003993214184,0.04383278241147024,0.23231612985893724,0.3516071020908439,0.06271800662533647,0.0
1685252400,2.796385424271266,91.34168883739125,0.8894958098241722,18.74758157250736,0.8487402704951019,17.70258138753092,16.234097050777066,1.3503878647436056,9.858433928404981,11.234766559347428,0.25096306811050184,0.8405956340261687,99960149.33333333,63467929.6,12155835.733333332,38549367.46666667,42624204.8,25907200.0,130187264.0,36934178.13333333,10265804.8,50225152.0,3083741.8666666667,9575765.333333334,38.333333333333336,61.4,2.066666666666667,188.46666666666667,2.066666666666667,30.866666666666667,2.1333333333333333,310.8,41.6,20.2,0.09776929102768754,0.299212288061783,1.6780972222222224,0.23116917135701748,0.005522857142857143,4.702390877842564,0.05444859943977591,0.23014821268818572,0.3120548870114578,0.06147002897976675,0.0
1685252430,2.6042207508130284,96.12120969953327,1.1185388060443424,16.298408010215567,0.8277840817337562,17.61459758086641,16.29911699629721,1.4385780062669773,10.634271569810004,10.733439796208822,0.2936608589577639,0.9399144369557649,99694455.46666667,63520768.0,12048930.133333333,37899332.266666666,42582016.0,24312081.066666666,130187264.0,37175842.13333333,10093636.266666668,50225152.0,3038412.8,9449745.066666666,54.202666666666666,94.27176666666666,3.7336,279.47203333333334,3.7333333333333334,49.93333333333333,4.0,526.2795333333333,70.46986666666666,30.868,0.09213848229812291,0.24103811251999968,1.381796055796056,0.22747202316235582,0.005256391739620412,4.640149634445353,0.04624421296296297,0.22189837502952484,0.2627385849882251,0.054381631825976134,0.0
1685252460,1.9575984108688127,98.67532075754391,1.60514950212512,10.779751892524738,0.8953858291347205,18.527415864674495,10.490083605508492,0.8085541801499135,10.620464597251061,8.371687782202596,0.5107237569569189,1.331397657877286,99692544.0,63512576.0,12178773.333333334,39058636.8,42583654.4,22483217.066666666,130187264.0,37159321.6,9989324.8,50225152.0,3051520.0,9558016.0,58.9146,107.62923333333333,4.338666666666667,323.0289333333333,4.333333333333333,52.69096666666667,4.4,587.546,76.55723333333334,31.1093,0.05712109484813825,0.10626628611864714,0.4283593073593074,0.1420372108607813,0.004628636363636363,3.629687284413785,0.018998978508007636,0.14336716499826663,0.1666159699484114,0.02929585950987244,0.0
1685252490,1.638929535665255,99.22350236952477,1.529505694085156,8.727944634228153,0.9284749163300315,18.440751361177057,8.228079700945862,0.49483759637210684,10.364388179485633,6.8730621291455956,0.5712793866013933,1.3513407259546673,99619908.26666667,63533329.06666667,12117333.333333334,38697642.666666664,43267140.266666666,23615351.466666665,130192588.8,37352243.2,10126131.2,50225152.0,3072000.0,9505587.2,48.06666666666667,81.06666666666666,2.4,247.8,2.533333333333333,39.8,2.066666666666667,428.06666666666666,54.2,20.0,0.007948524602888415,0.02980657382982653,0.06014828338262214,0.014469625499532589,0.004600000000000001,0.41892726118955,0.004814943166637286,0.010966998887837287,0.027047157524856355,0.004970555508462735,0.0
1685252520,2.0622758528033858,95.26790630659441,1.1100608814480097,14.932985516963246,0.8922431500092209,17.803272247253517,13.215867226484535,0.9553646619889972,10.180171339316418,9.965327878967894,0.39982162912720504,1.0754983721402154,99536896.0,63495099.733333334,12151739.733333332,38193561.6,42812074.666666664,25861461.333333332,130240512.0,37496968.53333333,10250786.133333333,50225152.0,3064217.6,9667379.2,33.7005,59.711800000000004,2.533333333333333,198.19376666666668,2.6,29.066666666666666,2.6666666666666665,333.19943333333333,44.67333333333333,15.405633333333332,0.07264440710041538,0.20466688525549911,0.6007361111111112,0.17289720670106754,0.004600000000000001,3.658785381506193,0.025721637945387957,0.15769581040311534,0.19894572355502346,0.033403697266186125,0.0
1685252550,2.925713227288486,96.02739906621174,0.9750707549821694,18.80547963726711,0.7978693979476236,17.055901940069937,17.203974028981357,1.4079435071862323,10.305165851046276,12.290857078616824,0.24363238563728237,0.8618398897050903,99615402.66666667,63503428.266666666,12098218.666666666,38322312.53333333,42584337.06666667,25579520.0,130254711.46666667,37074534.4,10115345.066666666,50246997.333333336,3015338.6666666665,9696597.333333334,35.266666666666666,62.4,1.4666666666666666,204.33333333333334,1.8,31.533333333333335,1.7333333333333334,347.53333333333336,45.8,14.933333333333334,0.09897454168454116,0.23597580702351845,0.9104711122211122,0.23249424682611952,0.004600000000000001,4.638959077040208,0.0511585137085137,0.22621220298680556,0.2627587504659332,0.056834107494035176,0.0
1685252580,2.655353661066461,95.37962545769454,0.9305483986517121,18.54461854067113,0.8091194703273696,17.61378343581139,16.626099439121536,1.5208186430677961,10.971962459815035,10.800580503759672,0.2552807539948125,0.9012217363279681,99699097.6,63576473.6,11937928.533333333,38316032.0,42584337.06666667,26329224.533333335,130256896.0,37350331.733333334,10143470.933333334,50268842.666666664,3016977.066666667,9395677.866666667,34.53333333333333,50.86666666666667,1.1333333333333333,184.33333333333334,1.4,26.866666666666667,1.2666666666666666,314.6666666666667,45.0,15.0,0.09818144513742849,0.21762031133104276,0.7962097763347764,0.2313374548822581,0.004600000000000001,4.633947607881708,0.053522877585377576,0.22831329302178113,0.29079318901011175,0.05371187217804742,0.0
1685252610,2.8901931930973737,94.38268362975187,0.9739901713667225,17.127197274402768,0.787098309130404,17.282438475008515,17.308272933852084,1.2832225918142621,11.680760361194094,11.703914850061517,0.25511921253242925,0.8363039884569993,100053811.2,63626035.2,12181777.066666666,38222370.13333333,42582016.0,25100561.066666666,130256896.0,37142391.46666667,10342536.533333333,50225152.0,3075959.466666667,9623961.6,34.46666666666667,66.06666666666666,2.3333333333333335,193.0,2.466666666666667,27.675866666666664,2.4,363.46666666666664,48.62586666666667,17.6,0.10171356378883777,0.21308485248464315,0.7429552808302808,0.23586014795033236,0.004600000000000001,4.641989181376494,0.0452009715978466,0.22762147856068105,0.28943437338963635,0.05585516366081105,0.0
1685252640,3.6664357724697143,95.15903153918696,0.9401274496895025,17.470759832636354,0.7919847537453985,17.48713877625146,15.882778860856924,1.3870223971669295,10.817744856998015,11.877774514110323,0.25979413384655337,0.8348686383986675,100309401.6,63542340.266666666,12128119.466666667,38359040.0,42583108.266666666,24882107.733333334,130281608.53333333,37218713.6,9897574.4,50225152.0,3138491.7333333334,9667652.266666668,32.93333333333333,63.128,2.2,177.53333333333333,2.2666666666666666,29.933333333333334,1.8666666666666667,329.8258333333333,39.333333333333336,15.333333333333334,0.10060929183423761,0.2196182130781733,0.8425336257309941,0.23846763133004376,0.004600000000000001,4.659719622966429,0.042645783730158725,0.23082525860425587,0.26458263700198276,0.06867719559925889,0.0
1685252670,2.7061547436610742,96.7613275268517,0.8923302464460311,16.39352713797323,0.7979938871654515,17.547237799044197,16.40131397607434,1.6949664566405411,10.313731977388851,12.240440245807429,0.24959063781681176,0.835061878119207,100335889.06666666,63492096.0,12168396.8,38753348.266666666,42582835.2,25436842.666666668,130322432.0,37395524.266666666,10325742.933333334,50226926.93333333,3044420.2666666666,9474867.2,31.8,52.93333333333333,2.8,193.73333333333332,2.466666666666667,31.0,2.6,312.06666666666666,45.4,18.733333333333334,0.09940492695862325,0.23443846565361234,0.9027488544593808,0.23520576433844584,0.004600000000000001,4.669244986791607,0.04775857753357753,0.2301329061558449,0.2925185169472499,0.06733183535326762,0.0
1685252700,2.513260843482468,93.05602155865978,0.9876760518622946,17.169199268258588,0.8014655934139763,17.70893096026442,15.918262634897655,1.8973587993699967,11.64643465029915,12.00477404934005,0.257217347804285,0.8347001191524176,100409344.0,63550805.333333336,12175496.533333333,38501444.266666666,42582016.0,26161425.066666666,130324889.6,37328896.0,9914504.533333333,50225152.0,3037866.6666666665,9561838.933333334,35.4,61.53333333333333,1.4,191.86666666666667,1.5333333333333334,30.6,1.4,328.4,45.53333333333333,16.733333333333334,0.09502384116314497,0.2316564645456421,0.8923728123728124,0.23224031759126626,0.004600000000000001,4.638350556549594,0.05345238095238095,0.22605138744485848,0.28797595254837627,0.06303632960812575,0.0
1685252730,2.667505092966331,97.14548743392602,1.1802624645582864,16.712904300552143,0.8329168430706775,17.885335785055947,15.627120630180794,1.3133276475183275,10.903192010778383,11.305872548563599,0.2917011573451996,0.9097937355805302,100475289.6,63537561.6,12074052.266666668,38468539.733333334,42582016.0,24010752.0,130333491.2,37282884.266666666,9981678.933333334,50513783.46666667,3141495.466666667,9553783.466666667,52.6,94.96346666666666,4.933333333333334,307.1333333333333,4.788333333333333,49.93333333333333,4.933333333333334,555.7345,71.73333333333333,32.333333333333336,0.09232629734548108,0.2099680457320033,0.7747927072927075,0.21868332357431455,0.004600000000000001,4.4865998180032545,0.04575438470842884,0.21607346226279894,0.24428840056865336,0.05530025944823317,0.0
1685252760,2.140922962661785,95.829969993916,1.602778771001128,11.25958661950754,0.9177397302172614,18.50901575753377,12.10599891811128,0.7560475684066237,10.18709782767187,8.502449438084197,0.5002351493830413,1.2858907945278009,100349269.33333333,63561728.0,12195840.0,41313075.2,42582016.0,22374809.6,130338816.0,37675008.0,10047351.466666667,50231705.6,3079645.8666666667,9478690.133333333,58.266666666666666,93.53333333333333,2.466666666666667,310.2,2.6,51.93333333333333,2.8,546.7333333333333,72.2,28.4,0.061586068267652,0.12090920248316264,0.4326438318017267,0.11602871825696139,0.004600000000000001,3.3863991231982142,0.02588554778554779,0.13295849086204614,0.18073077508863822,0.025070275832816815,0.0
1685252790,1.6599802649784559,96.94465283829574,1.3717035607531782,9.361416718160994,0.9192139914763486,19.202169287411593,8.330706669191377,0.42944442252334064,10.21616967703814,6.995606950525746,0.5691432908640688,1.4210512458347624,100141738.66666667,63579477.333333336,12112691.2,38957056.0,42582016.0,22736622.933333334,130338816.0,37557725.86666667,10090496.0,50225152.0,3088930.1333333333,9557879.466666667,45.2,64.66666666666667,1.4666666666666666,226.19650000000001,1.6,35.4,1.3333333333333333,401.53333333333336,53.6,18.6,0.008430168434099687,0.02137944764241366,0.058405218244236376,0.01312165911673154,0.004600000000000001,0.4859243694490279,0.005580315340782866,0.011630841765074085,0.02452000124416145,0.005701768521844915,0.0
1685252820,2.242449490383881,98.50337819283229,0.9791297432574396,13.772967664254049,0.8011687142209215,17.83412311824814,12.021545811971455,1.063554875898162,10.36846963839813,9.561891358854584,0.37944805671719634,1.0493436892493389,100197853.86666666,63571421.86666667,12198434.133333333,38787754.666666664,42582016.0,25242692.266666666,130348509.86666666,37490414.93333333,9958468.266666668,50262425.6,3119513.6,9496849.066666666,33.666666666666664,57.6,1.2666666666666666,174.46666666666667,1.3333333333333333,32.333333333333336,1.4,323.06666666666666,42.666666666666664,17.0,0.07309806247123561,0.22450947728863396,0.48050694444444453,0.16680290168840886,0.004600000000000001,3.7040900106958814,0.02068367901992902,0.1628832312327631,0.2372802474204237,0.03764117255864396,0.0
1685252850,2.9496883059911942,93.3936832256588,0.8862267147570613,19.191525506578497,0.7826999095656745,17.80119536122881,16.139352790811888,1.713392586072531,10.716478564875453,11.397205114411939,0.25115500914063266,0.785511233961192,100296704.0,63548211.2,12113237.333333334,38926745.6,42582016.0,26753706.666666668,130356838.4,38049245.86666667,9838728.533333333,50229521.06666667,3022165.3333333335,9549824.0,31.466666666666665,45.733333333333334,2.2,184.0,2.3333333333333335,28.133333333333333,2.4,322.6,45.0,14.6,0.10204310377639354,0.40236624051335057,1.0233470206264326,0.23816146459715146,0.004600000000000001,4.722929915507763,0.04979781746031745,0.23142390864239074,0.3557804888922785,0.06485366210380233,0.0
1685252880,2.803394985677039,93.07439550192971,0.9989666533453455,19.629552312924552,0.8145489570359206,15.887052642613753,17.458095666477067,1.54012790217826,10.222155112036269,12.428509981316532,0.22850585139777838,0.8116220670866187,100418628.26666667,63552170.666666664,12234069.333333334,38933299.2,42582016.0,26559829.333333332,130453367.46666667,37767304.53333333,10123400.533333333,50375884.8,3090841.6,9530026.666666666,33.748866666666665,54.406333333333336,0.8103333333333335,170.80343333333334,0.9333333333333333,28.6988,0.6666666666666666,332.67856666666665,46.665366666666664,14.422566666666667,0.10549745983710636,0.6142112070584697,1.208503968253968,0.24727963574366718,0.004600000000000001,4.896592650786675,0.05577576312576313,0.23648328747306785,0.4181300747185598,0.06111071082232162,0.0
1685252910,2.111686850560069,96.11899830605834,0.960941386403206,19.00465288209356,0.8170520788949392,17.354935936859437,17.028703558162203,1.6689930492140672,9.826012784255507,11.952783473575385,0.23182231341735357,0.8222625368916412,100443750.4,63493461.333333336,11978888.533333333,38485196.8,42594304.0,26105856.0,130472209.06666666,37772765.86666667,10288605.866666667,50290688.0,3072409.6,9572352.0,28.933333333333334,51.733333333333334,3.0,172.13333333333333,2.7333333333333334,29.0,3.2,347.3333333333333,47.2,17.333333333333332,0.12412356424812752,0.5735279738658228,1.1232668426344896,0.24228650194774956,0.004712385035039077,4.869127209622856,0.05494849664224664,0.23553110831317334,0.4277528921416034,0.07577300719748482,0.0
1685252940,2.3930213232999473,95.3506241084966,1.0671213724600561,18.992427038446156,0.8413046124357318,14.875257883146043,17.579208555894805,1.7064001744685944,10.776323102908975,11.978856928422134,0.2527866598045141,0.8372240498096443,100560896.0,63643648.0,12124979.2,38527112.53333333,42655744.0,26271744.0,130473984.0,37849497.6,10339942.4,50290688.0,3090568.533333333,9387212.8,34.6,72.0,1.4,193.8,1.2,32.733333333333334,1.8,320.6666666666667,42.86666666666667,15.4,0.13512500382294734,0.2363329497614113,0.823517316017316,0.2359331626519839,0.004884627237102564,4.756620401047384,0.04557479777167277,0.23442705307908904,0.3482076484949073,0.07553636669638204,0.0
1685252970,2.271497229147799,95.2658154308625,1.0382629897412607,18.890154026784135,0.8076138473916926,17.62533493530018,16.17433807041018,1.4210633859193884,11.682216500014087,12.40391115113823,0.25770638337000806,0.8340050048246621,100560896.0,63628356.266666666,12269158.4,38552507.733333334,42655880.53333333,26278434.133333333,130478899.2,38875409.06666667,10091588.266666668,51082308.266666666,3097531.7333333334,9653862.4,35.06616666666666,58.657199999999996,2.2,180.20200000000003,2.0,31.532566666666664,2.2,352.48856666666666,44.497499999999995,21.733333333333334,0.11439280330225089,0.22081562916748596,0.7818571428571429,0.2382017054038866,0.0047659674687895994,4.768809636448213,0.04600367826617826,0.2314457406760294,0.3042299297767118,0.0707412792077802,0.0
1685253000,2.1902753689178414,97.20359861798744,1.0024203630092632,17.915375236014164,0.8513130790316861,18.096470836611207,17.7607869447455,2.2166171479157,10.57070657981721,10.744777389119735,0.2616680191510923,0.8435773749690092,100286054.4,63675050.666666664,11987490.133333333,38515097.6,42686054.4,26766404.266666666,130499379.2,38057164.8,9950412.8,50290688.0,3074730.6666666665,9550916.266666668,36.13333333333333,62.2,2.3333333333333335,173.26666666666668,2.2666666666666666,34.0,1.8666666666666667,301.6666666666667,40.53333333333333,16.933333333333334,0.11078280181597547,0.21583264683476822,0.7426522366522367,0.23652403370435787,0.004600000000000001,4.82897113185667,0.05756841538091539,0.2293921343086156,0.2867356334978226,0.07147237042003433,0.0
1685253030,2.5071177141006586,94.32391929233053,1.1705097398653408,16.602268733229728,0.8643096517104867,18.271095020132584,16.799037152769607,1.9872453916304962,10.356006917668173,10.242643410145686,0.2829373947971388,0.9418303789992263,100346265.6,63579750.4,12253730.133333333,38186461.86666667,42668578.13333333,25408034.133333333,130521770.66666667,38085563.733333334,10035882.666666666,50298470.4,3096849.066666667,9473774.933333334,50.46666666666667,85.8,4.866666666666666,280.0,4.4,46.86666666666667,5.2,501.3333333333333,68.26666666666667,32.13333333333333,0.09671034549962734,0.21961290673828676,0.6081846585725899,0.2201081732981373,0.004600000000000001,4.698815739429388,0.05778118686868687,0.22112372303987565,0.29196960184919096,0.0582406875019896,0.0
1685253060,2.0642312756078374,98.74778175172193,1.5259565088190992,11.549511696321815,0.9025329011291289,18.25942743108495,10.629308524983083,1.101286212534852,10.078249392693206,8.209560928583102,0.5048556166702663,1.3592860676643377,100366336.0,63531963.733333334,12027221.333333334,40154180.266666666,42659840.0,22293708.8,130523136.0,38014293.333333336,9944132.266666668,50305160.53333333,3076096.0,9453158.4,58.91043333333334,99.70493333333334,4.861933333333334,308.76983333333334,4.849900000000001,51.333333333333336,4.933066666666666,569.9386,75.46566666666666,31.963633333333334,0.05224011540354114,0.1470045857752988,0.3513129397422502,0.13496032429331614,0.004600000000000001,3.5651713551152615,0.027287553688141928,0.14192942561468314,0.18989876297129613,0.027410540997071485,0.0
1685253090,1.6094339642357591,99.72066244780214,1.8036051443885828,8.567528564523544,0.9474790206077462,18.53097057919473,8.318643694916815,0.4922893121287872,10.496496024906184,7.011600715990225,0.586836237203335,1.3576433341829324,100344900.26666667,63566233.6,12154470.4,38385800.53333333,42661614.93333333,23143082.666666668,130525593.6,38287769.6,10221841.066666666,50330146.13333333,3178496.0,9409058.133333333,43.333333333333336,81.2,3.4,236.33333333333334,3.4,39.266666666666666,3.066666666666667,423.2,57.6,23.866666666666667,0.00643095568066517,0.044005166326718095,0.06372449935400522,0.011686586935079128,0.004600000000000001,0.4491258276865718,0.005017178233701809,0.010614423895474033,0.028601140740887748,0.00497078085318299,0.0
1685253120,1.7228773330689913,96.06345248716767,1.240203752421677,12.687772628342877,0.8738036693093513,17.995206150711642,12.807113831497071,0.8216999359126914,10.460559476107495,9.76962115677313,0.39887294077491986,1.078876663242522,100599944.53333333,63572650.666666664,12177544.533333333,38326954.666666664,42659840.0,25302903.466666665,130550579.2,38394538.666666664,10077252.266666668,50298880.0,3153920.0,9497531.733333332,37.666666666666664,70.6,3.2,197.16236666666666,3.0,31.133333333333333,3.0591333333333335,368.06666666666666,47.46666666666667,24.533333333333335,0.06337900616186393,0.2280475518898709,0.386664320220842,0.16907907120357177,0.004600000000000001,3.796056463193159,0.026063855820105824,0.15539156730196002,0.2076408268630194,0.027684186547763705,0.0
1685253150,2.1643754875312,93.80402050331001,1.0687219652174238,16.67087909930358,0.8268585024004789,17.615412333304445,16.920580479590935,1.3741962558655811,11.127782461822344,11.42149151275669,0.2634469862250747,0.8451923379238235,100763784.53333333,63557222.4,12033501.866666667,38883328.0,42661614.93333333,26380697.6,130572014.93333334,38767547.733333334,11342097.066666666,50350489.6,3155012.2666666666,9558425.6,34.6,66.93333333333334,2.3333333333333335,196.93333333333334,2.466666666666667,34.0,2.3333333333333335,335.93333333333334,43.666666666666664,19.533333333333335,0.10721535332886048,0.30317037415407316,0.7431396011396012,0.23438563243482807,0.004600000000000001,4.749068806476663,0.04694908392261333,0.22609954118141762,0.2885023188507236,0.06442587213111181,0.0
1685253180,2.4885181634286337,92.34490369111923,1.1120181109557825,17.004798635408697,0.8222159642947637,17.507810031538337,16.766032054250907,1.7305367906967777,12.01819830206298,11.278605449504825,0.25994750410840584,0.8892265127983435,100831232.0,63543978.666666664,12111872.0,39120896.0,42668441.6,25583616.0,130603008.0,38785843.2,10075067.733333332,50992469.333333336,3108317.8666666667,9515144.533333333,33.736000000000004,57.135733333333334,1.9333333333333333,178.80803333333333,2.1333333333333333,28.333333333333332,1.7333333333333334,327.4806,43.9336,17.066666666666666,0.13027965499595215,0.23280504859513176,0.9046980056980056,0.23151287204568172,0.004600000000000001,4.737558359419566,0.044509264346764346,0.23290592300479807,0.308657249273419,0.07046247036334036,0.0
1685253210,2.9725761272996283,96.2881358042505,0.969534574420679,19.689619147197337,0.821530134942045,17.533914223873417,18.10151731131311,1.4683025407431103,10.757204086303238,12.075959274294444,0.2519338897709963,0.8319162932672763,100717090.13333334,63596953.6,12195430.4,38654498.13333333,42668441.6,26110907.733333334,130609152.0,38941764.266666666,10170504.533333333,50923110.4,3027217.066666667,9477051.733333332,30.386066666666668,55.7218,2.2,180.30996666666667,2.3333333333333335,30.133333333333333,2.3333333333333335,330.29069999999996,47.306466666666665,18.4577,0.09946973002231196,0.22853078037692384,0.9283268259518261,0.22903949398113047,0.004600000000000001,4.6586558638448805,0.04363528738418444,0.22917978137724765,0.33419747686078255,0.0675664305223287,0.0
1685253240,3.206823881756587,92.98633637848995,1.058334663338812,20.02249828102578,0.8171846316022939,17.850661287131743,16.463630637596456,1.494756367232997,11.00155626695307,12.239226168166851,0.2596787124213004,0.8975152269222466,100655104.0,63563502.93333333,12251682.133333333,38511411.2,42659840.0,27007795.2,130609152.0,38804684.8,10022912.0,50298880.0,3019025.066666667,9560883.2,29.266666666666666,56.6,1.8666666666666667,183.46666666666667,1.5333333333333334,29.2,1.6,344.4,43.333333333333336,16.533333333333335,0.10130402117988341,0.23654959004660395,0.9093998015873017,0.22938323245036996,0.004600000000000001,4.675708897485898,0.04455750953159042,0.2278596203499407,0.3576141346091628,0.06885941861583543,0.0
1685253270,3.1351761345935616,95.42361216486786,1.051321312092433,19.289223046636547,0.7780117985531751,18.302006729392,16.857459263887424,1.9283462182253073,10.611275753621783,11.354343634675255,0.24752448617050066,0.8713526374649355,100740300.8,63571285.333333336,12206762.666666666,38407782.4,42674176.0,26397491.2,130609152.0,39146291.2,9897574.4,50298880.0,3065856.0,9368917.333333334,36.45753333333334,65.79106666666667,2.533333333333333,168.02416666666667,2.466666666666667,30.533333333333335,2.6,332.3404,49.266666666666666,20.666666666666668,0.09913283995962799,0.23654617969642996,0.8815005057578588,0.23247733409437363,0.004600000000000001,4.765359245078165,0.047243776185687966,0.23230259354077268,0.3419626451561199,0.06703056983011707,0.0
1685253300,2.8244127638074956,96.84225712300439,1.1692951062134895,18.401791870535416,0.8561408973387525,17.81679344935765,17.46973072977365,1.7097568380930588,10.4579590374316,11.404528925337779,0.25390441246484585,0.8963379429957757,100907690.66666667,63598592.0,12294144.0,38608896.0,42678272.0,25729706.666666668,130609152.0,38861209.6,10170641.066666666,50300381.86666667,3075140.2666666666,9567163.733333332,31.333333333333332,52.86666666666667,2.2,198.53333333333333,2.1333333333333333,30.933333333333334,2.2,324.26666666666665,40.2,14.866666666666667,0.10651409399542242,0.2245233900429012,0.8534803921568628,0.2325445470839416,0.004600000000000001,4.775662126025785,0.06783068783068782,0.23541067910126598,0.30675089200708133,0.06803971339635356,0.0
1685253330,2.681074429003648,92.37480325746535,1.1050986612518778,18.735825967463718,0.8371625662986174,17.824943252519418,14.8286917927083,1.0765470485228894,10.383984988425693,11.020502494873009,0.27123746692723,0.8752811708333323,100659200.0,63544251.733333334,12161843.2,38421981.86666667,42659840.0,24738201.6,130609152.0,38927155.2,9857979.733333332,50298880.0,3046468.2666666666,9748480.0,57.266666666666666,90.33333333333333,3.933333333333333,303.2,4.066666666666666,51.666666666666664,3.933333333333333,557.6,74.66666666666667,27.6,0.11095450093479296,0.2271233016544234,0.8503125,0.22425775717615562,0.004600000000000001,4.648223219049148,0.0579981442577031,0.22460069328852253,0.2863618953296163,0.056173594960626475,0.0
1685253360,1.8470376887594886,97.44357955221501,1.5463376409266316,11.29532640425538,0.9122776020897275,17.829095583174265,10.140017225768359,0.5835564614203644,9.416030269160155,7.740475276827804,0.47962022416494027,1.2086300134219814,100576733.86666666,63549440.0,12200618.666666666,38930432.0,42659840.0,23079048.533333335,130609152.0,39223569.06666667,9938534.4,50298880.0,3064217.6,9425305.6,60.333333333333336,102.13333333333334,3.533333333333333,312.06666666666666,3.4611666666666663,53.733333333333334,3.3333333333333335,584.7333333333333,77.46666666666667,29.2,0.06082741733945951,0.20736584901007785,0.6461103988603989,0.14833948351042966,0.004600000000000001,3.619089743602286,0.013914475417120938,0.13760156879347932,0.17193791745233264,0.026319301850395056,0.0
1685253390,1.575892193028165,99.32313309573833,1.408399528455182,8.800545009145969,0.8501032653468542,17.527197789031568,7.9562438361365135,0.40931423392307786,9.884896519477707,7.030827540796091,0.5474988294793517,1.3146312358478034,100577280.0,63522133.333333336,12062446.933333334,38760174.93333333,42659840.0,22707404.8,130609152.0,39302485.333333336,10160128.0,50366464.0,3019025.066666667,9426261.333333334,50.53333333333333,80.26666666666667,2.8,241.33333333333334,2.8,39.8,2.6,458.7627,62.86666666666667,22.733333333333334,0.009760453316650482,0.06182868901484206,0.13676046176046178,0.01578487951170358,0.004600000000000001,0.6642463179702934,0.004912369672713072,0.014065725077986407,0.03602338991275737,0.0054377489704598,0.0
1685253420,2.17408259037594,97.00879379906335,1.1722519362050337,14.057626418252807,0.8638389453771852,18.019690952504405,12.615152281892522,1.2352415990645766,10.74398169405537,9.79582499257464,0.4136441638196426,1.0693310046051943,100803925.33333333,63609651.2,12269977.6,38772736.0,42659840.0,26833851.733333334,130610790.4,39467554.13333333,10190028.8,50300654.93333333,3019298.1333333333,9402504.533333333,37.86666666666667,60.86666666666667,2.0,194.73553333333334,2.4,31.6,2.2666666666666666,329.46666666666664,43.93333333333333,15.8,0.06612493187287376,0.15739679449497443,0.4317993927368929,0.156156109754942,0.004600000000000001,3.267887353741211,0.022264958189958193,0.16035659754658524,0.19994005804049964,0.03153518964588373,0.0
1685253450,2.5662490274424052,96.25118085433333,0.9934206258087696,17.016322354261938,0.8283154854294689,17.566291017768894,16.251556376116365,1.8720143217262253,10.532905792677159,10.847041882297507,0.2563955705123648,0.8445116499787507,100726374.4,63576746.666666664,12375654.4,38337740.8,42659840.0,26111180.8,130640008.53333333,39488580.266666666,9998336.0,50298880.0,3019980.8,9658368.0,35.93333333333333,62.86666666666667,1.8,194.93333333333334,1.8,32.666666666666664,1.9333333333333333,354.6666666666667,48.46666666666667,16.6,0.09448719698863536,0.2077202176664556,0.6842929292929294,0.2297377716865626,0.004600000000000001,4.5758489991166185,0.038984075887133166,0.22310037782637163,0.2421581732704695,0.04895464155068543,0.0
1685253480,2.837109993277666,96.07047322038595,1.0311486924457782,16.317334954505416,0.8101288756347237,17.92742623199456,17.439762987638517,1.0969160327200393,10.88818406180569,10.53173481963109,0.26824678797757634,0.871245097563507,100657152.0,63588761.6,11987763.2,38462532.266666666,42659840.0,26186001.066666666,130650658.13333334,39593028.266666666,9841186.133333333,50298880.0,3021346.1333333333,9458483.2,36.53333333333333,58.53333333333333,1.4,172.06666666666666,1.5333333333333334,31.133333333333333,1.6666666666666667,342.1333333333333,41.93333333333333,15.533333333333333,0.10733841775781011,0.21316322175475536,0.6503269600769601,0.23473759944608696,0.004600000000000001,4.709361990384708,0.044238116412572935,0.22741569116233165,0.2441127091036446,0.051559812905862736,0.0
1685253510,2.9223130004024886,96.48952592359342,1.0248056891659585,15.827619102720735,0.8205846476000412,18.216676301652573,17.362357170090423,1.1703155036105966,10.706590836631408,10.578628658353255,0.26606770496795823,0.8672848916981662,100734293.33333333,63651293.86666667,12040601.6,38877184.0,42659840.0,26164019.2,130658577.06666666,39287466.666666664,9981405.866666667,50372608.0,3095756.8,9517738.666666666,35.0,62.333333333333336,3.4,173.28123333333332,3.327833333333333,30.466666666666665,3.671066666666667,322.3333333333333,44.733333333333334,22.533333333333335,0.09958549990088027,0.21930878073890817,0.6385982905982907,0.2303312384815751,0.004600000000000001,4.723147399946116,0.048277721992178516,0.22806195810144583,0.2625996680315296,0.06653077156680005,0.0
1685253540,3.0924976355473595,96.44392841039034,1.1565878619576766,17.621293698913124,0.8196424884858835,18.097063990982043,18.753923219547044,1.5954596358942856,10.917573015227866,11.026536715948899,0.26061878744394573,0.8759438592250113,100786176.0,63650611.2,12304384.0,38634496.0,42671308.8,25902080.0,130662400.0,39795097.6,9972736.0,50807808.0,3090841.6,9595084.8,41.1,61.4,2.7,184.7,2.6,36.2,2.3,329.5,45.2,18.1,0.09423548437244,0.2217304272088405,0.7690136375062846,0.2309250491197023,0.0046,4.728684597016802,0.04964777369281045,0.22761120729068018,0.28439616995440603,0.07342424666906253,0.0
