time,adservice_cpu,cartservice_cpu,checkoutservice_cpu,currencyservice_cpu,emailservice_cpu,frontend_cpu,main_cpu,paymentservice_cpu,productcatalogservice_cpu,recommendationservice_cpu,redis_cpu,shippingservice_cpu,adservice_mem,cartservice_mem,checkoutservice_mem,currencyservice_mem,emailservice_mem,frontend_mem,main_mem,paymentservice_mem,productcatalogservice_mem,recommendationservice_mem,redis_mem,shippingservice_mem,adservice_load,cartservice_load,checkoutservice_load,currencyservice_load,emailservice_load,frontend_load,paymentservice_load,productcatalogservice_load,recommendationservice_load,shippingservice_load,adservice_latency,cartservice_latency,checkoutservice_latency,currencyservice_latency,emailservice_latency,frontend_latency,paymentservice_latency,productcatalogservice_latency,recommendationservice_latency,shippingservice_latency,frontend_error
1685253690,1.6629520906639297,6.119620983967456,1.7499052516662803,8.27061746274818,0.97341740515661,18.812336449679382,7.927374931701014,0.45645465461528323,9.85613732208191,6.320110483848316,0.5905182323622368,1.3425276831050406,100512914.28571428,59105084.952380955,12180138.666666666,39948288.0,42659840.0,22321834.666666668,130666496.0,40148992.0,10233368.38095238,50301220.571428575,3146703.238095238,9555772.952380951,64.47619047619048,97.42857142857143,2.761904761904762,310.85714285714283,2.857142857142857,51.04761904761905,2.6666666666666665,554.0,72.47619047619048,24.571428571428573,0.004697920610451124,0.006950446131212941,0.04924762416028673,0.004778920862518723,0.0046,0.22976042432032132,0.004631176134533768,0.004723098963964268,0.009402776363942164,0.00463462383617979,0.0
1685253720,1.923742963396985,6.3232973564585375,1.3855114795354178,9.668941645009179,0.8511006235778934,18.752847237585108,9.55296240718838,0.8731287947481493,10.734446711808799,7.516964729857152,0.5151476175968467,1.2694364239727487,100444706.13333334,59132723.2,12318310.4,38797721.6,42659840.0,23141580.8,130666496.0,39964672.0,10164360.533333333,50299016.53333333,3148595.2,9448652.8,41.06666666666667,57.4,2.0,215.66666666666666,1.8666666666666667,37.47473333333333,2.2,375.3333333333333,51.86666666666667,21.933333333333334,0.02242095170124331,0.0406234493365882,0.17774038445681317,0.03739568050385454,0.004600000000000001,1.1010164139965883,0.008213519116407051,0.03708797318241862,0.07383673153463148,0.010722745279625197,0.0
1685253750,2.9193660550751193,6.878041489546377,1.0560944979870617,15.906375053480629,0.8177918868973806,18.723959978307143,15.084775301199327,1.6909812689253247,11.277010126344644,11.510938254249083,0.32307803415793906,0.9427069363531112,100694971.73333333,59106918.4,12144093.866666667,38922240.0,42659840.0,25394107.733333334,130670592.0,40211797.333333336,10129271.466666667,50298880.0,3152008.533333333,9390353.066666666,39.53333333333333,68.06666666666666,2.3333333333333335,213.05833333333334,2.2,30.534133333333333,2.066666666666667,367.26666666666665,51.333333333333336,19.733333333333334,0.07826316868342274,0.13496568084161467,0.4671497604266367,0.16806955505444945,0.004600000000000001,3.710109932456366,0.02985209096459097,0.1544935314281642,0.205650707557147,0.03828346580685806,0.0
1685253780,3.923520411670961,7.060778529258509,1.0801795360260973,19.946923257687725,0.8247660533613635,17.730492213620405,18.24432401862854,1.345671568255696,12.658188669842154,14.686280314472867,0.2697086470247065,0.915986015378069,100829457.06666666,59066504.53333333,12071321.6,39309585.06666667,42659840.0,25382912.0,130686976.0,40452505.6,10291609.6,50298880.0,3100808.533333333,9692501.333333334,42.40346666666667,83.2,3.2666666666666666,226.0,3.2,36.6,2.7337333333333333,411.6,54.06666666666667,21.666666666666668,0.08820053757240658,0.21735683358647537,0.6718705792258424,0.21275532305045966,0.004600000000000001,4.359579893252397,0.04270998677248677,0.2044361521192641,0.23716501211965432,0.04743403661449988,0.0
1685253810,3.349656825310228,6.1573567359868795,1.1808410106615936,19.16117861596012,0.8778291717472475,18.120744018552777,18.861862864746165,1.6643193724307097,12.63284908863381,15.134472508422624,0.277861185392468,0.9488064770911865,100835328.0,59064320.0,12233659.733333332,38901077.333333336,42832418.13333333,25454455.466666665,130691072.0,40181486.93333333,10331204.266666668,50298880.0,3028582.4,9634474.666666666,40.86666666666667,66.66666666666667,2.2666666666666666,213.53333333333333,2.4,35.2,2.066666666666667,385.26666666666665,50.666666666666664,20.8,0.08287053973001922,0.277080358166185,0.7671794871794871,0.20970200260252517,0.004600000000000001,4.277447214050716,0.04460752321350148,0.2063544680098506,0.23927045112645468,0.05313863765566105,0.0
1685253840,3.144402461319039,5.713574947130236,0.9958212235479247,17.888550681983595,0.8047569590985005,18.129778381709457,17.752867444275523,1.7672729216075747,12.155782595180888,13.212171017859857,0.2693341825895424,0.8900847734078136,100671488.0,59038105.6,12225467.733333332,38913365.333333336,42662297.6,25046903.466666665,130706636.8,40520089.6,10066602.666666666,50298880.0,3019025.066666667,9627238.4,35.8,71.73333333333333,2.6666666666666665,213.73333333333332,2.6,34.2,2.3333333333333335,393.8666666666667,46.2,19.266666666666666,0.0758354065989547,0.39092843776243097,0.7876489898989899,0.2027465032078168,0.004600000000000001,4.159541376501735,0.04392927077795499,0.20309564770106064,0.23637173082615817,0.04916624878015146,0.0
1685253870,2.9297704975093213,6.105327051364826,1.1204427247745976,18.47641552290077,0.8650339939159248,18.59279672375822,16.940041874898426,1.3181453019184568,11.906286236036411,13.502068105667968,0.2744675677068492,0.916497665044272,100727466.66666667,59185152.0,12034048.0,39215104.0,42663936.0,25344000.0,130725478.4,40399530.666666664,10141286.4,50298880.0,3077734.4,9587643.733333332,39.2,68.33333333333333,2.933333333333333,208.6,2.933333333333333,35.333333333333336,2.6,367.3333333333333,47.666666666666664,21.933333333333334,0.07373608725621819,0.24246783208501516,0.7338974867724868,0.20766820286821167,0.004600000000000001,4.290237198335854,0.041348687281930314,0.2023359237365965,0.24082939088496047,0.04556807974636094,0.0
1685253900,3.1722620527595438,6.6509061502235,1.202939078306313,18.72843728693021,0.8105220896365536,17.932186503472312,16.539725675886977,1.314585613538283,10.845314326790547,11.741809661244519,0.27738836793731386,0.9695393927079153,100786995.2,59184332.8,11955131.733333332,39168409.6,42663936.0,24784486.4,130732032.0,38898892.8,10028646.4,50372608.0,3015748.2666666666,9744247.466666667,33.06666666666667,65.6631,1.8,200.6,1.8,37.53333333333333,1.7333333333333334,379.46666666666664,48.733333333333334,16.8,0.07822447626636368,0.19577054993911394,0.5042022668866567,0.20533718922455088,0.004600000000000001,4.213211073021847,0.03986967879256966,0.20226070554230235,0.23292278292836482,0.04589518300813273,0.0
1685253930,3.2204065872491188,5.643103073796907,1.1897928106806772,16.181767074094672,0.8321160022565404,18.092214996330707,17.353807022480602,1.8217039187717028,10.882818327946291,11.789935795495817,0.3153974676675137,0.9911398150832277,100606225.06666666,59125350.4,12093166.933333334,39196945.06666667,42663936.0,23795165.866666667,130732032.0,36226935.46666667,10009395.2,50300245.333333336,3059029.3333333335,9702604.8,60.13333333333333,89.4,3.6,292.8,3.7333333333333334,48.86666666666667,3.4,535.2,68.86666666666666,29.4,0.07216331110442091,0.14714875503653344,0.47641484075959883,0.18704275262588074,0.004600000000000001,3.6414425599293896,0.03503462301587302,0.1909503347952429,0.21385693845242182,0.04102782063990541,0.0
1685253960,2.565817385814903,5.964213236335864,1.3747630869450538,11.327479973167405,0.9151710202721147,18.51311762327486,10.430803265695149,0.7270706151693169,10.57490287232688,8.416536009552297,0.49962278495592355,1.2329278925778064,100585472.0,59074560.0,12141090.133333333,40968055.46666667,42668851.2,22765294.933333334,130732032.0,36309265.06666667,9921058.133333333,50305843.2,3088384.0,9442508.8,59.266666666666666,103.06666666666666,3.466666666666667,327.73333333333335,3.533333333333333,54.333333333333336,3.4,584.0,76.06666666666666,30.133333333333333,0.03901632136332936,0.07399979084403355,0.31832073572250386,0.09483213937621675,0.004600000000000001,2.232923623331398,0.016779610389610393,0.1059217479672109,0.12613109968235645,0.02058682989546917,0.0
1685253990,1.7249628307733444,5.960741746485291,1.4917615879117023,8.34137161165765,0.9224348782987662,19.07368829297896,7.651682425867004,0.4150749004819563,10.281538139597407,6.412153081590864,0.5727646944390551,1.3255295933789146,100468326.4,59098180.266666666,12167577.6,40048366.93333333,42690969.6,22135739.733333334,130732032.0,36315955.2,9954099.2,50310212.266666666,3064354.1333333333,9563477.333333334,58.2,98.57486666666667,4.266666666666667,320.4,4.333333333333333,51.53333333333333,4.0,560.6,72.73333333333333,31.264,0.004692208034214561,0.006707021449779866,0.0488514923797254,0.005810704559622432,0.004600000000000001,0.23045625967958844,0.004641371832051443,0.0053515987604801,0.010539611213317914,0.004691373767596264,0.0
1685254020,1.7302679580899658,5.5104694317588345,1.3987775449509685,9.863171370965542,0.8530039489707647,18.801974789928547,9.467149653775042,0.5162848489247651,10.700125998653183,7.7260868861170655,0.5050044429612807,1.2770101090320962,100490581.33333333,59101593.6,12160068.266666668,39393553.06666667,42663936.0,23175441.066666666,130778180.26666667,36282777.6,10263347.2,50298880.0,3013017.6,9441553.066666666,38.33453333333333,77.00483333333334,2.933333333333333,222.8181,2.8,38.4,2.8666666666666667,401.2470666666667,54.404833333333336,19.0711,0.022516978632166992,0.06018530250648553,0.15389622408102402,0.04644725382552841,0.004600000000000001,1.0912843881699972,0.009918532781199635,0.04347205349594908,0.07588317673582085,0.010974503752757329,0.0
1685254050,2.768931451315632,6.731312666573703,1.179070519344553,16.11146571291853,0.8065502890167511,17.99259321929786,15.491496236699623,1.2557272665906187,11.065899424802515,12.05075449551899,0.342001956884957,0.9891208639069077,100631074.13333334,59166446.93333333,12289911.466666667,39245824.0,42663936.0,25436433.066666666,130889045.33333333,36117981.86666667,9999974.4,50298880.0,3153510.4,9377109.333333334,31.949833333333334,59.13453333333334,1.9337333333333333,192.62013333333334,1.9333333333333333,33.93333333333333,2.2032666666666665,339.95183333333335,43.4731,15.266666666666667,0.07349670299767208,0.18570988726761728,0.530920736871824,0.17913643650169087,0.004600000000000001,3.720141057363996,0.03360397869674186,0.17374617362844486,0.22261596431885702,0.040471121940958,0.0
1685254080,3.1273896300750934,6.244240415102538,1.199510116300747,16.75788229246378,0.8580243917638886,17.783771958565673,17.537507962273274,1.3494186557793024,12.461086617820573,13.229402050921298,0.2808143891058734,0.9478318381029839,100712448.0,59122756.266666666,12101358.933333334,38976716.8,42663936.0,24828177.066666666,130891776.0,35831261.86666667,9943040.0,50298880.0,3149277.8666666667,9364002.133333333,45.93896666666667,67.40443333333333,2.2008,226.09846666666667,2.2,34.53333333333333,2.066666666666667,395.6157,51.541799999999995,21.4727,0.08311314169115296,0.20415725814871197,0.7240723905723906,0.20259707485816653,0.004600000000000001,4.1888579554013585,0.04278273323218176,0.20444885655726933,0.23544534530944808,0.046349561431383794,0.0
1685254110,2.5870416446671762,5.396005452754394,1.0278625326123463,17.158413458494653,0.807607199520814,18.29605886660315,17.20832262674982,1.3286703687141626,11.720843057459927,12.759917192620723,0.2802057750893537,0.9199966603725311,100790272.0,59079884.8,12238984.533333333,38955144.53333333,42663936.0,25023829.333333332,130891776.0,35952366.93333333,10282461.866666667,50298880.0,3154739.2,9595562.666666666,34.733333333333334,72.2,3.6,223.6,3.3333333333333335,33.46666666666667,3.2,407.53333333333336,49.8,20.533333333333335,0.07766801752691509,0.2770036055314557,0.7289894179894179,0.18943215000101685,0.004600000000000001,4.0034306249050395,0.036647790404040405,0.2018398231341709,0.23331887672019117,0.04289452380785635,0.0
1685254140,2.872384226779482,6.449248810181294,1.1391189459882203,18.48795406755937,0.829946546812453,17.320694700789108,18.561974910941853,1.5532468670813957,10.576537560430108,13.057873130745529,0.26858641259894966,0.9327976867191082,100777164.8,59060224.0,12273117.866666667,38859844.266666666,42663936.0,25084313.6,130891776.0,35855837.86666667,10154803.2,50298880.0,3152008.533333333,9529480.533333333,42.2,65.33333333333333,2.0,224.26666666666668,1.9333333333333333,36.0,2.533333333333333,369.80266666666665,47.602666666666664,17.866666666666667,0.07243851229820394,0.3071447849642041,0.7983201058201057,0.1881830965812882,0.004600000000000001,3.868219217172799,0.0321580357142857,0.200059010241426,0.23532472179272826,0.04425887812912309,0.0
1685254170,2.6110430611370883,6.849227422141311,1.0893350017095667,19.25132392905664,0.8279189289813775,18.04099328323256,18.49171861744245,1.7235454511132176,10.98676185830055,12.645787625473433,0.2798049734211698,0.9155749665912791,100780032.0,59175185.06666667,12104089.6,38751300.266666666,42663936.0,24860125.866666667,130891776.0,35820612.266666666,10209006.933333334,50298880.0,3100808.533333333,9592558.933333334,40.53333333333333,71.4,2.6,200.13333333333333,2.466666666666667,32.0,2.533333333333333,371.8666666666667,52.6,20.066666666666666,0.07416246030741849,0.2073685687654856,0.793809523809524,0.1958518300073633,0.004600000000000001,3.982812041437709,0.038177083333333334,0.19814031712099509,0.23340772334441215,0.045224222733331126,0.0
1685254200,2.4422113175701905,5.851710537049953,1.1714479745480166,20.2836361848489,0.8334173992936653,17.298894096191578,16.941429706487543,1.189382203445628,11.95986182570087,12.903299398061025,0.26080535409062805,0.9397814026457761,100897314.13333334,59087667.2,12172219.733333332,38592785.06666667,42663936.0,24749533.866666667,130892458.66666667,35936802.13333333,9988096.0,50298880.0,3107362.1333333333,9595699.2,35.4,65.8,2.2,217.0,2.2666666666666666,34.666666666666664,1.9333333333333333,376.73333333333335,47.333333333333336,21.666666666666668,0.08168953946796799,0.24319202951484595,1.0720280830280837,0.2052933489581257,0.004600000000000001,4.201510469653627,0.04321254208754209,0.20170632732907032,0.23438423893076396,0.0467336837563819,0.0
1685254230,2.2870962244100963,5.021855777508147,1.1102418762818445,17.938010595597806,0.8749528309460453,17.76249633623912,15.163516222665693,1.2925335078497957,10.049171429793054,13.6750552569553,0.29444812384712266,0.9664926838961133,100897587.2,59084663.46666667,11871846.4,38362453.333333336,42663936.0,24345531.733333334,130895872.0,35869764.266666666,10161902.933333334,50416025.6,3090022.4,9584503.466666667,54.4,89.4,3.466666666666667,288.06666666666666,3.466666666666667,46.86666666666667,3.6,526.6,68.2,26.733333333333334,0.08546459729413579,0.5251117416456386,1.5645415695415694,0.19688699601061457,0.004600000000000001,4.162653550365298,0.04136990740740741,0.19454124037622852,0.2399637702020529,0.047130226073950704,0.0
1685254260,1.884987801847198,5.312923983713666,1.4265576942500031,11.753761916346896,0.917660282610941,18.053447686943272,10.696847464267915,0.9068170829410515,10.106685328395965,8.828457214408898,0.4756497471353791,1.2206396910115356,100854169.6,59092992.0,12205124.266666668,39793732.266666666,42663936.0,22445670.4,130895872.0,36153070.93333333,10000247.466666667,50362777.6,3035682.1333333333,9602662.4,58.266666666666666,106.53333333333333,4.2,326.0,4.133333333333334,55.733333333333334,4.733333333333333,598.8666666666667,80.46666666666667,31.8,0.05001850241209504,0.17255949819235517,0.7270555555555555,0.10117760549881907,0.004600000000000001,2.8027698033154413,0.01960972066141407,0.10996871168933656,0.17249000923667746,0.02610925702008759,0.0
1685254290,1.6702780438243527,5.710909964676042,1.829157930479945,8.217943854156667,0.947770335869939,18.119097616640808,7.866714717952735,0.43815458880416236,10.342236535736848,6.77143824296681,0.6003977610734678,1.4509542206927202,100567722.66666667,59105553.06666667,12138632.533333333,39942963.2,42663936.0,22427238.4,130895872.0,35677252.266666666,10799104.0,50298880.0,3145728.0,9372057.6,59.8,99.8,4.333333333333333,301.93333333333334,4.332933333333333,51.93333333333333,4.266666666666667,556.2666666666667,73.13333333333334,30.866666666666667,0.004891309100230241,0.010109926851244818,0.05257587064085022,0.005417260122441112,0.004600000000000001,0.29575153609950955,0.004624882352941177,0.005773992490393014,0.014051963956743909,0.004695232039896316,0.0
1685254320,1.8079449161777377,6.11323217624416,1.545236383014939,9.403976758698446,0.9470765182635114,18.78913509263414,9.324495265751862,0.6079732883260387,10.460176420673028,7.911936931400619,0.5441796870245922,1.3477914299602496,100380672.0,59138048.0,12077875.2,39380718.93333333,42663936.0,24519475.2,130895872.0,35991552.0,10159035.733333332,50298880.0,3073911.466666667,9366869.333333334,40.06666666666667,75.4,1.9333333333333333,233.26666666666668,1.9333333333333333,36.333333333333336,2.2666666666666666,386.06666666666666,48.733333333333334,15.466666666666667,0.017893878469950237,0.03995490041005965,0.1406405513085947,0.0471423859513715,0.004600000000000001,1.0233920743062934,0.005508499806930061,0.03884543074981506,0.0624763606306308,0.009276527224559933,0.0
1685254350,2.7583808930611515,6.4120141500615375,1.1182784525518459,15.127277198103632,0.8292560332574738,18.757889836656773,14.175994599201402,1.4590353611180518,11.483387121779588,10.965875345252664,0.3480641171065917,1.0295283668483663,100633122.13333334,59188292.266666666,12359953.066666666,39375667.2,42663936.0,25556582.4,130904064.0,36231850.666666664,10158626.133333333,50887338.666666664,3112140.8,9457937.066666666,35.056400000000004,64.66666666666667,3.0,192.26666666666668,3.0,36.266666666666666,2.7990666666666666,360.73333333333335,48.733333333333334,18.466666666666665,0.06338619741218736,0.10934329475954568,0.423513431013431,0.17480233143874707,0.004600000000000001,3.514146319155948,0.028047315832315838,0.1588407263505443,0.1980193402646771,0.03812434728494588,0.0
1685254380,3.0335173780818114,6.9898479720437345,1.0523950466342415,17.222462079072546,0.7977047752583207,18.04906332445736,17.9740983017553,1.7168338304140696,11.5123072035767,12.383435210867297,0.27456531871286133,0.9361162430753752,100741529.6,59270894.93333333,12151193.6,39719867.733333334,42693427.2,25378133.333333332,130912256.0,35889698.13333333,10019908.266666668,50416571.733333334,3032132.2666666666,9573307.733333332,42.46666666666667,69.0,2.6,210.0,2.533333333333333,34.333333333333336,2.2666666666666666,385.8,48.733333333333334,19.133333333333333,0.08256147660125479,0.16690991852474768,0.47749972501626914,0.20685246772254517,0.004600000000000001,4.235536547871003,0.04267472961406785,0.19799490938337547,0.2244305388116937,0.046422949339218804,0.0
1685254410,3.1609931586128472,6.075211195506394,1.175867524571298,16.721999316966883,0.8647560348661424,18.34394798621058,17.483333541083823,1.885837912697494,11.950778678019168,12.210054900464598,0.28983188487536854,0.9122070046044403,100693196.8,59084800.0,12161433.6,39237222.4,42668851.2,25578700.8,130912256.0,35840955.733333334,10087219.2,50298880.0,3143543.466666667,9400456.533333333,37.804700000000004,65.6,2.8,202.6,2.8,36.46666666666667,2.466666666666667,387.6,48.86666666666667,17.866666666666667,0.07948297064218263,0.18336369725145218,0.4780148948138544,0.20120855553914266,0.004600000000000001,4.149348825463215,0.04657755716505717,0.19954139213784988,0.22839040117170786,0.04620447235791306,0.0
1685254440,3.2805226227276205,6.16672304251504,1.1951994271559916,17.15414473765845,0.8258041819103019,17.92934028155425,17.428443698566504,2.2229538540220517,12.85207778595022,12.485290950300863,0.28368134907816434,0.9661416674099328,100633531.73333333,59050803.2,11960593.066666666,39026688.0,42663936.0,25584844.8,130939289.6,35905536.0,9961198.933333334,50298880.0,3144635.7333333334,9340928.0,38.53333333333333,71.2,2.8,205.0,2.7333333333333334,31.066666666666666,2.8,358.42333333333335,47.2,20.068666666666665,0.08336940349773331,0.2437971873219379,0.4872668312614516,0.2003252333145433,0.004600000000000001,4.109979710024496,0.04426161616161617,0.19981049874652834,0.23096274354605112,0.04664969679858611,0.0
1685254470,3.0949982592093837,6.43982106339855,1.142911707487015,18.087941645265083,0.8464642521186707,18.266532424365817,18.102312184674222,1.5751064730459299,12.012102566838221,11.82733644459185,0.28812831705334774,0.9188390609595579,100758323.2,59139003.733333334,12019848.533333333,39019861.333333336,42663936.0,25204326.4,130975061.33333333,36033058.13333333,10255291.733333332,50307072.0,3151872.0,9436091.733333332,39.53333333333333,65.26666666666667,2.0,216.46666666666667,2.2,34.46666666666667,2.2,373.2,48.666666666666664,21.733333333333334,0.08328916873527997,0.22887755689925238,0.48929073901523845,0.20410958493117481,0.004600000000000001,4.236713976672538,0.04200734126984127,0.2015630480235213,0.22571706200891248,0.045516444401174555,0.0
1685254500,2.8449875349130034,6.710486084394535,1.077444220252303,18.98911079556448,0.8750335897666833,18.709434711054723,17.632908187780924,1.7771208391420312,11.004770572158225,13.451407300873848,0.29021459612868417,0.8959252007857453,100790272.0,59199488.0,12009745.066666666,38937941.333333336,42663936.0,25564091.733333334,131045239.46666667,35763404.8,10190848.0,50316902.4,3061213.8666666667,9600341.333333334,39.072066666666665,59.53333333333333,1.8666666666666667,199.26666666666668,1.8,31.866666666666667,1.5333333333333334,347.3333333333333,45.13333333333333,16.6,0.0815896867615799,0.15481816387727262,0.47120528413226315,0.20699059995648608,0.004600000000000001,4.252448725702897,0.038623445767195765,0.203780296980944,0.2215307898971564,0.04464845027334662,0.0
1685254530,2.979247548401504,6.609978526760803,1.1426024576240073,18.104586284146954,0.8531661189578253,18.93333979073207,15.894982387630778,1.4939113733100848,10.488061702513965,12.63801605149121,0.3112608797732388,0.9812424573166934,100861952.0,59268027.733333334,12157747.2,38499942.4,42663936.0,24756224.0,131059985.06666666,36017083.733333334,10002568.533333333,50298880.0,3018888.533333333,9439232.0,52.06666666666667,87.93333333333334,3.7333333333333334,294.0,3.6666666666666665,49.93333333333333,3.8,493.6,65.8,27.066666666666666,0.07800821184057276,0.13866945984539333,0.458474975405419,0.19872765853998936,0.004600000000000001,4.12082327098199,0.02672987209872507,0.19258451978943197,0.21622046983519017,0.04445766878266239,0.0
1685254560,2.211491025868294,6.91986809402493,1.3000114104869953,11.45840769808308,0.8977429037899136,18.43237491560843,11.121166217452231,0.7972725878375752,10.85280606498323,8.773538042332834,0.49512544402147396,1.2553138972756093,100821947.73333333,59356501.333333336,12200755.2,39707443.2,42663936.0,22509294.933333334,131063808.0,36314862.93333333,9974579.2,50298880.0,3015202.1333333333,9406464.0,59.333333333333336,102.33333333333333,4.466666666666667,320.73333333333335,4.466666666666667,52.0,4.266666666666667,585.1333333333333,76.33333333333333,32.06666666666667,0.04535078515542575,0.07828310074046575,0.27944338151927445,0.12116060149225799,0.004600000000000001,2.9064181316192346,0.014009839522864487,0.10986184204079656,0.14895418466493898,0.022588783528404578,0.0
1685254590,1.6426391842330215,7.413752489633026,1.5944616871888526,8.428621185290476,0.9643505371316962,18.828249233551336,7.91990982178037,0.44252141794850464,10.751199625524297,6.611213276046656,0.5738894959189865,1.4357441312276964,100415078.4,59259562.666666664,12088934.4,39640405.333333336,42663936.0,22520763.733333334,131063808.0,36014216.53333333,9836817.066666666,50298880.0,3016021.3333333335,9586551.466666667,61.53333333333333,100.66666666666667,3.533333333333333,317.53333333333336,3.533333333333333,52.333333333333336,3.2,564.8,73.8,30.733333333333334,0.00469224932885612,0.006101983129756714,0.048554113841013956,0.006013761579219688,0.004600000000000001,0.2350920817116649,0.00469245183475477,0.005263843585370984,0.009585237202245151,0.0046987963468586415,0.0
1685254620,1.737740144110018,7.34371979017983,1.5334415966371693,9.518060574796872,0.8980126167717454,19.40030593313109,9.145861970065221,0.6483441604454475,10.772156488489507,7.95595861519935,0.5216666458343423,1.2957972782763585,100331793.06666666,59265570.13333333,12222737.066666666,40001399.46666667,42663936.0,24191795.2,131063808.0,36105966.93333333,10311680.0,50298880.0,3119923.2,9887880.533333333,39.266666666666666,72.21863333333334,2.0,232.13333333333333,2.0,32.271766666666664,2.2666666666666666,412.4,59.46666666666667,23.666666666666668,0.019411345535871226,0.03837188082567327,0.14021734905800326,0.0383111743470073,0.004600000000000001,0.903171210191322,0.009572851919073377,0.038139799676781945,0.06606127247341725,0.010972154622784737,0.0
1685254650,2.601769759851116,8.05166205270165,1.1883771363362314,15.833605319572797,0.8569592829050079,18.28290374553473,16.22133678639682,1.0483437104858313,11.302446047791188,12.675092933148534,0.3524233553925117,1.0337669123973068,100611276.8,59218466.13333333,12068181.333333334,39315046.4,42663936.0,24493533.866666667,131063808.0,35797128.53333333,10076979.2,50355677.86666667,3076096.0,9701239.466666667,38.4,59.333333333333336,2.4,206.86666666666667,2.3333333333333335,30.2,2.4,357.3333333333333,49.93333333333333,18.266666666666666,0.0643851156050275,0.11805001560218104,0.42367444170021656,0.14458632071636496,0.004600000000000001,2.8456592886711145,0.02939843496372908,0.14765956835275051,0.20357075424002505,0.03752039896234945,0.0
1685254680,3.4351634753656723,6.094953602958062,1.0550459858587646,17.87607041812788,0.8624442001521267,18.654219895173245,18.036436291305638,1.6887905907988194,10.933461179974945,13.606213881321702,0.27361464229216526,0.9556493900238112,100630528.0,59173819.733333334,12201028.266666668,39071744.0,42663936.0,25211972.266666666,131069815.46666667,35987319.46666667,9979494.4,50312396.8,3114598.4,9522653.866666667,49.93333333333333,72.0,2.533333333333333,219.0,2.6,38.13333333333333,2.533333333333333,386.2,49.2,19.933333333333334,0.08477203730353697,0.2192547471387342,0.4946006458138811,0.18860851369701867,0.004600000000000001,3.8705600793027757,0.04544442363192363,0.19187480727748282,0.2415393725801489,0.04461864119653831,0.0
1685254710,3.176720371596302,6.110295277078042,1.2111584562104492,19.292220481476132,0.8609992783921192,17.878945506142433,17.363848405646387,2.0074504603224734,11.229488071091597,12.404921835382373,0.2633251404749514,0.9574937204734582,100630528.0,59198668.8,11799347.2,38660232.53333333,42663936.0,25333213.866666667,131092480.0,36881339.733333334,10165043.2,50446882.13333333,3074048.0,9669563.733333332,40.244566666666664,69.86666666666666,2.7333333333333334,213.26666666666668,2.8,35.93333333333333,2.4656333333333333,363.6,49.6,20.666666666666668,0.08201429971798371,0.22079979185153584,0.5887175925925927,0.19869557148894484,0.004600000000000001,4.063967149332276,0.045644739057239064,0.19933340696660826,0.2404090922221492,0.04472610643727999,0.0
1685254740,2.6269260936895242,6.012832618633298,1.2564615339942826,19.608988872214645,0.8487073671241016,18.281928843507348,17.748811653948344,1.3584496245993019,11.690180895440875,12.297983517831268,0.27059925425944276,0.9360594482323253,100736477.86666666,59218466.13333333,11950216.533333333,38739968.0,42663936.0,25212518.4,131173580.8,35841092.266666666,10223889.066666666,50398276.266666666,3120878.933333333,9518011.733333332,42.6004,61.86666666666667,2.4,198.8,2.3333333333333335,34.6,2.3333333333333335,373.2,48.8,17.933333333333334,0.07842308836583069,0.1794342791533726,0.5336640116068261,0.2118045266239591,0.004600000000000001,4.335267833363302,0.03314632936507937,0.20833367584273496,0.23172227648561805,0.04648345553962817,0.0
1685254770,2.567257181669615,5.755802744394473,1.10831879355791,18.67245879256506,0.821535252261337,18.358145088744276,18.625126256861105,1.4024706365369815,11.96046877630821,13.510505104794834,0.27848828604211967,0.9193744474748097,100833006.93333334,59245363.2,12047974.4,38553190.4,42663936.0,25417591.466666665,131182592.0,35983360.0,10617924.266666668,50298880.0,3154875.7333333334,9640345.6,40.46666666666667,68.33333333333333,1.8,223.73333333333332,1.8666666666666667,33.13333333333333,1.8666666666666667,365.53333333333336,52.4,19.266666666666666,0.08287578724295369,0.17873578192627285,0.5091008514176083,0.2105057453496944,0.004600000000000001,4.364746588746645,0.033900195406445406,0.20694778005747547,0.23533941058511243,0.046007141601867335,0.0
1685254800,2.637856816002338,6.068095515171711,1.012503653803203,18.841899080913958,0.8399689855066176,18.310083218437303,17.175071623527955,1.5339804154431393,11.675677804356068,12.784332361039784,0.27219923257837825,0.9136335288840088,100888849.06666666,59118250.666666664,12124296.533333333,38639342.93333333,42663936.0,25971370.666666668,131182592.0,36353911.46666667,10773435.733333332,50484019.2,3078007.466666667,9433907.2,41.2,63.06666666666667,3.8666666666666667,211.53333333333333,3.933333333333333,35.46666666666667,3.933333333333333,365.0,52.46666666666667,21.2,0.08260059753114149,0.2134945986685312,0.7150983229733228,0.19772402699864802,0.004600000000000001,4.293827613937457,0.03874237637362637,0.20207787719777237,0.2388663548990198,0.04311914108444417,0.0
1685254830,2.6206041420608672,5.608348235680361,1.2046101863206315,17.484582230487636,0.8851050390884497,17.83981977162874,17.33521944209748,1.5552391857336612,12.59564241674151,12.011489405353212,0.3013215717331693,0.9629619831365372,100892672.0,59173956.266666666,12140680.533333333,38546227.2,42669397.333333336,24606993.066666666,131182592.0,35842730.666666664,10060049.066666666,50298880.0,3154739.2,9519104.0,50.86666666666667,95.0,4.2,297.3333333333333,4.2,49.6,3.933333333333333,524.5333333333333,73.2,30.533333333333335,0.07080641914517873,0.20856336954735333,0.6267371995820273,0.18108827830107097,0.004600000000000001,4.086764488150488,0.03241210538656191,0.18824316860143062,0.2330145463245664,0.03874376916807835,0.0
1685254860,2.0831296157140238,5.738299605260395,1.5832384040353695,11.403659829253774,0.9463876516731425,18.62818507908081,11.064924340870787,0.7119609334920122,11.417792823506462,8.012149786518322,0.5048292900821917,1.331964064445978,100715997.86666666,59143509.333333336,12014387.2,39113796.266666666,42710357.333333336,22312550.4,131182592.0,35928200.53333333,9990963.2,50298880.0,3146683.7333333334,9517192.533333333,56.13333333333333,95.40723333333334,3.0,289.2,3.0,50.13333333333333,3.066666666666667,564.2666666666667,73.46666666666667,30.266666666666666,0.037880690514664986,0.0997356844634237,0.409041248606466,0.10450652085626373,0.004600000000000001,2.6049147503765924,0.017968721333235575,0.10300559997493117,0.14893287376231734,0.022037532976543477,0.0
1685254890,1.5544523270000095,5.187270329706147,1.4174994144048114,8.065327389228814,0.894432671727023,17.42048699150329,7.269804957558146,0.4352042599908576,9.75206222428813,6.404793827686742,0.527872893743877,1.2357618240486226,100515566.93333334,59144738.13333333,12230929.066666666,39512337.06666667,42663936.0,22155537.066666666,131182592.0,36145971.2,10118621.866666667,50298880.0,3085243.7333333334,9459302.4,63.4,97.4,4.133333333333334,310.73333333333335,4.066666666666666,50.0,4.0,569.4,74.06666666666666,31.266666666666666,0.004835360486604493,0.01564705867002399,0.055417297692055376,0.0057454662256548284,0.004600000000000001,0.3716247082428392,0.004664461332483175,0.005443321721227673,0.014511728584563838,0.004766025709465663,0.0
1685254920,1.714576450162945,5.1929639779560075,1.3069414809820215,9.227281902664654,0.841379172613477,17.68147912951546,8.828483190479472,0.5312250431355625,9.844179648601516,7.305083073069171,0.4723055905114244,1.32193546650407,100574139.73333333,59138048.0,12164846.933333334,38897664.0,42663936.0,24801280.0,131182592.0,35953868.8,10156714.666666666,50298880.0,3050427.7333333334,9780292.266666668,35.06666666666667,70.46666666666667,1.8666666666666667,231.46666666666667,1.8666666666666667,32.266666666666666,1.8666666666666667,352.4,44.06666666666667,14.933333333333334,0.021122520169762106,0.12182169513107989,0.1386237190921194,0.0360360402067469,0.004600000000000001,1.1264185706310967,0.0054181451839979584,0.03302708560115826,0.06969419600761788,0.010282619777007928,0.0
1685254950,2.425939440032574,5.657823774807114,1.0723259465085222,15.272804142470505,0.860251064479062,18.60619728449606,15.051934195633121,0.815319971250365,10.675175319503122,11.187735008802504,0.33900656489484576,0.9920660208344473,100691968.0,59112925.86666667,12275438.933333334,38807142.4,42663936.0,25600000.0,131199112.53333333,36421495.46666667,9980996.266666668,50298880.0,3101764.2666666666,9538764.8,37.6,66.93333333333334,2.466666666666667,209.4,2.466666666666667,36.266666666666666,2.2,384.53333333333336,46.733333333333334,21.933333333333334,0.07749515784711274,0.20659502858035336,0.4322937059306481,0.15483722849027057,0.004600000000000001,3.1463700866659026,0.01699956349206349,0.15110638299360435,0.20481178930244073,0.04189631351973498,0.0
1685254980,2.8414495197535543,6.354003903537969,1.203838490218667,17.79065464300977,0.8026168249910015,18.736612436825403,18.606461878021356,1.6004286413051216,11.067373216054728,12.317301800330322,0.2866255529671531,0.9606868513997601,100738116.26666667,59190886.4,12075417.6,38893841.06666667,42663936.0,25342088.533333335,131267515.73333333,36330837.333333336,10193305.6,50298880.0,3061077.3333333335,9599112.533333333,36.2,71.0,3.2,214.93333333333334,3.2,35.666666666666664,2.8,376.26666666666665,47.2,21.6,0.09015379539926593,0.18160152637409208,0.4605194417977721,0.20136859215926384,0.004600000000000001,4.0863405853390775,0.02565501258001258,0.19523621222133605,0.22960332290692329,0.047788810898790814,0.0
1685255010,3.16817832578225,6.503081805687018,1.1738122860394598,17.459666992118187,0.838629018307346,17.79424970925045,18.105864515306322,1.7709467562328656,11.73108287020889,13.560710918220403,0.2742313513933429,0.909687133563565,100745216.0,59181602.13333333,12186419.2,38956646.4,42663936.0,24946688.0,131272704.0,36149248.0,9969664.0,50298880.0,3151735.466666667,9753804.8,39.666666666666664,58.53333333333333,1.5333333333333334,183.93333333333334,1.3333333333333333,36.266666666666666,1.5333333333333334,360.26666666666665,48.93333333333333,16.0,0.08399439945224249,0.20092689662816685,0.5821931932933516,0.20353370097358542,0.004600000000000001,4.185244373341164,0.03500423881673882,0.1961573835140218,0.23593085418733578,0.04699961294729435,0.0
1685255040,3.1049022175839864,4.835266283356697,0.995751373733939,16.582123093028763,0.8200164703274738,18.066055072380337,16.266100214893253,1.9121278075522268,11.605908240525345,13.195847731282301,0.2724063059655723,0.8624842983054761,100693606.4,59105689.6,12237892.266666668,38780518.4,42663936.0,25827737.6,131274752.0,36160443.733333334,9929523.2,50298880.0,3093435.7333333334,9621913.6,44.0,67.50223333333334,2.9917000000000002,213.58343333333332,3.0583666666666667,29.666666666666668,2.858366666666667,355.46896666666663,47.14393333333333,21.583433333333335,0.08309883643437366,0.2725222805471741,0.9046332371332373,0.20560233427149877,0.004600000000000001,4.232512457833958,0.04159181096681097,0.20203161181443863,0.24375951720721384,0.04659789560948667,0.0
1685255070,3.2140989092000085,5.796334756805191,1.2275337625895366,18.34204030415561,0.8537797300891843,18.388447227389193,17.50847725204119,1.5892358946295249,10.74489050348089,12.500848455437945,0.2665655883688555,0.9301571237724706,100725145.6,59071829.333333336,12107366.4,38492433.06666667,42664891.733333334,25608738.133333333,131278301.86666666,36001518.93333333,9884876.8,50298880.0,3101764.2666666666,9464217.6,37.092533333333336,67.53333333333333,1.7333333333333334,209.6,1.8,32.46666666666667,2.066666666666667,361.93333333333334,45.266666666666666,17.666666666666668,0.08301406073706637,0.22024210329211658,0.7309259259259259,0.2098225740052637,0.004600000000000001,4.3301834099824985,0.04509585437710437,0.20613546862025325,0.23781063457377447,0.04442417634139527,0.0
1685255100,3.045987445594719,7.179667337172847,1.091787673424956,19.853248088662816,0.8548497813289563,18.550375612235186,17.748537957907825,1.7852678483902449,10.343611318117558,12.51769525284814,0.27807432172533825,0.9740148213071199,100736204.8,59127125.333333336,12209629.866666667,38245171.2,42665301.333333336,25409945.6,131284718.93333334,36273493.333333336,9790941.866666667,50302293.333333336,3065446.4,9581363.2,38.0,63.6,2.2,212.2,2.3333333333333335,33.53333333333333,2.6,361.2,43.06666666666667,18.466666666666665,0.0826131127504252,0.16465993796772352,0.4957676219978946,0.209782811361422,0.004600000000000001,4.358429153898032,0.04203341103341104,0.2076439854477226,0.2301328001350482,0.04731368578413694,0.0
1685255130,2.390891007572764,7.3790235594333815,1.2403181696772323,19.862220088216112,0.8607111658410992,18.260484888349954,17.07441319066661,1.5563278078803309,11.468508242350651,11.444139274705824,0.3126548765097305,1.0156656322231603,100671214.93333334,59111833.6,11914444.8,38473318.4,42663936.0,23511313.066666666,131289088.0,36373026.13333333,9901397.333333334,50302976.0,3019298.1333333333,9742472.533333333,55.666666666666664,89.86666666666666,4.2,288.6,4.266666666666667,49.266666666666666,4.266666666666667,501.3333333333333,67.13333333333334,27.266666666666666,0.07787046228041823,0.13895362643083303,0.47714068038631685,0.19955503313220643,0.004600000000000001,4.082404080297583,0.039684813797313805,0.19878866375517829,0.22439412693663632,0.046885669438388164,0.0
1685255160,1.9291989778643719,6.297811926872047,1.6889314807939408,13.066674087637754,0.8720688753062977,17.633793203792298,10.882111370999942,1.0791879833149278,10.366019182804344,8.765198890471945,0.4907101061669468,1.2861631564442833,100537139.2,59080704.0,12000733.866666667,40187494.4,42663936.0,22453589.333333332,131289088.0,36253969.06666667,10201088.0,50298880.0,3022984.533333333,9617408.0,57.733333333333334,100.69886666666666,3.4,315.3333333333333,3.3333333333333335,51.0,3.8666666666666667,576.6,75.26666666666667,29.466666666666665,0.04260497945107186,0.08565332033572881,0.4148658470558323,0.12346867515806943,0.004600000000000001,2.6125380520477273,0.02211478937728938,0.11603339605203648,0.14867528522012,0.023101360067822093,0.0
1685255190,1.6613206034771542,5.626280805934436,1.6189721381699118,8.378056435318173,0.9234993535466541,18.777126022346646,7.834430422519616,0.4688999722374308,9.962784650733585,6.430880887352745,0.5856377770140799,1.3601535256153232,100530858.66666667,59033053.86666667,11755383.466666667,40390109.86666667,42663936.0,22257664.0,131289088.0,36311859.2,9919556.266666668,50298880.0,3145864.533333333,9468177.066666666,55.2,101.6,3.8666666666666667,308.06666666666666,3.7333333333333334,52.06666666666667,4.066666666666666,570.7333333333333,75.46666666666667,31.266666666666666,0.004928728397997071,0.010263329262224534,0.06540096348967313,0.006837530279471582,0.004600000000000001,0.30668528905181053,0.004753629044821339,0.00547406463416346,0.011167645632349088,0.004698365690393963,0.0
1685255220,1.76735144363973,6.016738832662052,1.5205994309269608,10.007745245729945,0.920147170573863,18.60474896248451,9.679881519263654,0.6509737499866822,10.441266687391781,7.77903533963023,0.5419411179804503,1.3305341459961901,100450030.93333334,59077973.333333336,12081834.666666666,38534212.266666666,42663936.0,24196164.266666666,131289634.13333334,36632439.46666667,10007074.133333333,50298880.0,3035136.0,9504631.466666667,43.890366666666665,79.0,2.6,227.2,2.6,37.666666666666664,2.8,407.6666666666667,52.666666666666664,19.866666666666667,0.020748522746426686,0.05642201941780471,0.11881448816706865,0.037022856105380024,0.004600000000000001,0.986790938567892,0.006302224194374931,0.03537042272872224,0.0591272197638426,0.009832553226562143,0.0
1685255250,2.9026616614367575,7.249285936777202,1.2190316073043241,17.49954375944952,0.8755697035810394,18.22389559688689,14.896594720659117,1.1542397432921918,11.225340455604835,11.313232822718309,0.366022078812286,1.06447681772415,100806656.0,59060360.53333333,12154880.0,38480008.53333333,42663936.0,25297032.533333335,131348070.4,36659200.0,9981132.8,50298880.0,3014656.0,9555148.8,33.666666666666664,63.8,2.1333333333333333,202.13333333333333,2.2,34.733333333333334,2.0,361.0,48.6,19.466666666666665,0.07387485062455154,0.15172150659131456,0.3936049380882481,0.15806557106797495,0.004600000000000001,3.2858422535962344,0.021152262182262183,0.14960981201965717,0.20022695174117935,0.0361902830517482,0.0
1685255280,3.241544309593367,6.242209295687143,1.087052300580904,21.143919263004143,0.8622668155279877,18.103778441834713,16.984886535845753,1.6542911038047408,10.27080769943898,11.83004010729872,0.2786937099571557,0.8912299277598413,101062382.93333334,59026090.666666664,12283357.866666667,38601932.8,42663936.0,24809472.0,131371008.0,36736204.8,9879278.933333334,50298880.0,3014656.0,9484697.6,40.666666666666664,66.8,1.8,180.0,1.8666666666666667,33.86666666666667,1.9333333333333333,395.93333333333334,53.13333333333333,19.533333333333335,0.08774211917469588,0.2048685630994614,0.48074517636103004,0.20864693799304648,0.004600000000000001,4.19478344415436,0.03185863095238096,0.2006616104005622,0.23697467616012388,0.04557996140995149,0.0
1685255310,3.4383562304160873,6.301556699319264,1.0581966446993105,21.889674783174446,0.8404480215616772,18.5498487843827,17.05441775216273,1.9024258354974863,11.871876431570229,11.143549101523023,0.28156109470404095,0.9168209508307956,101064704.0,59062681.6,12088388.266666668,38843733.333333336,42663936.0,25387281.066666666,131371008.0,36599398.4,9955601.066666666,50298880.0,3022028.8,9533986.133333333,36.46666666666667,76.26666666666667,3.2666666666666666,227.73333333333332,3.6,36.4,3.066666666666667,406.6094333333333,50.46666666666667,21.866666666666667,0.08330916734908049,0.20065749657960158,0.4816534557973068,0.2057009791021821,0.004600000000000001,4.156182749824067,0.03617957852332853,0.20731822250092818,0.24010750675440884,0.04788090346534381,0.0
1685255340,3.1244972163627884,7.6008434724914045,1.253724770558556,18.43219019926539,0.8654402521807086,18.12052337667882,17.828619616312942,1.1172794993193975,11.946323095124553,12.95127934229786,0.2777702413402686,0.985069861182301,100800785.06666666,59129856.0,12015616.0,38690269.86666667,42663936.0,25202688.0,131374421.33333333,36717636.266666666,10147020.8,50298880.0,3101081.6,9463125.333333334,39.8,67.0,2.8,227.0,2.7333333333333334,35.53333333333333,2.6,368.06666666666666,44.86666666666667,18.133333333333333,0.07977297874282986,0.17145200825180723,0.47022066154488174,0.20249050581880917,0.004600000000000001,4.135101266246844,0.03839995421245423,0.20820029252880526,0.23417034226574615,0.04773021627455808,0.0
1685255370,2.649232484171675,7.162491905851181,1.2157947254888022,19.70052707754671,0.874732229891232,18.637873010858662,18.05228734884937,0.9735749899572702,11.201335926370627,12.409750809976677,0.2807830540890564,0.9686528999062234,100705621.33333333,59073740.8,12261376.0,38444919.46666667,42663936.0,25872793.6,131386026.66666667,36822357.333333336,10072200.533333333,50298880.0,3066948.2666666666,9435818.666666666,43.266666666666666,67.8,2.7333333333333334,213.26666666666668,2.8,32.0,2.8666666666666667,377.53333333333336,51.0,19.666666666666668,0.07931031320895578,0.15875650194114221,0.4642978508082754,0.21040808272800604,0.004600000000000001,4.2473665109816,0.040296159858659863,0.20581559554029732,0.2304677206078299,0.047216489517622244,0.0
1685255400,2.749837704687041,6.241643924745654,1.1689869975282379,18.97517369283364,0.8384083526452836,18.143047671439057,18.59983047363243,1.3622176199348177,11.191148300445379,13.810496793789241,0.26781499029454575,0.9297954229008929,100679406.93333334,59858534.4,12123477.333333334,38643575.46666667,42663936.0,25883716.266666666,131394764.8,36884753.06666667,10067421.866666667,50298880.0,3138628.2666666666,9542860.8,41.46666666666667,72.6482,2.7917,203.8,2.858366666666667,36.86666666666667,2.466666666666667,390.0581666666667,45.658166666666666,23.0,0.0814173303781426,0.19129610599465977,0.47321271797387826,0.20535863672471338,0.004600000000000001,4.18517243002062,0.04003906833906835,0.2010209439909854,0.233083553608116,0.0483494929466807,0.0
1685255430,2.5643952095283,6.102411936645038,1.2531600855113758,17.21113050106404,0.8359062130395808,18.296256384221273,17.656744530277553,1.5576191910296435,11.74783925899436,13.508043854427479,0.28801139110447893,0.9839410328409558,100757504.0,59816072.53333333,12145322.666666666,38464443.733333334,42663936.0,23710924.8,131412104.53333333,36779349.333333336,11099067.733333332,50305979.733333334,3102310.4,9478826.666666666,51.333333333333336,83.86666666666666,3.8,273.06666666666666,3.8666666666666667,43.53333333333333,3.933333333333333,475.26666666666665,64.4,24.466666666666665,0.07915853768860275,0.24249992930967415,0.47102575489313636,0.18806021288631727,0.004600000000000001,4.131091106000031,0.02991103487253488,0.18851105848050215,0.2291986366817017,0.04505825925443086,0.0
1685255460,1.9299267466512295,6.097115134817471,1.4705630628909374,12.355142424150964,0.9756750223602568,18.765967880682428,11.36022989432007,1.0147030318376111,10.443960866925478,9.039167686611101,0.48366602780248547,1.236864184625052,100701115.73333333,59000012.8,12197341.866666667,39612142.93333333,42663936.0,22655931.733333334,131416064.0,36809386.666666664,9914777.6,50300518.4,3092889.6,9554466.133333333,60.666666666666664,98.28873333333333,3.8777,295.36643333333336,3.944366666666667,50.0,3.8777,563.6711,73.44903333333333,29.822066666666668,0.04234393083748223,0.14772050654979652,0.38238020014423524,0.10920208725890256,0.004600000000000001,3.1542307409288686,0.016183028867623607,0.10801317192169023,0.1598593049013474,0.02556817488504633,0.0
1685255490,1.7187657084938717,5.603098812529813,1.5241371353748774,8.225665569140967,0.9721933592753629,18.860609092862468,7.81894150090008,0.4463863051852039,10.126735522408332,6.318711398782736,0.5682064219227275,1.4024158356710559,100759552.0,59002880.0,12068317.866666667,40250163.2,42663936.0,22172194.133333333,131416064.0,36948787.2,10244096.0,50305706.666666664,3071453.8666666667,9417659.733333332,63.13333333333333,87.46666666666667,2.2666666666666666,294.8,2.2666666666666666,46.0,2.3333333333333335,507.45903333333337,63.53333333333333,27.6,0.005499923036675442,0.009039872225319984,0.06004333959924608,0.0065167040961692894,0.004600000000000001,0.3360918678010512,0.0046499574940523395,0.00590052095686941,0.011545109031333085,0.004701416228679105,0.0
1685255520,1.9544883070628676,4.61167751289451,1.3371772938623858,9.359964634132782,0.8644450014046537,17.871303994267958,8.987479150264614,0.5205150786431296,10.291801507685834,7.835696914416841,0.49113804276049855,1.2698924620193008,101004356.26666667,58953864.53333333,12285815.466666667,38781064.53333333,42663936.0,23680887.466666665,131416064.0,36937318.4,9953416.533333333,50299699.2,3062442.6666666665,9447014.4,42.333333333333336,81.6,3.0,226.46666666666667,3.066666666666667,37.4,3.066666666666667,409.0,55.86666666666667,20.066666666666666,0.019781038832552063,0.10176308993740113,0.23519022702515363,0.043700034048926445,0.004600000000000001,1.044135421545671,0.008943052604287908,0.03695360503252,0.06038084977008203,0.009709661171008703,0.0
1685255550,2.7260240099760518,6.153672431433143,1.0977455765542323,17.262049422040555,0.8269282150935165,17.671799971927516,15.920629696577562,1.5063162088507427,11.99418111322287,10.854219854758878,0.32713019531512066,1.0141578675141432,101064704.0,59098589.86666667,12129075.2,38851925.333333336,42663936.0,24798822.4,131416064.0,36812800.0,10077252.266666668,50298880.0,3087974.4,9439095.466666667,42.733333333333334,63.53333333333333,1.9333333333333333,199.66666666666666,1.9333333333333333,36.59706666666667,1.8666666666666667,359.6666666666667,43.06666666666667,18.533333333333335,0.06368765109162762,0.2256937269920689,0.48135648148148147,0.17110316062824632,0.004600000000000001,3.1180159774834744,0.02625903856107661,0.14631101155960732,0.2092692830827146,0.03208724410400496,0.0
1685255580,3.1484108141002736,5.990247968068444,1.06130793699417,19.431920563709177,0.8678223482930274,18.017869353985475,19.65994892659518,1.9423899860786658,11.524777234413525,13.039551847297641,0.26095304900514743,0.8592874440232365,101064704.0,58956185.6,12205533.866666667,38991462.4,42663936.0,25191765.333333332,131432311.46666667,37096379.733333334,9991782.4,50298880.0,3105450.6666666665,9354990.933333334,43.4,66.86666666666666,2.2666666666666666,200.6,2.066666666666667,36.93333333333333,2.066666666666667,364.8,49.86666666666667,21.866666666666667,0.08293782750502149,0.433162375068217,0.6473270202020202,0.20215221922588147,0.004600000000000001,4.060698493945974,0.04095104619645061,0.19395933543640415,0.2418515175014911,0.04305341768146958,0.0
1685255610,3.252848470264139,5.224619812744285,1.2485893248806055,19.39671113270583,0.8563228731546173,18.449371714826672,19.289858797565596,1.693019572510621,11.687436733315499,14.679896475076598,0.27731775018147936,0.9221086712009174,101049139.2,59030186.666666664,12223283.2,38850013.86666667,42663936.0,26256725.333333332,131507541.33333333,36971042.13333333,9978402.133333333,50298880.0,3019298.1333333333,9945497.6,45.333333333333336,62.53333333333333,3.533333333333333,206.2,3.533333333333333,34.733333333333334,3.3333333333333335,381.6666666666667,46.733333333333334,22.533333333333335,0.08573946961223311,0.3320469628285799,0.6620596440596441,0.20212470828890428,0.004600000000000001,4.215614823414159,0.04071243042088631,0.20276742398287115,0.25077681279477465,0.04735202873241476,0.0
1685255640,3.0411097017966218,5.827560471966189,1.189832674485508,17.667870581524845,0.8491657946484795,18.451085974523988,17.70363196553946,1.5123776908622304,12.751024227847955,14.24452720344892,0.27474137125581405,0.931639518290319,100997256.53333333,59033326.93333333,12094941.866666667,38729591.46666667,42663936.0,25320789.333333332,131559424.0,37237964.8,10311270.4,50343253.333333336,3075959.466666667,9649083.733333332,41.333333333333336,64.93333333333334,2.2,213.13333333333333,2.1333333333333333,31.133333333333333,2.0,382.8,53.733333333333334,24.333333333333332,0.08603328483824431,0.21160919422992874,0.6689702380952378,0.20597655254760253,0.004600000000000001,4.246616685973842,0.03647265928515928,0.20599159750401702,0.2463013348636184,0.049049766969219574,0.0
1685255670,3.262640291296761,6.247521983733255,1.047781020920379,17.93811715966903,0.7936237900047839,18.025842054567512,19.72310336032157,1.2507044054443968,12.218330460149089,12.949151160237989,0.2720398918029921,0.9022715545066681,101050777.6,59072648.53333333,12328140.8,38862848.0,42663936.0,24566306.133333333,131559424.0,37215436.8,10241228.8,50378752.0,3111048.533333333,9375061.333333334,40.53333333333333,65.2327,2.7443666666666666,220.6,2.8110333333333335,33.266666666666666,2.8110333333333335,401.4579,54.12456666666667,19.744366666666668,0.08210751305979098,0.20049217118639096,0.5393917026269966,0.20665361189460557,0.004600000000000001,4.168519353794134,0.04115691637474726,0.20539873470617112,0.23279275510095665,0.04991288836663766,0.0
1685255700,3.4618704533710822,7.520096660666329,1.1257108871163521,20.2905759830205,0.870260471151642,17.39755609338781,18.980269743970158,1.6567621961917323,11.673982517222111,13.071198559363246,0.2844935354014766,0.9303930486056042,101126690.13333334,59060087.46666667,12178773.333333334,38287223.46666667,42663936.0,24812885.333333332,131622502.4,37003810.13333333,9929250.133333333,50298880.0,3017659.7333333334,9349939.2,38.2,69.06666666666666,2.1333333333333333,196.66666666666666,2.0,35.6,2.0,358.26666666666665,48.666666666666664,18.533333333333335,0.08246813386463181,0.17583213368594855,0.468277750324459,0.20196134482644457,0.004600000000000001,4.1479471834940576,0.044209387336806065,0.20502833978158932,0.2290196305201286,0.05918167268526082,0.0
1685255730,3.6209517584863633,6.484137122275532,1.2240349807665725,17.939231708562946,0.8611913885765294,18.472251494544555,16.48499409241189,1.710145423530316,11.440837183664218,12.533856365591435,0.309142101937594,0.9617485214031262,101216529.06666666,59032917.333333336,12217275.733333332,38407918.93333333,42663936.0,24487936.0,131575808.0,37064294.4,9907677.866666667,50298880.0,3021209.6,9658231.466666667,50.82313333333333,97.86666666666666,3.533333333333333,280.6666666666667,3.8,47.86666666666667,3.7222999999999997,527.2,70.86666666666666,28.066666666666666,0.08156138663322521,0.1718244823523592,0.46451620586669745,0.18276740160437674,0.004600000000000001,4.0207535885746495,0.0393780744754042,0.1883751619580096,0.22070706238968907,0.052428476973749534,0.0
1685255760,2.169221032052998,5.708269328756339,1.3714101482331058,10.216636844129415,0.8790590186572269,18.367046957744712,12.238520628766999,0.9139294036496739,11.447984606057458,8.675666135598517,0.48613452325514905,1.2231256827167334,101275921.06666666,59017216.0,12022169.6,39471513.6,42663936.0,22359108.266666666,131575808.0,37323161.6,9880644.266666668,50298880.0,3121834.6666666665,9544089.6,55.86666666666667,105.33333333333333,3.8,327.06666666666666,3.8,54.46666666666667,3.8666666666666667,593.0666666666667,77.4,32.86666666666667,0.04622239778027797,0.08763549078182223,0.3692658529494915,0.09254460865662711,0.004600000000000001,2.679857589629657,0.019531561276425625,0.10039403934082432,0.14743167606850083,0.028080738302301074,0.0
1685255790,1.5935753139888007,11.329670535986562,1.4117739307674486,8.063324922991386,0.8922184221674332,19.22619765862389,7.835736712549444,0.40413543567920396,10.5306845297787,6.619743637612359,0.5967734675951472,1.3916332536043194,100929809.06666666,61284078.93333333,12109141.333333334,39243776.0,42663936.0,22330026.666666668,131575808.0,37524138.666666664,10007620.266666668,50298880.0,3147639.466666667,9629149.866666667,56.266666666666666,89.33333333333333,2.933333333333333,280.8,2.8666666666666667,45.06666666666667,3.0,520.5333333333333,69.86666666666666,25.733333333333334,0.004690018461185281,0.0058228499620200935,0.06200873060585276,0.0052048306686671595,0.004600000000000001,0.28771096322607215,0.004666566527176874,0.005114738616410339,0.009740270920015007,0.004693088701623737,0.0
1685255820,1.7534643053773626,61.176983902974754,1.2550641062680974,11.083232027668343,0.8589657401110287,18.85209108957382,9.853359108368887,0.7102380632134856,10.167650979929842,7.715747741893367,0.47580758635103526,1.2380676225851812,100638446.93333334,63571012.266666666,12250316.8,39917977.6,42663936.0,25355468.8,131590144.0,37457100.8,10415445.333333334,50298880.0,3051110.4,9377382.4,34.666666666666664,59.0,1.7333333333333334,180.06666666666666,1.7333333333333334,31.866666666666667,1.8666666666666667,336.0,38.06666666666667,16.466666666666665,0.02775564757280283,0.05396962491102393,0.22365375656776926,0.08968073850098644,0.004600000000000001,2.1037332517754828,0.012256706485517051,0.07839089005636825,0.09386012088851993,0.015233467023198128,0.0
1685255850,2.5728579287820526,97.2040524758886,1.0176257639494657,18.112414074792905,0.815950504393134,17.588542107633995,14.491961559258154,1.3632511301468744,10.424952438537991,10.226507558428223,0.28423407125678063,0.8896645816208265,100846250.66666667,65648503.46666667,12425216.0,38878139.733333334,42663936.0,25693115.733333334,131620864.0,37189905.06666667,10157260.8,50298880.0,3153920.0,9478417.066666666,40.333333333333336,55.53333333333333,2.0,177.53333333333333,2.0,30.464266666666667,1.9333333333333333,326.6666666666667,41.8,17.866666666666667,0.08034762421271584,0.19082191365750892,0.5566672088962412,0.22084002925910454,0.004600000000000001,4.58858539602168,0.03935833818958819,0.21089966000831786,0.22457542192717295,0.05491593581588391,0.0
1685255880,2.420158853277019,96.557289233844,1.1496948797894357,18.23933211157897,0.7912383316995361,18.302769912443004,16.385059527998497,1.814040205653954,11.300666363780046,11.659342214370529,0.24933780200474026,0.8353472176276633,101003264.0,63543432.53333333,12129894.4,38989004.8,42663936.0,26164838.4,131773508.26666667,37544209.06666667,9870677.333333334,50513783.46666667,3026534.4,9428718.933333334,40.666666666666664,61.266666666666666,2.4,183.13333333333333,2.066666666666667,35.6,2.4,349.2,39.0,17.4,0.0918436132950765,0.22451784082485726,0.797423520923521,0.23738414667566912,0.004600000000000001,4.824119477040722,0.04664335452129569,0.23000578535889785,0.24921178790045853,0.07170895058055424,0.0
1685255910,2.401667308718144,96.06364009818184,1.0819770833408353,18.432078791493886,0.8417111541687026,17.00558697487246,17.372374661776878,1.5090767942853605,11.703601862913933,10.273714964533866,0.26281769326368715,0.8884318512403101,101003264.0,63506022.4,12241988.266666668,39037883.733333334,42663936.0,26592460.8,131855155.2,37474304.0,9972804.266666668,50299699.2,3048925.8666666667,9669017.6,29.4,58.29496666666667,2.1917,181.65009999999998,2.3250333333333333,26.533333333333335,1.9250333333333332,305.2825666666667,35.59023333333334,18.583433333333335,0.1031117661663774,0.2209970784568927,0.8802968697968698,0.23748883471148238,0.004600000000000001,4.793698419317162,0.04290132876382877,0.23059810004003148,0.29457048492384263,0.07315125537415752,0.0
1685255940,2.480427169585117,96.01371663554386,0.9959718588751509,18.61335979459136,0.8385180989615697,17.574416240321572,17.923293359400915,0.9552292066148163,11.791082397580729,10.981257715512424,0.22831326072937752,0.855164525391189,100943598.93333334,63472162.13333333,12078011.733333332,38825984.0,42663936.0,26198016.0,131837952.0,37212296.53333333,9948364.8,50300928.0,3088384.0,9402368.0,33.46666666666667,59.2,1.8666666666666667,174.06666666666666,1.8,25.4,1.6,313.46666666666664,46.46666666666667,13.066666666666666,0.13039545332120592,0.3132562313298472,1.22375,0.23863198632218793,0.004600000000000001,4.792981763400756,0.04517743608408276,0.23036694499232666,0.33775947711241694,0.07266844065854258,0.0
1685255970,2.4824131394379823,95.38065409762709,1.060386648312518,16.739442710584527,0.8047120853189118,17.86492463520825,17.811657824911833,1.145414655326695,10.928095085047543,10.719890671756458,0.2339857437772074,0.8725491024374191,101142937.6,63468066.13333333,12192699.733333332,38596881.06666667,42663936.0,26426845.866666667,131859114.66666667,37455462.4,10607001.6,51073160.53333333,3147502.933333333,9474048.0,35.4,53.53333333333333,1.5333333333333334,186.26666666666668,1.5333333333333334,31.333333333333332,1.6666666666666667,348.53333333333336,41.666666666666664,18.866666666666667,0.1275089876993619,0.5579542508016905,1.205875274483971,0.235188842269041,0.004600000000000001,4.816272333533054,0.0473171117131063,0.23268944931053798,0.3682330059391283,0.06943368345459264,0.0
1685256000,2.438607682203563,95.22171785186667,0.9463835727638669,17.13948721746049,0.8362813827186394,18.31795565759369,16.6763735634921,1.6187766387440001,10.91772719167202,11.334546780134808,0.2379974609945868,0.8633382443066793,101158912.0,63452774.4,12127573.333333334,38528477.86666667,42663936.0,27419443.2,131878912.0,37558681.6,10187025.066666666,50299699.2,3024486.4,9469678.933333334,33.53333333333333,55.2,2.466666666666667,174.13333333333333,2.466666666666667,35.0,2.4,327.6,42.333333333333336,19.933333333333334,0.10783308819587245,0.5172869485130263,0.9682953730460124,0.2306946407236526,0.004600000000000001,4.8342005300192605,0.044574973125214995,0.23593641269718385,0.3861418105100263,0.06839605791141436,0.0
1685256030,2.394263845917744,93.09079702884476,1.1849085932170185,16.970016375685045,0.808937764037807,17.900878297408962,17.780605917960216,1.3688611318568573,10.074211711345898,11.398551884821103,0.2772741658716536,0.9225199058989937,101160140.8,63494280.53333333,12009881.6,39144106.666666664,42663936.0,24429636.266666666,131878912.0,37475669.333333336,10067421.866666667,50298880.0,3069405.8666666667,9505177.6,59.4,88.4,3.8666666666666667,279.46666666666664,3.8,44.6,3.8,509.06666666666666,67.4,26.466666666666665,0.09419204789393157,0.2723672474174481,0.8144246031746032,0.2202767526765185,0.004600000000000001,4.715563436764709,0.041191212606837606,0.22935573122927802,0.29574096254489785,0.052973868973053256,0.0
1685256060,1.8939236366659624,97.55624683988734,1.4904183784018117,10.81937000126006,0.9387615841006487,18.372853624940987,10.795732518483758,0.6682448534354472,9.994212847823977,8.495435158397962,0.47176373609434497,1.2034758419968605,100928716.8,63501107.2,12167304.533333333,39839334.4,42663936.0,22738261.333333332,131878912.0,37657804.8,10024277.333333334,50309802.666666664,3106679.466666667,9580817.066666666,56.06666666666667,113.53333333333333,3.6666666666666665,352.2,3.7333333333333334,58.666666666666664,3.2666666666666666,621.5333333333333,83.33333333333333,30.733333333333334,0.055264979157446305,0.15278694715368527,0.4459527849601379,0.13887342998740315,0.004600000000000001,3.6969616317374316,0.022382317457094226,0.15452749795025647,0.1717497442063391,0.02699422247280973,0.0
1685256090,1.7743660407885775,99.34675534153902,1.3005895917368555,8.82970435502548,0.8613024731224728,17.94629013878305,7.795734051713454,0.43388620951537843,9.623956245417807,6.934563236715016,0.5454567879773944,1.299285257940099,100830276.26666667,63464925.86666667,12226696.533333333,39443933.86666667,42812484.266666666,23719936.0,131879321.6,37713646.93333333,9881736.533333333,50375475.2,3109273.6,9518830.933333334,39.86666666666667,68.4,1.7333333333333334,213.06666666666666,1.6,35.86666666666667,1.8,383.8,52.733333333333334,19.733333333333334,0.010199009280935574,0.05351293488919366,0.08926427738927738,0.013907298717777407,0.004600000000000001,0.5828082786152163,0.004729514931900924,0.013760012959581984,0.032879872542910346,0.005606174202243766,0.0
1685256120,2.6001080957176437,96.18747739356849,1.0014929589321218,14.21512891755791,0.8360643432819512,17.869206724654536,13.578592860280406,0.601943924742501,10.040485238659066,9.03835846973713,0.3553629508932904,1.030267737648879,101031389.86666666,63550805.333333336,12143547.733333332,39067511.46666667,42663936.0,25851221.333333332,131944174.93333334,37816183.46666667,9984136.533333333,50298880.0,3066948.2666666666,9563067.733333332,40.0231,62.390766666666664,2.4996666666666667,210.19866666666667,2.4,32.13333333333333,2.533333333333333,325.7215,43.66073333333334,16.031033333333333,0.06770979203087725,0.2632786434712341,0.8062247474747473,0.16681095822480618,0.004600000000000001,3.831122766601923,0.02031675142792267,0.1592598050933594,0.19938605844497773,0.03384571537972273,0.0
1685256150,2.8996017899209763,90.6591274423801,0.9328117761047603,18.95876816667052,0.8446844206458379,17.399342373087435,16.60173225627818,1.8240143905053132,11.173915852310271,10.425411744068164,0.2588616411299427,0.8918235706131253,101109760.0,63625898.666666664,12290730.666666666,38944358.4,42663936.0,24630203.733333334,131883144.53333333,37891003.733333334,10044347.733333332,50298880.0,3065309.8666666667,9546820.266666668,39.666666666666664,60.93333333333333,1.4666666666666666,177.6,1.6,29.6,1.5333333333333334,328.4,43.46666666666667,16.066666666666666,0.09699840389289775,0.2437934106860479,1.2049999999999998,0.22998428665162893,0.004600000000000001,4.647901663443029,0.04419131263616558,0.2270345280076655,0.28738096008636566,0.06593014507327351,0.0
1685256180,2.9760272078309566,93.72857541656008,0.954309387643006,18.99449634731359,0.7989371585137923,17.560081128479386,16.589361558307356,1.69304835950605,10.659782895412592,11.755571054170948,0.24788286273385232,0.8257257600268119,101147033.6,63525137.06666667,12058624.0,39647641.6,42663936.0,25520128.0,131892292.26666667,37888000.0,9853883.733333332,50298880.0,3066811.7333333334,9472546.133333333,33.396699999999996,60.8594,1.8659999999999999,195.96566666666666,1.8666666666666667,26.8,1.8,321.5821666666667,45.38746666666667,14.132666666666667,0.09700354255394715,0.22401035576887093,0.8305587386469739,0.22825631538417365,0.004600000000000001,4.637031044632144,0.05362595704948646,0.2294914494750549,0.2947774251284152,0.07083673939594205,0.0
1685256210,2.902128143969382,96.07549451143,1.0165651541805036,18.654507256320233,0.8125875797940043,17.55822309193542,16.37672716716674,1.289488629773671,10.308038603897012,12.665083369437053,0.24570789711781602,0.8668359307908867,101166557.86666666,63430656.0,12178636.8,39488716.8,42663936.0,26285397.333333332,131895296.0,37915989.333333336,10020727.466666667,50298880.0,3061896.533333333,9353625.6,38.333333333333336,56.6,2.1333333333333333,191.66666666666666,2.2666666666666666,32.0,2.1333333333333333,336.6666666666667,46.46666666666667,17.733333333333334,0.097581465748866,0.2320180055166621,0.8246732711732713,0.22589941236559588,0.004600000000000001,4.676337400466254,0.06588279220779221,0.2266590862870269,0.27106455229852006,0.0656161408838509,0.0
1685256240,2.6099918138269653,91.68343114499064,0.9437312869415542,18.531823414677156,0.8271739303773178,17.249425275027143,16.944508508856817,1.5597869176435395,10.14143661818462,11.744354444609973,0.24764703537555863,0.8430182156090887,101269504.0,63421371.733333334,12248951.466666667,38885922.13333333,42663936.0,25307682.133333333,131895705.6,38028902.4,10294886.4,50636800.0,3101491.2,9451656.533333333,34.13333333333333,64.46666666666667,2.1333333333333333,192.6,2.2666666666666666,31.4,2.3333333333333335,366.8,46.4,18.8,0.09893190952513946,0.24356785438195805,0.9559105871768412,0.22236594210963975,0.004600000000000001,4.688571580368767,0.062016865079365095,0.22490306994130796,0.29317793352357496,0.05448745902726198,0.0
1685256270,2.282894802704574,96.1505038056027,1.0892077898305994,17.382365253054363,0.8167191897128891,17.838301574189277,18.4424665924552,1.3409134931400613,10.985674179406102,11.249529540708364,0.26607461750079864,0.8411232664820857,101320977.06666666,63464789.333333336,12027357.866666667,39195716.266666666,42663936.0,26046464.0,131933798.4,38348526.93333333,10271402.666666666,50298880.0,3019298.1333333333,9444829.866666667,31.066666666666666,62.06666666666667,2.3333333333333335,185.46666666666667,2.4,30.133333333333333,2.466666666666667,350.7599,45.06666666666667,17.333333333333332,0.09604104784541531,0.22862372181047425,0.9196227160567331,0.22569521358307998,0.004600000000000001,4.673922160883842,0.0493177836417968,0.2265890621194056,0.28962586720095673,0.05778890740739407,0.0
1685256300,2.1319181004689503,92.95741765263418,1.1046218282158418,16.576100125786056,0.799051655914554,18.13385175291431,18.85000444281497,1.6913547865685818,11.01945583452254,11.425117042112129,0.2544427347875958,0.8546937353077905,101322752.0,63509708.8,12118425.6,39313408.0,42663936.0,26279799.466666665,131973120.0,38871586.13333333,9809646.933333334,50299426.13333333,3020936.533333333,9411106.133333333,33.6,63.338433333333334,2.1333333333333333,174.0,2.2666666666666666,29.0,2.4,333.26666666666665,43.46666666666667,18.6,0.10760513255865228,0.22855000748206986,0.7741647842897843,0.2304524439554688,0.004600000000000001,4.746690036457266,0.049058327525587586,0.2331569544758936,0.2927456849335592,0.07754440026287021,0.0
1685256330,3.0509643660104304,96.11402148613507,1.2187886110010486,15.212957122394277,0.8920834968785721,18.286744323664614,16.373894131198337,1.705449050306213,9.902773016047972,11.38494694330973,0.2827283696159325,0.9351962714462049,102015795.2,63428744.53333333,12210858.666666666,39265621.333333336,42663936.0,23743419.733333334,132045209.6,38367914.666666664,9837636.266666668,50299972.266666666,3022848.0,9394858.666666666,44.86666666666667,87.53333333333333,3.8666666666666667,278.73333333333335,3.8666666666666667,51.06666666666667,4.0,472.06666666666666,64.53333333333333,27.6,0.11066714912757154,0.39157104129371045,0.78731240981241,0.22317701841138365,0.004600000000000001,4.734129510428831,0.0416924031986532,0.2262733675374872,0.264172054730784,0.06812400230005179,0.0
1685256360,2.2103178782749158,96.8676610893539,1.474136695329502,10.434139281161459,0.9585244725267442,18.2391646198986,10.91848817896359,0.7542896633767915,9.628257406370897,7.530283045458836,0.4555319918849804,1.3078099392186482,101265271.46666667,63417548.8,12288682.666666666,40764757.333333336,42663936.0,22385459.2,132108288.0,38329685.333333336,9894843.733333332,50300518.4,3082103.466666667,9571259.733333332,59.93333333333333,101.66666666666667,3.6666666666666665,317.8666666666667,3.8,54.06666666666667,3.8666666666666667,573.7333333333333,75.2,27.4,0.0583407860636422,0.3320366191290697,0.4316402116402117,0.12546533111000638,0.004600000000000001,3.773461849217613,0.015299179944833126,0.13686999406520467,0.16559929852063252,0.026212695487548527,0.0
1685256390,1.7228553474759574,99.88587607359133,1.4611333358667125,9.222348185471224,0.8649351040253966,18.25300260574415,8.17096419986951,0.46830657177267715,10.123480127622866,6.65278982648245,0.5471733751612639,1.3383552891152788,101243562.66666667,63468612.266666666,12469452.8,39182336.0,42663936.0,23621495.466666665,132108288.0,38242986.666666664,10136098.133333333,50304614.4,3076096.0,9348300.8,44.8,77.0,2.6666666666666665,243.46666666666667,2.6,38.733333333333334,2.533333333333333,417.6666666666667,58.733333333333334,22.066666666666666,0.008701390194672868,0.053296265550509286,0.07661778063285242,0.013593371557431112,0.004600000000000001,0.62057242679423,0.0046963632755191225,0.014387120271300121,0.030893167430971744,0.005778081687256021,0.0
1685256420,2.713652504127323,95.5169712377035,1.1601216873754212,13.651266131118492,0.7981498132809403,18.498875035383982,12.091484379812657,1.0522389457263355,11.061986367305488,9.80419491429469,0.38202750312007816,1.0831109122047238,101367808.0,63516262.4,12353536.0,39580876.8,42663936.0,25893546.666666668,132108288.0,38699008.0,10229077.333333334,50892800.0,3064900.2666666666,9559244.8,29.466666666666665,61.40606666666667,2.2,174.73333333333332,2.2666666666666666,32.2,1.9333333333333333,360.8666666666667,45.93333333333333,16.8,0.07112356903704732,0.17126130973496553,0.4236614357864358,0.1467322266017976,0.004600000000000001,3.6692738941476404,0.02419411588411589,0.1699430341543829,0.1921293535756348,0.03591017031915776,0.0
1685256450,2.7724731765002226,94.06138334753545,1.0639745868914139,17.441168395426136,0.814113144027962,17.934675050249364,17.212490299743244,1.2144093003224345,11.853012604818474,12.532081072420151,0.2543730771504315,0.8604702366223594,101412044.8,63550805.333333336,12187921.066666666,39282278.4,42663936.0,26218359.466666665,132111701.33333333,38746248.53333333,10045030.4,50870135.46666667,3096576.0,9373559.466666667,34.666666666666664,59.93333333333333,2.6666666666666665,189.06666666666666,2.6666666666666665,32.93333333333333,2.466666666666667,332.6,42.86666666666667,19.2,0.09794452201398696,0.21421330675123545,0.7418964345839345,0.22775580982950439,0.004600000000000001,4.687872737265331,0.040631228956228956,0.2240776973401305,0.2426492390403918,0.05706409998887622,0.0
1685256480,2.483823914093582,97.64832081064424,1.153409531543872,16.966635022092696,0.8988476124473945,17.813296946730894,18.019700343832977,1.192994704190109,10.337322962818323,11.22058955048104,0.26451102786226416,0.8520664023097264,101470617.6,63517491.2,12029542.4,39195306.666666664,42663936.0,26024482.133333333,132116480.0,39491584.0,10081075.2,50418483.2,3044966.4,9523063.466666667,38.13333333333333,61.8,1.9333333333333333,179.53333333333333,1.8666666666666667,31.866666666666667,1.8666666666666667,320.8,46.2,16.066666666666666,0.10114731006241164,0.21655155272018606,0.7779985799875505,0.23976654044512286,0.004600000000000001,4.802498804851429,0.03936849747474748,0.23058019698085702,0.3057918824829934,0.07388881108016433,0.0
1685256510,3.1922136134355474,96.18962168625158,0.9649518561237678,16.45247260577825,0.8513777735361984,16.562653250224635,17.906858867264134,1.3565905702547818,10.322052571858798,11.756149719872548,0.25854902803402874,0.8416710492444449,101486592.0,63455641.6,12209356.8,39428096.0,42663936.0,26255633.066666666,132122214.4,38932480.0,10182792.533333333,50298880.0,3078280.533333333,9472409.6,42.733333333333334,58.4,1.4,196.66666666666666,1.2666666666666666,36.266666666666666,1.4,317.73333333333335,40.13333333333333,18.133333333333333,0.09824447710074904,0.24506690101080195,0.8031889730639731,0.23741903407594828,0.004600000000000001,4.70730376492321,0.04093596981721982,0.22705781678080622,0.3166707556178377,0.07787422195170572,0.0
1685256540,3.0012627475583993,97.22507989995991,0.7809219583716854,17.152676307305153,0.8007465963363539,17.69842549681979,19.10510230621998,1.1541277271472292,10.962205260376107,10.879080891380571,0.24552521990543436,0.8463411194842227,101375180.8,63454003.2,12141909.333333334,40486638.93333333,42663936.0,26199244.8,132192665.6,39062050.13333333,10149888.0,50298880.0,3123336.533333333,9540812.8,42.13333333333333,59.93333333333333,1.8,181.73333333333332,1.8,29.6,1.7333333333333334,331.06666666666666,40.666666666666664,17.0,0.11312516559495403,0.4024448178778703,1.0321519360269364,0.23388465875832642,0.004600000000000001,4.638522429265796,0.049820738636363646,0.22472553420997865,0.2555049472040308,0.06923899725469154,0.0
1685256570,3.10666650771785,95.84063236342728,0.9310612146170343,17.802400233129866,0.7787137033423737,16.62845568249497,17.607486350466093,1.3683128423142084,11.48760834501429,10.721001757114813,0.24954494342102163,0.8657414852834406,101206698.66666667,63459328.0,12032000.0,39582924.8,42663936.0,27022677.333333332,132202496.0,39040204.8,10006254.933333334,50298880.0,3021209.6,9636659.2,33.330933333333334,53.46666666666667,2.2666666666666666,177.26666666666668,2.3333333333333335,28.0,2.466666666666667,325.4,42.2,18.466666666666665,0.11443841434501584,0.2985731114071284,0.9387662157869874,0.23338759137896722,0.004600000000000001,4.720340970878015,0.04702094662160451,0.22788206661563434,0.283255190615043,0.061584735623014475,0.0
1685256600,2.7381628599447607,96.02367075073525,0.9892863972673068,18.266954041722453,0.8006931046617485,17.65834709640374,16.47727951799884,1.5170141036455778,11.329502924899206,11.596689872616214,0.2512401656069863,0.8251276978683564,101249843.2,63420006.4,12071321.6,39259067.733333334,42663936.0,26155554.133333333,132202496.0,38852881.06666667,10534912.0,50405376.0,3067767.466666667,9629149.866666667,38.0,61.46666666666667,1.7333333333333334,181.93333333333334,1.8,28.866666666666667,1.9333333333333333,331.8,41.6,17.8,0.0934513340278696,0.22874728369566646,0.87266663018211,0.23378591033815646,0.004600000000000001,4.780658489807503,0.044400527871886565,0.22835237917577297,0.3204373793235885,0.05579003641425758,0.0
1685256630,2.9194098953667216,94.7067800214305,1.157211981591418,15.886640799620544,0.8818668606620735,18.320132322493297,16.96169183354788,1.162352859995949,10.212574738462425,11.547148282094781,0.29724116294936803,0.9724206717838187,101213798.4,63504793.6,12047155.2,39168136.53333333,42663936.0,23848960.0,132202496.0,38944768.0,10287786.666666666,50386261.333333336,3094391.466666667,9540949.333333334,52.13333333333333,89.46666666666667,4.0,279.8666666666667,4.0,47.46666666666667,4.0,521.3333333333334,67.26666666666667,30.466666666666665,0.08606800375408293,0.22024648698422195,0.7836379517168993,0.22453601937539,0.004600000000000001,4.684527132893396,0.040353006904516195,0.22402044226049045,0.30318872641751843,0.05062412220022294,0.0
1685256660,2.0178741963092404,97.10891250629861,1.4496151793778054,10.399399388967371,0.9169332014175161,18.695486766253126,10.512836037625943,0.6077453055537785,9.988350120675216,8.189178951139874,0.4909944277279639,1.2024132618081214,101278378.66666667,63555584.0,11996910.933333334,40827153.06666667,42663936.0,22093414.4,132202496.0,39391232.0,10407936.0,50309802.666666664,3098760.533333333,9708885.333333334,59.53333333333333,94.86666666666666,3.1333333333333333,292.8666666666667,3.1333333333333333,49.4739,3.066666666666667,543.4666666666667,71.2,25.6,0.049083230007400606,0.11687861854616195,0.48398148148148173,0.12702412780449268,0.004600000000000001,3.537654757244725,0.020900388071895436,0.14479660235721692,0.17825785183601228,0.02769129584285253,0.0
1685256690,1.6979530178206137,96.83502857314933,1.2657581872019144,8.867262913864193,0.8538542992033303,18.93737285811427,8.098913568852403,0.402636359732649,10.337880592970198,6.405148178528261,0.5456091239502765,1.2046719153577043,101145941.33333333,63477350.4,12249224.533333333,39884936.53333333,42663936.0,22520354.133333333,132202496.0,39200904.53333333,10115754.666666666,50325094.4,3153100.8,9531528.533333333,43.13333333333333,81.66666666666667,2.6666666666666665,247.93333333333334,2.7333333333333334,38.06666666666667,2.6666666666666665,428.3333333333333,57.8,20.666666666666668,0.009368254321227338,0.029199332294997677,0.06601643259358778,0.01068353101926257,0.004600000000000001,0.4328280840271441,0.0051488731687255014,0.013637345695411616,0.03587423397517295,0.005195957239364073,0.0
1685256720,2.10108190170797,96.47668765870074,1.1059984469160302,12.701778996513788,0.865224568835359,18.007608667427334,12.463372817367352,0.7843465532373316,11.496792825910916,8.657552616654277,0.37918215911196157,0.9971864346744497,101192908.8,63578112.0,12066269.866666667,39172369.06666667,42663936.0,26045098.666666668,132217241.6,39322009.6,9936896.0,50374656.0,3052748.8,9388851.2,37.733333333333334,57.8,1.3333333333333333,194.86666666666667,1.3333333333333333,30.6,1.6666666666666667,324.2,40.6,20.403233333333333,0.06830536609513542,0.2490936368357442,0.5883035714285715,0.15824602784802907,0.004600000000000001,3.799101301146158,0.020159379856254857,0.16290430112589233,0.2674121739472743,0.032965963491077464,0.0
1685256750,2.7134507763791142,94.8839496789379,0.8538186272769562,17.40511068437562,0.757547347897551,17.839970596018862,16.67990136150211,1.2810019256296192,11.28560469672752,10.574883762338631,0.241966141501428,0.8836645541562727,101319065.6,63658803.2,12119654.4,39219746.13333333,42663936.0,25811353.6,132222976.0,39435605.333333336,10187844.266666668,50365098.666666664,3075276.8,9611946.666666666,37.52986666666666,58.733333333333334,1.1333333333333333,176.26666666666668,1.1333333333333333,30.866666666666667,1.1996,337.1333333333333,46.666666666666664,14.4,0.09285084406370223,0.2992762614585313,0.8026175213675213,0.23011351734528548,0.004600000000000001,4.697646776175803,0.0363925925925926,0.22227836061040396,0.3284738534684666,0.056181949326169565,0.0
1685256780,2.5976567940701116,96.54542029742598,0.8559770172651129,17.823806581512805,0.7781914262380074,17.76592083343135,17.400456452457615,1.344573087936428,11.204748202935418,11.148441826529075,0.25086402645005756,0.8493745708297769,101457920.0,63488136.53333333,12297284.266666668,39912516.266666666,42663936.0,25359291.733333334,132225160.53333333,39380582.4,9990826.666666666,50298880.0,3023667.2,9452202.666666666,31.0523,61.733333333333334,2.2,187.53333333333333,2.2,27.466666666666665,2.3333333333333335,324.8,41.06666666666667,16.933333333333334,0.09727808162568415,0.2301626679170002,0.7883273809523811,0.23247221888325972,0.004600000000000001,4.728650692221704,0.040893068315127144,0.22723320561714236,0.2595080385787512,0.06643821403571298,0.0
1685256810,2.134797199423498,90.95762831464116,1.061137135969114,19.027863316905844,0.8488362153414213,17.29682831403793,18.784382544970278,1.326691384631963,11.387959425680636,11.408540912076058,0.2515013031874389,0.837895227415033,101474167.46666667,63485405.86666667,12140953.6,38883328.0,42663936.0,25756603.733333334,132261341.86666666,39420723.2,9827123.2,50298880.0,3024486.4,9389670.4,31.666666666666668,61.86666666666667,3.1333333333333333,177.66666666666666,3.1333333333333333,29.133066666666664,3.066666666666667,311.2,42.46666666666667,19.533333333333335,0.11396470159608245,0.23658349095778164,0.8609920634920635,0.23083048755807745,0.00468167878823871,4.771099265534581,0.03839614037922861,0.23253886933989082,0.2771042802575608,0.07296494442504561,0.0
1685256840,2.4490735291696413,94.488912083767,1.0346327333137373,18.39253945681071,0.8615732063618092,18.488238198412777,16.684419234694353,1.2627920058323931,10.871620816785345,11.374948855294901,0.25285062133757946,0.8728415979092594,101486592.0,63532509.86666667,12042513.066666666,38986547.2,42663936.0,26259865.6,132284416.0,39708672.0,9968844.8,50298880.0,3022848.0,9527296.0,32.53333333333333,57.86666666666667,1.4,193.86666666666667,1.2666666666666666,30.0,1.6666666666666667,316.0253,37.4,14.533333333333333,0.10871909565262176,0.22358664822882535,0.786681290931291,0.2303448302126906,0.004753359646687272,4.834944008399574,0.03842031223814312,0.2309611190156637,0.310910564744111,0.07609926607340887,0.0
1685256870,2.6572272264296726,94.81185084276642,1.0058207664640688,18.813074383634326,0.809633564558945,17.7442154668134,17.08292016926089,1.0212939834139216,11.533006699967135,12.256453400645219,0.2539290750080496,0.8509337231298912,101486592.0,63565277.86666667,12114602.666666666,38960742.4,42663936.0,26569932.8,132284416.0,39854216.53333333,10238907.733333332,50298880.0,3048106.6666666665,9778790.4,39.0,58.93333333333333,2.2,183.13333333333333,2.2,30.666666666666668,2.066666666666667,304.8666666666667,38.8,15.733333333333333,0.09773725771663046,0.2215086050493814,0.7513243423243423,0.22914871089762795,0.004675297346850734,4.823998624055235,0.040306593406593406,0.2256968174475131,0.3066891153622737,0.07532735415831524,0.0
1685256900,2.3554537499049792,93.64971493281182,1.0601500096480492,16.5060898566664,0.8194768810829899,18.55511096790555,15.870934655581774,1.2003835951494206,10.674201054611645,11.697779737832139,0.25100245299687096,0.8412269003023807,101486592.0,63437755.733333334,12060262.4,39034470.4,42663936.0,26570752.0,132284416.0,40001536.0,10187298.133333333,50298880.0,3059438.933333333,9544499.2,31.4,59.46666666666667,2.6666666666666665,186.6,2.7333333333333334,30.8,2.8,337.06666666666666,46.46666666666667,16.133333333333333,0.09500799958419723,0.27304876463116934,0.8852298164798166,0.22608658477238391,0.004600000000000001,4.782785595655271,0.040123127104377106,0.22706578546468417,0.3137472865415157,0.060896131409321506,0.0
1685256930,2.415069193863586,96.52437827185095,1.1228190858976983,15.924635355236715,0.8022071920703226,18.53803414623197,15.862761664649353,1.3397090200621702,10.70937096587602,10.917206051148648,0.28463205906994116,0.9207486736127662,101449318.4,63463560.53333333,12104089.6,39033787.733333334,42663936.0,24456669.866666667,132284416.0,39747584.0,10122854.4,50333832.53333333,3159517.8666666667,9513779.2,52.06666666666667,89.06666666666666,3.466666666666667,271.93333333333334,3.533333333333333,48.389433333333336,3.533333333333333,523.0666666666667,66.86666666666666,27.666666666666668,0.09249252104227842,0.31555911061305175,0.9916031746031744,0.22035286318772077,0.004600000000000001,4.650736946798995,0.03201991269841269,0.21971831548450071,0.2819696842803632,0.046441825066692914,0.0
1685256960,1.9009660984222634,97.64616230806561,1.536918906456671,11.691136173641866,0.8883399733727478,18.561315472124043,11.029492554145182,0.7551568242174614,10.742916829686056,7.592689608550614,0.5060477350645559,1.2122369997663442,101321659.73333333,63502745.6,11940249.6,39105058.13333333,42663936.0,22126592.0,132284416.0,40258082.13333333,9968025.6,50309802.666666664,3087155.2,9420117.333333334,55.2,100.33333333333333,3.7333333333333334,317.73333333333335,3.6666666666666665,52.733333333333334,3.533333333333333,587.4666666666667,75.0,32.666666666666664,0.058302336842319814,0.1340747204918754,0.48063268097643097,0.13135812103674588,0.004600000000000001,3.358419764695159,0.015445781419546578,0.13162005626448495,0.1712101324584433,0.02392653237204577,0.0
1685256990,1.7538777862119421,98.39758980436235,1.4519022195224298,9.23576174367266,0.9183601239550989,19.034587577438636,7.920077197335328,0.40589685194232955,10.47683959050316,6.429532477448265,0.5836169724824303,1.3984014536832532,101010773.33333333,63492096.0,12056985.6,39543330.13333333,42663936.0,22342860.8,132284416.0,40402124.8,10136507.733333332,50298880.0,3064900.2666666666,9501218.133333333,48.06666666666667,79.06666666666666,3.066666666666667,260.04949999999997,3.066666666666667,38.6,2.7333333333333334,430.8,56.46666666666667,19.133333333333333,0.009035611540496558,0.018928326493989005,0.08059840163837245,0.014162510502888144,0.004600000000000001,0.46636849339198194,0.005068965443909388,0.011863169414941227,0.025901734952330186,0.005049055858835047,0.0
1685257020,2.678609975454015,94.62998899846427,1.1693702400222532,14.978648258788473,0.8403933620099291,18.263126318774017,13.34122325268057,0.8425870892932559,9.761203199770097,9.600444960657748,0.3942927952007305,1.054716941048227,101139387.73333333,63482675.2,12159112.533333333,39108061.86666667,42663936.0,26449373.866666667,132288921.6,40163464.53333333,9981542.4,51589393.06666667,3098760.533333333,9426397.866666667,35.2,61.333333333333336,2.066666666666667,199.93333333333334,2.1333333333333333,30.8,2.2,339.14509999999996,45.666666666666664,15.266666666666667,0.07816894412384963,0.16014809063593197,0.5402184343434343,0.17886483275674808,0.004600000000000001,3.843829443433237,0.031460833333333334,0.16868798682807945,0.20176341034168147,0.032248495423530525,0.0
1685257050,2.7441663122893605,94.65485853568543,0.993889955940496,18.02141290865426,0.8160384792037296,17.791786035991425,16.63292254858819,1.8045964385994777,10.780201055655777,12.028181966041661,0.2599969874304493,0.8209201656583481,101269230.93333334,63537698.13333333,12286361.6,39141649.06666667,42773708.8,26106265.6,132438016.0,40258218.666666664,10058001.066666666,50298880.0,3146956.8,9457664.0,36.266666666666666,65.0,1.8,201.2,1.8666666666666667,28.466666666666665,2.066666666666667,344.3333333333333,41.8,18.066666666666666,0.10082868099628278,0.22674744011680883,0.8021700339492522,0.23301863895869795,0.004600000000000001,4.690962664060452,0.04532478966001606,0.2291659702140537,0.25124576532054915,0.06108535035965702,0.0
1685257080,3.0939677671316272,97.5444062022836,0.9984790213941566,19.781418978253647,0.7994743215257077,17.598929299100003,17.48157960826668,1.5280994325968327,10.288511492588553,11.954460018640338,0.2519425977946424,0.8625337581262985,101273600.0,63454822.4,12156654.933333334,38605346.13333333,42663936.0,26452377.6,132562944.0,40426973.86666667,10559897.6,50298880.0,3022574.933333333,9484014.933333334,38.13333333333333,59.4,3.066666666666667,185.86666666666667,3.066666666666667,31.2,2.8666666666666667,311.26666666666665,44.06666666666667,20.866266666666668,0.0974084491950123,0.22705746560324377,0.8221098055281492,0.23251152383105492,0.004600000000000001,4.747925595798495,0.04581697994987469,0.2317379571665856,0.2443370745558865,0.07122178395863302,0.0
1685257110,2.5232595473416706,97.59659773662972,1.03239978858559,18.68953433185198,0.8022481225449991,17.22669720845452,17.107744777514924,1.127178433344149,10.613899273005357,10.914185752190422,0.24734856561485036,0.8369444703309902,101386376.53333333,63437482.666666664,12109550.933333334,38919645.86666667,42663936.0,26358306.133333333,132562944.0,40557636.266666666,10211328.0,50589422.93333333,3020526.933333333,9466129.066666666,36.13333333333333,61.53333333333333,2.6,184.26666666666668,2.933333333333333,32.733333333333334,3.2,344.0,42.2,19.2,0.09722931104784402,0.2487132685889905,0.8813790849673203,0.23351971964173535,0.004600000000000001,4.729114053144458,0.05622358590779307,0.2304098968141136,0.2485927097967276,0.07508418418517819,0.0
1685257140,2.2644280517214255,94.2430610026476,1.1284258090463917,16.31416016165326,0.8540393493335807,17.663994687799015,17.04427632233065,1.5517850810773766,11.041888634480925,11.082002722690696,0.251146082445212,0.8899199110256586,101425152.0,63471342.93333333,12255914.666666666,40126873.6,42696704.0,26194056.533333335,132562944.0,40398028.8,9763089.066666666,50734694.4,3073092.2666666666,9513096.533333333,32.6,66.26666666666667,2.466666666666667,199.4,2.466666666666667,28.8,2.1333333333333333,328.1333333333333,42.2,14.933333333333334,0.09723850697362299,0.2687764650421255,0.8956006865296725,0.2289348092860936,0.004600000000000001,4.71389355465412,0.06291534576534576,0.2319627659028366,0.2506180552011124,0.07920589479565722,0.0
1685257170,2.382333130751343,93.95475010543791,1.1247420031456627,17.8256216707232,0.8540309845496198,18.059858308794038,16.41547576335126,1.7600510760538624,10.75192618507172,10.871288880230733,0.25497637165151604,0.8881142869810307,101426926.93333334,63533056.0,12098355.2,38437273.6,42666666.666666664,26499072.0,132562944.0,40630681.6,10017450.666666666,50298880.0,3073228.8,9543680.0,37.20366666666666,57.666666666666664,1.8,182.6,1.9333333333333333,32.8,2.1333333333333333,323.06666666666666,44.333333333333336,18.8,0.09762676753065708,0.2372201908944392,0.7865440115440115,0.229788079861577,0.004600000000000001,4.732462768158118,0.057818196809229415,0.23105557310587352,0.2514229679643282,0.08268234061540453,0.0
1685257200,2.3274431434070713,95.59830203931212,1.0743978754510262,18.404344893927277,0.8361977745123964,18.465757312220795,15.803752924648386,1.7445840252997926,11.055193720101919,11.585752383654967,0.2564265156329332,0.8165523149219465,101478400.0,63668497.06666667,12227515.733333332,38547456.0,42663936.0,25843575.466666665,132562944.0,40666726.4,10467737.6,50298880.0,3091251.2,9427353.6,38.46666666666667,56.666666666666664,3.4,177.93333333333334,3.533333333333333,29.133333333333333,3.066666666666667,320.6,48.06666666666667,16.6,0.09689010479239195,0.2321388076004109,0.6685694444444443,0.23603939556685605,0.004600000000000001,4.768299383606976,0.04843010809852915,0.22782187273426027,0.2610448308819958,0.07777918639694807,0.0
1685257230,2.2797454096376515,94.48969171069344,1.0932378500412456,17.376698255081568,0.8862677316851393,17.905363066872006,15.649509218466697,1.427604530252212,11.800143595766002,11.70098905407161,0.28030039250059396,0.947816512144939,101612475.73333333,63508480.0,12236117.333333334,38832537.6,42663936.0,24836915.2,132562944.0,40748236.8,9969117.866666667,50298880.0,3144362.6666666665,9561702.4,53.93333333333333,93.13333333333334,2.8,272.46666666666664,2.8666666666666667,48.06666666666667,3.0,520.9333333333333,70.4,25.8,0.09403243804373075,0.22621183867792422,0.66736790986791,0.22942079937255286,0.004600000000000001,4.673708421979259,0.044006931311865526,0.2212971234378872,0.24699885189007437,0.06464895100745117,0.0
1685257260,2.048141243623659,98.34069301653575,1.3958460418179561,11.194842544637641,0.8781537416383662,18.099309630074867,11.799097287036487,0.8942598965892273,10.67829874218426,8.595845515975933,0.4744042078792836,1.3542893308254549,101520042.66666667,63476258.13333333,11887138.133333333,42027690.666666664,42663936.0,22748774.4,132562944.0,36567313.06666667,10187980.8,50298880.0,3130299.7333333334,9609489.066666666,61.94016666666666,104.47593333333333,4.0004,316.7065,4.0,53.13333333333333,3.8,572.0438666666666,76.87310000000001,28.934933333333333,0.060081705941960224,0.13799796482093732,0.4129237074725049,0.1471326616190969,0.004600000000000001,3.6506711599008983,0.025515416288737717,0.13600838939488016,0.17106729010287403,0.02461062046240111,0.0
1685257290,1.7399966990659623,98.18629919836143,1.5285087331781275,9.082213779673888,0.9304280487197035,19.116285681457146,8.309647284427728,0.5239091063327584,10.52269148074994,7.02861703986381,0.5701745362748182,1.353798178151775,101186355.2,63497830.4,11920315.733333332,39600128.0,42663936.0,22965725.866666667,132562944.0,35729954.13333333,10098005.333333334,50299426.13333333,3019980.8,9365777.066666666,41.6,70.06666666666666,2.6,222.46666666666667,2.7333333333333334,36.8,2.8,421.0,55.4,23.666666666666668,0.01077827283713331,0.02724916130860895,0.09066808983589655,0.015656524808673918,0.004600000000000001,0.4897616443392571,0.006405207477156388,0.015530977187538384,0.028058823877467314,0.00562850839803251,0.0
1685257320,2.057885173075105,97.33868117050861,1.1740212499381442,14.179367700198062,0.821427950835904,18.353061495990655,13.02410574729607,0.8736632801838886,10.708756426805895,10.060636719081677,0.37480192906276044,1.037101584150626,101335722.66666667,63507660.8,11966873.6,39164723.2,42663936.0,25900236.8,132580283.73333333,35779652.266666666,10005435.733333332,50299972.266666666,3059029.3333333335,9454523.733333332,26.533333333333335,57.06666666666667,1.5333333333333334,183.13333333333333,1.4,27.2,1.2,330.53953333333334,43.333333333333336,13.533333333333333,0.06751128533428097,0.18089145717947677,0.7361693600517132,0.1955945128471873,0.004600000000000001,3.9151672648614615,0.03376458333333335,0.18469066808866252,0.21785024399405872,0.03356708499361429,0.0
1685257350,2.526997359585931,95.46583626769873,0.8719264016691974,17.595036422302716,0.7971802737734883,17.906095229807132,16.725086425753066,1.6204376253540398,10.757961170088203,10.680333807306834,0.2508003990601094,0.8284676941005692,101371904.0,63392972.8,12173585.066666666,39169774.93333333,42663936.0,26389435.733333334,132595712.0,36210005.333333336,10003387.733333332,50318267.733333334,3014656.0,9445239.466666667,36.666666666666664,53.6,2.066666666666667,178.0,1.9333333333333333,28.8,2.0,316.0,46.93333333333333,18.6,0.09547855683936664,0.22793785724500332,0.8828905952435364,0.24784825209725048,0.004600000000000001,4.835019359400266,0.05247321428571428,0.24076162790659986,0.33551591209587334,0.0597863064103666,0.0
1685257380,2.3471489036364015,89.73677491645104,1.0551303109613046,16.52376606071091,0.8047634838714016,17.722528322448433,17.517925990899016,1.8699185329365577,11.434502801435759,11.940740346003315,0.25779935655611363,0.852785321378946,101406856.53333333,63441851.733333334,12043332.266666668,39137143.46666667,42663936.0,26302873.6,132595712.0,35968341.333333336,10280823.466666667,50299426.13333333,3079782.4,9793672.533333333,32.0,59.8,2.4,194.66666666666666,2.466666666666667,31.669066666666666,2.533333333333333,342.6,44.0,18.666666666666668,0.09749369921455917,0.22239926270661894,0.7746792929292928,0.2348869810076196,0.004600000000000001,4.777773592190247,0.04848303631553631,0.23366363744855245,0.2802272973999026,0.06004492560653958,0.0
1685257410,2.640974288887662,93.50954839702975,1.1365367592755322,17.964986461375624,0.8435341056701952,17.682012864273165,17.62847923616248,1.3750741485912823,11.331224694511793,12.187076149091675,0.25012052066689466,0.9013601303694216,101471573.33333333,63711368.53333333,12037461.333333334,39243776.0,42663936.0,26319257.6,132595712.0,35690905.6,10114389.333333334,50298880.0,3146274.1333333333,10797056.0,35.8,56.2,1.3333333333333333,175.26666666666668,1.5333333333333334,31.133333333333333,1.7333333333333334,313.8666666666667,40.6,15.466666666666667,0.09662453337202917,0.22360945956110176,0.8531180555555553,0.23318846212200742,0.004600000000000001,4.756021951709029,0.04811820526695527,0.2295578301601847,0.24802540123385564,0.05411687039204382,0.0
1685257440,2.4377376976894376,94.93770011671704,1.0443304883764688,18.940282474862023,0.8270914921163073,18.006351610954017,17.06497497513216,1.292621030825318,10.17705748787238,11.192138199775368,0.24534695140418264,0.8198119548754217,101498880.0,63478579.2,12095214.933333334,39067648.0,42663936.0,25740629.333333332,132595712.0,35825390.93333333,9888972.8,50300928.0,3069815.466666667,9784251.733333332,35.86666666666667,54.2,2.2,173.06666666666666,2.3333333333333335,32.2,2.6,321.7223,43.2,18.466666666666665,0.09266467142463977,0.2235256801327714,0.8606525689223059,0.23000268855171938,0.004600000000000001,4.766213589362183,0.047230622000262096,0.22796848935354316,0.24424459767592177,0.06016997229131977,0.0
1685257470,2.328112639830784,95.85324531651433,1.117262676281541,19.258280076078144,0.8493567526196871,17.760531540954567,16.65180221231216,1.6467717711130416,10.487874408863137,11.207581991725306,0.2468372462971846,0.8532878462815519,101398937.6,63423829.333333336,12205670.4,39115980.8,42663936.0,26431897.6,132628889.6,35524608.0,9957922.133333333,50314717.86666667,3147912.533333333,9583411.2,37.266666666666666,55.333333333333336,2.6666666666666665,174.6,2.6666666666666665,30.933333333333334,2.6,325.1333333333333,37.266666666666666,18.866666666666667,0.10066033386289996,0.23392181995084427,0.7638852813852814,0.23449906732918982,0.004600000000000001,4.825176947004504,0.04667909783808121,0.2313718742115345,0.2981107106983834,0.0697289754859355,0.0
1685257500,2.1714172423910525,96.37405148532596,1.0152094600082724,17.705818511985925,0.8457729429861581,17.92408393839704,17.89132144034805,1.6211152088267542,11.75814336316163,11.135401614194997,0.2427607368990263,0.8567993524052347,101380505.6,63509981.86666667,12133990.4,39201450.666666664,42663936.0,26413465.6,132706304.0,35806685.86666667,9856341.333333334,50361548.8,3075276.8,9562385.066666666,32.8,56.333333333333336,2.1333333333333333,153.2,1.8,32.13333333333333,2.0,321.8666666666667,42.266666666666666,15.666666666666666,0.14036912654212305,0.23999973125521645,0.7155834535834537,0.24005159379629665,0.004600000000000001,4.8641568467629765,0.04681547004766819,0.23262298123547706,0.3551746850454465,0.06518033379575269,0.0
1685257530,2.2386093267536977,96.12692568896522,0.9971142734276348,15.906100917350923,0.8443033172644216,17.647745625406458,16.36953028069462,0.9314777495567771,11.7165208164729,11.019376278869313,0.25423690029940527,0.9637741038546433,101394841.6,63524044.8,12041693.866666667,39667438.93333333,42669670.4,24802099.2,132709171.2,35867033.6,10298709.333333334,50307072.0,3022848.0,9455752.533333333,49.4,85.26666666666667,3.2666666666666666,274.3333333333333,3.2666666666666666,47.4,3.4,472.46666666666664,61.86666666666667,25.733333333333334,0.10565748502223198,0.22343742480304313,0.6062505411255413,0.23131881765728257,0.004600000000000001,4.737384237243618,0.036866848544973546,0.22587315643171116,0.3261125440434221,0.05527431539347321,0.0
1685257560,1.9453755085008266,96.82426009969761,1.5158084914268173,11.021252097915214,0.9185594390913061,17.32663932216083,10.259335988620599,0.773833888707538,10.434100332163904,8.127096079090576,0.4755019569685873,1.200924989375665,101427473.06666666,63498786.13333333,12121429.333333334,39841655.46666667,42672947.2,22096554.666666668,132710400.0,35733094.4,9810739.2,50298880.0,3099716.2666666666,9477870.933333334,60.269866666666665,101.66666666666667,3.8,315.0,3.7333333333333334,51.86666666666667,3.9341333333333335,573.9333333333333,74.6,27.533333333333335,0.05126566974740452,0.14675495877222505,0.34237144142407305,0.14075809432905395,0.004600000000000001,3.611660767819799,0.016652340027573674,0.1450181278806322,0.17833363016459783,0.026705658773120554,0.0
1685257590,1.7105849501982149,96.33835353704897,1.3809853481827576,8.569770447600847,0.8980835066672623,18.15034352267263,8.526467559132334,0.5069618701323882,9.424526963879787,6.479633555409243,0.5400890626445359,1.2452836417393394,101374088.53333333,63463424.0,12058624.0,39001292.8,42663936.0,23598421.333333332,132712311.46666667,36011349.333333336,10123946.666666666,50561843.2,3187097.6,9448925.866666667,48.02353333333333,84.98766666666667,2.465933333333333,251.70576666666665,2.466666666666667,39.8,2.3333333333333335,453.41299999999995,59.7239,21.964133333333333,0.009449361362112474,0.05705205813568451,0.07424770272335067,0.01925823603525616,0.004600000000000001,0.5528652329964489,0.005526541784483518,0.0146458199266862,0.03304388050439272,0.005966375825651794,0.0
1685257620,2.1145709114451177,94.08481544365517,1.0936023269904003,14.800816550147385,0.8431512737202068,16.736889687676822,14.324403509054699,0.9875929286939736,10.297606888032684,8.69659123055217,0.3662639383492097,1.0465204597853432,101383782.4,63431202.13333333,12242534.4,39444070.4,42663936.0,25897369.6,132718592.0,36137096.53333333,10048989.866666667,50532625.06666667,3019844.2666666666,9549687.466666667,35.8,59.333333333333336,1.4666666666666666,179.33333333333334,1.4,29.6,1.9333333333333333,318.3333333333333,42.4,16.133333333333333,0.07383926680616314,0.26037242503769137,0.7535566748066749,0.18923492904907732,0.004600000000000001,3.7365016541274505,0.02570458754208754,0.17542594451798205,0.19970556153400315,0.03420687174773863,0.0
1685257650,2.3890172386126505,96.34095738773446,1.0020756547333731,18.285059244283964,0.8562967081256205,16.405071166861678,17.054636818996478,1.665887144338091,10.950909538154958,11.174599577980967,0.24395558121311048,0.89348182381907,101411225.6,63479808.0,12088115.2,39448302.93333333,42663936.0,27421354.666666668,132718592.0,35791394.13333333,10059776.0,50298880.0,3020390.4,9604573.866666667,37.8038,51.266666666666666,2.066666666666667,178.46666666666667,2.1333333333333333,30.266666666666666,2.0676,339.26666666666665,44.93333333333333,11.933733333333333,0.1069069532759041,0.316756392589468,1.2983333333333336,0.23332303018922892,0.004600000000000001,4.736615871198107,0.04371756128002258,0.2329803290903639,0.28048111610208903,0.059426129250147786,0.0
1685257680,2.565817258946306,92.73514249510772,1.0426529007766285,18.138763571235934,0.8465271713441126,17.746040311393514,17.189437235513267,1.2252962121940214,10.480950755033211,11.78633250008214,0.24769245388215952,0.8359791043691945,101437440.0,63493870.93333333,11965781.333333334,39195443.2,42663936.0,25947613.866666667,132718592.0,35934208.0,9922150.4,50298880.0,3041826.1333333333,9426670.933333334,24.533333333333335,56.266666666666666,2.533333333333333,182.86666666666667,2.533333333333333,34.06666666666667,2.3333333333333335,337.6,42.86666666666667,15.0,0.10609717428806859,0.24478788279910493,1.0057082478924586,0.22897353763164963,0.004600000000000001,4.767640331521545,0.04676044017322622,0.23120327550248415,0.33350433975946026,0.06528893690385512,0.0
1685257710,2.293126170505973,93.17030986568078,1.1037942917123909,18.08617209221151,0.7886813804045283,17.755457263184596,15.97682968979205,1.2570152228803957,9.763731518599382,11.148019744134793,0.2552156733893855,0.8722522529857278,101368217.6,63450999.46666667,12127573.333333334,39121851.733333334,42663936.0,25775035.733333334,132722005.33333333,36048486.4,9900578.133333333,50298880.0,3052885.3333333335,9511321.6,39.197633333333336,55.06666666666667,2.2666666666666666,181.66666666666666,1.9994666666666667,31.466666666666665,2.0645666666666664,345.6,43.733333333333334,15.997366666666666,0.09725706685244147,0.23235816782785318,0.8745635330155452,0.23230048937242445,0.004600000000000001,4.739000566602778,0.0444229992362442,0.22702487860048265,0.3223793037135233,0.061045142685559856,0.0
1685257740,2.375655839777294,96.74632379908302,1.0965370855467877,16.331722806107635,0.8386846444687326,18.23372044428469,16.618430682186805,1.1722272985627806,10.01460219994401,12.44602200792603,0.2613856046393982,0.8729748049594722,101283157.33333333,63470523.733333334,12029132.8,38967432.53333333,42663936.0,25204736.0,132722688.0,35737873.06666667,10087082.666666666,50298880.0,3127296.0,9421619.2,32.4,55.93333333333333,2.2666666666666666,181.2,2.3333333333333335,30.666666666666668,2.1333333333333333,307.46666666666664,38.6,16.133333333333333,0.09346174103868371,0.2309211366453521,0.7719550865800866,0.22999158979922354,0.004600000000000001,4.7272172216684085,0.04337385323010323,0.227991921825258,0.2787143305640391,0.050182210790727426,0.0
1685257770,2.5298725203693904,94.10707677657241,0.9979221837756131,17.01163014465498,0.8246650185825185,18.337872336060034,16.494966915328643,1.302411271850008,10.208585626813665,11.56764342969541,0.2469620496029989,0.8730242743959299,101335040.0,63410176.0,12236800.0,38648763.733333334,42663936.0,26536755.2,132729105.06666666,35732411.733333334,10202726.4,51611511.46666667,3108864.0,9483059.2,34.46666666666667,58.62543333333333,2.544366666666667,175.50523333333334,2.4777,29.666666666666668,2.6777,327.82413333333335,44.54643333333333,20.288733333333333,0.09119592256801316,0.22328251362565174,0.6057263708513709,0.23505067434639165,0.004600000000000001,4.735548664279096,0.044235038470516415,0.2294812515629439,0.24582631271560956,0.055762042598715165,0.0
1685257800,3.112317722622111,94.91322879692717,1.0988613866541261,17.583265904719674,0.8225923226326436,16.38552739560012,17.70804915943665,1.7348538145549905,11.292546507063921,11.230527873647985,0.2520493911748758,0.9321522793062563,101335040.0,63410176.0,12111189.333333334,38796765.86666667,42663936.0,26188458.666666668,132738798.93333334,35679436.8,9900305.066666666,50371925.333333336,3017932.8,9855385.6,32.13333333333333,56.666666666666664,2.466666666666667,185.53333333333333,2.3333333333333335,31.733333333333334,2.4,341.73333333333335,45.4,17.933333333333334,0.09151997689369318,0.222873356797076,0.85584185340803,0.24127677756443627,0.004600000000000001,4.817629368875185,0.04322359129697558,0.23408926124206172,0.25928202598476163,0.07218356447871721,0.0
1685257830,2.4764194971301094,96.39849620921682,1.1846603462361183,16.648877846398918,0.8400750629263797,18.084162700642928,16.32804160341364,1.895995118980653,10.476437507968402,12.428016204171827,0.2858125221350354,0.9368145088769263,101335040.0,63488955.733333334,12068181.333333334,38927291.733333334,42663936.0,23679522.133333333,132743168.0,35796582.4,10231808.0,51103470.93333333,3096712.533333333,9499306.666666666,53.8,87.06666666666666,2.7333333333333334,282.73333333333335,2.8666666666666667,48.53333333333333,2.8,489.46666666666664,65.46666666666667,23.266666666666666,0.0902154144868593,0.21168789365289273,0.8155922484378366,0.22568627827404536,0.004600000000000001,4.673513057644209,0.04223651583373913,0.22376367456195168,0.26362049033205814,0.06326705344143595,0.0
1685257860,1.752429866078829,98.53437684010045,1.401497178110378,11.295563315064037,0.8959483712921529,17.900694032093234,9.897029201999494,1.0047230509626932,9.967746453343503,8.757579349485152,0.45875701482742126,1.2417013910329364,101335040.0,63459737.6,12193518.933333334,40333585.06666667,42663936.0,22577698.133333333,132743168.0,36051626.666666664,9826986.666666666,50300381.86666667,3094664.533333333,9516373.333333334,57.333333333333336,100.2,3.2666666666666666,313.93333333333334,3.2,51.653533333333336,3.3333333333333335,564.4,75.46666666666667,30.0,0.059845488447083324,0.1307896638923525,0.42474723424723454,0.13397379175530466,0.004600000000000001,3.47869012521325,0.024469185910837778,0.1385964813774894,0.1737898871047198,0.03140067776998091,0.0
1685257890,1.680077173363023,99.95204295631052,1.450515717762251,8.584903502328782,0.8852681569165636,18.627256310664375,7.878817984344993,0.382374009046945,10.298449531267334,6.04157058440952,0.5664192232163116,1.3744346946588024,101269504.0,63496192.0,12091392.0,39641088.0,42663936.0,22287974.4,132743168.0,36204544.0,9719808.0,50302976.0,3149824.0,9425715.2,61.0,94.2,2.6,334.8,2.6,50.0,3.0,529.4,70.2,26.0,0.006297189854279625,0.013202728154968724,0.07984615384615384,0.008235784871503869,0.0046,0.4332525925369778,0.004798632783766024,0.007261317363582075,0.015775670977019554,0.005067375437600093,0.0
