time,adservice_cpu,cartservice_cpu,checkoutservice_cpu,currencyservice_cpu,emailservice_cpu,frontend_cpu,main_cpu,paymentservice_cpu,productcatalogservice_cpu,recommendationservice_cpu,redis_cpu,shippingservice_cpu,adservice_mem,cartservice_mem,checkoutservice_mem,currencyservice_mem,emailservice_mem,frontend_mem,main_mem,paymentservice_mem,productcatalogservice_mem,recommendationservice_mem,redis_mem,shippingservice_mem,adservice_load,cartservice_load,checkoutservice_load,currencyservice_load,emailservice_load,frontend_load,paymentservice_load,productcatalogservice_load,recommendationservice_load,shippingservice_load,adservice_latency,cartservice_latency,checkoutservice_latency,currencyservice_latency,emailservice_latency,frontend_latency,paymentservice_latency,productcatalogservice_latency,recommendationservice_latency,shippingservice_latency,frontend_error
1685204880,1.6460024367711017,7.3918827992576785,1.779967390641383,8.124491124574785,0.9534065867412365,19.55584074991059,7.422353603597138,0.4306927914554511,12.532719759716185,6.677751284594727,0.6214622299000981,1.6254560193483258,95573723.42857143,53391360.0,11655460.57142857,38974610.28571428,42281545.14285714,17663122.285714287,72914066.28571428,35082825.14285714,9276854.857142856,46979364.571428575,2967844.5714285714,9314304.0,55.82371428571429,94.85457142857142,4.564642857142857,298.6381428571429,3.8417142857142856,49.56892857142857,3.8509285714285713,530.1948571428571,73.54642857142858,29.26585714285714,0.004602007017199557,0.004764768612720014,0.04860570783153211,0.004652058814760828,0.004602359108781128,0.2221212076677201,0.004619293649394161,0.004766665853919835,0.00917427097613253,0.004620907651997916,0.0
1685204910,1.5882483813801036,7.1798046652344425,1.750350086571747,8.298321226810058,0.9541737693897829,18.456046675560945,7.7202085322584,0.41415536579767626,12.146743998629738,6.482589907825996,0.6361855825486397,1.5856491205210181,95488955.73333333,53463586.13333333,11685205.333333334,39260160.0,42278912.0,17148586.666666668,72921088.0,35334007.46666667,9730184.533333333,46980437.333333336,2970692.2666666666,9272251.733333332,61.3294,94.85013333333333,2.933333333333333,315.17973333333333,3.3285,50.279266666666665,3.132566666666667,534.6730666666667,69.7582,25.4617,0.004602004074980808,0.004774969203590833,0.04856865061183106,0.004642979551625862,0.004600000000000001,0.21987829798126166,0.004633794769172127,0.004755453580991198,0.009160208874373228,0.004640642822337385,0.0
1685204940,1.6566979246952456,6.885458577593469,1.4219408709041987,8.170157494235367,0.9466692267143775,18.788392375297608,7.585886280781415,0.38783756699036925,12.001935711829246,6.287438428759797,0.6295766428156006,1.5232873594589482,95529915.73333333,53440512.0,11541299.2,39214830.93333333,42279867.733333334,17435852.8,72926003.2,35306291.2,9494528.0,47001053.86666667,2969600.0,9286724.266666668,59.85993333333333,98.65026666666667,2.9997333333333334,325.3774,2.9164000000000003,54.0716,3.2001666666666666,558.2922,72.98353333333333,29.3453,0.004600736051477404,0.0047818263185068115,0.04888906611861933,0.0046471501217280374,0.004600000000000001,0.216573854732683,0.004648412746012131,0.004758519143445315,0.009157103340496742,0.004660146722008455,0.0
1685204970,1.590639259410906,7.05720879980982,1.6429658731821108,8.120252977182984,0.9789111169203305,18.743325625728154,7.630731472938754,0.42470594245826043,12.240350876275652,6.332849750947797,0.6246788898495251,1.534040515522488,95571968.0,53418530.13333333,11585399.466666667,39247189.333333336,42283008.0,17584128.0,72944162.13333334,35625642.666666664,9820160.0,46977024.0,2969600.0,9305838.933333334,59.19906666666667,92.1267,3.0656000000000003,302.2439333333333,3.458566666666667,51.01153333333333,3.2685999999999997,532.5447,69.4939,27.061433333333333,0.004599858051790604,0.004758312987335334,0.04908626197380987,0.004662751313628059,0.004600000000000001,0.21892909336823563,0.004638614600967856,0.004763225442744072,0.009142290351207704,0.004635063303803979,0.0
1685205000,1.6078910625209162,6.7533420694737405,1.8138035154218137,8.02622865099123,0.9426357395053822,19.341728264160803,7.421548673285094,0.4187567557822549,12.261658401723484,6.41025680434178,0.6284256996435788,1.5524108405188737,95580433.06666666,53407197.86666667,11510306.133333333,39733248.0,42280413.86666667,17478587.733333334,72965734.4,35553280.0,9522653.866666667,46978116.266666666,2970555.7333333334,9414792.533333333,59.93476666666666,94.87636666666667,2.734,313.99016666666665,2.7333333333333334,52.24336666666667,2.6666666666666665,547.4141666666667,69.07313333333333,25.8678,0.004601663992759595,0.004754592503063819,0.04884903452146142,0.004663726309983921,0.004600000000000001,0.21998653493480813,0.004620767412291612,0.004759006492753202,0.009163507533227904,0.004616678222013762,0.0
1685205030,1.6772801671446653,6.5706005792125,1.7397675407464723,8.02256047270063,0.9461303350577481,18.750861560346372,7.792134115326613,0.42293798647871456,12.33816814842402,6.576687913172112,0.6299214241284482,1.496204539192001,96065672.53333333,53364599.46666667,11448456.533333333,40399667.2,42280960.0,17630549.333333332,73006284.8,35631650.13333333,9461077.333333334,46978935.46666667,2971101.8666666667,9295462.4,57.78096666666667,100.7901,3.932,316.97593333333333,3.6689333333333334,50.76806666666666,3.793133333333333,558.4788333333333,72.58276666666667,29.9588,0.00460586138473144,0.004855845852010119,0.048365913901321195,0.004704521336762648,0.004600000000000001,0.2271739116190384,0.004600000000000001,0.004828021054660834,0.009342351410495919,0.004613548999250904,0.0
1685205060,1.6968900824748314,6.2968951689734505,1.7354367069690917,8.133193693450263,1.0058940172500905,19.074618029913765,7.706815469220226,0.4345760848744972,12.079941037496488,6.757784876101866,0.6392836894323304,1.517078406665709,95793425.06666666,53321864.53333333,11556454.4,40270097.06666667,42278912.0,17547673.6,73033045.33333333,35498803.2,9627921.066666666,46977843.2,3018752.0,9349529.6,60.67496666666667,97.44773333333333,3.532766666666667,298.3553333333333,3.5926666666666667,48.4261,3.665133333333333,550.5806333333334,74.64959999999999,29.2673,0.004681337697499218,0.006074652742321443,0.048412097896836266,0.004771379802002146,0.004600000000000001,0.2543071282760597,0.004600000000000001,0.005110194760193202,0.010160511118010257,0.004622360069306151,0.0
1685205090,1.503278019401296,4.708614109183754,1.6395553759958539,7.986518049198812,1.017259720377359,16.906843247571455,7.564393969814088,0.45880267663760704,11.241170181919218,6.565054176410515,0.5786753578763156,1.4886454442542376,96170393.6,53265203.2,11561369.6,39281049.6,42279594.666666664,17663726.933333334,73121792.0,35744972.8,9477597.866666667,46979345.06666667,3036501.3333333335,9406464.0,56.84506666666667,101.3,4.265733333333333,314.19629999999995,4.5846,52.4383,4.3318666666666665,571.1272666666666,73.71763333333334,31.6687,0.004814391569675544,0.03937030926689803,0.04911574371942596,0.004907572621263707,0.004600000000000001,0.37445130058575093,0.004613270586470677,0.006713973701740437,0.015057007539249453,0.004657158022953436,0.0
1685205120,1.597760623315674,5.110229001020027,1.782641605440691,8.000002632234093,1.026782385222233,18.351855109676034,7.648156435649414,0.4282801350856537,11.48138598118142,6.462320823159229,0.609733463653028,1.5425865710569058,96253542.4,53275306.666666664,11723025.066666666,39568861.86666667,42285192.53333333,17820603.733333334,73160704.0,35864029.86666667,9564433.066666666,46977024.0,3044420.2666666666,9321403.733333332,58.23923333333333,99.68153333333333,3.6917,319.3545666666667,3.7207999999999997,51.6577,3.3973333333333335,544.9261,69.4369,27.2112,0.004814828366071339,0.055690181756675186,0.049274078671221716,0.004916385824151933,0.004600000000000001,0.3571332907848159,0.0046329251242741305,0.006589758670710526,0.014840619659971861,0.004659259209227354,0.0
1685205150,1.6395426237047426,5.541943611295429,1.7204324597108547,8.174862334858572,1.0012305852697854,18.803692792954973,7.494903392113018,0.44146794712571075,11.956341275341982,6.6047449950336645,0.6263807714008893,1.4632171800720506,96303513.6,53337019.733333334,11539114.666666666,39936136.53333333,42283008.0,17647752.533333335,73168759.46666667,35812420.266666666,9801454.933333334,46978525.86666667,2967552.0,9240712.533333333,61.32763333333333,100.06580000000001,2.933333333333333,319.3699,2.714633333333333,51.01456666666666,3.0633,566.8954666666667,72.73616666666666,27.399533333333334,0.0046913920958410625,0.005140266371666303,0.04862714854868597,0.0047410845675377716,0.004600000000000001,0.2333441704717499,0.004651571102941097,0.004868050342461445,0.009579077397866575,0.00462546009669361,0.0
1685205180,1.6338831560382396,6.645194298334357,1.6754253647790982,8.07161835906697,0.9480058489138165,19.103733051311924,7.668342903986759,0.39818636813013714,11.918025513141357,6.108864583723505,0.6406534541768035,1.485744431212275,96000955.73333333,53378252.8,11522867.2,39286237.86666667,42283690.666666664,17500842.666666668,73170944.0,35816243.2,9559654.4,46977160.53333333,3031449.6,9353216.0,60.198433333333334,100.32743333333333,3.133766666666667,317.2943666666667,2.8203,52.62966666666667,2.9354999999999998,566.3304666666667,75.84933333333333,28.859666666666666,0.004616027664902453,0.004812327694539173,0.04847874653150734,0.004647667579146272,0.004600000000000001,0.22422530791815637,0.004646190462466849,0.004783290603450085,0.009216419081632786,0.004612222130882515,0.0
1685205210,1.6909259113752957,6.955362514304088,1.6833397249354174,8.533193795914107,0.9887884980105798,19.41481229247143,7.839138418012089,0.4151664291640591,12.278470709066314,6.751719151789178,0.6526223473456096,1.5684802054793716,95615385.6,53415389.86666667,11322845.866666667,39649280.0,42285192.53333333,17431210.666666668,73171490.13333334,35884509.86666667,9449745.066666666,46979345.06666667,3014109.8666666667,9323178.666666666,59.12516666666667,97.08773333333333,3.9988,313.9431,3.9171,53.313266666666664,3.865466666666667,548.0504,71.4677,29.262933333333333,0.004606158266474549,0.004830987154914753,0.04857003327056218,0.004637586055774688,0.004600000000000001,0.2247726160985853,0.004685103539270093,0.004797846192281796,0.00919654903701952,0.0046231777895562485,0.0
1685205240,1.6262639116806141,6.33242680726843,1.8137684514849586,8.32156127535991,0.9912299726306386,18.675710552308203,7.866301687283236,0.4839853729076561,12.229144243395446,6.906044387424938,0.6249258893885297,1.5925465798079523,95102976.0,53403648.0,11593318.4,39559304.53333333,42284646.4,17295633.066666666,73176951.46666667,36326741.333333336,9716940.8,46977024.0,2968917.3333333335,9326592.0,63.35256666666667,105.40846666666667,3.9337333333333335,312.7494,4.195166666666667,56.21666666666667,3.9993333333333334,584.5411,74.27310000000001,29.402933333333333,0.004640260809436422,0.004908567331288428,0.04853768277447471,0.004711810363488655,0.004600000000000001,0.23259853987022988,0.004699283677416373,0.004867887300110704,0.009473755927091277,0.004649416870391425,0.0
1685205270,1.6190644395826426,5.508751376511213,1.8805545903267593,7.9326488012604806,1.033513093147437,18.406851947378023,7.894776344640972,0.4656221258316659,11.835155010762211,6.803067091035007,0.6128516012686046,1.5634999306685615,94855168.0,53312716.8,11614617.6,40106530.13333333,42286421.333333336,17495108.266666666,73183641.6,36273083.733333334,9620411.733333332,47165440.0,2970692.2666666666,9206169.6,58.798,104.3462,4.466666666666667,325.8,4.127833333333333,53.544866666666664,3.8,575.6584333333334,77.99176666666668,32.406733333333335,0.004707556812810316,0.006253799213447847,0.04893064533689533,0.004814792245764934,0.004600000000000001,0.26590630436175844,0.004673911395293337,0.0055652355896540695,0.0101200683346702,0.00465607672730802,0.0
1685205300,1.6303083202253463,5.936745735879805,1.776239391805215,8.091492307373622,1.0080553946082937,17.78760749480297,7.718770594430526,0.42040915818520186,11.934577155940083,6.600330079037482,0.6196026627209986,1.5762470962941535,94928896.0,53362688.0,11526144.0,39674402.13333333,42285465.6,17386700.8,73195793.06666666,35791257.6,9465992.533333333,47196842.666666664,3015611.7333333334,9350348.8,55.83996666666667,97.98603333333334,3.7980333333333336,299.0232,3.4604,50.721333333333334,3.7313666666666667,562.931,73.45766666666667,30.76203333333333,0.004733739241648808,0.005759127601249006,0.049082262076004746,0.00481652020345891,0.004600000000000001,0.2536315232477788,0.004650708510126567,0.005501512840643371,0.009846823142870742,0.0046420738543922115,0.0
1685205330,1.5758982788444131,6.027477614931573,1.806396863135775,7.797627567591284,1.0473228573233875,18.679110933907474,7.8241862216990965,0.4365362300715131,12.305605588649765,6.8203508283066165,0.643045020382684,1.5695707517308397,94928896.0,53390813.86666667,11646293.333333334,40072260.266666666,42285738.666666664,17520640.0,73212586.66666667,36246869.333333336,9557333.333333334,46977024.0,3094118.4,9206988.8,62.794666666666664,97.8962,4.063866666666667,310.9615333333333,3.9796,54.454766666666664,4.262033333333333,589.8077666666667,71.82053333333333,33.93696666666667,0.004722527950715271,0.0057963524783155975,0.048826903863551915,0.004782776397832803,0.004600000000000001,0.24450203680478869,0.0046069693148381675,0.005076138884495703,0.00988050589402235,0.0046507351623204345,0.0
1685205360,1.4871359286501071,5.476043634271295,1.8820349620572594,7.716899972162778,1.029834389976489,18.23467277473628,7.63133914519159,0.4525504396666238,11.847355508052532,6.530203331313873,0.615703481993823,1.5660628070401201,94928896.0,53367739.733333334,11666227.2,39774208.0,42283008.0,17578530.133333333,73256960.0,35950318.93333333,9617408.0,46977024.0,3035682.1333333333,9247948.8,58.445233333333334,97.34953333333333,3.1995999999999998,319.23606666666666,3.321766666666667,52.03863333333334,3.068966666666667,555.1850333333333,73.65973333333334,27.330433333333335,0.0047151365187413745,0.007298603347334369,0.04870811912826999,0.004796753370344418,0.004600000000000001,0.2470568328327931,0.004600000000000001,0.00511198424689309,0.00994703919730751,0.004666567392587357,0.0
1685205390,1.5705081549382998,6.201274540081268,1.6472474734254943,8.37205206187745,0.9374999766797367,19.14198187691374,7.565209755965016,0.39222289483572154,12.077685675515168,6.589072830647939,0.6275034072010233,1.5294862597653596,94827861.33333333,53444198.4,11699268.266666668,39232170.666666664,42284646.4,17496473.6,73258871.46666667,36173141.333333336,9717760.0,46977024.0,2985574.4,9257233.066666666,60.206466666666664,98.86773333333333,2.6005333333333334,323.90753333333333,2.3235333333333332,50.61246666666667,2.531766666666667,570.0962999999999,74.48610000000001,27.281200000000002,0.004661130543690357,0.005216165403068209,0.048741507971195475,0.004720177661338141,0.004600000000000001,0.23175993251348173,0.004600000000000001,0.004875003693368776,0.009516803639191702,0.004643815908109265,0.0
1685205420,1.661570232975942,5.671230514903885,1.5780530636233199,8.526382988159321,0.9728243476295668,18.163489068069477,7.605808548602923,0.4075470151573556,11.81828435636692,6.388325358431248,0.6253451835199466,1.526893876926978,94661290.66666667,53349853.86666667,11565329.066666666,39845341.86666667,42283144.53333333,17322803.2,73267473.06666666,36247961.6,9600068.266666668,46977024.0,2965777.066666667,9239347.2,57.41936666666666,95.08653333333334,2.2008,320.4009666666667,2.7293000000000003,49.93193333333333,3.2674666666666665,542.9652333333333,72.08006666666667,29.4059,0.004627264193505631,0.0047950780972678565,0.04902259840010922,0.004659423620862186,0.004600000000000001,0.22240993321065386,0.004600000000000001,0.004807206112008389,0.009268576409496208,0.004629411625822133,0.0
1685205450,1.6238285524413587,5.467879420394387,1.8825018633272035,8.379041317783598,1.009388676284768,19.270889957031496,7.49481019549682,0.42997786285941825,12.220488484279445,6.421179368826077,0.6446044154208607,1.5792731425438227,94961664.0,53417028.266666666,11552494.933333334,41071411.2,42284373.333333336,17396258.133333333,73269248.0,36503278.93333333,9649356.8,46978525.86666667,2969326.933333333,9351168.0,60.7744,102.5765,3.1975333333333333,298.47810000000004,3.5923666666666665,53.24203333333333,3.7300666666666666,579.8566,75.33346666666667,30.196366666666666,0.0046372745226639445,0.0048287221285252535,0.048954701814186465,0.004664853274272012,0.004600000000000001,0.22253853714028557,0.004600000000000001,0.004808181654119491,0.009294606349093498,0.004665027259257193,0.06666666666666667
1685205480,1.5389367264261518,6.337884797929656,1.7159716592154448,8.039590629925652,0.9313132330378925,18.964373687415772,7.633933456455313,0.41303272675920727,12.317203061023314,6.2991546660181905,0.6483611270255154,1.5717970830708872,95035392.0,53403648.0,11438626.133333333,40916172.8,42283690.666666664,17265459.2,73333145.6,36148838.4,9807189.333333334,46979891.2,2965640.533333333,9327684.266666668,64.47916666666667,100.36503333333333,3.402833333333333,303.7896,3.2510666666666665,54.95636666666667,3.0656000000000003,607.5494666666667,74.3957,29.662233333333333,0.0047046287055125795,0.0057793036252170435,0.04872999482219939,0.004724173480934914,0.004600000000000001,0.22887728832914614,0.004600000000000001,0.004996130894132114,0.009799173239047103,0.0046927503377698,0.0
1685205510,1.5315230899215224,5.064684708177166,1.5046319165687372,7.833310400811763,0.9361460516850233,17.890000497134604,7.529447531015242,0.41925014696799806,11.664512708914184,6.4582650116031095,0.5927799045148985,1.4596654860878897,95301632.0,53376068.266666666,11662540.8,39723008.0,42284373.333333336,17317888.0,73355537.06666666,36318139.733333334,9478144.0,46977433.6,2969463.466666667,9219822.933333334,57.26616666666666,97.20636666666665,3.265633333333333,314.9524333333333,3.7122666666666664,49.935066666666664,3.3988333333333336,544.5939999999999,74.20046666666667,28.040466666666667,0.004809712520851231,0.008490120533137644,0.049389603112194314,0.004869034363463739,0.004600000000000001,0.24875479442327417,0.004624830327997303,0.005702102343275823,0.011056284382439474,0.004696864303535566,0.0
1685205540,1.6340803099110446,6.430603357803968,1.7816858889344838,8.547792317639878,1.0063894947414473,19.108636356386672,7.720640655760134,0.4012598448763124,12.151591919619413,6.641569030940108,0.6475768367144215,1.5450414878441283,95322112.0,53433685.333333336,11605196.8,41074824.53333333,42287104.0,17492650.666666668,73351987.2,36626978.13333333,9633792.0,46977024.0,2969600.0,9301469.866666667,67.16720000000001,99.7842,3.7325333333333335,319.0108,3.9951999999999996,57.86063333333333,3.7333333333333334,591.0059666666667,76.45323333333334,29.796033333333334,0.004730484401353143,0.006141264776981272,0.049152476110641746,0.004796991285437211,0.004600000000000001,0.24034360170479413,0.004669510834220872,0.005114818702941676,0.009803539114628553,0.004663641631914864,0.0
1685205570,1.6236867646120743,6.049782177357644,1.8577397807501372,8.17063953920699,1.004981765501317,18.22377008964467,7.743897167367698,0.44558006578172876,12.116938604094397,6.545578661349004,0.6501744951272294,1.5464929737515094,95334673.06666666,53412113.06666667,11682611.2,39508104.53333333,42285192.53333333,17376324.266666666,73363456.0,36646229.333333336,9500672.0,46977024.0,2965094.4,9407692.8,63.2177,108.23023333333335,4.334933333333334,335.54446666666666,3.8724333333333334,55.333333333333336,3.7338666666666667,592.5743,76.687,30.408566666666665,0.004722661763788021,0.0049852185503619474,0.04915144751399772,0.0047272725484565755,0.004600000000000001,0.23544326932358137,0.004703793328784594,0.00491254336220336,0.009635045813286934,0.004642801588170745,0.0
1685205600,1.573977851858703,5.721012935722838,1.9010957135705753,8.391971598490047,1.0089561831010745,18.4647104563734,7.641498451819874,0.4400166571029381,12.281967358338903,6.702421175689154,0.6041450688546554,1.5430364179595146,95447586.13333334,53433548.8,11805218.133333333,40225860.266666666,42285056.0,17461657.6,73363456.0,36526080.0,9473638.4,46978662.4,2965504.0,9322496.0,61.329233333333335,104.55023333333334,3.6671,315.66093333333333,3.9903666666666666,54.216633333333334,4.335333333333334,585.7550666666667,75.36996666666667,31.685533333333336,0.00475028977966693,0.005142800906980802,0.04974812417927792,0.004761912902536093,0.004600000000000001,0.23913643972776352,0.004686372170653454,0.004958005758336632,0.00972654861710042,0.0046428381879394,0.0
1685205630,1.6160786501800286,6.778071450482847,1.7507176285038057,8.231641437695313,1.0050407545943636,19.085927759844967,7.4582087344265515,0.46786998799171325,12.417558636611444,6.554478002405473,0.6502975711621221,1.625134931316604,95308322.13333334,53477922.13333333,11818871.466666667,40354747.733333334,42283008.0,17270784.0,73363456.0,36555434.666666664,9580407.466666667,46977024.0,2967415.466666667,9194427.733333332,60.62876666666667,96.38646666666666,2.8674666666666666,310.92063333333334,2.927966666666667,52.25053333333334,2.9346666666666663,552.8716333333334,71.91793333333334,28.269000000000002,0.004641165880057933,0.004839943577296692,0.048928811932001014,0.004714410044226464,0.004600000000000001,0.22745650790715255,0.00463553525255347,0.004854998508226932,0.009362247594590213,0.004631722788948271,0.0
1685205660,1.652831386293911,6.974644252158252,1.5778078315739106,8.32610192399452,0.9578725053919196,19.206472439417787,7.831786412025756,0.39368003529300055,12.460327615767444,6.469274955875673,0.6464225736659427,1.4724541053638696,94560256.0,53524070.4,11569834.666666666,40798344.53333333,42283963.733333334,17134796.8,73363865.6,36659609.6,10047761.066666666,46978662.4,3046331.7333333334,9361954.133333333,59.237433333333335,101.6189,4.069500000000001,313.5015,3.5992333333333333,52.617399999999996,3.7333333333333334,590.6851666666666,78.27693333333333,30.806066666666666,0.00460214471669061,0.004784988690170072,0.048257335224422195,0.0046722816625360455,0.004600000000000001,0.22183828803500957,0.004611302099961894,0.004800620069105508,0.009211589167641943,0.004639327415353275,0.0
1685205690,1.6382954605534934,7.148969752966145,1.8632801295567103,8.616075539029511,0.9754269237016242,19.614487928736917,7.663809406929461,0.42826902602048517,12.968889280016528,6.651453240716205,0.6688109462533441,1.4881670131484708,94560256.0,53542502.4,11589222.4,40638873.6,42285875.2,17282116.266666666,73367552.0,36649506.13333333,10142515.2,46979345.06666667,3011515.7333333334,9302425.6,59.666666666666664,106.07283333333334,3.4,336.26666666666665,4.068133333333333,53.39613333333333,4.066666666666666,599.6666666666666,77.66666666666667,32.333333333333336,0.004600296486936981,0.004770671624711084,0.04829843549051523,0.0046476785598086766,0.004600000000000001,0.22181221146214428,0.004637018041146979,0.004783123492558716,0.009149219782965788,0.004640423948231482,0.0
1685205720,1.5645560987090683,7.269345464990116,1.9137460163968634,8.274218107459472,0.9617433747487196,19.343047018512582,7.97523995925856,0.42750872815505647,12.799758610695678,6.53721635349461,0.6500572958410872,1.6586986489692515,94728465.06666666,53557248.0,11678924.8,41380113.06666667,42283008.0,17335773.866666667,73367552.0,36743168.0,9656729.6,46977706.666666664,3098350.933333333,9313348.266666668,57.7224,99.45846666666667,3.1322666666666668,299.73963333333336,3.594533333333333,50.254333333333335,3.7327999999999997,564.5313333333332,73.99336666666666,28.9307,0.004601655542285483,0.0047734361129718565,0.04883977076405825,0.004652806820584964,0.004600000000000001,0.22408737617722838,0.004628459020009273,0.004770622043113697,0.009176900242942992,0.004629651671174222,0.0
1685205750,1.592512585423019,5.55509899589307,1.7258822302934216,8.070525789270578,1.0177242849434032,18.776785601038775,7.443437877506794,0.4203104769638857,12.19835660420176,6.399745862920608,0.6231524242975186,1.5411861185819558,94818304.0,53400917.333333336,11873484.8,40915217.06666667,42284782.93333333,17481454.933333334,73369053.86666666,36802560.0,9400320.0,46979754.666666664,2979430.4,9371511.466666667,57.535399999999996,98.08823333333333,4.066666666666666,319.4028666666666,4.0552,50.47886666666667,3.9992,540.4519,72.00966666666666,29.735333333333333,0.004603947637181559,0.004785085527321129,0.04907477250987461,0.004660012617027346,0.004600000000000001,0.22401354321140982,0.004600000000000001,0.004761835244879194,0.009218906887199908,0.004631878490944786,0.0
1685205780,1.6931462723905815,6.400173173238001,1.8155041306932709,8.34767424200104,1.0568531932136591,19.14945351212243,7.560840639608202,0.44637135116280163,12.17945955202428,6.483749454034626,0.6390259521240037,1.5894423492834187,94741845.33333333,53539635.2,11304277.333333334,41498214.4,42284646.4,17475310.933333334,73373422.93333334,36853213.86666667,10240409.6,46977024.0,2970282.6666666665,9260373.333333334,61.41583333333333,100.39786666666667,4.334666666666666,321.49036666666666,4.0754,52.961533333333335,4.136633333333333,566.6965666666667,75.3205,30.232300000000002,0.004610453744470751,0.00479436949937689,0.04876017482904715,0.004640983281679553,0.004600000000000001,0.22089491743977216,0.004600000000000001,0.004751791542920226,0.009204319945392125,0.004634832293425983,0.0
1685205810,1.6162945454324318,6.829749780509673,2.0256327466355186,8.39261743996389,0.991960408618791,19.405404018841192,7.651460460878882,0.48065779215846494,12.435288279666855,6.116721157241073,0.6547883814540458,1.5656688555824847,94781303.46666667,53513147.733333334,11596322.133333333,41856204.8,42283827.2,17411276.8,73380795.73333333,36961484.8,9725542.4,46977024.0,2965913.6,9340108.8,57.66003333333333,96.7982,4.067333333333333,308.2288,3.9951999999999996,51.347833333333334,3.6662666666666666,536.0145333333334,71.94409999999999,27.8687,0.004612000496747279,0.004771737650521948,0.04847785266034136,0.004629026579032722,0.004600000000000001,0.21828615956513042,0.004600000000000001,0.004751338892478959,0.009197189716776862,0.004632902139437249,0.0
1685205840,1.6301366857461255,7.0981237877101915,1.8241712216388146,8.547892232401477,1.0020142068977322,19.09300670209402,7.6410616171190355,0.4397901109475457,12.111136377624698,6.616316742259213,0.621040216151201,1.5630470546379085,94823628.8,53574724.266666666,11551539.2,40310374.4,42283008.0,17250167.466666665,73387622.4,37086549.333333336,9801181.866666667,46980983.46666667,2965504.0,9374378.666666666,61.661899999999996,100.79283333333333,4.066133333333333,308.85963333333336,4.127866666666667,52.8735,4.200266666666667,569.5749333333333,75.04133333333333,30.592633333333332,0.0046052958424157185,0.004729794248623062,0.048070204083449655,0.004642930892753816,0.004600000000000001,0.21864768948810928,0.0046179047932192446,0.004771167700390298,0.00918096317736113,0.004635720409776937,0.0
1685205870,1.630727542864006,6.819232918243736,1.9410199863076485,8.42248254724604,1.030333134835876,19.01210983166712,7.728202107720395,0.440385732478332,11.93789717786096,6.621139801714142,0.6239512771688697,1.5781664845581773,94864588.8,54390237.86666667,11609565.866666667,40339182.93333333,42283008.0,17049053.866666667,73404825.6,37350877.86666667,9244125.866666667,46978662.4,2971648.0,9338333.866666667,56.69416666666667,96.80936666666666,3.2013333333333334,302.9805333333333,3.6631333333333336,51.1327,3.4673333333333334,548.2776333333334,73.57673333333334,30.4908,0.004616890230526526,0.004775254367713742,0.047968142464896384,0.004667265868090295,0.004600000000000001,0.22513301479789347,0.004635879589565859,0.00482164135629704,0.009293590735276675,0.004629753812318734,0.0
1685205900,1.6220058357233396,5.541152840353508,1.8501146145144673,8.153205754746041,1.0219827724216781,18.758312847645914,7.538072402950184,0.45894469301284496,12.041742089536642,6.691878084799187,0.6386149379350502,1.5880919708847654,94953472.0,53525435.733333334,11720294.4,40041130.666666664,42283008.0,17378235.733333334,73426124.8,37587080.53333333,9584776.533333333,46977024.0,3085380.2666666666,9391172.266666668,56.79443333333334,98.9226,4.465866666666667,302.37136666666663,4.538966666666667,51.07776666666667,4.3984,551.811,71.85753333333334,30.129866666666665,0.004622654784035676,0.004891760224851336,0.04802726797752781,0.004693339706805797,0.004600000000000001,0.23113617355279145,0.004641609507241668,0.004888550985325234,0.009491854514751635,0.004630818185548357,0.0
1685205930,1.58407941859913,5.372833886979524,1.8279433614756186,8.151992718590233,1.0561565481411064,18.04347289062734,7.492625485362408,0.4329704958446852,11.189018617590795,6.350984660183593,0.6143712168593003,1.5113431931258503,94953472.0,53502361.6,11836074.666666666,40310784.0,42283008.0,17484322.133333333,73454523.73333333,37551581.86666667,9441280.0,46977024.0,2966869.3333333335,9209856.0,57.15363333333333,92.3311,3.467233333333333,304.0369,3.1377666666666664,48.78743333333333,3.0658000000000003,525.8808666666666,69.79566666666666,24.9282,0.004685004004059921,0.005366457943462467,0.04877783447343687,0.004741199062709845,0.004600000000000001,0.2380304093366853,0.0046243537129985095,0.004949223975755998,0.009684817695822029,0.004653725608097675,0.0
1685205960,1.5792642890310244,5.102140344538159,1.8200257580610144,8.042106221813638,1.0387720289720175,18.48982774135443,7.317925844339628,0.39138807915425555,11.63763585381722,6.361941308044152,0.6075933934861412,1.4043286691253525,94953472.0,53440785.06666667,11549354.666666666,39567360.0,42283008.0,17536477.866666667,73465036.8,37667908.266666666,9444556.8,46978662.4,3071863.466666667,9435136.0,55.19716666666667,93.71273333333333,3.067066666666667,290.4124333333333,3.1385666666666667,50.03536666666666,3.466133333333333,528.7387333333334,69.45763333333333,28.2134,0.00471353798945653,0.005337532586721193,0.048743261883225766,0.0047363616110458785,0.004600000000000001,0.23536884508152994,0.004600000000000001,0.0049076445498752825,0.009597669273371367,0.004658740110749116,0.0
1685205990,1.6124150270384994,5.567385659949668,1.7026035594368465,7.880717939221548,0.9747924407566628,18.78631940287808,7.7222365553654,0.45628515147937704,11.766833172664553,6.481603449666583,0.6361553635803371,1.5637868305125615,94964531.2,53462903.46666667,11495697.066666666,39480524.8,42284236.8,17340825.6,73468586.66666667,37808947.2,9747797.333333334,46979072.0,3054796.8,9386939.733333332,60.004466666666666,104.8544,4.2501,317.37583333333333,4.381566666666667,53.28476666666666,4.255833333333333,572.6363333333334,74.54316666666666,31.775333333333332,0.004650243868361256,0.004938505966123107,0.048260031439194995,0.004684893725792806,0.004600000000000001,0.22617458036805935,0.004600000000000001,0.004853030817428386,0.009398124483315356,0.004649393895914348,0.0
1685206020,1.643061653137215,6.470823922465276,1.7825262783871136,8.470926635349494,1.0160750980503608,19.061566608501213,7.816993531074857,0.41533316915316015,12.622959418082178,6.699992291867302,0.6720584315178627,1.6032799313155373,94937224.53333333,53504000.0,11635370.666666666,40131106.13333333,42312499.2,17317614.933333334,73472682.66666667,37700812.8,9551598.933333334,46979072.0,2986530.1333333333,9385574.4,55.9727,97.07813333333334,4.001333333333333,295.7488,3.5389666666666666,51.266666666666666,3.3333333333333335,563.5747666666666,74.35719999999999,28.403266666666664,0.00461810385605232,0.0048383138671618435,0.048135653824506366,0.004666525130069558,0.004600000000000001,0.22400932607449203,0.004623307917452651,0.004841603152562387,0.009345172239831398,0.004645926109437102,0.0
1685206050,1.6891991574056529,6.430225777344388,1.7672035930372378,8.38467071384941,1.0264375830295402,18.181814829738755,7.798489725143009,0.47128833028135736,11.787510025556779,6.578653625385988,0.6575453663833091,1.5550415254267578,94887936.0,53507413.333333336,11752243.2,39971089.06666667,42284782.93333333,17101892.266666666,73521288.53333333,38068224.0,9426807.466666667,46985216.0,3031040.0,9241804.8,61.00429999999999,98.48276666666668,2.4002666666666665,309.8198,3.066666666666667,49.19086666666667,3.3333333333333335,553.2305333333334,72.67066666666666,27.468,0.00462247039136724,0.004843957356576083,0.048120875233100636,0.004684815153084808,0.004600000000000001,0.22841594249013772,0.004634689344650394,0.00484295500996244,0.009437167697784394,0.0046382577371858625,0.0
1685206080,1.6725535732163324,6.655372803598562,1.71937560605024,8.396317651928893,0.9666662794130023,19.29927657803118,7.821960294011717,0.4146264114754759,12.374459788651059,6.577242842982307,0.6350596930271901,1.5494600507123577,94887936.0,53519291.733333334,11662950.4,40391475.2,42283008.0,17278566.4,73551872.0,37947255.46666667,9441826.133333333,46983031.46666667,2977655.466666667,9263923.2,60.3164,107.45016666666668,3.8,341.49129999999997,3.8662666666666667,52.05696666666667,3.8666666666666667,595.0494333333334,76.91023333333332,30.526166666666665,0.004619005696485712,0.0048317193257826786,0.0482551525969895,0.004684609310417842,0.004600000000000001,0.22712649761596715,0.004641777031793917,0.004828684737688324,0.009426117549100813,0.004636288575058142,0.0
1685206110,1.6949922767910723,6.960850403390521,1.6157554568012864,8.611095440021309,0.9711154338613918,19.45169897351674,7.841527644205509,0.36133316334989296,12.258803208958737,6.2956700242853945,0.6294327303530913,1.5231096992220876,94804787.2,53534720.0,11768217.6,39841792.0,42283008.0,17591227.733333334,73551872.0,38419114.666666664,9460394.666666666,46977024.0,3028855.466666667,9289181.866666667,56.76376666666667,96.8311,2.7943333333333333,303.7407,3.0134666666666665,49.6033,3.3444333333333334,536.6277,71.66926666666667,29.277066666666666,0.004600000000000001,0.004808565737160114,0.0481311618306603,0.004657409017116947,0.004600000000000001,0.22097702282009493,0.004632874865216853,0.004770789734926692,0.009241623246726921,0.004633437488135732,0.0
1685206140,1.5799516837067993,6.580872957872467,1.667661924099862,8.243711396539545,1.0128969053419037,18.9965035922252,7.6695592214634996,0.4381010017148672,12.062563438064391,6.63903782136094,0.6394355516897725,1.5934625913203633,95085909.33333333,53286092.8,11592772.266666668,41348027.733333334,42284373.333333336,17279658.666666668,73617954.13333334,38085154.13333333,9711616.0,46977024.0,3045785.6,9424896.0,55.5224,96.26533333333333,3.666,304.91536666666667,3.5383,52.08076666666667,3.5337666666666667,564.3452333333333,73.93333333333334,30.932000000000002,0.004705814441596698,0.00599767862396775,0.0485105410696158,0.004764514226989768,0.004600000000000001,0.23791379045405012,0.004607697536108751,0.004948351630472935,0.009647873752274074,0.00465389237775484,0.0
1685206170,1.5368215969914867,5.048921304241525,1.7915645919019798,7.944758852696008,0.9917817001433037,17.713466083257384,7.5685973926998145,0.41976580059123736,11.57072579384278,6.6467931419134105,0.6072683335554222,1.5725729583349983,95244288.0,53235712.0,11513446.4,39583197.86666667,42287104.0,17410048.0,73641847.46666667,38498304.0,9735372.8,46977024.0,2967688.533333333,9261056.0,60.225366666666666,97.77733333333335,2.5133666666666667,300.7202,2.8667000000000002,50.45346666666667,2.8664,551.2443666666666,71.68553333333332,27.564233333333334,0.0047603633907102585,0.052926186216092984,0.048546954702198684,0.004904281890001537,0.004600000000000001,0.33862994619589326,0.004633061261025744,0.006396707048966927,0.013640698282911617,0.004679152981777158,0.0
1685206200,1.5633244683772582,4.841384374929116,1.6298367921978822,7.849772223305882,0.96628623940558,17.980383270605504,7.219681359650932,0.42231644282576375,11.515587734183592,6.4225642340713165,0.5965586373735824,1.5026673951411624,95204693.33333333,53206220.8,11464294.4,39564902.4,42284373.333333336,17307784.533333335,73652087.46666667,38378427.733333334,9338060.8,46977024.0,2971784.533333333,9466402.133333333,59.405366666666666,93.86666666666666,3.8666666666666667,310.8253666666667,3.4,53.230599999999995,3.4,550.2350666666666,70.93333333333334,28.46826666666667,0.004667192297270678,0.014454513589569671,0.04851442087271508,0.004909338174417567,0.004600000000000001,0.32960229406156594,0.004626418099034922,0.006270605811066981,0.012020327506433393,0.004668467934139854,0.0
1685206230,1.5797563905538416,5.198011981440478,1.6831157962243215,8.285337924200524,1.0181277415676864,18.65540209851413,7.64404004169283,0.46252147619104667,11.81185305804761,6.5446256424424725,0.6186111343011205,1.5380499196908346,95125504.0,53207586.13333333,11697629.866666667,40910848.0,42283008.0,17602013.866666667,73663692.8,38812876.8,9568256.0,46977024.0,2973422.933333333,9247266.133333333,59.1196,99.27923333333334,2.9984333333333333,306.69620000000003,3.1337333333333333,52.5699,3.2652,565.1127,73.29013333333334,29.541433333333334,0.004646981294612146,0.006639729372046239,0.04837638344218696,0.004854364622016387,0.004600000000000001,0.26233952022425977,0.004600000000000001,0.005348906964465818,0.009819666830578434,0.004672374568504996,0.0
1685206260,1.4491021480918334,5.3040501037026395,1.7091501773882405,7.662373878718701,0.9928299886549933,18.270318985984378,7.511417524495749,0.39905957691376753,12.004773853449853,6.7360579435165215,0.5943780698847984,1.4810616820679754,95125504.0,53208814.93333333,11745689.6,39520256.0,42283008.0,17817600.0,73669836.8,38879778.13333333,9496712.533333333,46978116.266666666,2973559.466666667,9251771.733333332,57.41876666666667,94.4627,3.9341333333333335,308.59726666666666,3.466133333333333,51.432900000000004,3.9997333333333334,544.7578333333333,70.81046666666666,28.860799999999998,0.004715682759551492,0.0061971941389423165,0.04790339851925095,0.004812927721274495,0.004600000000000001,0.24361539154929826,0.004600000000000001,0.004987048524532245,0.009753691259933774,0.004669108346976365,0.0
1685206290,1.5800376766278936,5.5189346015617655,1.774893113765859,7.956820155481776,0.9264445132527027,18.113926403942102,7.436743609906586,0.3921641865059179,11.757547441298893,6.506347615898009,0.6111125118234203,1.5601910489148694,95262720.0,53211136.0,11476309.333333334,40364987.733333334,42283008.0,17338641.066666666,73674752.0,38983953.06666667,9705881.6,46978935.46666667,2975197.8666666667,9238937.6,55.0796,94.22436666666667,3.1333333333333333,323.6709666666667,3.1394333333333333,49.602866666666664,3.1333333333333333,530.4939666666667,71.70886666666667,27.749633333333335,0.00472474934090307,0.005247320815264744,0.048686398905194446,0.004758791583053496,0.004600000000000001,0.23771697650367735,0.004621979088872293,0.0049101579185143575,0.00964579681955302,0.004642736431879677,0.0
1685206320,1.5514844595460955,5.627645798197788,1.7916143203061954,8.115372690214665,1.0043016856437534,18.520862758823895,7.614079064134342,0.4138711959657953,11.99161042328433,6.457551873569091,0.6230618964963905,1.498341501502533,95285111.46666667,53211136.0,11693670.4,40537702.4,42287104.0,17299319.466666665,73712435.2,39255517.86666667,9607031.466666667,46981120.0,2968098.1333333333,9391445.333333334,57.73313333333333,97.07203333333334,4.333200000000001,294.31643333333335,4.332933333333333,49.7304,4.132933333333333,561.7900000000001,72.86436666666667,30.800666666666665,0.004735583345044478,0.00543762240458088,0.06499840502728432,0.0047641911933522015,0.004600000000000001,0.24245610319922237,0.004666510478115982,0.005154336666155345,0.009817477025001865,0.004646439529834436,0.0
1685206350,1.5540461415267306,5.1259940829856525,1.7624770256360276,7.79734961718907,1.0094511972097722,17.89539131305786,7.557282629678302,0.42122310846111316,11.886828389441485,6.66281982514334,0.6158528398485039,1.4996527091219656,95285248.0,53211818.666666664,11469619.2,40228454.4,42283008.0,17462886.4,73723904.0,39380582.4,9395677.866666667,47806737.06666667,3098624.0,9344204.8,59.11013333333334,98.6044,2.466666666666667,313.5074333333333,2.8666666666666667,52.468133333333334,2.9996,566.0359666666667,74.33043333333333,28.092333333333332,0.00478081084829567,0.014318518211642456,0.06227531265031267,0.004844770375188238,0.004600000000000001,0.2906719688370266,0.004667443813557357,0.006267055020358892,0.012139780770493384,0.004648156702070435,0.0
1685206380,1.6031057648530562,4.4946060214519,1.7316161080744703,7.855973542427572,1.0155427999408306,17.46982245374941,7.202975784956268,0.4137448877009035,11.14738267099472,6.516631646688347,0.6038674335236625,1.5305225137493679,95293440.0,53212501.333333336,11596595.2,39704439.46666667,42283008.0,17530333.866666667,73746022.4,39396693.333333336,9524565.333333334,46978935.46666667,3049881.6,9449745.066666666,56.75156666666667,99.82496666666665,3.935,308.5893666666667,3.3139333333333334,48.98526666666667,3.1117,567.0889000000001,74.64156666666666,29.507833333333334,0.004746359470376801,0.026609928723056772,0.05365306100292885,0.004914599414237422,0.004600000000000001,0.33367269294563684,0.004668980487018222,0.006270715436304681,0.012429281634767066,0.004642117617234529,0.0
1685206410,1.5502566089853667,6.095550783128306,1.6940317390524227,7.8785523227643255,0.9698624681998707,18.57140611142428,7.357930766672818,0.4401734809292125,12.060390062457111,6.463464726447671,0.6244661013216467,1.541290681166154,95244970.66666667,53284864.0,11693260.8,39919479.46666667,42283008.0,17738683.733333334,73750937.6,39609958.4,9341883.733333332,46977024.0,2972057.6,9443191.466666667,63.81336666666667,104.62093333333334,3.6662666666666666,320.11903333333333,3.1995999999999998,55.93796666666666,2.9996,591.0286,74.80763333333333,28.1339,0.004693116296982778,0.007984171043288572,0.049185858283962165,0.004834800828536935,0.004600000000000001,0.24618153091787395,0.004648821157347504,0.00505196191476191,0.009859896989525873,0.004641099747878224,0.0
1685206440,1.557639952314859,5.667376475123592,1.6809779997399554,8.082397422439506,0.9336516694550904,17.796870485545046,7.691118734408691,0.3834038642426497,11.44917972554609,6.478429502426205,0.5849634461427266,1.4630785016817849,95222715.73333333,53236258.13333333,11515221.333333334,40545894.4,42283008.0,17470395.733333334,73757900.8,39720413.86666667,9658094.933333334,46977024.0,2966323.2,9558425.6,53.696533333333335,91.94003333333333,3.9972333333333334,292.23266666666666,3.7834,48.1182,3.658533333333333,528.7898666666666,69.94836666666667,27.999566666666666,0.004721704567453538,0.006598579199983578,0.048673289372677744,0.004806751373061768,0.004600000000000001,0.2466522204731989,0.004600000000000001,0.004998647414421444,0.010017836550516477,0.004646376238041172,0.0
1685206470,1.5597087503357494,5.110210681555623,1.7352119291878914,7.819065244949561,1.035754974133751,18.057627142521543,7.266187512456667,0.4425930435683169,11.263634127698452,6.549465459647546,0.5801330993210432,1.4985944328066447,95310916.26666667,53268616.53333333,11719748.266666668,39884663.46666667,42346359.46666667,17517636.266666666,73764181.33333333,39524898.13333333,9523746.133333333,46979754.666666664,2975197.8666666667,9327547.733333332,62.8,98.51253333333334,1.8,325.6348,2.3333333333333335,51.98766666666667,2.533333333333333,561.3863333333334,73.2,27.666666666666668,0.004716764030825394,0.007883178216336776,0.048374446935903086,0.004869224508447543,0.004600000000000001,0.2851657342850094,0.004600000000000001,0.005507897629111401,0.01130247563109501,0.004652147657998423,0.0
1685206500,1.5859577586804008,5.715994762067218,1.6484538199155234,8.224459426993963,0.9417747663608833,18.674786075823476,7.656150920830409,0.41252610379174176,11.76239675993211,6.425318607566412,0.6219147100082462,1.4990962703860122,95155541.33333333,53252505.6,11624994.133333333,40453870.93333333,42322602.666666664,17599283.2,73773056.0,39587020.8,9695095.466666667,46981120.0,2971374.933333333,9265698.133333333,61.8361,104.36256666666667,3.803366666666667,316.47639999999996,4.0269,53.266666666666666,3.8712666666666666,587.5440666666667,77.93476666666668,30.775,0.004625532716243647,0.005344670336488379,0.04790550809012105,0.004769781759468478,0.004600000000000001,0.2422324548749333,0.004614086062452398,0.004956949553864309,0.009670944914204898,0.0046526980408629305,0.0
1685206530,1.6003436474196446,6.363414776464146,1.6705823155250596,8.152899412270363,0.9865370922209126,19.136343867590746,7.454975129524482,0.4058728961380175,12.250707554913573,6.507300878962436,0.6672409536816738,1.56601585003815,95068706.13333334,53305344.0,11627178.666666666,40752605.86666667,42283008.0,17313518.933333334,73773602.13333334,39694882.13333333,9470771.2,46984396.8,3019707.7333333334,9390489.6,60.9313,101.32713333333332,3.8646666666666665,334.3091,3.9444,52.1497,3.7981333333333334,566.3708,76.43820000000001,29.826700000000002,0.00460581034503485,0.004842618977035745,0.048163555236808805,0.004673435141871826,0.004600000000000001,0.2292647340780302,0.004634096906077521,0.004823413429759869,0.00938420517937442,0.0046309987885698465,0.0
1685206560,1.659144424599097,6.480650244489693,1.7616259268653933,8.230118811040395,0.9922433900738085,18.294535589356233,7.868546383854256,0.4402842360941607,12.460658364637656,6.493616280190049,0.6460258806625653,1.5956067512596532,94854621.86666666,53234073.6,11462382.933333334,40847496.53333333,42283008.0,17128652.8,73784797.86666666,40058060.8,9770188.8,46985216.0,2973696.0,9261875.2,58.995533333333334,97.3813,3.7993333333333337,322.72793333333334,3.5896,50.138400000000004,3.7327999999999997,546.9099666666666,73.05586666666666,29.383033333333334,0.004604489106342957,0.004794213671193588,0.0485254687564306,0.004670560927821669,0.004600000000000001,0.22423220293158028,0.004620094677711501,0.004791395625652551,0.009293015677241851,0.004616386628371342,0.0
1685206590,1.60424234857386,6.589991579506947,1.918754400237969,8.272577077984208,1.027799715361642,19.419989199655934,7.784664115281469,0.47118137625566625,12.28040525483741,6.442465137798448,0.6432094497161671,1.5679135256620982,94986240.0,53226154.666666664,11800576.0,40020923.733333334,42284373.333333336,17410730.666666668,73789440.0,40414822.4,9435409.066666666,46982894.93333333,2973696.0,9316761.6,58.53776666666667,100.46826666666666,4.134133333333334,303.40483333333333,3.8072666666666666,50.301233333333336,3.9341333333333335,580.8706999999999,76.06666666666666,29.668266666666668,0.004605070402406157,0.0047783374011337604,0.04857517403044041,0.004687381445624661,0.004600000000000001,0.22465106018638176,0.004600000000000001,0.004791860235465984,0.009284209595234422,0.0046251793212513615,0.0
1685206620,1.6512444724239796,6.826363684749449,1.8673968749281826,7.821672664788171,1.0241541297484325,18.41161962345135,7.618679280000199,0.4193623894576798,12.262125289463699,6.721084764532168,0.655282456019028,1.5653936541089157,95025152.0,53244723.2,11650662.4,41244945.06666667,42283008.0,17773909.333333332,73794764.8,40089190.4,9620684.8,46983031.46666667,3005235.2,9262830.933333334,63.4,106.46666666666667,4.333333333333333,326.4,3.689233333333333,51.04356666666667,3.6666666666666665,601.4,77.93333333333334,29.133333333333333,0.004617763128692043,0.004772003827524368,0.0484088190281319,0.004675584142931145,0.004600000000000001,0.2239003097930824,0.004624443630060367,0.004791281736546425,0.009289094570219057,0.004620012959734813,0.0
1685206650,1.6345326078153108,5.858462481063743,1.8473024695000886,8.256869351996704,0.9998215991178545,18.55680804566684,7.392329022396706,0.4460315252264883,12.041566189733272,6.6109460813418774,0.6304793187356869,1.4816075275778746,95386009.6,53211545.6,11681792.0,39895449.6,42284373.333333336,18084113.066666666,74082850.13333334,40346009.6,9514871.466666667,46983304.53333333,3007283.2,9296145.066666666,57.58976666666667,96.12286666666667,3.3997333333333333,294.9412333333333,3.2115666666666667,50.87296666666667,2.8,555.9925999999999,71.7418,27.576733333333333,0.004711625038048397,0.004902150457208108,0.048339308613035904,0.004779822201156666,0.004600000000000001,0.23710864344343593,0.004682951963239024,0.004936900290710532,0.009649808381967183,0.004625023124320229,0.0
1685206680,1.602397169779081,5.789770375339956,1.5252181800193425,7.937332603405224,0.9862008794996779,19.014134299404308,7.620788507601587,0.3995936330340041,12.114051747494784,6.408435426121213,0.6175050388787343,1.4522648045404423,95457280.0,53212091.733333334,11558912.0,40528554.666666664,42283827.2,17699635.2,74092544.0,40709870.93333333,9499716.266666668,46981256.53333333,2972603.7333333334,9418752.0,61.89966666666667,100.78086666666667,3.533333333333333,328.70733333333334,3.6666666666666665,52.16686666666667,3.4,579.0455333333334,74.78483333333334,29.396966666666668,0.00473923016119993,0.004942128400566019,0.04843281809646923,0.004814190384876642,0.004600000000000001,0.24154272419972436,0.004681777015511229,0.004950167141800458,0.009661151175147058,0.004637502633650093,0.0
1685206710,1.6148729739839587,5.950187676158636,1.708543409203346,8.167886744597892,1.0101760907548811,18.862330012298568,7.615228058252446,0.4182954347542132,12.083276755203286,6.531841672587396,0.6098157491562618,1.5649339714412098,95348736.0,53244723.2,11512354.133333333,41550097.06666667,42285329.06666667,17405952.0,74092544.0,40803942.4,9399227.733333332,46981120.0,2968644.2666666666,9212723.2,59.859500000000004,101.1473,3.1333333333333333,325.1179333333333,3.2,51.38046666666666,3.2666666666666666,577.3333333333334,77.53333333333333,29.8,0.004644877701283522,0.004823460880252931,0.0484710471572544,0.004709854021971564,0.004600000000000001,0.22767138854068417,0.004630382098485087,0.004809227529158189,0.00928784412058488,0.004632858411815163,0.0
1685206740,1.5956514243859352,6.424342598620194,1.866817213734097,8.27356301701744,1.0628460219880516,19.44503174958608,7.439691633095454,0.4430471713249163,12.500463354514666,6.778175890247434,0.6576293949419811,1.5940534355992193,95033753.6,53240900.266666666,11584989.866666667,39702528.0,42283963.733333334,17602150.4,74092544.0,40641877.333333336,9597747.2,46981256.53333333,2971921.066666667,9393493.333333334,60.93333333333333,101.33333333333333,3.3333333333333335,320.4,3.533333333333333,51.65233333333333,3.3333333333333335,550.5333333333333,73.53333333333333,28.733333333333334,0.004603419913671125,0.004738175943750809,0.04868162764562314,0.004642019087191507,0.004600000000000001,0.21999762351251154,0.004659418120580043,0.004754769433661579,0.009199369100110091,0.004635974777489794,0.0
1685206770,1.6830628561299235,6.355805937097572,1.8052237067822887,8.207949816338246,0.9789734192533952,18.891344913668274,7.637534357429582,0.433006145014403,12.43563151422725,6.5413919485029,0.6249167864245138,1.5763029873308603,94778982.4,53266568.53333333,11695991.466666667,41998336.0,42283008.0,17583718.4,74092544.0,40689254.4,9503812.266666668,46982894.93333333,2976699.7333333334,9312256.0,58.815466666666666,101.48226666666666,4.133733333333334,317.0950666666667,4.206033333333333,51.41263333333333,3.9996,578.1407333333334,74.01143333333333,30.536833333333334,0.004603079262768123,0.004723281919064553,0.04835962271807443,0.004636235031166424,0.004600000000000001,0.21721847729388707,0.004653086262166702,0.004750361194723806,0.009144336448233295,0.0046370892639487115,0.0
1685206800,1.6039096510739226,6.788306628335612,1.7479217609402282,8.488858155118415,1.0152437022931338,19.00231473131681,7.469574238630898,0.4451521844872648,12.21999494366036,6.613551631551387,0.6345828424001795,1.524942742980099,94808473.6,53271483.733333334,11493239.466666667,39822540.8,42283008.0,17518592.0,74096093.86666666,39335936.0,9897437.866666667,46981529.6,3090295.466666667,9323724.8,56.84953333333333,90.52146666666667,3.2,300.23103333333336,3.1281666666666665,49.326,3.2,532.6686333333333,70.45676666666667,27.530700000000003,0.004605956581702816,0.004753413942065331,0.04855585081397851,0.004644229059065992,0.004600000000000001,0.21735940853904923,0.004627710117459078,0.004754801115412977,0.009110375809732838,0.004632749354146927,0.0
1685206830,1.7144092982657553,7.072562848267667,1.7897596858580145,7.979857699875731,1.0119556827025131,19.034897610399366,7.722149639445558,0.548361142362785,12.081958206745036,6.700298411758057,0.6388028319415071,1.578822017532546,94894216.53333333,53284454.4,11586628.266666668,41591876.266666666,42283008.0,17589862.4,74096640.0,35558604.8,9438685.866666667,46984669.86666667,2975744.0,9359633.066666666,61.93293333333334,99.26759999999999,4.2005333333333335,320.8821,3.6527000000000003,50.54013333333333,3.3995333333333333,556.9371666666667,74.1326,27.061500000000002,0.004606562051686434,0.00480957089573383,0.04866857078780805,0.004667057995432143,0.004600000000000001,0.22234543446211424,0.004633276543471707,0.004793924761605852,0.009221164827186708,0.004640926820992936,0.0
1685206860,1.697703011640004,6.817850629023993,1.678036069121626,8.261670795152018,0.9780321873345902,19.09780345001347,7.7529132532011635,0.43180755111463426,11.798044658038043,6.757209866272238,0.6278681556880152,1.6052974575985983,94976273.06666666,53291144.53333333,11531059.2,39715089.06666667,42285738.666666664,17729536.0,74096640.0,35452654.93333333,9542997.333333334,46981120.0,3074184.533333333,9449198.933333334,55.4777,97.59826666666666,3.927,287.89206666666666,3.7299,50.83076666666667,3.5360333333333336,551.7606,73.08200000000001,29.5027,0.004615907383808212,0.004855423952776745,0.047992568212561454,0.004695172820588041,0.004600000000000001,0.2272642204937621,0.004608902051601793,0.004845262674665467,0.009384766839864367,0.0046380803984834235,0.0
1685206890,1.5575566360000357,6.043877235763478,1.6633912951719916,8.025825886392376,1.0653978930254664,18.74818645679569,7.638398609761704,0.40711662213996097,12.449715322010121,6.572602524895914,0.6244906264732232,1.5480068269783513,95104750.93333334,53247044.266666666,11613525.333333334,41550643.2,42342673.06666667,17780599.466666665,74100462.93333334,35494980.266666666,9391718.4,46982894.93333333,3032541.8666666667,9291366.4,55.0843,91.60796666666667,3.5355333333333334,291.76733333333334,3.405266666666667,51.35916666666667,3.0032666666666668,525.3394666666667,67.32326666666667,26.935833333333335,0.004663786718131105,0.005799106012314829,0.04826388059641223,0.004778624033584481,0.004600000000000001,0.23797559524337786,0.004632082268594789,0.0050305962902323625,0.009604962743335766,0.004647027472287973,0.0
1685206920,1.5560278241922154,5.138027785354345,1.636305804621769,8.10387459415613,1.0016750886451824,17.41355363117413,7.6132273152358,0.38835917094474887,11.417065914602876,6.6943696523855545,0.651869993821183,1.61707540225033,95158272.0,53208814.93333333,11642470.4,39983923.2,42283008.0,17587950.933333334,74108928.0,35354760.53333333,9556787.2,47144823.46666667,2985847.466666667,9336285.866666667,63.41233333333333,102.41706666666667,3.8544666666666667,326.74193333333335,3.659966666666667,53.61756666666667,3.7216666666666667,575.7796666666667,73.9837,29.104433333333336,0.004734379133845352,0.009847741385276856,0.049375156364558664,0.004990070522484386,0.004600000000000001,0.30835161891884794,0.0046385085880609475,0.0060974021067746135,0.011134609286631078,0.004673621187710476,0.0
1685206950,1.5273667907559767,4.969144743106443,1.9132432301419775,8.160505797837617,0.9691213080240474,17.255722677446865,7.665116716806168,0.43106804183201053,11.86969555923009,6.768162925656983,0.6589343922036337,1.5096224052810991,95312691.2,53211136.0,11627315.2,39260706.13333333,42285465.6,17642564.266666666,74160128.0,35829896.53333333,9693457.066666666,47085977.6,3054523.7333333334,9461623.466666667,65.15543333333333,103.43146666666667,4.4016,302.7397,4.279166666666667,52.11436666666667,4.068266666666667,600.6167333333334,76.21023333333332,29.707933333333337,0.004776781410494359,0.04071416776381404,0.049426603540293344,0.0056508894604394375,0.004600000000000001,0.4050837628112695,0.0046036,0.007022550705566132,0.01358987396322846,0.004654880153938833,0.0
1685206980,2.233171779061652,5.2934099044066985,1.9146130709585552,7.995848823989758,1.0385934068060332,17.868927602252633,7.738072602864745,0.4496388497340822,12.238495507355383,6.818212344751414,0.6413422534745356,1.639450820182716,95550805.33333333,53211136.0,11571336.533333333,40683383.46666667,42283008.0,17512584.533333335,74186752.0,35912226.13333333,9302425.6,46982212.266666666,3090295.466666667,9258734.933333334,57.53333333333333,102.26666666666667,3.8666666666666667,311.8,3.8666666666666667,51.266666666666666,4.133333333333334,573.8626666666667,77.52933333333334,33.06666666666667,0.004731852816924526,0.007656072969938623,0.04864338287445801,0.004974165402154428,0.004600000000000001,0.3100212828859608,0.004600000000000001,0.006368582928037614,0.010844618625520977,0.004634481963121859,0.0
1685207010,41.61060725245093,5.544445723515454,2.054946974568149,8.588505751013717,1.1072652401070162,18.463426106403027,7.822751360129645,0.47198499856803683,12.67073059271492,6.616247586432381,0.6912128169772022,1.7245564692588486,99675340.8,53211136.0,11398485.333333334,41131622.4,42283963.733333334,18035097.6,74186752.0,35480371.2,9521288.533333333,46981120.0,3009877.3333333335,9459438.933333334,62.6113,103.61396666666666,4.667199999999999,332.35653333333335,4.733733333333333,57.06666666666667,4.6011,567.1629666666666,72.47743333333332,31.869899999999998,0.004696934355679265,0.005502407520452323,0.04823177521746881,0.004762083262181344,0.004600000000000001,0.23448649007022393,0.004619839517667074,0.005082355190645427,0.009620029680473884,0.004639912104338408,0.0
1685207040,92.8173119461955,5.752538769363303,2.2906225385977925,8.629651339733735,1.1225184724396506,18.085688624920003,7.848235937424411,0.4499201999846288,12.961925695779133,6.486048795255976,0.699395752202454,1.6925233227886025,99529250.13333334,53211136.0,11528328.533333333,39504827.733333334,42287104.0,17367040.0,74192213.33333333,35370188.8,9652633.6,47017984.0,3018888.533333333,9482240.0,61.001099999999994,92.83746666666666,4.675,293.7878666666667,4.813,52.770599999999995,4.7382,532.5899000000001,70.4856,29.6176,0.004732844767910627,0.006365791277265299,0.04860736098626628,0.004773463076387789,0.004600000000000001,0.23363842128804915,0.004627090764955868,0.004937158511931924,0.009882296014914879,0.004639990677097011,0.0
1685207070,97.223707103382,5.370122201737504,1.9986475517003512,8.563010655578127,1.0444804326758084,18.017016621967596,7.747311144052915,0.43720629355095836,12.231831472034719,6.3418770386613845,0.6703129028396885,1.6895511861998576,99643392.0,53211136.0,11660356.266666668,40481177.6,42287104.0,17612526.933333334,74228258.13333334,35368004.266666666,9492206.933333334,46982621.86666667,3056571.7333333334,9216136.533333333,56.003299999999996,106.00466666666667,3.6,319.48356666666666,3.4122333333333335,50.3164,3.2002666666666664,576.9455666666667,77.93583333333332,30.933333333333334,0.0047950551689994,0.00828734373410955,0.05043936759073125,0.004866197678483363,0.004600000000000001,0.2529247756033385,0.004710711790875093,0.005580267409736316,0.01143291675851638,0.004664412127649976,0.0
1685207100,99.45067755171091,5.026832328313508,1.6759829191819482,8.14169196638536,1.0771780291815043,17.581881784892857,7.541864232503653,0.4079280602706622,12.19665114387786,6.630800082372636,0.6456370275688669,1.6130759333057723,99978854.4,53211136.0,11812044.8,40216166.4,42284236.8,17476949.333333332,74239726.93333334,35394082.13333333,9509956.266666668,47055667.2,3030220.8,9267882.666666666,63.93333333333333,98.06666666666666,3.066666666666667,317.46666666666664,3.066666666666667,50.86666666666667,3.1995999999999998,552.6666666666666,76.93333333333334,28.333333333333332,0.004872103302691641,0.014923781718572176,0.0496717473885472,0.004931382177811144,0.004600000000000001,0.367906636879157,0.004772062748903305,0.006808961479936023,0.015278408945700393,0.0046760496729724745,0.0
1685207130,99.42408388359448,5.195817523538379,1.8280963162527384,8.196767296565652,1.044761522939805,18.388205144269627,7.6448832858762055,0.37067736780058635,12.830148217182712,6.437022788657748,0.6413693212464131,1.6479054770481254,100122624.0,53211136.0,11503752.533333333,40417962.666666664,42285056.0,17918361.6,74244096.0,35406916.266666666,9448379.733333332,46981802.666666664,2969600.0,9425169.066666666,60.056066666666666,106.62043333333332,4.332800000000001,332.18386666666663,4.277733333333333,53.623466666666666,4.133333333333334,585.4878333333332,76.77063333333334,33.38966666666667,0.004802473825008601,0.008548651656578978,0.04847330831457578,0.004827654375489759,0.004600000000000001,0.24998332872565426,0.004656086485083634,0.005327251538316799,0.010704269653528078,0.004653931982344408,0.0
1685207160,97.90708813891291,5.671933175516652,1.9974219483710445,8.131663601589967,1.0633109608581885,18.85450351481593,7.981934972396573,0.43983878564741674,13.294635881778195,6.729796829016507,0.7267697407081107,1.6749212194268892,100005205.33333333,53215095.46666667,11588812.8,40846131.2,42287104.0,17676697.6,74246963.2,35703739.733333334,9704243.2,46983577.6,3058483.2,9311846.4,58.30856666666667,101.4855,3.9335999999999998,306.4871333333333,3.7993666666666663,51.776133333333334,3.2666666666666666,566.0323666666667,73.99506666666666,28.328233333333333,0.004730531423885823,0.005964462280232382,0.04845342817412896,0.004738147988068694,0.004600000000000001,0.22922582321968182,0.004631828664139037,0.004891958500226344,0.009645447256879257,0.00464008883518747,0.0
1685207190,95.16992980923916,4.991877519180649,1.735230111608434,8.441898338056063,1.028673350099391,18.355762619299167,8.036678644397963,0.4681859226809964,12.631147618970779,6.610944671127746,0.6886149563115092,1.656606741031859,99787707.73333333,53215232.0,11522321.066666666,39725192.53333333,42283554.13333333,17143261.866666667,74256384.0,35604889.6,9851153.066666666,46989312.0,2966732.8,9308296.533333333,60.457300000000004,98.92353333333334,4.065733333333333,314.4279333333333,4.193433333333333,52.909099999999995,3.9998666666666667,558.7039666666666,73.25926666666666,29.663766666666668,0.004803027225224108,0.007590547252130264,0.048634567438847996,0.004800595046898629,0.004600000000000001,0.2373156257520487,0.004633381792963845,0.004968411077977751,0.010261356433171337,0.004631839567481204,0.0
1685207220,100.00751844320442,5.244074726604496,1.8724422770625575,8.54105842900062,1.0928308713681973,18.045090795725223,7.758501122085471,0.4403257122975321,12.796272755695998,6.494975173798309,0.7012321475433503,1.6527702811935965,99795763.2,53215232.0,11529420.8,39886711.46666667,42283008.0,17359257.6,74260206.93333334,35666329.6,9686493.866666667,46991633.06666667,2972467.2,9303927.466666667,57.66833333333333,106.73453333333333,4.467466666666667,333.33816666666667,4.073266666666666,50.86666666666667,3.8670666666666667,589.8150666666667,78.3955,31.667466666666666,0.0047614054923742636,0.007801063016739338,0.048726892008257104,0.0048354440072249675,0.004600000000000001,0.23704242519070673,0.0046346108748758965,0.004951912936906365,0.01171474355667982,0.004623914422937986,0.0
1685207250,97.21405354430476,5.263117854566437,1.7879154453194661,8.315452572939881,1.044195788353488,18.7428980888035,7.754171883628732,0.44275591109546436,12.526021602085452,6.615492071627689,0.6833583638819154,1.6066431465862316,100060637.86666666,53215232.0,11620898.133333333,39934225.06666667,42284373.333333336,17431620.266666666,74264576.0,35728042.666666664,9304883.2,46989312.0,2969873.066666667,9428992.0,60.11683333333334,103.5799,3.933333333333333,320.73333333333335,3.933333333333333,50.87526666666667,3.7338666666666667,583.359,77.59916666666666,30.028000000000002,0.004710687069400973,0.007517441943333088,0.05167376431480808,0.004828189493863379,0.004600000000000001,0.23372911437442354,0.004630168106200281,0.004931047971778507,0.010322701937633596,0.004652528001639101,0.0
1685207280,98.81204455828015,5.079194495136275,1.7704223720376178,7.866625966291085,1.054869351414005,17.61600637760736,7.181344699331491,0.40864601673483936,12.431854258418877,6.304575763130759,0.6453734359446066,1.5319282343778051,100406886.4,53216870.4,11627997.866666667,40009591.46666667,42286557.86666667,17388885.333333332,74267170.13333334,35605435.733333334,9427626.666666666,46990950.4,2970282.6666666665,9476096.0,61.622233333333334,92.36043333333333,2.6672000000000002,295.4132333333334,2.533333333333333,53.57456666666667,2.8,531.9928333333334,67.01910000000001,25.940166666666666,0.004830919650908725,0.028324492778417323,0.059043897306397294,0.004860054438076536,0.004600000000000001,0.25450978265970176,0.004600000000000001,0.005438091806710788,0.012292356488966538,0.004667426173472711,0.0
1685207310,98.22287241509184,5.2247717350411715,1.579212081686099,7.952712909342691,1.043250304080294,17.82751391202418,7.518961062341858,0.40837680543572863,11.935599811613033,6.221494304114869,0.6262842620375303,1.606034019039226,100347904.0,53293738.666666664,11489280.0,40221900.8,42283963.733333334,17201698.133333333,74276864.0,35705787.733333334,9678574.933333334,46989312.0,2969600.0,9384482.133333333,58.5464,94.9454,2.7997333333333336,299.1228,2.8666666666666667,52.86666666666667,3.1337333333333333,532.0566333333334,67.86546666666666,28.133366666666667,0.004838662647972241,0.027386072362385997,0.05193752759214672,0.004867393207936899,0.004600000000000001,0.25179049410365745,0.004600000000000001,0.005411001852657421,0.013130073204972854,0.004652459002252624,0.0
1685207340,99.4758738232262,5.602409656888296,1.4649385402758623,8.761364480381896,0.9778511256244435,18.424369684702715,7.380335342586692,0.39156720603406964,11.987051361217556,6.412774844007345,0.6742078751369741,1.5107377467697864,99959603.2,53254144.0,11690803.2,41027310.93333333,42284100.266666666,17387110.4,74276864.0,35651447.46666667,10072883.2,46989312.0,3032678.4,9346935.466666667,60.2735,106.8747,3.1333333333333333,338.6318,2.933333333333333,50.93333333333333,3.0664000000000002,598.0470666666666,81.93976666666667,29.669066666666666,0.004721698975463807,0.00876783807942064,0.04907087339622317,0.00481877577251972,0.004600000000000001,0.24156556045230365,0.0046235843778164995,0.0049749573219188235,0.011337889799836279,0.004655471699198643,0.0
1685207370,99.99660590300569,5.364451095785248,1.5924439975590021,8.692600306014251,1.0344968269853296,17.603629310017798,7.7020225776826425,0.41858755198246167,12.632608293010902,6.42629860625269,0.6580533890657442,1.558596140524849,100313088.0,53231889.06666667,11537203.2,39574596.266666666,42285329.06666667,17384789.333333332,74277000.53333333,35585911.46666667,9515417.6,46989312.0,2994039.466666667,9253000.533333333,57.812133333333335,102.88619999999999,3.4673333333333334,324.73400000000004,3.1333333333333333,50.35053333333334,3.4,584.6996666666668,77.94746666666667,30.272066666666667,0.004756249989966146,0.008650108563275494,0.04899470612703611,0.004870716511916547,0.004600000000000001,0.24454954753569885,0.004678221313055063,0.005129907618317346,0.012804636405689223,0.004655473453627848,0.0
1685207400,100.00053079205468,5.167905414655047,1.8778866011074762,8.597780636753493,1.0323878589785476,17.946316933939578,7.474698559673346,0.38353106904902623,12.508045746909863,6.3135283059850495,0.6727364808025381,1.6294820341878058,100355276.8,53215232.0,11664588.8,41250816.0,42283008.0,17452919.466666665,74280960.0,35505083.733333334,9596518.4,46991769.6,3104768.0,9293824.0,59.77556666666667,94.2598,3.8689999999999998,311.51303333333334,4.1394,53.58166666666667,4.066933333333333,548.0704000000001,69.08793333333332,30.12313333333333,0.0047629024864629214,0.008476490445755148,0.04928947188212304,0.004854127293153295,0.004600000000000001,0.24388435785729706,0.004684966826410711,0.004965161658592205,0.011721876378875562,0.00464805238484851,0.0
1685207430,97.31111137768569,5.1487317811869815,2.0709782907194723,8.39885369506298,1.0605159917607,17.523800987576486,7.765415564333281,0.4462039580474312,12.450273675086637,6.576334504503246,0.6511169320899821,1.5762090344974549,99836586.66666667,53215232.0,11701179.733333332,40410316.8,42283008.0,17472170.666666668,74280960.0,35400908.8,9487701.333333334,46989312.0,3034862.933333333,9269248.0,59.1888,100.94080000000001,4.596,314.5246333333333,4.796433333333334,48.8128,4.797,572.1199333333334,77.46103333333333,30.289333333333335,0.004693640055569744,0.007681737960653896,0.049291354349539955,0.004769771131120134,0.004621712783859836,0.23714493411322618,0.004631005870186245,0.004898183622529585,0.009783875934916074,0.004636998319191147,0.0
1685207460,99.52520881288787,5.656352729810113,2.0495193651599646,8.427746967505827,1.0772437785888769,18.879429169349393,7.535364303270389,0.41936633059360606,12.895936791611417,6.648428569939301,0.6850041225136766,1.659815061039915,99685853.86666666,53218235.733333334,11466478.933333334,40798890.666666664,42284646.4,17554090.666666668,74280960.0,35556829.86666667,9647308.8,46991906.13333333,3030220.8,9259008.0,60.780433333333335,100.26653333333334,3.3327999999999998,312.8797333333333,3.066933333333333,53.75803333333333,3.1328,577.6867,74.38473333333333,27.6632,0.00469072661835192,0.006985691867204381,0.04894266201030536,0.00476338632911191,0.004629491918616274,0.23287401297146884,0.004600000000000001,0.004901465935910845,0.009622212035446167,0.004641262252262595,0.0
1685207490,97.9594361560657,6.626803396101035,1.7908186779996238,8.414160197096107,1.0211860434585538,18.795009016390882,7.875676006089964,0.41079975261203183,12.867554969133813,6.615953997213583,0.6723251109378984,1.6200881687389204,99610624.0,53313126.4,11802487.466666667,39939276.8,42284919.46666667,17439948.8,74285329.06666666,35937757.86666667,9767867.733333332,46991906.13333333,3023667.2,9353216.0,57.0801,100.866,3.6024333333333334,325.65676666666667,3.4791666666666665,51.63006666666667,3.6732666666666662,557.0748666666666,73.76556666666667,30.432466666666667,0.0046697296987720455,0.00526550595538058,0.04909181306263922,0.004723303614043937,0.004609310344827586,0.22203218967986108,0.004600000000000001,0.004829072746568553,0.00939262547577564,0.004640002450130768,0.0
1685207520,98.39641257716171,6.818402050621444,1.7568947167064988,8.491624580689761,0.9777010945005694,19.179191977770394,7.740616060813845,0.42825711595716903,12.831697475868204,6.484055658718009,0.6844368400913424,1.5496332378841964,99535530.66666667,53314901.333333336,11519044.266666668,40438715.733333334,42283008.0,17370453.333333332,74291609.6,35654860.8,9569075.2,46989312.0,3049608.533333333,9391445.333333334,61.65866666666667,103.59733333333334,3.265333333333333,323.19953333333336,3.482266666666667,52.0,3.4024666666666668,593.2773666666667,76.50150000000001,29.76066666666667,0.0046331766525184535,0.004972635919129258,0.04949710671432572,0.004687143367808775,0.004600000000000001,0.21581027719568346,0.004600000000000001,0.004788372879291793,0.009259915951325842,0.004633041960497861,0.0
1685207550,99.99328077142262,7.116606958925768,1.7203815943465348,8.197964189488307,1.011788361686904,19.161654625407937,7.656924247817097,0.43322152522115037,13.196719642804672,6.562175713977132,0.6858562597035927,1.625175504191042,99520512.0,53313536.0,11736405.333333334,40134246.4,42283008.0,17408546.133333333,74302259.2,35323767.46666667,9764864.0,46991223.46666667,3004552.533333333,9260782.933333334,53.15473333333333,93.85873333333333,2.933333333333333,299.2300333333333,2.951,48.46666666666667,2.9335999999999998,535.3828,72.6935,27.13726666666667,0.004640560401372302,0.005092606134374776,0.048601728934896796,0.004685105157193615,0.004600000000000001,0.21622636972189255,0.004638525800904621,0.004781513493103706,0.009373357171708502,0.004639932407875251,0.0
1685207580,97.13121258989544,5.987713579684493,1.7244166088879018,8.193799719432116,1.0041953425608403,18.500470979692295,7.680400289612122,0.3984634438483087,12.374435468689779,6.390292075219922,0.6526809499261973,1.5973440544947919,99518190.93333334,53231479.46666667,11683840.0,41950003.2,42285602.13333333,17606929.066666666,74334208.0,35687901.86666667,9431722.666666666,46989312.0,2994722.1333333333,9407692.8,59.07726666666667,98.97636666666668,3.7337333333333333,306.71163333333334,4.177666666666666,50.9479,4.132133333333333,567.7043333333334,74.688,31.1384,0.004683620352890929,0.005068571379070975,0.04839002043182826,0.004678295028663031,0.004600000000000001,0.21678000772038378,0.004674255504036567,0.004771817914297084,0.009468525115124525,0.0046451952050363165,0.0
1685207610,97.6871645231921,6.229159426968699,1.7956358864299276,8.486215450003872,1.0156406026592661,19.3502726365815,7.715553946466218,0.430331438204207,12.75439681145941,6.449714395147563,0.6732753597028005,1.6116772994687412,99516416.0,53271074.13333333,11448729.6,39823360.0,42284100.266666666,17573205.333333332,74342809.6,35653222.4,9869312.0,46992725.333333336,3046331.7333333334,9494528.0,58.54473333333333,101.9842,3.6686666666666667,323.25096666666667,3.2727,50.36193333333333,2.8666666666666667,548.4927,70.93653333333333,26.933766666666667,0.004691199482672122,0.00493899845559938,0.04854129858507316,0.004669667668625216,0.004600000000000001,0.216550476924146,0.0046646778888777465,0.004756951226545631,0.009379634653671457,0.004638678306085266,0.0
1685207640,96.13700704355816,5.952743222371846,1.7295328382160242,8.534668587224129,0.9714585044591849,18.116781708495548,7.472050832623732,0.40723835164018124,12.272692983200846,6.311276716801296,0.6571392296709505,1.5729073009867942,100066918.4,53235029.333333336,11474807.466666667,40215756.8,42283554.13333333,17708646.4,74389640.53333333,35522696.53333333,9782476.8,46989448.53333333,2973696.0,9350212.266666668,59.98656666666667,101.59363333333334,3.4,318.4906333333333,3.6,53.13333333333333,3.4019,563.223,72.60193333333333,29.99813333333333,0.004779184290070985,0.0068659536919449754,0.04825295145156038,0.0047645180972265555,0.004600000000000001,0.22981169056752096,0.004641938032677115,0.004880302854227868,0.00977026255175161,0.004673661811599492,0.0
1685207670,96.5105708814402,6.025166133288532,1.605072284518036,8.365018651660423,1.0009915256116146,18.876240693596035,7.653077568278943,0.4099680361730636,12.586220204938424,6.558014475638412,0.6043702126289985,1.560692023819379,100106240.0,53272029.86666667,11652437.333333334,41298739.2,42283281.06666667,17408682.666666668,74391552.0,35759445.333333336,9605529.6,46989721.6,3041416.533333333,9386803.2,56.94923333333334,98.33823333333333,4.4691,301.22743333333335,4.677466666666667,51.4,4.4691,574.6451,75.64836666666666,31.6423,0.004758804497599028,0.007277815534948483,0.04858374760032076,0.004775758470730844,0.004600000000000001,0.22858943227522996,0.004670041884180448,0.004884413658144793,0.009869457254375963,0.004682815404271854,0.0
1685207700,99.99729571716928,7.181573009290943,1.8831953487064346,8.326857904141182,1.0618797163163012,18.349155492589528,7.964513789433765,0.44128872972217975,13.464928110437683,6.452687245831485,0.6853849049922436,1.6699342144279563,99778150.4,53329237.333333336,11767398.4,40759022.93333333,42285056.0,17415236.266666666,74393190.4,36262161.06666667,9675707.733333332,46990540.8,3113369.6,9501900.8,60.3517,105.95996666666666,4.402466666666667,325.84150000000005,4.335066666666666,54.37056666666667,4.135166666666667,580.1681333333333,75.37536666666666,31.112033333333333,0.004639738484803579,0.0049938417565773,0.048512686073838254,0.0046659287089152,0.004600000000000001,0.21474598005204332,0.0046723059264665865,0.004758996148330761,0.009406927083268566,0.004662382341278661,0.0
1685207730,98.89797335253037,7.184608906734372,2.0384475409300813,8.65716458053409,1.1116321134557139,19.075184815766466,7.622112858169151,0.44482874622958785,13.210787333128708,6.662143894159416,0.6791816558493042,1.7261768683789611,99647488.0,53302067.2,11779413.333333334,39811481.6,42284100.266666666,17281979.733333334,74399334.4,36049442.13333333,9666013.866666667,46991633.06666667,3022028.8,9302698.666666666,57.610866666666666,96.87326666666667,3.5318666666666667,306.08393333333333,3.7385666666666664,51.68483333333334,3.5354,563.2505333333334,74.7562,29.975966666666668,0.00466393998486982,0.004955588853338056,0.04813334648993319,0.004662167514948459,0.004600000000000001,0.2179767671545093,0.004636339185037999,0.004764009510359283,0.009372877666815892,0.004664610042640724,0.0
1685207760,99.99472354156892,6.34585040509325,1.8091539047694138,8.512218109725532,1.080166759359725,18.914523180811663,7.967414000057744,0.39764469196313834,12.459588822701555,6.363657541719306,0.6841335685582236,1.6533008721793971,99679163.73333333,53243904.0,11698449.066666666,39923712.0,42284236.8,17110630.4,74418995.2,36246459.733333334,9489066.666666666,46989312.0,2978338.1333333333,9483059.2,59.3078,102.6043,4.669733333333332,310.62083333333334,4.734266666666667,51.394933333333334,4.936266666666667,575.2742999999999,75.16743333333334,31.880033333333333,0.004674527115813899,0.005265291526127458,0.04891212123208736,0.00469746277674551,0.004600000000000001,0.22281836089630183,0.004614314845806209,0.004811982596465103,0.009454720838370855,0.004653428705673499,0.0
1685207790,96.34143127009565,6.273906483922394,1.8523785476755823,8.205923240703694,1.0349689068195596,18.89057890505136,7.456175929599303,0.42403403593764166,12.698230150119342,6.712064960277428,0.6627614051855041,1.6550877163348445,99922739.2,53247726.93333333,11655850.666666666,39848072.53333333,42283008.0,17320618.666666668,74458862.93333334,36223658.666666664,9650585.6,46989312.0,2976426.6666666665,9302289.066666666,57.594500000000004,90.63903333333333,3.265333333333333,299.11336666666665,3.0653333333333332,49.01303333333333,3.1991,526.5014,72.34226666666667,26.1995,0.004696709393770107,0.006398155719283667,0.05023578835042221,0.004747139271866481,0.004600000000000001,0.228588854443988,0.004628976699138451,0.004914330213569208,0.00970439850941196,0.004645320417705544,0.0
1685207820,100.0044186912638,5.726669969346469,1.8977653229361706,8.345359382079774,1.063445304470087,17.55014959915169,7.72451256236853,0.4342568954891188,13.065887633808481,6.569923718879854,0.7058170821786885,1.6783054500453085,99934208.0,53229977.6,11401352.533333333,39875788.8,42283008.0,17354342.4,74542694.4,36404292.266666666,9387212.8,46992861.86666667,3036774.4,9313484.8,62.99476666666667,108.07176666666666,4.4661333333333335,326.6025,4.1984,55.77943333333334,4.066133333333333,600.4661333333333,75.39066666666666,31.6957,0.0048257940432849524,0.0086579703739741,0.054824018586854414,0.004876209118013956,0.004600000000000001,0.2469482127705085,0.004661964674986557,0.00611313995099856,0.014197712899128244,0.004645636927721255,0.0
1685207850,98.96893619699556,5.3364314302340725,2.2331868756181845,8.249650635221508,1.1041032706909293,17.797750057939115,7.726964834307364,0.45850544658301506,12.116704397081593,6.904739859387225,0.6629139376589528,1.6467618424000965,99934208.0,53209497.6,11589905.066666666,40259857.06666667,42283008.0,17443225.6,74596352.0,36271445.333333336,9424759.466666667,46991496.53333333,2979157.3333333335,9289591.466666667,60.87546666666666,98.8581,3.3342666666666667,303.05826666666667,3.7989333333333333,50.84446666666667,3.6004,571.1645000000001,74.88116666666666,26.805633333333333,0.004859709217602712,0.009359428515122782,0.062164857739668074,0.004920089932627987,0.004600000000000001,0.29002083367511505,0.004683656592553436,0.006634540444217198,0.015661937570751426,0.004635186386523047,0.0
1685207880,97.48194577205876,5.399032172121819,1.7055912364250285,8.058292758231739,1.093466204737241,18.29042113869299,7.620938696369521,0.46349339182310895,12.448511217964105,6.444322811028396,0.6718367783292822,1.5666694058688626,99894613.33333333,53214549.333333336,11498700.8,40266547.2,42285329.06666667,17584947.2,74596352.0,36390912.0,9644168.533333333,46990677.333333336,3026944.0,9182822.4,57.86666666666667,103.4863,3.7333333333333334,309.8,4.1944,51.54383333333333,4.132933333333333,561.4666666666667,72.4,29.933333333333334,0.004723290342455083,0.007538250204302354,0.051449503098107766,0.0048102132072925805,0.004600000000000001,0.24709898489747667,0.004663132275074815,0.005220615554997087,0.010341805154752312,0.004641968403946038,0.0
1685207910,99.49056571911836,5.1338405050052485,1.7417950838894016,8.076898107421249,1.0338648792990985,17.651075936695648,7.687136087125051,0.425262075685756,12.787205400005037,6.428559622238049,0.6481324428254387,1.633948440530431,99828121.6,53219328.0,11855325.866666667,41221461.333333336,42283008.0,17172206.933333334,74596352.0,36306944.0,9475140.266666668,46989312.0,3173717.3333333335,9442508.8,56.951633333333334,96.23183333333333,3.734933333333333,311.4636,3.5403333333333333,50.63033333333333,3.5332,551.1129,74.49326666666666,27.744733333333333,0.00471082599809247,0.006650192458957001,0.048818793875917595,0.004778976880307898,0.004600000000000001,0.23424693352247208,0.0046104265753678176,0.00494290154237754,0.00977739555381954,0.004668618601529072,0.0
1685207940,100.00069914636894,5.414585474061686,1.7125053313227097,7.922894079074957,1.0332616701272685,18.204511468599165,7.527079987122232,0.4057304736689036,13.007464001127543,6.570062522709318,0.6727814292077136,1.6125463376210276,99781017.6,53225335.46666667,11701725.866666667,39370752.0,42284509.86666667,17227776.0,74599492.26666667,36456174.93333333,9819886.933333334,46989312.0,2971511.466666667,9269521.066666666,59.32776666666667,98.19946666666667,3.8664,316.0910666666667,3.7234333333333334,52.2,3.6001333333333334,565.0122333333333,73.13333333333334,28.5328,0.004717716621024209,0.006141496248623228,0.04924039642776855,0.004754308684941061,0.004600000000000001,0.22953719968011035,0.004601165048543689,0.004943161996402616,0.00980081302637709,0.004656288538465806,0.0
1685207970,96.14286266378379,5.716676375967822,1.7950578733010476,8.098632607307987,1.020824464938728,18.306459997206716,7.758971833286867,0.42923822623520613,12.525486246278764,6.468925022232622,0.6585163454373358,1.6547104272458668,99910724.26666667,53261107.2,11480268.8,40290577.06666667,42286148.266666666,17499204.266666666,74603451.73333333,36500821.333333336,9761450.666666666,46990813.86666667,3039232.0,9453158.4,59.54553333333333,107.16473333333333,4.402166666666667,330.46116666666666,4.466666666666667,54.01226666666666,3.933333333333333,582.3675000000001,73.60686666666668,30.668633333333332,0.004697586228001821,0.006483253318822563,0.049336878206893704,0.00475057189802343,0.004600000000000001,0.23377386780271353,0.004633755108173514,0.004956356291799368,0.009800845854057503,0.0046365547305852175,0.0
1685208000,97.95552411387513,5.316682285954642,1.9805747073436324,7.884928357935994,1.067591569801436,18.34020083686479,7.534876131977563,0.45028905663445745,12.187040302156127,6.29684999489025,0.6678888761998114,1.6582487644573483,100005751.46666667,53349171.2,11610794.666666666,40348467.2,43611204.266666666,17229004.8,74605226.66666667,36433920.0,9925290.666666666,46989858.13333333,3105860.2666666666,9346252.8,52.502233333333336,85.42890000000001,2.9339999999999997,272.17926666666665,2.7333333333333334,45.63056666666667,2.6,515.9601666666666,69.94803333333333,25.118333333333332,0.004702601619026298,0.0074160384400409115,0.048971627897373395,0.004754669101924539,0.004600000000000001,0.23595891497882526,0.004630395413911863,0.004959492356114973,0.009788642869937114,0.004656952908562062,0.0
1685208030,98.45783635266633,5.24088454420798,1.7075563968747052,7.988330914428952,1.0268474981954294,18.658741812211996,7.5283501427295505,0.4197452709096458,12.419798720141516,6.572223698926558,0.6703218131695573,1.6113300701519608,100095180.8,53219737.6,11727667.2,39473971.2,42283008.0,17207842.133333333,74621747.2,36575914.666666664,9838865.066666666,46991906.13333333,3026807.466666667,9320857.6,60.65923333333333,106.70963333333334,4.134533333333334,312.8998,4.339666666666667,54.174600000000005,3.9377333333333335,602.7939,78.10716666666667,30.893733333333333,0.004746868012419656,0.0072545573478650285,0.0481517704309279,0.004741356553197512,0.004600000000000001,0.23021964484119678,0.004600000000000001,0.004989727837400256,0.009818573011965476,0.004679095345853423,0.0
1685208060,95.45349971809,5.567641024263431,1.944968589848345,8.08344910021697,1.0096785050543406,18.462121075208646,7.627065101618487,0.4452112767697421,12.931168177290767,6.345029129416699,0.6741213618093831,1.6376479354555589,100058453.33333333,53223424.0,11644245.333333334,39637811.2,42283554.13333333,17283208.533333335,74626525.86666666,36272947.2,9557469.866666667,46990267.733333334,3027626.6666666665,9492616.533333333,58.41686666666667,96.4828,3.1333333333333333,304.07120000000003,3.4674666666666667,49.345666666666666,3.6,543.9114000000001,72.62026666666667,26.735266666666668,0.004747004011941241,0.006444516574167434,0.048047910221640996,0.004736748179644787,0.004600000000000001,0.22912735784107136,0.004605086245024326,0.004921053836136448,0.009733679628984712,0.004666879059652832,0.0
1685208090,100.00436943684134,5.174691512878176,1.9138108682028454,8.106592474023314,1.0724799288735491,17.57181416524067,7.388518209425782,0.4443478368310404,11.971231042750409,6.305363020643901,0.6521453366838252,1.5996882442825289,99753984.0,53198438.4,11669230.933333334,40419054.93333333,42287104.0,17394892.8,74632123.73333333,36384494.93333333,9583684.266666668,46989312.0,3071180.8,9496985.6,56.27106666666667,97.67796666666666,3.6005333333333334,324.39410000000004,3.5137666666666667,51.76043333333334,3.4664,542.0833666666666,72.34616666666668,28.9329,0.004729063674373103,0.006454111323530073,0.049206541941439315,0.004746208191205905,0.004600000000000001,0.23313380099150807,0.004638484666986504,0.004934064194880751,0.009827187402696487,0.004639820090766704,0.0
1685208120,96.63299555471407,5.607883378497553,1.7407349621196895,8.030503806683514,1.0951416933025242,18.44509013225316,7.324932170320604,0.4222864240135792,12.024913944947775,6.419277075684816,0.6781621183409995,1.5771960443526383,99785113.6,53238988.8,11553177.6,40417962.666666664,42290926.93333333,17306419.2,74637038.93333334,36642406.4,9536170.666666666,46989312.0,2979157.3333333335,9744657.066666666,58.5535,95.61173333333333,3.7330666666666668,305.02473333333336,3.7991333333333333,51.8529,3.667466666666667,538.1346333333333,69.04993333333333,28.406466666666667,0.004710443088942157,0.005833918234869215,0.0501085079730588,0.004744755188694721,0.004600000000000001,0.22855399292377798,0.004661122763639119,0.004864712206616813,0.009651281566409738,0.004622626147899733,0.0
1685208150,99.99293013499742,5.899459764173006,1.9391896877205002,8.321284391243754,1.033302431805771,18.6441025404178,7.707428955898848,0.4311165927829931,12.618310094331589,6.462695920412219,0.6463486671150239,1.6575966703244245,100003020.8,53235575.46666667,11727667.2,40848452.266666666,42289834.666666664,17568290.133333333,74661888.0,36792320.0,9682261.333333334,46989312.0,3048516.2666666666,9309934.933333334,59.86606666666667,103.89443333333334,4.198933333333334,300.2689,4.667233333333333,51.74036666666667,4.7318999999999996,574.9918,76.6096,30.5339,0.004669655013275129,0.005032282747164387,0.04950461821959848,0.004738484331586912,0.004600000000000001,0.21967708201487213,0.004624684723317198,0.00482680937242617,0.009421332895424897,0.0046309579545593706,0.0
1685208180,98.48592771214845,6.766567991648523,1.9290392798707416,8.448024576180817,1.07497197955334,18.994374824654493,7.674252722871208,0.447791470128133,12.79584327192323,6.432378258039058,0.692316557611855,1.5621926671026727,99968614.4,53306299.733333334,11722205.866666667,41676253.86666667,42290380.8,17254263.466666665,74662434.13333334,36408524.8,9869448.533333333,46991496.53333333,3069269.3333333335,9308023.466666667,60.54186666666667,102.33433333333333,3.0651,332.0378666666667,2.9305666666666665,54.1372,3.0,556.5925666666667,72.85826666666667,27.962100000000003,0.004656919085965656,0.005088181978713466,0.04880606659575094,0.004692765062670694,0.004600000000000001,0.2177287807852954,0.004630117821078418,0.004814866691949454,0.009406942751534702,0.004631419310757758,0.0
1685208210,99.3934836730436,6.84846404916641,1.6564175663434642,8.323683465485667,0.9895223286340012,18.56456251914051,7.807334202305487,0.4372628450134771,12.476265705002724,6.534379464957823,0.6511695073919431,1.5595150917374214,99661687.46666667,53290325.333333336,11574749.866666667,41377792.0,42288742.4,17246890.666666668,74673902.93333334,36566084.266666666,9456844.8,46989312.0,2976836.2666666666,9252317.866666667,61.6147,100.62706666666666,3.6005333333333334,295.62763333333334,3.5903666666666667,52.08703333333334,3.466666666666667,573.5046666666666,74.94083333333333,28.802633333333333,0.004654823748958813,0.0049072746492428215,0.04843326673690107,0.004650059406306384,0.004600000000000001,0.213808014849509,0.004633713598361511,0.004752925776172904,0.009294279325663131,0.004626744333279807,0.0
1685208240,97.51204028392642,5.853136203633008,1.581360162100431,8.044539903372142,0.9716414675450499,19.012197004101914,7.593293931257894,0.4068193580517793,12.614195373599859,6.542686163170172,0.6471550271130482,1.4586629100534445,99660322.13333334,53214685.86666667,11649843.2,40329762.13333333,42288742.4,17251396.266666666,74689740.8,36894720.0,9317171.2,46989312.0,2973969.066666667,9387895.466666667,61.40933333333333,99.01613333333333,2.733766666666667,317.0268,3.008033333333333,52.97443333333333,2.8662666666666667,561.6991,73.08013333333334,28.1658,0.00465817014723369,0.004898127363729969,0.04861846644202174,0.004673227035459655,0.004600000000000001,0.2170080248452605,0.004600000000000001,0.004758811995582998,0.009290129775898335,0.004643778030439532,0.0
1685208270,97.79749511832641,4.9746735390418,1.5798063101049231,8.366455657455596,1.0028278029529154,18.477933786140305,7.700302276054174,0.38069497973248634,12.442841579339255,6.295089845153189,0.6304961454212327,1.5506303494340057,99887240.53333333,53229977.6,11620352.0,41130393.6,42288332.8,17168247.466666665,74709401.6,36876288.0,9713254.4,46989312.0,2984209.066666667,9471044.266666668,59.13333333333333,105.46666666666667,4.4,316.1333333333333,4.666666666666667,53.8,4.666666666666667,588.4072333333334,75.8739,31.595266666666664,0.004697907712646223,0.005387581465829159,0.049023079246959624,0.004716402777475282,0.004600000000000001,0.22739159097497727,0.004600000000000001,0.004838988730667682,0.00957431358122363,0.004681911159539783,0.0
1685208300,99.06826343406543,5.949791108213426,1.993073077280925,8.520711803396036,1.07013641522564,18.019130675266226,7.711778467182834,0.4497547838598154,12.721691771913699,6.546538875449758,0.6445863577173844,1.6562821788011066,100155392.0,53264793.6,11721250.133333333,41862485.333333336,42287377.06666667,17284300.8,74748586.66666667,36728968.53333333,9512960.0,46989312.0,3101764.2666666666,9430220.8,61.06883333333334,102.16380000000001,3.6023666666666667,322.5161,4.194500000000001,53.01366666666667,4.209433333333333,569.2942,72.95173333333334,30.604066666666665,0.004698299875224357,0.006083099182854922,0.05202872335035702,0.004732160871142302,0.004600000000000001,0.22992601145618358,0.004600000000000001,0.00490155141173063,0.009745826972994082,0.004667401255534225,0.0
1685208330,93.98655742483938,7.032139716545244,1.7272905495749993,8.410976281782162,1.0137774956771979,19.035184461805628,7.7085661306456785,0.3986668150345581,12.758757661151531,6.625019074817602,0.663607978552682,1.6149619077069912,100108697.6,53309440.0,11748966.4,42182246.4,42287104.0,17286348.8,74758417.06666666,37048593.06666667,9602798.933333334,46989312.0,3062442.6666666665,9409331.2,60.8306,102.22826666666667,3.1991333333333336,318.69629999999995,3.4707333333333334,52.83286666666667,3.2665333333333333,592.2248666666667,76.49493333333334,30.117133333333335,0.004627613489064732,0.0050187922592629065,0.05163922957883038,0.004691612716038415,0.004600000000000001,0.22107918431305867,0.004600000000000001,0.004828009766239397,0.009398992865343868,0.004624776381242302,0.0
1685208360,99.4336437466804,7.409839280066143,1.7162016158682247,8.27311570626347,1.0430635078654256,19.005326598903512,7.482118981326896,0.4219914867800181,12.99303475901191,6.727715961494126,0.6676626734191198,1.5883422868149462,99688448.0,53322956.8,11364352.0,39947195.733333334,42288742.4,17572113.066666666,74761011.2,37119590.4,9284403.2,46989312.0,3096576.0,9441553.066666666,62.11493333333333,106.6245,3.9345333333333334,341.9457,3.7344666666666666,54.097,3.868133333333333,586.1446666666667,71.9646,30.802366666666668,0.004630842471021737,0.004924940654303502,0.04825733184958888,0.004664060939539869,0.004600000000000001,0.21648365421465848,0.004605364372469636,0.00475792755079138,0.009196677193662734,0.004622117896132543,0.0
1685208390,98.28648575254208,6.449826743024754,2.0705610954452527,8.272512062670218,0.9707089730301067,18.774009032823486,7.6785434988241645,0.43879575200353044,12.724028460023515,6.46833118893775,0.654707910981209,1.681810366778193,100313224.53333333,53316403.2,11821056.0,40160051.2,42287104.0,18210952.533333335,74919936.0,37035622.4,9637614.933333334,46992042.666666664,3028036.2666666666,9285358.933333334,59.8253,108.50626666666668,4.596033333333334,312.0936333333333,4.172466666666667,54.589333333333336,4.258633333333333,588.9733333333334,76.0382,32.85803333333333,0.00478440869078784,0.007688156856877378,0.048595338704930574,0.00480734212562027,0.004600000000000001,0.23628165400128656,0.004630699533266248,0.004928267781811637,0.00978078537699202,0.004661841214389447,0.0
1685208420,96.02423300887155,5.663094139288334,1.9877443606193608,8.192017607365592,1.05496356942375,18.51801101940199,7.736339183990339,0.47253741846707115,12.407096261394807,6.272524069079308,0.6464803147354652,1.6075514141059795,100426956.8,53246088.53333333,11699814.4,41004100.266666666,42287104.0,17175210.666666668,75010048.0,37277696.0,9437184.0,46992042.666666664,3049881.6,9457664.0,54.4,93.73333333333333,4.8,295.8666666666667,4.2,47.37456666666667,4.0,535.3333333333334,71.4,28.6,0.004815407511066986,0.009538703841340075,0.04991982176271196,0.004868236810578421,0.004600000000000001,0.2458562139187803,0.004628203261505629,0.005231429768423794,0.011813486689503282,0.004666100933220058,0.0
1685208450,98.95341078906753,5.973668078572232,1.8244775087247338,8.187297900633236,1.0980613367644965,18.97968860267861,7.526064408113118,0.42945740834624,12.664231219637308,6.334929186213184,0.6565320255552184,1.5978156248701132,100142557.86666666,53308757.333333336,11531878.4,41933755.733333334,42288742.4,17315703.466666665,75010048.0,37414229.333333336,9573853.866666667,46991633.06666667,3015065.6,9250406.4,59.57666666666667,97.36796666666667,3.732666666666667,310.2455,3.4610333333333334,52.064733333333336,3.2,552.3817,71.59856666666666,27.708966666666665,0.004674213531578031,0.005168497181331241,0.04935605348211647,0.004712439295165837,0.004600000000000001,0.22216614447213417,0.004632219883022425,0.0048309641062300795,0.00955037122192338,0.004630060780916422,0.0
1685208480,99.49464535887225,6.859765152643599,1.6382423540448194,8.41743725162687,1.0461562756842713,18.50339765996068,7.631112903244866,0.42511959497188934,12.863511336785352,6.437724404357774,0.6439445253315079,1.5953015095751941,99769002.66666667,53364053.333333336,11754837.333333334,39622656.0,42289152.0,17164970.666666668,75011140.26666667,37541478.4,10032469.333333334,46989312.0,3108864.0,9241941.333333334,58.2577,103.20896666666667,3.0650666666666666,322.9440333333333,3.0645333333333338,52.41843333333333,3.1317333333333335,580.4176666666666,75.99119999999999,28.96306666666667,0.004658002706310111,0.004921410510315763,0.04920702186204879,0.00466888258826957,0.004600000000000001,0.21381741029859444,0.004627612688372672,0.004782136587996786,0.009269153703314957,0.00463259750112653,0.0
1685208510,97.93961091060568,7.227554988204761,1.585884075353688,8.38083585752549,0.97272559155651,19.467221108613096,7.775461074449407,0.4175840712571693,12.944664718635265,6.494131417305334,0.6514169277364839,1.5658004047864627,99851195.73333333,53370060.8,11541981.866666667,40193774.93333333,42287104.0,17289079.466666665,75014144.0,37354291.2,9513096.533333333,47011157.333333336,2988987.7333333334,9319219.2,58.39416666666667,93.66666666666667,3.066666666666667,300.93333333333334,3.1333333333333333,51.8,2.8,547.6074000000001,72.8,28.0,0.004659040260308125,0.004956896362158304,0.04887819135384553,0.004683051851998239,0.004600000000000001,0.21383423451883765,0.00463182238213966,0.004779375124320451,0.009272426049581577,0.0046376631685753665,0.0
1685208540,97.76747324390438,6.956208241112501,1.642378054232934,8.27437908098612,1.0105529615760798,18.152849390825143,7.48707158390288,0.4314263558392063,12.922532255695979,6.472042178071535,0.660494195220508,1.5214159909237288,99894067.2,53302613.333333336,11625949.866666667,41533303.46666667,42289561.6,17415372.8,75014144.0,37417506.13333333,9793262.933333334,47017028.266666666,3011652.2666666666,9645806.933333334,58.986200000000004,102.69383333333333,4.599266666666667,320.7786666666667,4.651966666666667,54.10733333333334,4.666666666666667,571.7703333333334,74.65376666666666,31.857833333333335,0.004637769782253362,0.00496110876777656,0.048103716373355136,0.004682906171099784,0.004600000000000001,0.21252995195931598,0.004636843981543388,0.004770902901648625,0.00925917035324064,0.004660664791958255,0.0
1685208570,97.22673595468986,7.135384939155516,1.9722689257100106,8.404838872373654,1.0686579270219236,19.20773382100217,7.672976198053868,0.4132199202839489,12.83317766263519,6.324125196195045,0.6785212257140515,1.6339765074963168,99973802.66666667,53331558.4,11606016.0,41468586.666666664,42287104.0,17181764.266666666,75014144.0,37648384.0,9797632.0,46991633.06666667,3057117.8666666667,9286997.333333334,60.704566666666665,95.99176666666668,3.2037,330.7010333333334,2.8722333333333334,51.191066666666664,2.8725,535.3566333333333,69.98076666666665,26.22873333333333,0.004638160761145813,0.00491725947333913,0.04867782181824157,0.004666309800498456,0.004600000000000001,0.21390985762784245,0.0046041379310344825,0.004757628232281581,0.009274301387404206,0.004666131368163474,0.0
1685208600,99.41275267485575,7.10360335073323,1.7209403384904054,8.386026334777448,1.0068286948898435,18.63363406197353,7.796582944571811,0.4142880436049767,12.659120372597261,6.445410836031058,0.6525971887113531,1.53564411469174,99927927.46666667,53342344.53333333,11508258.133333333,41872315.733333334,42289561.6,17431210.666666668,75014144.0,37478809.6,9414246.4,46991633.06666667,2994176.0,9403460.266666668,63.452466666666666,106.44476666666667,4.666666666666667,324.82840000000004,3.8018666666666667,57.65523333333333,4.0658666666666665,616.3756333333333,79.35886666666667,32.67443333333333,0.004641897232843812,0.004904146743345451,0.04890117418103433,0.0046679429964533396,0.004600000000000001,0.21744795045577195,0.004600000000000001,0.004759141383227778,0.009375599643449873,0.0046533196558157545,0.0
1685208630,95.29206189211217,6.619819749694293,1.8563448379789755,8.868588713480346,1.0272343709019978,18.885326894517622,8.283595827568812,0.39693351042345165,12.717664205581423,7.041515312348522,0.6518918208393628,1.5432777423243136,99973393.06666666,53346850.13333333,11312332.8,39796599.46666667,42390050.13333333,17312290.133333333,75036672.0,37713783.46666667,9571259.733333332,46989858.13333333,2977792.0,9386257.066666666,57.18546666666667,100.23853333333334,3.871766666666667,293.3412333333333,3.5432,49.49176666666666,3.5367333333333333,565.0261666666667,73.11066666666667,28.406833333333335,0.004789476473614935,0.007645853415305697,0.04954812489662858,0.004827666501211873,0.004600000000000001,0.24100607796236032,0.004600000000000001,0.005257888448773091,0.01147568086161091,0.004716003196494399,0.0
1685208660,97.97989798282424,5.795858552546281,1.7956907224430594,8.621416119914093,0.9941063382359462,18.274900267815653,8.438716714274351,0.46616408764675304,11.877534746134907,7.162381945467098,0.6339105634852107,1.5142943061855116,100263936.0,53213730.13333333,11815594.666666666,39626615.46666667,42310178.13333333,17353113.6,75075584.0,37980979.2,9522790.4,47061947.733333334,2981068.8,9334374.4,64.1958,102.64426666666667,3.5322999999999998,305.1422333333333,4.006233333333333,53.60686666666666,3.6669666666666667,596.9574,76.49546666666667,30.984466666666666,0.004909336857115973,0.009808826722071345,0.049552402436765376,0.00493509803548914,0.004600000000000001,0.27651515492782847,0.004600000000000001,0.00600037435954923,0.01411913947686032,0.004725441394085738,0.0
1685208690,98.49654621930206,5.486719096448441,1.7871202505215018,8.344573006144618,0.9963795969961045,18.50812375598292,7.735888748461875,0.4410266928371003,12.35459375245111,6.801967908977173,0.6313307510978367,1.6515418309017604,100380672.0,53220966.4,11671142.4,40542890.666666664,42400426.666666664,17735133.866666667,75075584.0,38378700.8,9547229.866666667,47081472.0,2977518.933333333,9234841.6,59.925,101.99816666666668,2.6654666666666667,314.1673666666667,2.8638333333333335,51.19246666666666,2.731266666666667,579.4044666666667,76.01886666666665,28.357366666666667,0.004806892281771106,0.007929454194232032,0.04886744868018453,0.004848581113122187,0.004600000000000001,0.2535894850819968,0.0046117778632627365,0.005338558387672766,0.011321348749583177,0.004653012919821365,0.0
1685208720,98.50783169070615,5.073496241787722,1.582076716027477,8.473215162449241,1.0641147818574903,17.92329912573057,7.900552659686327,0.39603586473874064,12.325152563680469,6.665824573537776,0.6496577218236941,1.568653961534968,100361011.2,53209634.13333333,11464840.533333333,40094105.6,42288469.333333336,17539618.133333333,75087872.0,38045422.93333333,9340791.466666667,47067136.0,2980932.2666666666,9376563.2,57.327,94.65503333333332,2.3333333333333335,301.16456666666664,2.7883333333333336,51.77126666666666,2.5986666666666665,543.4767333333333,71.2582,26.264033333333334,0.004763627828917316,0.007281706583973656,0.04899265332096005,0.004805526817996005,0.004600000000000001,0.23690028198145593,0.004666774238922596,0.00498051070818723,0.009885655808443417,0.0046402836340813805,0.0
1685208750,99.50133960323623,5.598571709370458,1.6511143031132076,8.414918293620072,1.0075030304764898,18.629157954052157,7.601453018101744,0.44513532148590695,12.269348908213136,6.546530592080404,0.6359171724569402,1.5302436299239979,100150340.26666667,53217689.6,11845632.0,40101751.46666667,42287923.2,17628228.266666666,75087872.0,38186325.333333336,9959014.4,47067136.0,3047424.0,9309115.733333332,60.91566666666667,99.03096666666667,4.321466666666667,337.91703333333334,4.1734333333333336,52.2153,4.3655,561.6737333333333,70.72489999999999,29.960500000000003,0.004721032639772892,0.006501308012654067,0.04925400195840549,0.004745492745129378,0.004600000000000001,0.2316041044430082,0.004697567367658122,0.004895072588442286,0.00968114407366611,0.004648819646409591,0.0
1685208780,99.01449894296479,5.802776124377442,1.9891840105869518,8.163060118264807,0.9983669162862611,18.73884021453637,7.78333510860405,0.4265466958872246,12.709576582665639,6.628556983710316,0.6523490304756222,1.5515196486657343,100062003.2,53236667.733333334,11449275.733333332,40616482.13333333,42288469.333333336,17496473.6,75087872.0,38501580.8,9575492.266666668,47067136.0,2970009.6,9470907.733333332,57.310233333333336,104.46863333333334,3.931766666666667,319.7154,4.1706666666666665,52.57353333333333,4.390433333333333,577.9445333333333,74.16333333333334,31.860599999999998,0.0047082741347712394,0.005441950881445183,0.05015871513454336,0.004706183216930599,0.004600000000000001,0.2267651592837025,0.004637187153439423,0.004825814754682943,0.00950030145720079,0.0046390702447521885,0.0
1685208810,98.86732529599155,5.66206717160535,1.964489823908587,8.219689399897117,1.0106556557094868,18.44549018704652,7.797153403421897,0.41206757287380896,12.710465413093784,6.332362355133314,0.6314958870055037,1.6285734119707962,100066099.2,53203217.06666667,11738726.4,41503129.6,42291200.0,17474082.133333333,75087872.0,38422391.46666667,9637888.0,47069730.13333333,3039095.466666667,9407829.333333334,58.992066666666666,102.93253333333334,4.3996,323.2639,4.3947666666666665,53.66433333333334,4.3996,566.0026666666668,73.73333333333333,30.932533333333332,0.00473274527253336,0.006524984453330213,0.04950265241404902,0.0047201024620078325,0.004600000000000001,0.22704212178875025,0.004600000000000001,0.0048550200566956315,0.009597411257808388,0.00463705122581167,0.0
1685208840,98.30490592230659,6.024193079709735,1.904391729962329,8.555356323561728,1.082643001475257,19.005412928636538,7.858436648063284,0.4659715319989583,12.81153009049956,6.589275699077572,0.6552841339537804,1.6310219791514415,100077568.0,53311488.0,11792384.0,39929856.0,42289288.53333333,17284846.933333334,75089100.8,38863667.2,9447424.0,47069320.53333333,2969600.0,9416157.866666667,59.15103333333333,100.0,3.2666666666666666,326.1129333333334,2.9892,49.46666666666667,2.8,562.1161,75.71256666666666,27.179666666666666,0.0046791648366278854,0.005628909297753411,0.0490757906630306,0.004713714271681203,0.004600000000000001,0.222522365167986,0.004600000000000001,0.004820097573314179,0.00945174234094439,0.00463093856482224,0.0
1685208870,97.18351715495722,5.768204736019098,1.6919008690137294,8.254968559844581,1.0198051301571416,18.625571212050765,7.8735263822061405,0.37966677672959864,12.22389553986537,6.2676881313746,0.6497012913249428,1.532135149472118,99913181.86666666,53230796.8,11737497.6,40502340.266666666,42289288.53333333,17957683.2,75128832.0,39137826.13333333,9432814.933333334,47067136.0,2970555.7333333334,9206442.666666666,59.927,97.05556666666666,2.7994666666666665,297.9847,2.8622666666666663,51.728500000000004,3.2002666666666664,553.3707333333333,70.92486666666667,27.264566666666667,0.004669825763248712,0.0061098819853642305,0.04872116285034081,0.004795322796474021,0.004600000000000001,0.228364937128723,0.004627934493698019,0.004870748427479185,0.009601863516899756,0.004634335951107875,0.0
1685208900,96.38888015765363,5.7356763691094415,1.8590231359158165,7.967921444867773,1.0225251659427799,18.878071793755627,8.017345714811787,0.43142916735109677,12.610291448584169,6.721431791923935,0.6653837629708312,1.6434998792271664,100014216.53333333,53239808.0,11699404.8,40976657.06666667,42287104.0,17286485.333333332,75145216.0,38852881.06666667,9518421.333333334,47068637.86666667,2966323.2,9217638.4,60.0,107.79313333333333,5.133333333333334,330.2,4.6607666666666665,52.35543333333333,4.666266666666667,609.0666666666667,81.66666666666667,33.53763333333333,0.004742068338552746,0.007837781847481141,0.04793138440296758,0.004872697657655633,0.004600000000000001,0.2401320694463901,0.004691761856968972,0.004969025748331009,0.009945756301520005,0.004637400452377294,0.0
1685208930,98.27443755286676,6.3240123920082665,1.8106876012976945,8.152305317578012,1.0221898185234852,18.914958244282,7.9389073361941165,0.42707383435154517,12.177414633935248,6.389603869071681,0.6590676628373857,1.568022824480378,100177237.33333333,53285819.733333334,11689437.866666667,41002188.8,42288469.333333336,17081139.2,75149312.0,39042116.266666666,9489612.8,47068637.86666667,2969463.466666667,9435545.6,61.47153333333333,102.76396666666666,3.6010666666666666,310.74806666666666,3.6,53.79693333333333,3.466666666666667,578.6426333333333,73.21236666666667,29.670433333333335,0.004723949862148652,0.006696938406402374,0.04798103900597585,0.004763966871320886,0.004600000000000001,0.23283854168199491,0.004702579441421303,0.0048751739090884426,0.009774328631296425,0.004637142763377527,0.0
1685208960,98.89261580410513,5.924581688834901,1.546248629967311,8.157243172625353,0.9523124166445054,18.75404661229887,7.548262971115333,0.41144919779641953,12.460400454393147,6.551658513808639,0.6482542198827133,1.5104061608038704,100204544.0,53242948.266666666,11525188.266666668,40768580.266666666,42289561.6,17321847.466666665,75149312.0,39302621.86666667,9546547.2,47067136.0,3026670.933333333,9302562.133333333,62.0711,97.2856,2.9337333333333335,318.3078,2.5911,52.48806666666667,2.5336,572.9752000000001,75.33976666666668,26.466566666666665,0.004672284084602122,0.005666583581193272,0.048281097346233794,0.004703124235244616,0.004600000000000001,0.2258368233527377,0.0046602249657028,0.00482008832499513,0.009639483613973333,0.004641610400796868,0.0
1685208990,98.87499023060349,5.371948674232665,1.485501187917287,8.506906543909318,1.0074465239229555,18.7841513709488,7.8400017591237505,0.4073624150836874,12.01752605096587,6.50519253704363,0.6251540305977469,1.4975042396216725,100204544.0,53243221.333333336,11448320.0,39723417.6,42291200.0,17424384.0,75153271.46666667,39580603.733333334,9411925.333333334,47067136.0,3165388.8,9248768.0,59.4,100.26666666666667,3.466666666666667,314.6666666666667,3.2,50.666666666666664,3.6,569.4,74.8,28.4,0.004720469029684862,0.007245862433391133,0.04877610028607267,0.004766099084834498,0.004600000000000001,0.23143323089422405,0.004683676680910243,0.004912588175652587,0.009819369612033807,0.00463700207603873,0.0
1685209020,99.42511217268662,5.840688694303639,1.7061732631857538,8.422861191434558,1.0244879020637792,18.80416077745845,7.729035788522712,0.44548983693368854,12.202254157171716,6.459416454769922,0.6380303950042961,1.5945252438374233,100211916.8,53280221.86666667,11390976.0,40237192.53333333,42287104.0,17553954.133333333,75158323.2,39321736.53333333,9630788.266666668,47068501.333333336,3004006.4,9356902.4,51.13333333333333,97.5832,4.4,305.1333333333333,4.3944,51.53273333333333,3.9996,553.4,71.53333333333333,31.933333333333334,0.004716646338829596,0.006879212133575946,0.048360573002869375,0.004771667264273309,0.004600000000000001,0.22911768959693696,0.0046858679465803365,0.00490667277211528,0.009786618110911955,0.004636655346089893,0.0
1685209050,97.78098495507093,5.7367780759323255,1.9289014130377007,7.646937571775882,1.058771824609566,18.507665539783964,7.567321480523991,0.46284596523453503,12.425480502356008,6.4856295823571335,0.6523929545220467,1.6119737947155959,100353365.33333333,53309440.0,11680836.266666668,39525171.2,42287104.0,18174361.6,75161600.0,39857083.733333334,9665740.8,47067272.53333333,3115827.2,9375607.466666667,62.644466666666666,95.2177,2.1985333333333332,301.7727666666667,3.142533333333333,49.8,3.6011,543.1528666666667,75.5142,25.1081,0.004705942355083638,0.008195289881597788,0.0485965694418575,0.004817871460344303,0.004600000000000001,0.23946009746406346,0.004707798312146139,0.005225367223913962,0.011107716505835172,0.004653500834562545,0.0
1685209080,97.35813392843647,4.959631002536658,1.864284811371218,7.6014060753883275,1.0692813566140604,17.522362388186377,7.6689470380804625,0.38339400319374983,11.470823491704985,6.5580885819033465,0.6193996055306943,1.5348390042531723,100519936.0,53354014.11764706,11531203.764705881,41591265.88235294,42287104.0,17162480.94117647,75161600.0,39906364.23529412,9928222.11764706,47070991.058823526,2980924.2352941176,9399356.235294119,60.35294117647059,100.11764705882354,3.176470588235294,332.94117647058823,3.2941176470588234,52.705882352941174,2.7058823529411766,549.8823529411765,72.23529411764706,28.352941176470587,0.004728707522578694,0.009254389421411413,0.04953130759376374,0.004840598623492904,0.0046,0.24655470346554875,0.00474024437119458,0.005670692836676703,0.012788572821025544,0.004681259278090568,0.0
