time,adservice_cpu,cartservice_cpu,checkoutservice_cpu,currencyservice_cpu,emailservice_cpu,frontend_cpu,main_cpu,paymentservice_cpu,productcatalogservice_cpu,recommendationservice_cpu,redis_cpu,shippingservice_cpu,adservice_mem,cartservice_mem,checkoutservice_mem,currencyservice_mem,emailservice_mem,frontend_mem,main_mem,paymentservice_mem,productcatalogservice_mem,recommendationservice_mem,redis_mem,shippingservice_mem,adservice_load,cartservice_load,checkoutservice_load,currencyservice_load,emailservice_load,frontend_load,paymentservice_load,productcatalogservice_load,recommendationservice_load,shippingservice_load,adservice_latency,cartservice_latency,checkoutservice_latency,currencyservice_latency,emailservice_latency,frontend_latency,paymentservice_latency,productcatalogservice_latency,recommendationservice_latency,shippingservice_latency,frontend_error
1685266710,2.8896425682790463,6.561335233870257,1.2252085088250282,19.494654487234133,0.8518506638031346,18.27316680152888,17.311957456382068,2.631014155652955,11.714472172513746,12.495708167570694,0.28047286118969983,0.8736635083656712,100872192.0,59617484.8,12319744.0,38863257.6,42668032.0,24918425.6,136876032.0,38716416.0,9923788.8,50409472.0,3016294.4,9772441.6,43.3,69.2,2.1,211.4,1.9,30.6,2.2,378.2,49.4,18.6,0.08800125371680766,0.22516771235562233,0.7647121212121213,0.1956831024858968,0.0046,4.279056490542304,0.038125,0.2049953760323176,0.2381788417857762,0.04517888783818021,0.0
1685266740,3.0133507116847946,6.124904213400497,1.0583053826873399,18.44991486150236,0.8469106528422873,18.470463356322785,16.43637650381881,1.784008023113936,13.311553159762457,12.335389718067441,0.2799170838715718,0.8886969390309442,100985787.73333333,59642538.666666664,12487475.2,38869538.13333333,42668032.0,25486813.866666667,136876032.0,38823253.333333336,10189892.266666668,50409472.0,3014792.533333333,9744930.133333333,36.733333333333334,63.733333333333334,1.6666666666666667,225.26666666666668,1.9333333333333333,31.343866666666667,2.066666666666667,386.70323333333334,47.6,21.333333333333332,0.08568939377638081,0.19507395957099988,0.6756579137916348,0.19590013425698005,0.004600000000000001,4.2887706710634435,0.03892142857142858,0.20759485277768777,0.22889588826795218,0.043464534978451354,0.0
1685266770,2.881369929158072,6.179161918318673,1.120619607121932,19.285507745530264,0.88539050205109,18.546387983337294,16.997100203666907,1.6382982143308304,11.328953012420264,13.712914227769737,0.28325303888813,0.9239258920869369,100872192.0,59685410.13333333,12135628.8,38665147.733333334,42668032.0,26284851.2,136876032.0,39202542.93333333,9941811.2,50409472.0,3075686.4,9906585.6,33.60693333333333,53.666666666666664,2.2,206.4214,2.066666666666667,33.46666666666667,1.8,353.26666666666665,50.0,18.266666666666666,0.08322969327373662,0.1762064364967095,0.48408245891564367,0.207772204015763,0.004600000000000001,4.381400276042017,0.03925348679098679,0.20811237728617255,0.22618481427702783,0.044274291084886265,0.0
1685266800,2.5243684758823437,6.233581930205001,1.0612392117782528,20.21145854707658,0.8385643234024844,18.31087716055187,17.79404792431298,2.036573986727598,9.79609605951286,12.967720358005105,0.27776361132085053,0.8968444542147502,100875468.8,59635302.4,12078148.266666668,39305352.53333333,42668032.0,25725474.133333333,136910984.53333333,39409117.86666667,9930888.533333333,50409472.0,3135078.4,9842141.866666667,39.07873333333334,64.73333333333333,3.4,216.35223333333334,3.2,34.46666666666667,3.0,356.82093333333336,42.66706666666666,19.787733333333332,0.08422788000978323,0.20733381616377997,0.5363931226166334,0.21627014838874745,0.004600000000000001,4.481640812659657,0.037125475912975915,0.21054298293395188,0.23164614565630975,0.04876149864765724,0.0
1685266830,2.467989764032465,5.989394779045003,1.1356285283464234,19.464501429066804,0.88439441973876,17.686769651704022,16.35749152327485,1.3317690941798692,11.151708214901943,11.44101835511979,0.29743053353011306,0.9756224472776808,101026747.73333333,59584785.06666667,12086476.8,38873907.2,42668032.0,24214869.333333332,136941568.0,39263436.8,10059776.0,50445926.4,3014656.0,9514461.866666667,52.44233333333333,90.4963,3.6,278.52750000000003,4.0,46.93333333333333,3.6666666666666665,503.84863333333334,65.36346666666667,28.797900000000002,0.08641191055065019,0.21755027890764247,0.7367444777444778,0.20587253308542025,0.004600000000000001,4.33139419953479,0.039533035714285715,0.20520681596296556,0.2323015221502604,0.046596888712152396,0.0
1685266860,2.181906748147356,5.53966857989913,1.3865856265464065,11.395662688917415,0.8929161264302544,17.41014465772359,10.982492448466967,0.7144824534808613,10.413898453098314,8.496145420117204,0.45970761377648356,1.2149477357239844,101031936.0,59681450.666666664,12220825.6,40505890.13333333,42668032.0,22493866.666666668,136941568.0,39263436.8,9927338.666666666,50413568.0,3128251.7333333334,9542178.133333333,57.86666666666667,98.46666666666667,3.8666666666666667,309.06666666666666,3.6666666666666665,52.93333333333333,4.0,565.5920666666666,74.46666666666667,28.866666666666667,0.0490165021422216,0.1335484275417601,0.5924007936507939,0.11555282855406607,0.004600000000000001,2.8333981651606677,0.026017911255411273,0.12051020077460856,0.16454271381771382,0.024594521203182784,0.0
1685266890,1.6905165318138673,6.901017638002206,1.4479666378049743,8.633548888606779,0.8668138355984104,19.038810099388503,7.884143848609079,0.4272418735931215,10.432183651167886,6.629332857376373,0.5897432855319752,1.355976767652591,100858675.2,59720499.2,12205533.866666667,41947955.2,42670353.06666667,22549572.266666666,136941568.0,39269307.733333334,10149068.8,50409472.0,3046058.6666666665,9489749.333333334,59.8,103.13123333333333,3.9989666666666666,320.3979,3.7983,52.86666666666667,3.8656333333333333,591.8656333333333,76.8,30.797900000000002,0.005103087798501395,0.010681465878115933,0.08580160782565156,0.006628141169559631,0.004600000000000001,0.306585429300653,0.005912703876490283,0.006068708333151684,0.012324292404471446,0.004844919711924067,0.0
1685266920,1.883515137730026,7.22341925744901,1.4613024713660314,10.572022889393537,0.9295386799587351,19.00685190302074,9.653482488256463,0.5347720633881375,10.940745741080214,7.856482970129382,0.5443024128090207,1.2679514296438643,100566903.46666667,59755178.666666664,12196522.666666666,40663313.06666667,42668032.0,23539985.066666666,136941568.0,39549610.666666664,10024277.333333334,50409472.0,3029674.6666666665,9592149.333333334,41.2,70.93333333333334,2.7333333333333334,227.53333333333333,2.7333333333333334,32.8611,2.6666666666666665,391.4586,50.4,20.2822,0.0190408106820674,0.03768428851123215,0.1435989871473065,0.03864853274931852,0.004600000000000001,0.9612379707165807,0.008265593308245289,0.03750469519994347,0.06763706885833873,0.0111321279046562,0.0
1685266950,2.6051346122835017,6.739418428670277,1.230990681933277,17.027129331032885,0.8438993850932172,18.65912006677973,15.910116752337727,1.1014506665767998,10.706765838899049,11.360991970241251,0.3452949461563038,1.0019138167691102,100648960.0,59700565.333333336,12088115.2,39195852.8,42668032.0,24846336.0,136941568.0,39768337.06666667,10235084.8,50409472.0,3012881.066666667,9655637.333333334,34.922000000000004,68.46666666666667,3.6,208.06666666666666,3.6666666666666665,34.53333333333333,3.7333333333333334,368.73333333333335,45.13333333333333,17.333333333333332,0.06469313932313847,0.12468611944947629,0.489833148344977,0.16649688958374081,0.004600000000000001,3.6061319867095016,0.02997407076719577,0.1661495501536817,0.20183197675148207,0.03851078988323976,0.0
1685266980,3.1971914153240495,5.4545218156587545,1.1689382974126106,18.855652847116435,0.8624005618896964,18.59379428070888,16.985640458939635,1.5383732082402406,10.870261363558516,12.209707494547306,0.26936212489169853,0.8895301052450237,100775662.93333334,59671347.2,12351351.466666667,39621973.333333336,42668032.0,25877708.8,136941568.0,39800012.8,10067421.866666667,50409472.0,3012744.533333333,9640618.666666666,48.733333333333334,69.66666666666667,2.1333333333333333,204.0,2.1333333333333333,30.4,1.9333333333333333,369.6,46.06666666666667,18.8,0.082902900411233,0.17553195414365513,0.7710715081487141,0.20903434795984627,0.004600000000000001,4.400327154205249,0.04243660714285714,0.2118448530771055,0.2294641867837791,0.04408892094637811,0.0
1685267010,2.4339486132660677,6.118822009160049,1.156170816301462,19.592997553420155,0.8403952835527695,18.260835731736652,16.649395221264264,1.7172869767728145,11.978597797515286,13.180476874432852,0.2828089044770161,0.9033964226596599,100813892.26666667,59705753.6,12300424.533333333,39062732.8,42668032.0,25834018.133333333,136945527.46666667,40225314.13333333,10119850.666666666,50409472.0,3097395.2,9526476.8,44.0,69.06666666666666,2.1333333333333333,198.86666666666667,2.2666666666666666,31.666666666666668,2.3333333333333335,399.53333333333336,53.4,21.333333333333332,0.08874386071736919,0.17834226518607896,0.7333066239316239,0.2100846219521873,0.004600000000000001,4.379092391173094,0.041519761841472366,0.21168576620946095,0.23501907619713075,0.04589732648021647,0.0
1685267040,3.053849938227673,6.735957958434034,1.0719330072933153,19.443698758048633,0.7927043575159282,18.272450225033857,18.673961682333466,1.3691077733410972,12.085714519613033,14.256470134367548,0.2843037329865799,0.8768685230528294,100876288.0,59718041.6,12147916.8,38877184.0,42668032.0,25089911.466666665,136945664.0,39968904.53333333,10082440.533333333,50409472.0,3019980.8,9573580.8,39.4,70.8,2.6,213.66666666666666,2.7333333333333334,34.46666666666667,2.6666666666666665,378.53333333333336,50.4,20.266666666666666,0.0870833038613274,0.18553680619557325,0.5222014513326471,0.2038885187871041,0.004600000000000001,4.15310189339966,0.03962404031154031,0.21212598439084235,0.2319176056337642,0.04855655009057421,0.0
1685267070,3.2219136377226616,6.753862787332315,0.9942641693076685,19.072262403998543,0.8256822731715445,18.00714876918693,17.541272805143908,1.240854396726835,11.859123604990538,13.716651369215734,0.27766237565628255,0.9086751349707257,100911786.66666667,59771426.13333333,12146278.4,39013580.8,42668032.0,25771485.866666667,136948121.6,39948288.0,9941265.066666666,50409472.0,3056708.2666666666,9663965.866666667,41.333333333333336,59.8,3.4,208.13333333333333,3.533333333333333,31.1639,3.2,371.23763333333335,48.53333333333333,19.333333333333332,0.08244364164710524,0.17655893124364852,0.48678553757647225,0.2018626230200716,0.004600000000000001,4.072744434680402,0.03639302248677248,0.20794402162549463,0.22427886189759327,0.046594054724081575,0.0
1685267100,3.6164836395457085,7.473295568345202,1.0850641684105349,18.28551661664692,0.8222389149809811,17.945303968921866,18.33060160391779,1.6140182784173178,11.17581235628932,13.239688221316616,0.2805844625433707,0.9116481628714402,100929536.0,59763370.666666664,11988718.933333334,39129088.0,42668032.0,25349461.333333332,136958088.53333333,40137250.13333333,10026188.8,50409472.0,3147093.3333333335,9714346.666666666,36.333333333333336,64.4,2.1333333333333333,180.86666666666667,2.2,33.4,2.1333333333333333,369.8,49.666666666666664,18.533333333333335,0.08744159731645734,0.17050209734375302,0.46550150834840603,0.20709467232138817,0.004600000000000001,4.053156513527709,0.02659754515198063,0.19280061531322815,0.22435697167288451,0.04722055524669216,0.0
1685267130,2.8253876884328637,7.2126254817926245,1.1675980534426968,15.787069488066388,0.7958988838898624,17.924946429940686,17.691581520916404,1.1998618859621188,11.886776136139014,12.849950630911989,0.29954833322378166,0.977056458551336,100906598.4,59763780.266666666,12305203.2,39360921.6,42668032.0,24557977.6,136965870.93333334,40025292.8,10111385.6,50409472.0,3127978.6666666665,9383389.866666667,57.38166666666667,94.42626666666666,3.7333333333333334,313.2237666666667,4.067200000000001,44.333333333333336,3.534,533.4657333333333,68.13333333333334,27.0,0.08466910251599744,0.19525571926842059,0.45651656309925404,0.19649680110397438,0.004600000000000001,3.7116446930106077,0.025606910936417576,0.1753336449550393,0.22123096589744165,0.046305050157926284,0.0
1685267160,2.061803558722913,5.601456458205601,1.3802101874764134,10.817224651323086,0.9100386423255463,17.81914650319227,11.749265536068181,0.725840531114877,10.422933690675121,8.18356620626989,0.4776012478840434,1.2231636711469993,100934178.13333334,59680358.4,12313804.8,40248797.86666667,42668032.0,22404710.4,136970240.0,40205516.8,10080392.533333333,50409472.0,3024759.466666667,9690043.733333332,61.86666666666667,101.06666666666666,3.4,310.2,3.4,50.333333333333336,3.466666666666667,574.9333333333333,75.0,27.0,0.04770649560483109,0.14286768069166603,0.36737349456099455,0.1099838068751137,0.004600000000000001,2.3223453834590186,0.01664021687883075,0.09545126851363246,0.15494085393249327,0.022232264591498185,0.0
1685267190,1.7636430748355825,6.264540147333284,1.5351654969891164,8.322022559434895,0.9097399969404528,18.677573831337156,7.980298976737248,0.44369580135395736,9.955060794865268,6.5662917537144665,0.5884294203330954,1.3527069546617416,100891033.6,59816072.53333333,12192426.666666666,40722705.06666667,42668032.0,22521856.0,136970240.0,40341504.0,10008166.4,50409472.0,3084288.0,9459848.533333333,59.333333333333336,97.86666666666666,4.533333333333333,305.8666666666667,4.3351,51.93333333333333,4.466666666666667,574.3281666666667,74.52816666666666,31.110366666666668,0.005813020904084535,0.014352663787834204,0.06971622408272656,0.007175206212190167,0.004600000000000001,0.3254344282753264,0.004659594707134265,0.006486263126096971,0.013157023921432679,0.004900632290392478,0.0
1685267220,1.8238964568640972,7.162845231785757,1.4946765709536358,9.177005877811983,0.8785797912000217,19.1121229505704,9.087749507719545,0.4760522040888502,10.297485416949582,7.864261851398471,0.5422314295444086,1.2341582016671675,100787814.4,59792042.666666664,12124160.0,39556573.86666667,42668032.0,23405090.133333333,136970240.0,40820053.333333336,10178560.0,50410837.333333336,3102310.4,9544908.8,38.733333333333334,67.26666666666667,2.2,209.0,2.2666666666666666,31.333333333333332,2.2,385.26666666666665,53.0,18.666666666666668,0.019366963034950335,0.03472844824112149,0.1394412544726597,0.034906361926186354,0.004600000000000001,0.9130487177597882,0.0072226042211756564,0.03931450195032391,0.059903296997251027,0.009357527682386266,0.0
1685267250,2.518910414496792,7.420288464592188,1.1838608925059715,15.39468634977968,0.8166903435837541,18.531454295829004,15.519380178909607,1.4644039928653605,10.232867743857422,12.070041926933408,0.35432957720253905,1.0207822925631398,100684595.2,59833002.666666664,11955677.866666667,39196398.93333333,42694246.4,24569582.933333334,136970240.0,40583168.0,10320008.533333333,51538056.53333333,3154466.1333333333,9533576.533333333,42.92503333333333,64.2603,1.1333333333333333,206.8238,1.2,34.266666666666666,1.2,398.3602333333334,50.4619,19.066666666666666,0.06048427469731781,0.12236122794786945,0.43693642817628625,0.14315514616551747,0.004600000000000001,3.2602591189213728,0.023049155089836206,0.17414881007113844,0.202233200460925,0.03318289956572365,0.0
1685267280,3.131377436354336,7.659197569098996,1.0144512105932277,16.1698715448773,0.8272076417743188,18.25359681266654,17.910894620816556,2.2636604764710495,11.208907802194359,13.926007044343676,0.2855707215630635,0.8993508654100827,101004083.2,59743846.4,12133580.8,39220292.266666666,42683323.733333334,26203613.866666667,136988672.0,40768853.333333336,10235221.333333334,50559931.733333334,3041689.6,9586414.933333334,38.6,70.46666666666667,1.6,200.26666666666668,1.6,33.266666666666666,1.8,366.06666666666666,49.733333333333334,20.133333333333333,0.08252405245418082,0.171900035494238,0.48258806171828617,0.1985484107935874,0.004600000000000001,4.266073682305259,0.03463194444444444,0.20997312947648217,0.23444575550932348,0.044756161256581155,0.0
1685267310,3.141471503864524,5.887738745810867,1.0269518663514194,17.830963028573137,0.7940983149338374,18.30411164802922,17.03321108478317,2.595205395086828,12.470451810064429,13.054339133669089,0.2761068135480105,0.90621194261554,101073851.73333333,60466790.4,12257143.466666667,39069013.333333336,42668032.0,25796061.866666667,136990720.0,36470784.0,9909316.266666668,50770875.733333334,3098487.466666667,9535488.0,39.86666666666667,73.4,3.2,213.06666666666666,3.3333333333333335,36.13333333333333,3.2,368.6666666666667,49.8,21.066666666666666,0.08898172054960182,0.18426639982944373,0.4879007062915589,0.20473996686894794,0.004600000000000001,4.304111296742935,0.04025097125097125,0.2070516226692449,0.23484181157426195,0.048461746052650495,0.0
1685267340,3.086087979886002,5.8137605143889095,1.1329390719673718,19.145540897363297,0.8206266710167793,18.479413538894256,17.940019696335845,2.0201759785036457,12.499538984087298,12.105797102519594,0.2655901780817677,0.9249610228760915,101095287.46666667,59822899.2,12169216.0,38952140.8,42668441.6,26721894.4,136995635.2,35824435.2,10265668.266666668,51238365.86666667,3020390.4,9724723.2,37.08396666666667,65.66666666666667,2.466666666666667,215.26666666666668,2.4,33.333333333333336,2.2,375.8666666666667,48.46666666666667,19.066666666666666,0.0872397811218505,0.1830597141250627,0.4901705455807623,0.20865565667113775,0.004600000000000001,4.221940647617676,0.03831303418803418,0.201616015229999,0.22530468055900035,0.048324175512654756,0.0
1685267370,2.8580711567663863,7.013017744109708,1.092541027704616,19.182272753387636,0.8513232440846903,18.217993417953153,17.851988655523147,1.7007146536637023,11.843635352153399,11.79421084535893,0.29169905009438285,0.9293692776346842,101150720.0,59783577.6,12236390.4,39075840.0,42669943.46666667,26133845.333333332,137013111.46666667,35516142.93333333,10066329.6,50409472.0,3067221.3333333335,9715438.933333334,45.86666666666667,76.19866666666667,3.2658666666666667,214.5296,3.1992,35.8,3.2658666666666667,387.2581666666667,50.06426666666666,20.987933333333334,0.083468567843457,0.16659136914499845,0.4760163258414383,0.21024014191728188,0.004600000000000001,4.276432693711362,0.036520833333333336,0.2018423281365061,0.2237347647799818,0.044865869819994166,0.0
1685267400,3.0168528361500124,6.926831753117765,1.1784758056102498,18.21781677860857,0.8829571265539864,17.23596509716246,18.277954426300195,1.6324722826050826,11.439849088019226,12.826905500952682,0.28652916161060227,0.9482181781101107,101507072.0,59088896.0,11924002.133333333,38986274.13333333,42669260.8,25367347.2,137025945.6,35536486.4,10423637.333333334,50409472.0,3171669.3333333335,9800362.666666666,34.72936666666667,54.79683333333333,2.0,187.46626666666668,2.0,31.0,2.1333333333333333,364.37136666666663,46.52976666666667,17.332133333333335,0.08668097301216875,0.18801190088743677,0.5169011077730574,0.20574384339649354,0.004600000000000001,4.295524982082463,0.038675029627235506,0.2042786960151241,0.2274885937536696,0.04606960327472296,0.0
1685267430,2.865408309057966,5.637710413872076,1.1349600105111668,16.5039102586448,0.8023621266825037,18.236539030104087,16.05031093914819,1.0543691734018417,12.186581609311235,12.170804643875886,0.2963039949811502,0.9785187083960106,101177344.0,58904166.4,12078284.8,39001975.46666667,42668032.0,23394986.666666668,137059805.86666667,35606391.46666667,10092953.6,50409472.0,3063944.533333333,9462033.066666666,54.266666666666666,91.46666666666667,3.4,279.3333333333333,3.1333333333333333,49.4,3.3333333333333335,522.6666666666666,70.13333333333334,27.015066666666666,0.08444047471370017,0.20867037512856998,0.7469576719576719,0.20426828012146203,0.004600000000000001,4.378572096254228,0.03990838246720599,0.1993645300264413,0.22748908897250048,0.04280859058026743,0.0
1685267460,2.2362856380036553,5.676041097182864,1.538148944410723,11.431931111097386,0.8800053109797364,18.042628530483114,11.086365776002227,0.6008721046553627,10.533082594219396,8.532539843842379,0.47189417034964215,1.2688199459426277,101034120.53333333,58938572.8,12175769.6,40439808.0,42668032.0,22437614.933333334,137072640.0,35645849.6,10173917.866666667,50409472.0,3019025.066666667,9607304.533333333,59.4,101.8,4.066666666666666,307.1827333333333,3.8666666666666667,54.06666666666667,4.066666666666666,583.6666666666666,76.8,32.59193333333334,0.04839372573801432,0.11494093859483133,0.4740923890923894,0.13573717635574503,0.004600000000000001,3.411900430671536,0.024665420240137237,0.12136980605881945,0.1654078328499139,0.021203494093452197,0.0
1685267490,1.682743847444106,6.701078711967935,1.5558916017498747,8.481521347611473,0.9088348717263742,18.80648653266429,8.045853767253336,0.4412916639943542,10.618284712715122,6.879915609102578,0.578855681922778,1.4128300669306095,100891852.8,58970931.2,12226833.066666666,39261798.4,42668032.0,22523904.0,137072640.0,35796582.4,9868902.4,50409472.0,3052612.2666666666,9539310.933333334,57.0766,94.08359999999999,2.8002666666666665,309.3824333333333,2.7333333333333334,51.6,2.6666666666666665,531.0912333333333,70.21396666666666,28.603766666666665,0.005044940737765527,0.00867835021102448,0.0758876532843045,0.0068549690666402,0.004600000000000001,0.2860828793107715,0.004695231240471948,0.005803238442708073,0.01338707007587355,0.004713698935444796,0.0
1685267520,2.0511354083501896,6.510996619638421,1.4920668164380373,10.11944461190086,0.8966243282572957,18.203937382218935,9.40859440004022,0.695688500402393,9.694554828409823,7.707476291446105,0.5375667629142092,1.2470851348129435,100845431.46666667,59150882.13333333,12395042.133333333,40955767.46666667,42719095.46666667,24380620.8,137087385.6,35453610.666666664,10060322.133333333,50409472.0,3203481.6,9587916.8,35.733333333333334,74.73333333333333,2.933333333333333,239.53333333333333,3.0,35.93333333333333,3.066666666666667,386.0,54.53333333333333,19.739966666666664,0.020144062105890575,0.03890817201883845,0.1693069402548632,0.046791045293135027,0.004600000000000001,1.0560233482286747,0.008356073531246783,0.04142643342494461,0.06920176356342704,0.011466844704875396,0.0
1685267550,3.2806073312541355,6.605156421375392,1.3656432928093514,16.99865720964429,0.836195137460427,18.587089039672655,15.711589580763228,1.8348385798683537,10.45739637103538,11.736493620115404,0.3658764195807523,1.03930001914537,101093785.6,59029777.06666667,12368281.6,39282414.93333333,42671035.733333334,25285700.266666666,137120153.6,35531980.8,10158216.533333333,50409472.0,3029128.533333333,9646899.2,35.40323333333333,73.07556666666666,3.8016333333333336,234.39163333333332,3.6666666666666665,38.53333333333333,3.8,374.81836666666663,50.542233333333336,20.405666666666665,0.07121923873057678,0.09761207826373576,0.46253056137583576,0.1750764237074056,0.004600000000000001,3.682840511053335,0.023366335706287426,0.16664975581569816,0.2013483853466524,0.03986300788804536,0.0
1685267580,2.8151876416306254,7.721644352349583,1.1908263276113804,17.530650170488354,0.8266997191929811,17.788913776712885,18.456379260430875,1.871020435242966,11.331012644846423,12.73129356415751,0.29594242080935923,0.899495020641205,101157819.73333333,59001514.666666664,12249497.6,39117892.266666666,42668032.0,25256618.666666668,137122611.2,35841092.266666666,10931677.866666667,50409472.0,3094254.933333333,9466675.2,40.93333333333333,73.4,2.2666666666666666,214.93333333333334,2.2666666666666666,33.6,2.466666666666667,378.0,48.333333333333336,20.133333333333333,0.0825781841697393,0.15749559936110824,0.493939938733957,0.20420578010904525,0.004600000000000001,4.126808307083741,0.025019210120853192,0.20305972784644724,0.22356047738174198,0.045938699464342626,0.0
1685267610,2.3921822494767833,6.482985571262505,1.1958799337146866,18.97601345757952,0.8879645507687494,18.005248999958134,18.41842702652838,2.2033848619413123,11.053385912436148,12.3731989363336,0.2891904238946032,0.9580157026733916,101171200.0,59083434.666666664,12179319.466666667,38795264.0,42772889.6,25307545.6,137129984.0,35786478.93333333,9955191.466666667,50410837.333333336,3194333.8666666667,9461486.933333334,36.4,71.33333333333333,2.533333333333333,206.86666666666667,2.466666666666667,34.80866666666667,2.466666666666667,389.19736666666665,51.0,19.933333333333334,0.07928443147337728,0.18222435999431258,0.48013758009859653,0.19625524914201742,0.004600000000000001,3.693844039959069,0.02557520703933748,0.19880458764527342,0.22004117670987158,0.04378138345796318,0.0
1685267640,2.575282347996928,6.655064193325093,1.2996834194949938,19.966638687692562,0.8286643291964135,17.660909902223864,18.709295940462347,2.0628330022484223,10.93231963375228,12.389164302316564,0.28014938678341594,0.9171903417628074,101213388.8,59023769.6,12100949.333333334,39109427.2,43508667.733333334,25555353.6,137129984.0,35695001.6,10100189.866666667,50441147.733333334,3054523.7333333334,9359086.933333334,41.333333333333336,73.93333333333334,2.0,212.06666666666666,2.0,32.13333333333333,2.1333333333333333,392.2,48.06666666666667,19.666666666666668,0.08154804944365106,0.17293282871943688,0.4787205978357292,0.1993620814885161,0.004600000000000001,3.7743364039368243,0.035655687830687836,0.19924825856138095,0.22163029783546156,0.043476619010210334,0.0
1685267670,2.6998310123357667,7.295757217436589,1.0469978733015126,17.358809430074828,0.8160456973279193,17.820703766209718,17.4856989256985,1.427476458146548,11.977802570346872,13.674326003917907,0.2897729531827333,0.9443577084799233,101178436.26666667,59037013.333333336,12027494.4,38607530.666666664,42669943.46666667,25661986.133333333,137129984.0,35622229.333333336,10043255.466666667,50425173.333333336,3079782.4,9598976.0,44.666666666666664,69.73333333333333,3.4,209.8,3.3333333333333335,34.713899999999995,3.466666666666667,387.30483333333336,50.2,21.934666666666665,0.0796860219494905,0.15691781594024257,0.4645728389994946,0.2008379688025406,0.004600000000000001,3.9697271408608454,0.03949276094276095,0.20307282691902298,0.23028484315362557,0.042552011312084796,0.0
1685267700,2.8629659619827583,6.909983793352094,1.0868598355557177,16.55172137737582,0.8261898017679205,18.421102434521636,18.230037318578546,1.4260248663364377,11.826385507313583,12.466766792306318,0.284013817254782,0.8927207258725767,101265817.6,59003426.13333333,12138769.066666666,38715938.13333333,42668168.53333333,25234773.333333332,137129984.0,35565021.86666667,10162449.066666666,50409472.0,3095620.2666666666,9621504.0,42.46666666666667,66.73333333333333,1.8666666666666667,195.66666666666666,1.8666666666666667,32.06666666666667,1.8,385.46666666666664,52.93333333333333,19.4,0.07926296302841358,0.1641648720564871,0.45560367092191156,0.20164688731014213,0.004600000000000001,3.9914186611074625,0.041524184149184136,0.1975342857640248,0.2329748066088023,0.04333690612318499,0.0
1685267730,3.075600934357559,6.025181019124562,1.1472595742730043,15.210528198359702,0.8733282468278687,18.255002289907956,16.891990992895753,1.3612765800309055,11.264926392010137,11.663062759470755,0.3173469625007883,0.98148249827878,102155332.26666667,58988134.4,12289774.933333334,38776832.0,42668032.0,24588561.066666666,137129984.0,35522969.6,9877367.466666667,50409472.0,3164023.466666667,9598976.0,55.274766666666665,90.33333333333333,4.2,291.0048666666667,4.133333333333334,47.166666666666664,4.133333333333334,528.6029333333333,68.8,27.465899999999998,0.08168445117349678,0.16011079268271527,0.4440970443290843,0.19499565911469466,0.004600000000000001,4.0192426716002805,0.036880032869706786,0.18936022190106222,0.22615300236036934,0.0445295370309182,0.0
1685267760,2.3409454198264195,6.271932175936232,1.4674652343136283,11.202551487729467,0.9229306244240539,18.75114154101592,10.488598279297083,0.6026913382203534,10.364715113449819,8.370618722986737,0.4732638878692284,1.212918619472269,101061290.66666667,59042201.6,12140270.933333334,40478310.4,42853990.4,22489224.533333335,137129984.0,35751936.0,9923652.266666668,50409472.0,3145181.8666666667,9579997.866666667,55.937400000000004,91.60303333333333,3.6666666666666665,316.00316666666663,3.3333333333333335,53.13333333333333,3.7333333333333334,543.0864,68.80303333333333,30.200266666666668,0.049144718949797314,0.09079796089178761,0.3078189098182519,0.10760483420388026,0.004600000000000001,2.8663104597643128,0.01934345630215195,0.1183696145359003,0.15614224645260366,0.02472365170851494,0.0
1685267790,1.674273695133944,5.942876698723423,1.736809918882777,8.36359570253286,0.9323999518487681,18.684859838509297,7.625732345863567,0.4553721267696437,10.168594273647683,6.57297311455561,0.5664566473155538,1.329518737914424,100859084.8,59153612.8,11890824.533333333,39622656.0,43724390.4,22620296.533333335,137129984.0,35479688.53333333,9997926.4,50409472.0,3035409.066666667,9485516.8,63.489066666666666,101.60210000000001,3.4,305.08163333333334,3.8,52.690333333333335,3.2666666666666666,590.8366,78.05976666666668,30.8648,0.0047057340350907416,0.010132125070700958,0.05466290292120691,0.0053460806273488825,0.004600000000000001,0.320136682938862,0.005061932699622924,0.005156898036893927,0.011035286306543674,0.0047212671164533525,0.0
1685267820,2.4191825491331937,5.719405118790893,1.499472291236675,9.897066136973903,0.8764760809810943,18.661767831202162,9.462378254187103,0.5832962826101863,10.560895954419282,7.224938359830422,0.5634723952536222,1.2853168870933684,101211204.26666667,58933111.46666667,12108595.2,39738572.8,42730700.8,23346653.866666667,137133533.86666667,35422344.53333333,10067968.0,50409472.0,3084288.0,9461760.0,41.06666666666667,74.86666666666666,3.2,240.13333333333333,3.2,38.666666666666664,3.2666666666666666,410.0,55.86666666666667,21.533333333333335,0.01788398201981639,0.033139729505675626,0.1424068356798055,0.03505430997552364,0.004600000000000001,0.8797966535214263,0.008352492185064338,0.03670964605727636,0.06016797334714166,0.009746108384557682,0.0
1685267850,3.0833691011986066,5.89373205360608,1.114804851470335,18.04808291091944,0.8433053389604764,18.319221946888668,15.97242941394041,1.4457290882851277,11.921862257501664,11.926752373046442,0.37106539091544805,1.0486198665466833,101050641.06666666,58931336.53333333,11994453.333333334,39369796.266666666,42668032.0,24223197.866666667,137138176.0,35795080.53333333,10237952.0,50602803.2,3080601.6,9683626.666666666,41.06666666666667,69.6,2.533333333333333,217.86666666666667,2.8,34.666666666666664,2.533333333333333,385.53333333333336,51.53333333333333,21.266666666666666,0.06104550829588994,0.10508267630321177,0.44016584967320266,0.1358717545145501,0.004600000000000001,2.3719353522135553,0.031203661616161633,0.14802266945704443,0.20040544043227398,0.0349431318620449,0.0
1685267880,2.694483869691136,6.588591760036012,1.1197012367427077,20.745562232448915,0.8641102510108783,18.180937927706864,18.032833023956908,1.7905239129649955,11.550999809767768,13.3710217012957,0.29497071284601295,0.9524477059747877,101048320.0,58945536.0,12161160.533333333,38952823.46666667,42668032.0,24936174.933333334,137149644.8,35900893.86666667,10572049.066666666,50409472.0,3060121.6,9547229.866666667,39.73413333333333,78.27123333333334,2.933333333333333,222.2142,2.6666666666666665,39.86666666666667,2.466666666666667,368.2192333333333,49.936,20.727666666666668,0.0772274759555327,0.13834033785568225,0.4734717941969153,0.20147053655604644,0.004600000000000001,3.5470850178006423,0.0398629675879676,0.19013598637817344,0.22157273385226223,0.045275632202620424,0.0
1685267910,3.160716547780977,6.627320028286005,1.1943504458767784,20.228467322168072,0.8475411729324035,18.711221902874343,17.795725326196575,1.459226939614974,11.360380881098893,12.348968836804852,0.29088941654617007,0.9372777333504215,101234551.46666667,59013256.53333333,12154470.4,38889881.6,42668032.0,24930030.933333334,137283584.0,35375786.666666664,9992328.533333333,50409472.0,3014929.066666667,9649766.4,38.807,72.9807,2.4858666666666664,197.9343,2.466666666666667,32.206133333333334,2.3335999999999997,374.39643333333333,45.381433333333334,19.726133333333333,0.07875626639899078,0.1433064835766525,0.46992113155194554,0.21117019190733774,0.004600000000000001,4.234583752292556,0.035365135327635334,0.2020609016483443,0.22001318675980688,0.04473773173461785,0.0
1685267940,3.1323807411305014,5.985010582662243,1.1437300568322475,18.90810378405164,0.852527547308045,18.743109606215395,18.10887136516357,1.6634933229211053,11.292287833493386,12.758690152962266,0.28501385419234615,0.9274939428711876,101209565.86666666,58972569.6,12224102.4,39098504.53333333,42668032.0,24607266.133333333,137342976.0,35643255.46666667,10261845.333333334,50409472.0,3093026.1333333333,9524155.733333332,41.089933333333335,68.12473333333334,1.5994666666666668,209.71936666666667,1.6669333333333334,35.11946666666667,1.7342666666666666,371.02233333333334,51.00106666666667,20.1888,0.08162004074319502,0.1580309444845575,0.4714867391031858,0.20560864114140118,0.004600000000000001,4.275068699279865,0.037308226495726494,0.20584760408652836,0.21954522353991393,0.04398403991554175,0.0
1685267970,3.10094026368305,6.830718192379311,1.1515102605788112,18.431481825877793,0.8279459487796609,18.024945555985635,17.4457779153123,1.5843120886928823,11.738415725656264,13.495577643031284,0.29010718762293203,0.9416641638341078,101851409.06666666,58957824.0,12051660.8,38738875.733333334,42668032.0,25486813.866666667,137342976.0,35357764.266666666,10118485.333333334,50409472.0,3029947.7333333334,9482240.0,39.733333333333334,68.33333333333333,2.8,210.2,3.066666666666667,33.0,3.0,397.6,52.0,22.466666666666665,0.08549816981647942,0.17392155385981037,0.5110948446884475,0.2029358083614582,0.004600000000000001,4.21530819738033,0.04087400793650793,0.20237753872480505,0.23506546912511384,0.046251387004941504,0.0
1685268000,3.272656165766113,7.638797817644226,1.2481825055975968,19.695819627519832,0.7884944254819283,17.93574364710394,19.294933546265572,1.7132351778248887,13.183330915951723,13.065224055634092,0.30282474805330956,0.9641865746693485,101486592.0,59044795.733333334,12067089.066666666,38811648.0,42668032.0,25600273.066666666,137342976.0,35773917.86666667,10108654.933333334,50409472.0,3198293.3333333335,9712571.733333332,35.735366666666664,64.12153333333333,3.0672,194.11633333333333,3.0005333333333337,32.638466666666666,2.6,380.18073333333336,45.655,19.91013333333333,0.08861410257550749,0.1702052793223132,0.5180768192501136,0.20402961165136285,0.004600000000000001,4.165423264461663,0.041139583333333334,0.2047281169981688,0.23841216928762285,0.046805968125053256,0.0
1685268030,2.7411972317755104,7.887895383902697,1.3270564287933526,16.481436402239463,0.8853594274137105,17.281251602227588,18.38557817639925,1.327562261576058,11.921916062790443,13.199296631616482,0.3122139138466088,0.9861945890971359,101422421.33333333,59105143.46666667,12304384.0,39010440.53333333,42670353.06666667,24475374.933333334,137347891.2,35386163.2,10057454.933333334,50417664.0,3049608.533333333,9463398.4,48.3792,102.94776666666667,3.3968,281.04763333333335,3.5996,42.0,3.3976333333333333,484.75963333333334,65.91686666666666,27.5298,0.08591448570278866,0.16927707620767687,0.4777868086583801,0.18865338315208044,0.004600000000000001,3.7567485619269383,0.03264951475727338,0.2002465976301018,0.22062983041221831,0.0410180923269063,0.0
1685268060,2.4887957420770905,6.509453241673719,1.4191080747662967,11.056291737614373,0.9013369581033658,17.909022759431974,11.776389422938403,0.7766395916676653,10.196468992473212,9.190823935063404,0.4627515745044068,1.271733992593419,101362892.8,58963012.266666666,12272708.266666668,40046182.4,42668032.0,22509977.6,137355264.0,35547682.13333333,9879688.533333333,50409472.0,3059985.066666667,9534395.733333332,59.33826666666666,100.74766666666666,4.4665333333333335,313.8186666666667,5.001066666666667,55.0565,4.6,592.4184666666666,75.91796666666667,33.905366666666666,0.04730962991257109,0.1387898390483762,0.36091681929181935,0.10580531306236628,0.004600000000000001,2.338120349057348,0.017637982443482445,0.12116848970606113,0.1434272037205053,0.021943786647188632,0.0
1685268090,1.7746134532021798,5.645030796099092,1.6938441261006154,8.239395089423756,0.9201435347455162,18.544860276856728,8.030665597832696,0.47663379533481687,10.07676847955167,6.528005659290239,0.5669897686099421,1.355171547562917,100971315.2,58942259.2,12032000.0,41344068.266666666,42668032.0,22940603.733333334,137355264.0,35942673.06666667,9947136.0,50410564.266666666,3135897.6,9584093.866666667,56.894133333333336,109.3177,3.9341333333333335,327.3207,3.932533333333333,49.4219,3.7333333333333334,566.3466000000001,73.49453333333332,30.678366666666665,0.005527856108082246,0.023695586191328482,0.05578997123252208,0.007536277256980553,0.004600000000000001,0.4100048765685735,0.004673275708389016,0.0065178849388429815,0.01307560726288118,0.00476665483422085,0.0
1685268120,1.8873919352125152,5.344537858886145,1.4989262839382818,10.037433784458583,0.9282849252457098,17.12190822441821,9.562947079041972,0.633707004619786,9.851727439279578,7.205001746055552,0.5052046134612147,1.2182474722905368,100751086.93333334,58959462.4,12015206.4,39101781.333333336,42744490.666666664,25160499.2,137364548.26666668,35703057.06666667,10549930.666666666,50409881.6,3086609.066666667,9694685.866666667,44.524633333333334,68.97563333333332,2.9631,225.53763333333333,2.933333333333333,34.14086666666667,3.0682666666666667,420.1837666666667,55.1613,20.266233333333332,0.02130764762346188,0.09959443918020376,0.27151851851851855,0.041092079671282436,0.004600000000000001,1.2326280260379219,0.01306009553005624,0.041021893735076316,0.07419463923354788,0.009516872133038236,0.0
1685268150,2.8263386418513514,4.5503352868690445,1.1681436757667114,16.579410705166122,0.8093138232548207,17.568731217294214,15.280895142926793,1.4669577316233884,10.956516710866081,10.986371980535784,0.3224295081946514,0.9933103832882131,100858948.26666667,58944580.266666666,12162252.8,39775436.8,42668032.0,25910340.266666666,137391854.93333334,35702510.93333333,10159718.4,50438144.0,3083195.7333333334,9526203.733333332,37.6409,68.65963333333335,2.065733333333333,212.23403333333331,2.0,36.13333333333333,2.0665333333333336,372.51779999999997,46.72796666666667,19.453866666666666,0.07944847660569682,0.36719401430259957,0.7943998350577298,0.16008944847849868,0.004600000000000001,3.484071951175442,0.036057659932659934,0.16424612922691717,0.22426562625731164,0.03625385392231549,0.0
1685268180,2.9740688553277006,5.8842635810786454,1.078297027265155,21.1368309291466,0.8609984881942874,18.213202887313557,20.036239791045894,1.2768275997758383,11.66201140634669,12.270704941442864,0.272005783278011,0.9351035430881165,100892672.0,58929152.0,12098764.8,39156531.2,42668032.0,25173742.933333334,137396224.0,35629738.666666664,10168729.6,50544366.93333333,3122380.8,9641437.866666667,39.6663,68.86223333333334,2.134533333333333,212.4404,2.134266666666667,31.5195,1.9333333333333333,359.8710333333333,48.20376666666667,20.203466666666667,0.09112218462944034,0.28029928907419305,0.8058606719790931,0.20473530932160058,0.004600000000000001,4.139150502339218,0.041905067155067165,0.2019484613390729,0.2402024026356898,0.0470836742628886,0.0
1685268210,2.998557946078516,6.720873468856145,1.0967938959373815,21.010314031800824,0.8517846146480158,18.231985844835023,17.685370770140217,1.5850471799417916,12.259318604420477,12.904965987181024,0.27728186326161897,0.914394382083965,100873147.73333333,58918229.333333336,12312029.866666667,38441779.2,42669806.93333333,24978500.266666666,137412881.06666666,35726131.2,10025642.666666666,50409472.0,3151052.8,9595562.666666666,37.202666666666666,72.85966666666667,2.4,200.69473333333332,2.2666666666666666,36.0567,2.1997333333333335,392.14966666666663,50.46346666666667,19.668033333333334,0.08699827230414377,0.1981772528773287,0.6035761261656692,0.20623027327019552,0.004600000000000001,4.122478705038328,0.0377579365079365,0.20306911191923552,0.23858278562452645,0.05558871292988705,0.0
1685268240,3.6632970866734507,5.59207267932872,1.0390863876039564,19.30050548861512,0.8298021625377838,18.86007442596996,18.682653012524604,1.7429040700562068,11.15193715641668,12.93714580260637,0.2710329186145934,0.9180243099158957,100890897.06666666,58996053.333333336,12131942.4,39411575.46666667,42668168.53333333,26509312.0,137482240.0,35696776.53333333,10169685.333333334,50409472.0,3087564.8,9440870.4,40.5871,67.95009999999999,2.0628,208.1252,2.0002666666666666,32.18066666666667,1.9336,374.4952,47.654466666666664,20.204066666666666,0.0896207666196742,0.19797848641125385,0.48924665058455413,0.20708555203406512,0.004600000000000001,4.189261330513621,0.03368244047619048,0.20523285971859379,0.24148341003955495,0.05659659311532676,0.0
1685268270,3.576535614199502,5.619375500861497,1.0281842698180093,18.934461198267687,0.8480205019268351,18.43459401904921,16.259317345647375,1.2991130497937573,10.845354764959435,13.929425270671759,0.27832600162547494,0.918047451621941,100944691.2,58932701.86666667,12102451.2,39279547.733333334,42727014.4,24627336.533333335,137482376.53333333,35894886.4,9880371.2,50409472.0,3018752.0,9501218.133333333,41.24943333333333,64.7172,3.0002666666666666,199.2488666666667,2.667466666666667,31.202066666666667,2.7341333333333333,371.7219333333333,53.1097,21.330533333333335,0.08500231911558652,0.16773115697533006,0.47875129547130857,0.21040742374147936,0.004600000000000001,4.321473794825635,0.0296718660968661,0.20860506961374856,0.23110069342212552,0.04803722389747979,0.0
1685268300,2.967033542589666,6.3131818205354415,1.155182683068179,18.913757247661977,0.8389956207103614,18.07656620288986,17.538948785939304,1.3220132753280704,12.184968953784326,13.104404298352359,0.2772430547189213,0.9229034429321056,100947012.26666667,58984038.4,11989811.2,38994329.6,42687692.8,25694208.0,137486336.0,35989913.6,9782067.2,50410973.86666667,3017932.8,9605939.2,43.8528,68.67093333333334,2.267733333333333,197.56393333333332,2.4,34.6873,2.1337333333333333,373.08683333333335,50.09466666666666,19.927466666666664,0.08256478242279308,0.20691042692662345,0.6751836679116092,0.21068093791834283,0.004600000000000001,4.284035299726488,0.03774179292929293,0.2068924677463175,0.23368521167700693,0.04605723250536196,0.0
1685268330,2.638883063760221,5.532704300337152,1.2037057281628678,17.297410990302968,0.8401921204731377,17.762057794681613,14.953109298265888,1.3420982145316178,11.754096571609464,12.60260847402183,0.3031188929700687,0.9438320858620293,100989064.53333333,59002880.0,12197478.4,38769868.8,42668032.0,24515788.8,137492889.6,35639978.666666664,10010350.933333334,50409472.0,3029947.7333333334,9531392.0,53.39896666666667,87.04643333333334,3.0672,271.7037666666667,2.9341333333333335,48.266666666666666,3.2021333333333333,507.1050666666667,65.21583333333334,25.8721,0.07758856489530827,0.22035369844371516,0.7629469696969698,0.19600820454101575,0.004600000000000001,4.063287571474817,0.03556259578544062,0.20108367356902812,0.23149222644995415,0.04243366715074991,0.0
1685268360,2.0238632173541635,5.4752893323909,1.4232444873833174,10.923108681362095,0.9107003452870528,18.05690133977542,10.33813201259548,0.8588601866416424,10.07815723223145,8.735100593875421,0.4731760812854783,1.2089974983185476,100996437.33333333,58953181.86666667,12561203.2,39034743.46666667,42668032.0,22144887.466666665,137498624.0,35816652.8,10149614.933333334,50409472.0,3060804.2666666666,9640209.066666666,63.682566666666666,100.5972,3.9343999999999997,334.2690666666667,4.0012,55.4767,3.9335999999999998,595.5526666666667,74.6724,32.07403333333333,0.04360898488274841,0.13397460360474778,0.4221336088747854,0.1062378855263545,0.004600000000000001,2.6357109058699053,0.01972594190093507,0.12856853333381538,0.15328660192858823,0.021659148535038565,0.0
1685268390,1.607112339504527,5.545482408308385,1.470790890121723,8.127721546433001,0.8964733798827677,17.76327791829076,8.03927640982999,0.4344537702232797,9.831785214034555,6.349101119488979,0.5547126391173433,1.295355523685448,100721732.26666667,58987861.333333336,12130713.6,41017617.06666667,42684279.46666667,22263125.333333332,137498624.0,35557922.13333333,10024004.266666668,50409472.0,3048516.2666666666,9626009.6,58.6055,93.3766,3.067466666666667,297.5212333333333,2.8002666666666665,52.1454,3.002133333333333,541.0888333333334,70.27929999999999,25.9363,0.005405725819477785,0.020580218372886958,0.06195606766276869,0.006906186230371434,0.004600000000000001,0.3906100438574821,0.00474839606853076,0.0070325786633030594,0.013934517545714382,0.004718837198426837,0.0
1685268420,1.8478170747202087,6.066432058074143,1.2161733451998578,10.316451240078871,0.8584714996649336,18.822893074673054,9.407698865170525,0.6528889227319004,10.475954339524176,8.323794743473709,0.5280480988588929,1.2328420303574807,100839697.06666666,58975436.8,12040874.666666666,40125644.8,42681958.4,23107584.0,137502993.06666666,35801088.0,10004343.466666667,50413977.6,3127296.0,9497395.2,38.697633333333336,83.52786666666665,3.2868333333333335,221.40436666666668,3.3327999999999998,37.128233333333334,3.202433333333333,388.8460333333333,55.18586666666667,21.5008,0.019167375928909786,0.07318225168137402,0.1842821824033165,0.038808603312856155,0.004600000000000001,1.0229323947638351,0.006931418856499763,0.04332143488207407,0.0733989101004027,0.010755877329101628,0.0
1685268450,2.7132771396618853,5.953795435379131,1.2070209990912038,15.505269988026336,0.8214891327036803,18.326455928653633,15.0174565307415,1.3742318286227306,11.206179506409962,11.859011714756956,0.3515544808185122,1.0263528037795961,100831505.06666666,58887372.8,12261512.533333333,38880324.266666666,42668032.0,25587438.933333334,137521561.6,35870583.46666667,9929113.6,50409472.0,3043737.6,9539310.933333334,34.858466666666665,61.783233333333335,2.332,200.88576666666668,2.533866666666667,30.99416666666667,2.2672000000000003,355.0199,46.3277,18.7987,0.06534479842086913,0.3174986148332645,0.6084675925925925,0.15312520862448528,0.004600000000000001,3.607165268288327,0.026872222222222217,0.17764399087030666,0.23472185979416016,0.03723044010666378,0.0
1685268480,3.3392993529457913,5.009128109241911,1.152938468434141,17.61512047944374,0.8095882729027786,18.723439048074713,17.547686623923703,1.1501876066102668,11.209051751027365,12.285415862211739,0.2653302981217836,0.8878289332759626,100703436.8,58979669.333333336,12259328.0,38809600.0,42670489.6,25311232.0,137533713.06666666,36197171.2,10137600.0,50409472.0,3056844.8,9616452.266666668,40.50946666666667,70.5162,3.2655000000000003,193.24859999999998,3.466,38.68496666666667,3.5998666666666663,394.3791,49.78876666666667,20.400166666666667,0.08705638565000957,0.263718063069925,0.7249814814814816,0.20673293993148753,0.004600000000000001,4.362553540384066,0.03759737484737484,0.21162601619138324,0.2528617942689981,0.04720177254256912,0.0
1685268510,3.334056646326778,5.652265869878532,1.2953731523990597,18.218477294736434,0.8496571829872746,18.849217360631823,17.00343819553873,1.3290365718381845,12.079614245963581,13.1365692409887,0.28266650367099444,0.9311156126409852,100767334.4,59012164.266666666,12118016.0,39030784.0,42668305.06666667,26149000.533333335,137535488.0,35945267.2,10122581.333333334,50409472.0,3082649.6,9410969.6,35.64393333333333,71.13573333333333,3.2674666666666665,219.68516666666667,3.533866666666667,32.94056666666667,3.1309666666666667,384.3014,51.33736666666667,21.0004,0.08833690779768354,0.18095318406599484,0.53784355444697,0.20722196732802242,0.004600000000000001,4.357673636166708,0.03571537990196079,0.21090794214138356,0.23195128668835352,0.0467438263186739,0.0
1685268540,3.1493806049855593,5.686101523464371,1.217331323653954,17.343160887065203,0.8746345202563998,18.020600876900914,18.102544388589138,1.5752098993589263,11.58759530239189,12.069083854946237,0.2724674971422935,0.9682042255284282,100891852.8,58944716.8,12269158.4,38964155.733333334,42670353.06666667,24949828.266666666,137535488.0,35685717.333333336,10047078.4,50409472.0,3079509.3333333335,9696460.8,48.266666666666666,62.93333333333333,2.066666666666667,217.06666666666666,2.066666666666667,39.39006666666667,1.8666666666666667,404.8666666666667,54.2,21.133333333333333,0.08804255024222897,0.32420048786390104,0.7180631313131315,0.20051883810041962,0.004600000000000001,4.186512037577927,0.03662367238562092,0.20697515800719762,0.2361254856840403,0.046648454293131386,0.0
1685268570,2.965793482166448,6.206792062210665,1.0647627667604689,18.232831690848332,0.8398166140989788,18.14493189778851,18.432428765128822,1.7397514341309424,12.048781260804043,12.235283573274279,0.28341254250494907,0.9464030633347005,100940458.66666667,58989226.666666664,12364458.666666666,39020680.53333333,42668032.0,25220300.8,137535488.0,36198263.46666667,10011443.2,50409472.0,3052748.8,9526067.2,37.8067,55.419666666666664,3.0679000000000003,187.27550000000002,3.0,32.4,3.1333333333333333,377.0425666666667,54.4788,19.225733333333334,0.08630964338675494,0.2861277697275753,0.7189551913603637,0.19427837214761318,0.004600000000000001,3.8921172934229196,0.03774286559029206,0.19908782198923822,0.24111189369230993,0.04660684532173297,0.0
1685268600,2.9608182595700385,6.199017923849222,1.1561435781536293,19.07147840353093,0.8632839944917611,18.352254975072377,17.848992316402118,1.5195952341044972,11.685319179147273,12.467090247035722,0.2820599640686787,0.9411269011105874,101445632.0,59119479.46666667,12147643.733333332,39146564.266666666,42668032.0,25217706.666666668,137535488.0,36054903.46666667,9971029.333333334,50459170.13333333,3041826.1333333333,9638434.133333333,44.805566666666664,67.68273333333333,2.4,205.36546666666666,2.466266666666667,34.01233333333333,1.9333333333333333,398.2518666666667,54.4067,18.314,0.08941650380026174,0.1933146807598654,0.5849363755719402,0.1935524139187292,0.004600000000000001,3.9189049280581583,0.04007558922558922,0.19919573430374557,0.23926169175980433,0.0462019660910281,0.0
1685268630,2.990293344501788,6.238809144968212,1.2088958819617437,17.387455991774782,0.8345730781475827,17.900184711282403,16.931968926252082,1.5751519985370972,11.801060837672368,12.27568237174754,0.3090334040037302,0.9534742711728362,100946329.6,58959189.333333336,11974792.533333333,39332249.6,42668032.0,23289309.866666667,137535488.0,36347357.86666667,10050901.333333334,50409472.0,3013563.7333333334,9536307.2,52.666666666666664,89.4,3.4,272.4,3.2,47.06666666666667,3.3333333333333335,502.2,68.46666666666667,28.466666666666665,0.08337573727342264,0.19476645634897682,0.6851488095238099,0.1884443634411465,0.004600000000000001,3.7571377708329163,0.04089586640211641,0.1898608252675532,0.22692237207724836,0.042499382937637074,0.0
1685268660,2.088019477218621,5.568180595173788,1.3642618674656228,11.231772020211327,0.9224897650055459,17.762687031356737,11.005928253910723,0.915496485193138,9.676183415553107,8.830794939967094,0.4601615313203658,1.2514025403592284,100851029.33333333,58939392.0,12135492.266666668,38964428.8,42668032.0,22795878.4,137535488.0,36225433.6,9861802.666666666,50409472.0,3105587.2,9336832.0,55.730199999999996,108.00293333333335,4.0662666666666665,343.7700666666667,4.066666666666666,51.0,4.0,555.9191333333333,75.32983333333333,31.866266666666668,0.04963779115398675,0.17990633865583874,0.4501673513534969,0.10704240746187747,0.004600000000000001,2.3316837037775024,0.022840965918139833,0.10605020783607626,0.15553890440560172,0.02507597338161928,0.0
1685268690,1.5765887162517473,5.346383423560498,1.4837904953030792,7.980301010208452,0.9250928833010097,17.78960322885981,7.646819509503683,0.437207562510573,9.658497883078835,6.417245457299606,0.5529618758653657,1.3994172308949258,100757777.06666666,58948403.2,12098764.8,40196232.53333333,42670762.666666664,22810760.533333335,137535488.0,36236083.2,9952733.866666667,50412885.333333336,3141632.0,9508454.4,60.59226666666667,102.0595,3.5994666666666664,312.75856666666664,3.533333333333333,51.0,3.533333333333333,578.3609666666667,76.12723333333334,29.0675,0.006806849092050756,0.027246531505697117,0.07846868215862966,0.006926023545537247,0.004600000000000001,0.3952440782485828,0.005365986758536881,0.006991075966491578,0.01590974270924206,0.004753371061484697,0.0
1685268720,1.8376303538701988,6.079523300315688,1.4793099407899695,9.3498208679494,0.9155382293099902,18.860042175308422,8.683010123886051,0.5550155144492394,9.875290103270567,7.362789666818837,0.54777193708585,1.3014865345935065,100636945.06666666,58963831.46666667,12272162.133333333,40396253.86666667,42668032.0,23375052.8,137535488.0,36236902.4,10304443.733333332,50411656.53333333,3047424.0,9550233.6,38.863733333333336,68.2018,3.0,223.24366666666668,2.933333333333333,29.810233333333333,2.7333333333333334,368.71763333333337,49.797866666666664,19.5231,0.017990255185777213,0.035630337299438965,0.12940524848233229,0.03322502096529479,0.004600000000000001,0.929048408017346,0.007657100935887344,0.03202969739769978,0.056831008386032375,0.008708943718517739,0.0
1685268750,2.6354561147761837,6.098144145795341,1.3016133639386436,16.585497875288564,0.7962661741795062,18.5292611079519,14.07475029222687,1.3818882499107767,10.8294706811927,11.40156220973315,0.35213514789569006,0.970022450035372,100719957.33333333,58929561.6,12188330.666666666,39172505.6,42668032.0,25503880.533333335,137579724.8,36050807.46666667,9871086.933333334,50409472.0,3068586.6666666665,9514871.466666667,44.59576666666667,62.8468,1.6,223.89986666666667,1.5333333333333334,35.46666666666667,1.7333333333333334,404.3734666666667,46.32776666666667,18.666133333333335,0.0636373850527484,0.15816160997703618,0.4769325396825398,0.14717738803559943,0.004600000000000001,3.4547100832610584,0.023965594113899744,0.14953949277564907,0.20159139330133297,0.03298275830993189,0.0
1685268780,3.1187642711465737,5.319375174573783,1.0681645460687725,19.969196143205753,0.8164735736140162,17.893427829905804,18.430727734285483,1.688454167293332,12.023326129409078,11.85467195925751,0.2695679856914141,0.8846033800850645,100764330.66666667,58900480.0,12324044.8,38912819.2,42668032.0,25237367.466666665,137614267.73333332,36356642.13333333,10243276.8,50409472.0,3082922.6666666665,9607850.666666666,41.8715,68.27686666666666,3.3333333333333335,218.07956666666666,3.2,35.266666666666666,3.0,388.12876666666665,50.338166666666666,20.913666666666664,0.08241266232590293,0.23721507804585198,0.764408397158397,0.19589770413888855,0.004600000000000001,4.069769323923632,0.036542460317460314,0.19445118695055835,0.22853726715360037,0.04333930626503768,0.0
1685268810,3.2477010513660267,9.995271329838461,1.242936352184463,19.355547995554545,0.8725098313730374,18.067461126648883,19.418482722710742,1.076443203309033,11.36532023413772,11.958680818973546,0.2825006945882318,0.9495273127885258,100958617.6,60012270.93333333,11973563.733333332,38687948.8,42668032.0,26432853.333333332,137644032.0,36669849.6,10404522.666666666,50409472.0,3128661.3333333335,9689088.0,33.93333333333333,60.46666666666667,2.066666666666667,194.2,1.8,31.2,1.8666666666666667,332.26666666666665,44.13333333333333,18.066666666666666,0.08594680064302714,0.21079999586841774,0.7398275021547082,0.19822192279849593,0.004600000000000001,4.066323121349099,0.03168169561919563,0.201696881064279,0.23290846089055106,0.045082681242100825,0.0
1685268840,2.9162961741178948,53.24227324867011,1.075076054948533,18.364028071182975,0.8181580428552553,17.93407764480589,17.772703405501982,1.482427679259505,11.632818788053157,12.106680236427435,0.2720079472158913,0.9330678463811224,101005721.6,63777177.6,12174950.4,38573397.333333336,42668032.0,26052608.0,137663419.73333332,36362376.53333333,9965841.066666666,50559658.666666664,3129890.1333333333,9512960.0,34.0704,53.750233333333334,2.2019,169.2560333333333,2.2666666666666666,30.866666666666667,2.2,338.5439333333333,42.34503333333334,16.208733333333335,0.09216266007288168,0.19940382442275595,0.7106179403385285,0.217772105603515,0.004600000000000001,4.447932998913018,0.0385087961466638,0.21638813906409698,0.24269858143709375,0.04938498880837354,0.0
1685268870,2.803299030503085,94.06225875757463,0.9108722665306643,17.74273716926887,0.8852612090198007,17.98718373371936,17.761979553445652,1.5684201970386509,11.065223362442023,10.875263081123375,0.25944893168932787,0.8227084772109339,101048320.0,63469158.4,12259874.133333333,38857113.6,42708992.0,25802069.333333332,137751756.8,36454400.0,9936486.4,50530986.666666664,3077734.4,9598566.4,28.743166666666664,62.10433333333334,1.5347,200.37640000000002,1.5333333333333334,30.666666666666668,1.4666666666666666,333.9619,43.00633333333334,17.406033333333333,0.09487764667059594,0.20763964976400823,0.6433564814814814,0.22639440851881165,0.004600000000000001,4.655423210722786,0.042645653400248985,0.22173908701519512,0.26719683249821674,0.06166659670448123,0.0
1685268900,2.60211302737978,89.6568419417727,0.966170374410608,19.421901975388938,0.7890597361669366,18.22639870831837,17.709407931741396,1.3392586838667373,10.442314543029246,10.891307107997848,0.2669617879068508,0.8690585270368847,101048320.0,63440213.333333336,12239257.6,38649309.86666667,42671445.333333336,25936281.6,137784934.4,36487987.2,10593075.2,50409472.0,3105860.2666666666,9734826.666666666,33.70186666666667,61.1796,2.601766666666667,189.59836666666666,2.533333333333333,30.733333333333334,2.466666666666667,309.74830000000003,42.09156666666667,19.003566666666664,0.09474499538647589,0.21025119515624696,0.6979861111111112,0.22621273015522794,0.004600000000000001,4.6457399805226505,0.04225878612128612,0.22445950910567503,0.2744616971700636,0.06457286333806897,0.0
1685268930,2.6863740666186557,93.96256750453487,1.1424669265109182,18.609427034013756,0.8191263454460779,17.81508414577058,18.774554430831284,1.3503275026047323,10.914394921400286,10.499412916306428,0.2974018352913012,0.9362544574050683,100822766.93333334,63401984.0,12114739.2,38599338.666666664,42668032.0,23715566.933333334,137822208.0,36394052.266666666,10216106.666666666,50409472.0,3044010.6666666665,9651268.266666668,56.06666666666667,90.46666666666667,4.2,291.6,4.2,46.93333333333333,4.533333333333333,523.5333333333333,65.4,31.0,0.08900655251034081,0.20228763188745225,0.7562688664248262,0.2205757603256924,0.004600000000000001,4.519707549419148,0.03934433113183114,0.22030841245124044,0.24415590063558917,0.05756264678960386,0.0
1685268960,2.0421257715467998,96.19888032172447,1.616439903131853,11.223340578986967,0.9135014588468121,18.464682371822068,11.511552769115143,0.8365482546311436,10.33201939903373,8.074585712869773,0.4896102872594979,1.3040425982941128,100694425.6,63401984.0,12209493.333333334,40004676.266666666,42669670.4,22455091.2,137834496.0,36598988.8,10035200.0,50409472.0,3150233.6,9616042.666666666,56.4,106.06666666666666,3.6,311.4,3.2666666666666666,49.86193333333333,3.533333333333333,542.5871,70.73333333333333,29.270133333333334,0.05326406581305555,0.1321456416435693,0.567738005050505,0.14137481446603645,0.004600000000000001,3.57471606825876,0.018217183123249304,0.1446023493108795,0.17675794812404447,0.03007698741936925,0.0
1685268990,1.5344435849921476,98.3742815077659,1.432891622166717,8.516963494711321,0.9037894370806857,18.04271630938542,8.358383435187134,0.5225701971584419,9.608476123980221,6.7531592252564545,0.557890450555936,1.3206191563445133,100751360.0,63424375.46666667,12114056.533333333,39368294.4,42668305.06666667,22878481.066666666,137834496.0,36711219.2,9891430.4,50421077.333333336,3075003.7333333334,9795037.866666667,42.262299999999996,85.39283333333333,3.1333333333333333,230.83763333333334,3.3333333333333335,40.067233333333334,3.3333333333333335,437.9596,56.32816666666667,21.202766666666665,0.009715384090551739,0.10571679597842826,0.09293862068744455,0.014569507035188825,0.004600000000000001,0.6602945462317132,0.0050642115479200885,0.015173638243198196,0.03451322254738393,0.005486626495802061,0.0
1685269020,2.34856156022608,98.3135098871713,1.17030767930589,13.008302873360176,0.896486685771739,17.468114488977662,13.149502790256797,0.9012635936505764,9.513659133865852,10.180533794587113,0.37251999682778597,1.0526321040431896,100784537.6,63413316.266666666,12055620.266666668,39314363.733333334,42668032.0,25777356.8,137835178.66666666,36606634.666666664,10214331.733333332,50409472.0,3153920.0,9894024.533333333,37.266666666666666,61.733333333333334,1.6,182.13333333333333,1.4666666666666666,31.066666666666666,1.5333333333333334,337.8666666666667,44.86666666666667,16.4,0.07408179597034861,0.3010739047487952,0.48721693121693127,0.16005366173854593,0.004600000000000001,3.610434811993706,0.023163598901098908,0.16811858386356313,0.21834658124394876,0.030806600470104584,0.0
1685269050,3.0440887739195186,95.42150961620558,0.9191620248403585,17.128509233487375,0.8177597756860493,17.35802691715251,17.833965867886363,1.2782939293398592,10.926794205048994,11.293223417101133,0.2665541960540485,0.875523528337662,100842564.26666667,63434752.0,12120064.0,38938760.53333333,42668032.0,26379059.2,137845964.8,37498880.0,10047761.066666666,50409472.0,3105860.2666666666,9543406.933333334,35.733333333333334,61.8,2.2666666666666666,198.2,2.1333333333333333,31.266666666666666,2.466666666666667,329.46666666666664,44.06666666666667,20.0,0.10012040985246375,0.23313582314872974,0.8072535403050108,0.23369867825957746,0.004600000000000001,4.671997104618961,0.044905034347604005,0.22686185277924423,0.30947215520466104,0.0747102824173546,0.0
1685269080,2.4831596014350117,97.18822662990019,1.0857738557852306,18.685068837268954,0.8087626293371669,17.7159274106567,16.727608083268915,1.3453640770115727,10.80430759982009,10.63431589646284,0.25946936630497536,0.8412103014435054,100970496.0,63463833.6,12161024.0,38857113.6,42668032.0,26674790.4,137912183.46666667,36723234.13333333,10169002.666666666,50455074.13333333,3072819.2,9507225.6,34.4,53.53333333333333,2.533333333333333,177.73333333333332,2.4,29.152766666666665,2.7333333333333334,324.09353333333337,44.06773333333333,17.8,0.09997888893866035,0.22287061062523442,0.8362001562320835,0.23793288513946234,0.004600000000000001,4.76858900264143,0.048644763814616764,0.2304701028713327,0.2643315989868838,0.083760967791854,0.0
1685269110,2.538077448014846,96.31613532176077,1.0488010415167206,19.275082928334363,0.8343820779819354,15.934382225316716,14.701413655940154,1.1540364334962732,10.042284535971783,9.304813186387777,0.24695167433619478,0.8494411648419541,102246809.6,63450862.93333333,12127027.2,38713753.6,42668032.0,26963694.933333334,137924608.0,36549700.266666666,9955328.0,50437870.93333333,3065856.0,9536307.2,36.333333333333336,62.0,1.8666666666666667,174.2,1.7333333333333334,27.6725,2.1333333333333333,348.52593333333334,47.06666666666667,20.672,0.09602980713738977,0.22675792926738583,0.8794153658845828,0.2315119775808036,0.004600000000000001,4.778397881966021,0.059605892255892266,0.2403465137860001,0.2796884056021541,0.07504268616193513,0.0
1685269140,2.7083294823877417,95.3231801335256,1.2012512640679958,18.481166751951136,0.8643075960002488,16.101206681238633,15.796373982160254,1.1769396858360566,11.700507810840877,10.545587753281012,0.26267131424610585,0.8758849070873521,101044224.0,63458508.8,12152695.466666667,38763042.13333333,42668032.0,25647650.133333333,137924608.0,37144849.06666667,10141149.866666667,51355648.0,3153510.4,9609489.066666666,32.733333333333334,57.8,3.2666666666666666,178.66666666666666,3.4,32.333333333333336,3.066666666666667,327.8666666666667,43.8,17.466666666666665,0.0949692868394861,0.23532659205579742,0.8759324955237999,0.22878964375098143,0.004600000000000001,4.759187803639506,0.060006313131313146,0.2460006946883037,0.33671222666630507,0.057149209468258806,0.0
1685269170,2.8289446189010925,95.42904226022077,1.1301757129667809,17.277974625996837,0.8350345697373548,17.589922268975197,16.956065179567222,0.9971305930490468,12.108852835039047,11.74775882217253,0.24385730407743691,0.90864801453289,101003946.66666667,63452774.4,12270250.666666666,39062459.733333334,42668032.0,26358852.266666666,137924608.0,36840516.266666666,9864123.733333332,50409472.0,3079099.7333333334,9536443.733333332,36.06666666666667,63.333333333333336,2.1333333333333333,192.46666666666667,1.6666666666666667,26.133333333333333,1.7333333333333334,331.8666666666667,40.333333333333336,18.0,0.09748208225547729,0.31930546818959277,0.8439676325394591,0.22896360611449743,0.004640632924500263,4.742924438229147,0.04646948453294361,0.23874806525319311,0.366842782173607,0.05638958259251338,0.0
1685269200,2.453223492291917,94.0129175882646,1.1121532066852524,16.967043673551956,0.8353300194637405,17.69659241506561,17.393154677330628,1.3516091322095154,10.889727130331002,11.470127195383839,0.24945386075468423,0.8818115044278488,100791910.4,63469704.53333333,12225331.2,38929476.266666666,42669533.86666667,26753160.533333335,137924608.0,36715451.733333334,10350865.066666666,50409472.0,3080465.066666667,9733734.4,34.4151,49.46666666666667,2.4,163.33333333333334,2.466666666666667,27.2,2.0,293.73333333333335,42.53333333333333,16.266666666666666,0.09892227526530474,0.3965111226760776,0.9009895742873685,0.22871817225971044,0.004652253594286818,4.761944091026976,0.043165032679738556,0.23278250658370503,0.3500886806332352,0.06375706587488914,0.0
1685269230,2.4143515302610075,95.11424714870817,1.0794346881103059,16.464643054400955,0.8455048037571324,18.18727498881742,15.766407459723274,1.8452960300283108,9.828369870408762,11.45082693579427,0.26834090570783353,0.9280259366871825,100746581.33333333,63391334.4,12095488.0,38933299.2,42668032.0,25290615.466666665,137965568.0,36984149.333333336,10034107.733333332,50409472.0,3122926.933333333,9694412.8,55.6,83.87136666666667,3.6689999999999996,284.8070333333333,3.6033,46.61793333333333,4.402333333333333,520.3509666666666,67.99653333333333,28.590899999999998,0.09399074755860991,0.33934139693405857,1.157456890331891,0.21705654034249897,0.004606760563380282,4.671652517643585,0.04305983946608947,0.2201275057715395,0.26894387539378833,0.05128251339246413,0.0
1685269260,1.8515502922062639,97.83878395606438,1.4128807391098248,11.6156546856005,0.8880804605080885,18.1649836810799,10.638070849505494,1.0352814650934066,10.013961443691592,8.669901529317034,0.48861567803679196,1.2585787961293682,100782080.0,63394338.13333333,11926732.8,41625053.86666667,42670626.13333333,22223257.6,137965568.0,37233732.266666666,9930205.866666667,50409472.0,3016567.466666667,9860164.266666668,60.2,95.53333333333333,3.6666666666666665,306.1333333333333,3.7333333333333334,52.0,3.8,564.6666666666666,74.13333333333334,30.066666666666666,0.05492748097653062,0.19004383249014417,0.7828670634920635,0.1343635554665557,0.004600000000000001,3.6886863488513475,0.02194787642912643,0.1411393236383835,0.17727186435996525,0.022100790712482186,0.0
1685269290,1.6568891814543265,99.89717268177351,1.5570955462881833,8.739435296502135,0.9141961125290445,16.942509953763842,8.176630699246735,0.4298178467296543,9.973153944903174,6.720442220654859,0.5564549795548287,1.3037362085668156,100742621.86666666,63396522.666666664,11961685.333333334,39497318.4,42668168.53333333,23760486.4,137967206.4,37217894.4,10116983.466666667,50409472.0,3071590.4,9524974.933333334,45.2,78.3366,2.8666666666666667,236.60493333333335,2.466666666666667,37.469233333333335,2.466666666666667,429.2457,55.9984,21.903633333333335,0.0074638343689333924,0.07003094784946698,0.16934050671550677,0.01900349376841547,0.004600000000000001,0.5893248012691623,0.00627745035248504,0.014926529234028518,0.03550521573218258,0.005687267781000755,0.0
1685269320,2.096939495455547,98.35710006818631,1.2780419689651246,14.753780224596301,0.8429782377713575,17.313110290972553,12.5868699942918,0.9194110979956212,9.864561855753237,10.085626041676788,0.4024485458610733,1.0718652449314623,102239436.8,63425331.2,12122931.2,38783249.06666667,42668441.6,26283485.866666667,137990007.46666667,37130240.0,10035746.133333333,50409472.0,3091660.8,9552145.066666666,34.2,70.66666666666667,3.1333333333333333,193.86666666666667,3.3333333333333335,32.53333333333333,2.466666666666667,326.2,46.0,18.133333333333333,0.0590388579033114,0.20664269514863276,0.4978807401748579,0.17175096845210475,0.004600000000000001,3.6750241417306664,0.02836666666666667,0.16576964421298548,0.20693262918869915,0.035502769410117055,0.0
1685269350,2.5306523426227656,96.09632965221839,1.1815862961291863,17.39702829209057,0.824791203001202,16.916294945323433,17.034836172655798,1.4795470115813496,10.77287733343918,12.163944255491684,0.26889784474630785,0.8815349042083065,100924074.66666667,63475712.0,12204987.733333332,39099869.86666667,42669670.4,26053017.6,138006528.0,37373405.86666667,10076842.666666666,50409472.0,3119240.533333333,9593787.733333332,32.666666666666664,62.333333333333336,2.066666666666667,191.2,2.066666666666667,30.266666666666666,2.066666666666667,340.93333333333334,46.86666666666667,18.733333333333334,0.09679416201790185,0.2228180866712259,0.6703193473193474,0.2305499464620261,0.004600000000000001,4.634719922569366,0.04256494346455732,0.2269402922309779,0.25941023136270985,0.06253970327029759,0.0
1685269380,2.448500159688912,95.75634990436657,1.0300540503319826,17.25223050076145,0.8491771335136505,17.57852221724629,17.882771957938036,1.601427813309927,8.790458538117791,13.389456048515543,0.2648859436190805,0.8735388631415542,100895129.6,63540701.86666667,12222190.933333334,39103419.733333334,43022472.53333333,26839040.0,138006528.0,37942067.2,10194944.0,50418346.666666664,3072000.0,9502993.066666666,39.266666666666666,57.0,1.1333333333333333,185.33333333333334,1.1333333333333333,31.2,1.1333333333333333,343.73333333333335,45.2,17.8,0.10130941993062678,0.2240904127495669,0.7027523587523589,0.23134919746805416,0.004600000000000001,4.67799797257349,0.04467839105339106,0.22858726636814847,0.28312503378767057,0.07086411150531853,0.0
1685269410,3.239569432527224,92.79651392440682,0.9739124616173753,16.281621148270325,0.8195649925646992,17.58562188064335,17.032746846929594,1.9139446030198497,10.25623786896326,12.34450584349625,0.2460258878949207,0.877113479690671,100973772.8,63573606.4,12223829.333333334,39114342.4,42668032.0,26700185.6,138006528.0,37518131.2,9917781.333333334,50409472.0,3124974.933333333,9476505.6,35.7276,61.06666666666667,2.4,190.0,2.6666666666666665,31.183866666666667,2.6666666666666665,357.12146666666666,45.06666666666667,18.666666666666668,0.09651062483417457,0.23542737519047066,0.717705627705628,0.22950834897739134,0.004600000000000001,4.695263747779971,0.04830839646464647,0.22821276546572078,0.3469332702133424,0.07595312552879382,0.0
1685269440,2.890581324585035,97.0224861119954,1.0937402494206472,16.141798631890207,0.8058621524644581,18.371053498293488,17.32670883601708,1.686718609017205,10.83575802552832,11.44780556449942,0.24169091612119947,0.8686662182856548,100986880.0,63376042.666666664,12248132.266666668,39489672.53333333,42668032.0,26044825.6,138078208.0,37560593.06666667,9943722.666666666,50412066.13333333,3096576.0,9521834.666666666,35.733333333333334,64.8,1.5333333333333334,201.2,1.2666666666666666,30.266666666666666,1.4,362.8666666666667,43.333333333333336,17.133333333333333,0.09435761619534465,0.4388298404287134,0.8475330687830688,0.2297179583523255,0.004600000000000001,4.705795110169387,0.04815810794346978,0.22689698350148121,0.3577119330292321,0.06564003819235226,0.0
1685269470,2.264375426321836,95.15805986488773,1.0094652403160551,17.9853165437864,0.8147323690790987,18.30846572921979,17.9249171548008,1.599443437453066,10.618769957583257,10.710613391379608,0.24497661822003716,0.849150296040012,100927624.53333333,63435980.8,12175496.533333333,38990370.13333333,42668851.2,25888358.4,138092544.0,37606195.2,10903825.066666666,50409608.53333333,3098214.4,9584913.066666666,39.53333333333333,55.93333333333333,2.466666666666667,182.2,2.2666666666666666,31.266666666666666,2.066666666666667,324.53333333333336,44.4,18.866666666666667,0.09413928631846627,0.4409447407250072,0.9152777777777779,0.2307203143475246,0.004600000000000001,4.701558444902868,0.04941355692918195,0.22347886924368382,0.2982012716053484,0.056558377850695556,0.0
1685269500,3.0188154732316934,95.25416361878378,1.0209808018572113,17.651243949464472,0.8461246428786301,17.905612730776514,17.539647414726474,1.9984592546902944,10.229786323112233,10.7615054610125,0.2528380873587278,0.8768456214800551,100685141.33333333,63328529.06666667,12027494.4,38976170.666666664,42668578.13333333,25977378.133333333,138130090.66666666,37376000.0,10027417.6,50409472.0,3062169.6,9684445.866666667,39.4148,60.266666666666666,2.4,196.6302,2.4,30.0842,2.1333333333333333,351.5878666666667,47.333333333333336,17.866666666666667,0.09651959860073529,0.3077879968195694,0.9882557720057723,0.2355748616515928,0.004600000000000001,4.732162187301129,0.0500708041958042,0.22631889685319226,0.2908440540407161,0.06926859299741818,0.0
1685269530,2.8006913211550923,96.46230876430194,1.1481515557377444,16.280299426609655,0.8007055729101565,17.475011816147106,18.166480707431056,1.925900903462798,10.532369851129738,10.526554812825037,0.28755383145232444,0.8878277108452911,100691558.4,63419460.266666666,12022852.266666668,39853397.333333336,42668032.0,23730312.533333335,138137600.0,37703133.86666667,10078481.066666666,50409472.0,3075276.8,9779609.6,53.8,91.4,3.2,285.8,3.0,48.0,3.533333333333333,520.2,68.4,28.866666666666667,0.09136668836027254,0.23295585876714806,0.9033333333333335,0.22487310128292345,0.004600000000000001,4.586332712237973,0.04517526455026455,0.21988445466405446,0.30136749488391007,0.05979055118975873,0.0
1685269560,2.22425202771146,98.35429685760053,1.5528127739904378,11.304498211095513,0.9320007807896126,18.063451571384114,11.464704096648598,0.9203967448897419,10.447429165792022,7.845684149750366,0.5088644680922907,1.2581228374248128,100712448.0,63422464.0,12242124.8,41727590.4,42668032.0,22306269.866666667,138137600.0,37654254.93333333,9989324.8,50424763.733333334,3147366.4,9554875.733333332,59.53333333333333,95.46666666666667,3.466666666666667,303.6,3.3333333333333335,52.50566666666667,3.533333333333333,574.4046666666667,73.93333333333334,30.3564,0.051197493635655095,0.12304860276529574,0.43840512173012197,0.14411866411832835,0.004600000000000001,3.1104455556805557,0.021340198556684415,0.12770104276878194,0.1793408440927548,0.02481514826066554,0.0
1685269590,1.6966042638669312,95.81119050536431,1.7595539448413742,9.264347916811163,0.8857627864614509,18.825519882079625,8.38740664777642,0.3940537546895788,10.590393188494506,6.721842125543122,0.587515205525488,1.3589881671602906,100564582.4,63521587.2,11994726.4,39358054.4,42668851.2,23249442.133333333,138137600.0,38038459.733333334,9922696.533333333,50615364.266666666,3074594.1333333333,9650995.2,47.666666666666664,80.8,2.4,235.26666666666668,1.9333333333333333,36.6,2.2,438.8,58.93333333333333,21.266666666666666,0.008662905097470457,0.02204676290322544,0.08441661335991231,0.014053722536005434,0.004600000000000001,0.38774157566273604,0.005188299077254524,0.012232837938120165,0.03099602292020554,0.0053291883719905645,0.0
1685269620,2.135259087695982,94.5761526242348,1.250857155305315,13.654765642260315,0.8714241278463539,17.9986491127785,13.477924212122028,1.241546434495077,10.898312758667181,9.619859207452937,0.4054467890017369,1.0469533648195015,100706577.06666666,63464516.266666666,12154743.466666667,39067648.0,42670080.0,25675093.333333332,138137600.0,37897420.8,10077798.4,50417117.86666667,3020253.8666666667,9559108.266666668,36.0474,53.666666666666664,1.9333333333333333,195.87640000000002,1.8,30.4,1.8,350.46666666666664,44.0,16.4,0.06768541045490552,0.17672631005264341,0.4908373015873016,0.1500236586305359,0.004600000000000001,3.566738595542536,0.022254735449735445,0.15249332000013105,0.21095213476830638,0.03427688864263254,0.0
1685269650,2.155270563633841,97.18222609249356,1.0209881043961477,19.046376069204218,0.7831178265314677,17.937586863236376,18.228713430704563,1.8789973018100183,10.120176228406644,11.383395707238236,0.2604517438980123,0.8657891825921095,100793958.4,63303680.0,12210858.666666666,38844279.46666667,42671445.333333336,25824051.2,138141422.93333334,37936605.86666667,9891293.866666667,50410837.333333336,3137262.933333333,9519923.2,34.13333333333333,48.4,3.466666666666667,182.06666666666666,3.1333333333333333,33.666666666666664,3.1333333333333333,315.93333333333334,40.266666666666666,17.333333333333332,0.09768752973188737,0.3287403670348588,0.8488988095238095,0.2251729976852311,0.004600000000000001,4.653959016870762,0.04325178062678063,0.21804629703735007,0.2829786705535724,0.06350213246904375,0.0
1685269680,2.747141615913559,97.97816693776001,1.0161333659246605,19.582909870849054,0.8111670483185591,18.153316976329275,17.062833939438192,1.313027047716948,10.344470595146838,11.569226258145385,0.2451050541843225,0.8392637835621881,100894720.0,63340817.06666667,12060808.533333333,38820249.6,42669533.86666667,25939968.0,138149068.8,38286267.733333334,10116164.266666668,50411383.46666667,3075003.7333333334,9479782.4,36.945299999999996,66.33333333333333,2.1333333333333333,197.48503333333335,2.0,31.705566666666666,1.9333333333333333,325.19076666666666,44.467999999999996,17.667199999999998,0.09726301525447317,0.2785556004925097,0.7928299940799941,0.2318197398429165,0.004600000000000001,4.728945717251149,0.041762425537425533,0.22309979535189442,0.2583917721403843,0.06320650106226343,0.0
1685269710,2.355965224882215,95.31004025641909,0.97866125269343,18.449794193084923,0.7999926571232533,17.996192297505914,17.88914225931911,1.4129540150540467,11.244386959317685,10.957330211436467,0.25036484998601727,0.8095926993339131,100984149.33333333,63408810.666666664,12156518.4,39110382.93333333,42668305.06666667,25621026.133333333,138158080.0,38261009.06666667,10356872.533333333,50409472.0,3117738.6666666665,9651268.266666668,33.06666666666667,57.266666666666666,2.1333333333333333,185.53333333333333,1.9333333333333333,30.066666666666666,1.9333333333333333,330.2715,44.271100000000004,15.866666666666667,0.09669510476281547,0.24161736221436125,0.7666856060606061,0.2275209691539055,0.004600000000000001,4.6747961150230255,0.03598449074074075,0.223466433469362,0.24574259177543076,0.06450071714605772,0.0
1685269740,2.7111085644203863,93.97799549347863,0.9778054272326414,17.758901138915625,0.825647414145376,17.77320749359092,16.720958187443912,1.541109509445038,11.90743563078032,11.146207818434789,0.2452127886731042,0.8448176799088363,100971178.66666667,63457006.93333333,12114875.733333332,38604800.0,42668032.0,26252902.4,138158353.06666666,38237798.4,9821252.266666668,50419302.4,3099852.8,9558016.0,37.6,58.733333333333334,1.6666666666666667,187.06666666666666,1.7333333333333334,29.266666666666666,1.8666666666666667,334.4,39.2,15.933333333333334,0.1144122733774494,0.23200178509460131,0.7586678691678692,0.22501455404765705,0.004600000000000001,4.661413276127289,0.04375578703703704,0.22769385069742412,0.25104045209310566,0.07818335223909993,0.0
1685269770,2.6066738775309366,94.42566993565961,0.9422904655123292,17.003090500888376,0.831637462613936,18.02646316833516,15.84208300170956,1.036180272266328,11.058696182658178,12.175938685868656,0.26074008103728713,0.8077981261829918,101100066.13333334,63416320.0,12012066.133333333,38435498.666666664,42668032.0,25818999.466666665,138162176.0,38522606.93333333,10284236.8,50438963.2,3020800.0,9568802.133333333,38.6396,52.6,1.5333333333333334,185.22356666666667,1.5333333333333334,34.463899999999995,1.6,339.20323333333334,42.53333333333333,16.733333333333334,0.10253143936770852,0.2310238014892111,0.795304945054945,0.22737496966283696,0.004600000000000001,4.694962352543043,0.046625953159041396,0.22835657606203835,0.29704172265924755,0.07421975735668175,0.0
1685269800,2.4987525449129415,94.12667862032008,1.0522298705620872,17.29679901941874,0.7987671642867668,18.245013341345437,17.439705427479726,0.835730228361112,10.810903798161787,12.087717845847214,0.25712753739906546,0.8429071855639596,101108940.8,63647061.333333336,11997593.6,38714845.86666667,42668032.0,25631129.6,138252424.53333333,38966886.4,9921331.2,50409472.0,3202935.466666667,9626828.8,36.8,62.733333333333334,3.8,192.0,3.6672000000000002,31.066666666666666,3.7333333333333334,327.70169999999996,46.86346666666667,19.6,0.09531181674742809,0.22770112657778732,0.8284636496544392,0.2296487882578838,0.004600000000000001,4.699359511157158,0.04478470390176272,0.228253726998719,0.31336226247550336,0.05751858964572259,0.0
1685269830,2.5927656146984805,93.25467684734839,1.1949710785699819,16.52825875939259,0.8651581177639359,18.330649237746403,15.632967268795545,1.303586216737332,12.00196975462291,11.513114383225012,0.27899090332969606,0.9489438823742573,101030024.53333333,63787008.0,12107366.4,38850969.6,42670080.0,25054958.933333334,138278229.33333334,38606438.4,10052403.2,50424490.666666664,3109956.2666666666,9485516.8,54.173233333333336,82.46666666666667,3.2,286.0,3.6,55.84536666666667,3.3333333333333335,507.2600333333333,61.25556666666667,27.13246666666667,0.09163600143132074,0.2285882253849176,0.7988823447507659,0.22385502404329854,0.004639499010296835,4.624337978951784,0.04375588249627337,0.22575382709681294,0.26748195458880647,0.05637327934014562,0.0
1685269860,2.042907481688036,98.01155505059582,1.543300161737618,11.141520573193562,0.9316128789178589,18.336304501698077,11.92769201732449,0.9403072541933568,10.958895772742162,8.151436831088192,0.4769227911968328,1.2931200186289444,100948104.53333333,63377408.0,11994316.8,40040038.4,42670626.13333333,22425600.0,138293248.0,38415837.86666667,9998882.133333333,50432682.666666664,3088384.0,9468586.666666666,59.666666666666664,99.33333333333333,3.3333333333333335,313.06666666666666,3.3333333333333335,54.13333333333333,3.6,585.0,75.4,30.6,0.05432687033948966,0.1959057941937012,0.5645335805262275,0.14602411909208263,0.00463556685488868,3.6116518009703924,0.029727555300908252,0.14906274488128546,0.1800242060325325,0.03169454875807146,0.0
1685269890,1.724126607422101,98.93764939939994,1.3928432719830923,8.386715898785834,0.9079594811784908,17.7897564964849,8.63096748878222,0.44411656311458203,10.164211916272032,6.964443623987042,0.5489058507292863,1.324368369395865,100729651.2,63400891.733333334,12054528.0,41137766.4,42669124.266666666,22510523.733333334,138293248.0,38701329.06666667,10208597.333333334,50429952.0,3135078.4,9651677.866666667,40.53333333333333,73.66666666666667,2.0,237.53333333333333,1.9333333333333333,36.6,2.0,400.1333333333333,53.666666666666664,20.066666666666666,0.007940217530566583,0.05415500240013411,0.08097601010101023,0.017583069896622772,0.0046043636363636365,0.5815282401839578,0.0047278947939336435,0.012572453551520738,0.02901951376336674,0.005761849054576204,0.0
1685269920,2.429561971267334,96.82218017488314,1.1605725017941617,12.59704859564847,0.8411625674603681,18.13349007916223,12.673160855022111,0.9866980476279388,10.799967467274506,9.287107667149737,0.3990550745146685,1.0582537509911787,100782080.0,63410722.13333333,11952128.0,39239406.93333333,42670626.13333333,27080977.066666666,138298572.8,39015219.2,10351684.266666668,50429952.0,3031313.066666667,9590101.333333334,32.333333333333336,58.46666666666667,2.1333333333333333,179.4,2.1333333333333333,33.25846666666667,2.2,315.39663333333334,43.733333333333334,17.0036,0.06334001829134565,0.19171199458303417,0.48093470418470446,0.17305999031521777,0.004600000000000001,3.8414768650700464,0.022066013253909604,0.15898184270413745,0.1932885178709898,0.039158035190966084,0.0
1685269950,3.186827778223154,96.3611410586416,1.1262502268169847,15.968530123824657,0.827038764274653,17.388234490610035,15.967705976915594,1.6268451929902752,10.338592752489932,10.924488467242954,0.2568885814342928,0.8460954949055982,100757230.93333334,63484313.6,12230656.0,39099460.266666666,42668305.06666667,27833958.4,138305536.0,38924697.6,10103057.066666666,50429952.0,3146410.6666666665,9719944.533333333,35.42326666666667,54.13333333333333,2.6666666666666665,178.03686666666667,2.7333333333333334,32.042566666666666,2.8666666666666667,322.28066666666666,43.46666666666667,16.603233333333332,0.10018134360335021,0.23027964385677915,0.8586148520811834,0.2309714128472393,0.004600000000000001,4.789981386270555,0.053291666666666675,0.22513202806958707,0.2766874861795193,0.07227358594004261,0.0
1685269980,2.597945689638619,93.61646743088363,1.042959743282588,16.56058788073601,0.8141763958157627,18.017918197677247,17.296757441673247,1.1904160665185515,9.872925477346502,12.248269591241526,0.2507456743748458,0.8147799009865904,100767197.86666666,63362662.4,11988855.466666667,39106150.4,43587447.46666667,26296046.933333334,138325196.8,38708701.86666667,10048034.133333333,50531396.266666666,3151735.466666667,9577130.666666666,30.6,50.93333333333333,2.0,175.86666666666667,1.9333333333333333,31.066666666666666,2.0,347.93333333333334,47.666666666666664,17.6,0.11425891634649063,0.3280080821718135,1.2938740970072238,0.23225752708208428,0.004600000000000001,4.797863279503487,0.050198758743263384,0.23489125470734815,0.3271283747057346,0.07614828394057455,0.0
1685270010,2.737471468229798,95.50100109864744,0.9748262804041202,18.423176065613177,0.8451543842633333,17.42026038706845,16.530900008327222,1.4202963764524137,11.101668654965348,12.380409550809475,0.25431634649118195,0.8271014251984362,101081088.0,63377408.0,12116650.666666666,38972620.8,42668032.0,26438041.6,138350592.0,39116800.0,10093499.733333332,50612224.0,3033361.066666667,9761996.8,37.93333333333333,62.0,1.9333333333333333,193.26666666666668,2.1333333333333333,29.133333333333333,1.9333333333333333,320.8666666666667,41.8,14.666666666666666,0.12069653433176748,0.3981094215058738,1.324017857142857,0.23451289156565852,0.004600000000000001,4.753484766345322,0.044415305010893254,0.2405175859160002,0.3694081369257936,0.0763287108126093,0.0
1685270040,3.113522651658307,92.7123802932675,0.8488275180539772,18.378920595320746,0.809185270593631,17.66050280426049,17.54232776514389,1.8651120612042844,11.6902701518402,11.514597452745951,0.24175245197899495,0.8372209514697501,101105664.0,63368260.266666666,12299878.4,39105877.333333336,42668032.0,26009190.4,138355507.2,39046621.86666667,10233992.533333333,50508049.06666667,3024076.8,9627511.466666667,32.6,60.9379,1.6666666666666667,188.53333333333333,1.6666666666666667,30.266666666666666,2.0,359.0,45.53333333333333,17.266666666666666,0.12021441526814994,0.45206157718520074,1.0303634559884558,0.23880068609397803,0.004600000000000001,4.754728975401966,0.044172765451209725,0.23359153178642675,0.37909799285172097,0.07637857672301983,0.0
1685270070,3.086904779675527,95.28869191637374,0.9574010478149501,17.49172707299343,0.7948503555958346,17.852904298159824,18.07342296113979,1.4636503610255642,10.606698743382394,11.238010021001555,0.24394539851034522,0.8320725111878174,101145941.33333333,63358566.4,12096307.2,39366929.06666667,42668987.733333334,25612014.933333334,138362606.93333334,39335253.333333336,10218154.666666666,50509414.4,3023940.2666666666,9521834.666666666,34.6,63.8,2.2666666666666666,193.06666666666666,2.066666666666667,36.13333333333333,1.9333333333333333,343.8,43.6,19.8,0.13071763545106718,0.45068952530302636,1.3748611111111113,0.23715380461388422,0.004600000000000001,4.7236286210323915,0.04513071895424837,0.22707823082169562,0.3460733327406926,0.07473294846800999,0.0
1685270100,2.9948312141336304,94.44151746951508,1.024278267794696,18.57079409828422,0.8219103568765738,17.291228837226303,18.453458508694897,1.458462437906356,10.726584417481405,11.206116182223935,0.2597616382065459,0.858802673563737,101072349.86666666,63408537.6,12004693.333333334,38965930.666666664,42668578.13333333,25337582.933333334,138388275.2,39186705.06666667,10218427.733333332,51473339.733333334,3109683.2,9469952.0,31.9047,58.8,1.2666666666666666,184.8,1.2,29.44516666666667,1.5333333333333334,322.4248666666666,44.333333333333336,15.466666666666667,0.1190817466153109,0.28021372814837003,1.2022916666666672,0.23412807994358092,0.004600000000000001,4.689280096517976,0.0447670693277311,0.22640456897383376,0.30654771181433144,0.07234168129820315,0.0
1685270130,2.5486808941723167,96.40248295281908,1.0713049842593783,19.397116369557487,0.8191284573492891,17.23177675958619,16.604000310175675,1.5206360596627728,10.424564068594039,10.382563019342872,0.2947962888571712,0.90390660290422,100882432.0,63396932.266666666,12249907.2,38974941.86666667,42668032.0,23523328.0,138430464.0,39270263.46666667,10238361.6,51353326.93333333,3095347.2,9533576.533333333,54.40806666666666,83.48116666666667,3.1337333333333333,285.2326,3.1333333333333333,48.266666666666666,3.2666666666666666,511.58003333333335,67.54299999999999,27.93413333333333,0.09224158335413153,0.2238984429445334,0.7424025974025975,0.23677546127108648,0.004600000000000001,4.670184724264287,0.039025462962962956,0.22268660519839836,0.3355007847143936,0.057138440493406245,0.0
1685270160,2.1401320093613254,97.71757823579537,1.4063441218685322,12.159384348351733,0.8555163979696806,18.40092589642842,10.860900427415212,0.7889946507713897,9.81343155557039,7.838335631910649,0.477107556948006,1.2038597392020074,100863180.8,63373312.0,12208128.0,40746325.333333336,42668032.0,22372352.0,138432512.0,39472059.733333334,10034653.866666667,50815249.06666667,3074730.6666666665,9761860.266666668,62.333333333333336,103.3824,3.7245333333333335,323.84613333333334,3.8578666666666668,50.8766,3.6578666666666666,586.6700333333333,77.8,29.551933333333334,0.05946389040796042,0.15643079402535998,0.4548862180704286,0.17166014841920899,0.004600000000000001,3.8685270512584227,0.023720317427670373,0.14275211793298725,0.19491208311323308,0.026059566074016566,0.0
1685270190,1.6081153461275126,98.2107680528704,1.7241960465523043,8.872156022113773,0.8937830192623477,18.099768170317574,8.357768870852922,0.44228951955691753,10.13402063250951,6.636754603727116,0.5731646810400887,1.3835500330443709,100664115.2,63374813.86666667,12222873.6,38913774.93333333,42669533.86666667,22751232.0,138432512.0,39870190.93333333,10069879.466666667,50511462.4,3145045.3333333335,9550779.733333332,43.307566666666666,84.83353333333334,2.4,226.81603333333334,2.3333333333333335,38.333333333333336,2.4,425.4615333333333,54.25836666666667,21.657466666666668,0.008861230770528378,0.05099426725220344,0.09242397660818713,0.015618108152051231,0.004600000000000001,0.5606772767868138,0.005835541143807199,0.013885799716352506,0.035681882642244,0.006065170250038617,0.0
1685270220,1.8977491796932189,97.18334619907009,1.2508094730340327,12.80554771041674,0.8221849297611803,18.241485735629155,13.170380899475145,1.0679211143846423,9.497649316814169,10.349578016777079,0.3914118061528369,1.0104174995061745,100754363.73333333,63366485.333333336,11927415.466666667,39243639.46666667,42668032.0,25140428.8,138464187.73333332,39610504.53333333,10091997.866666667,50507776.0,3094937.6,9571942.4,35.06666666666667,54.06666666666667,1.6666666666666667,164.06666666666666,1.5333333333333334,31.533333333333335,1.6,308.2,41.4,18.133333333333333,0.058242725390064844,0.21216663667318464,0.41724645262145266,0.1495717051155533,0.004600000000000001,3.788606628426485,0.024299100069320668,0.1692423769115244,0.20195185778521407,0.03524760487687268,0.0
1685270250,2.7347713003586707,94.45309051943272,1.0319115382693698,15.554318574371564,0.8373261583227818,17.560053571052993,17.783523598397327,1.5140285654066525,9.73651249271755,11.72699347003596,0.25699875001311184,0.8362613812349068,100887893.33333333,63427652.266666666,12143001.6,39029418.666666664,42668032.0,26175351.466666665,138469239.46666667,39898043.733333334,10136098.133333333,50507776.0,3099852.8,9651268.266666668,38.0346,54.8,2.1333333333333333,200.8,1.9333333333333333,32.9,1.6666666666666667,349.21560000000005,45.13333333333333,16.133333333333333,0.0937486631245557,0.23630561884477017,0.7331863136863136,0.2235080092034461,0.004600000000000001,4.707792183167416,0.042518295940170946,0.22910083550997662,0.24645865866845104,0.05437078619432154,0.0
1685270280,2.858742868909436,96.35218269344175,0.9796238976626519,17.235885210570117,0.7910077667841285,18.03555087087138,17.749974353411112,1.3835471692547625,9.610451969772692,11.315503329087987,0.2518772156201875,0.8616029844385594,100963942.4,63360887.46666667,12191061.333333334,38865305.6,42703257.6,25832652.8,138469376.0,40120320.0,11000490.666666666,50508458.666666664,3090705.066666667,9450700.8,41.46666666666667,52.13333333333333,1.8666666666666667,187.93333333333334,1.8,25.466666666666665,1.8666666666666667,345.8666666666667,42.93333333333333,14.266666666666667,0.09771523453208862,0.3598557396383564,0.8917416471199365,0.2333250057203793,0.004600000000000001,4.718961211887352,0.04493094255245958,0.2287964385592905,0.28820228400580794,0.05383492175714588,0.0
1685270310,2.539500956231059,92.70330603758431,0.9603026226992053,19.431932457873522,0.8141786831707006,17.52630200449712,16.729726431509715,1.526458128542839,10.986802477971207,11.14720059371866,0.23841720990331475,0.8151542794168709,101033028.26666667,63368123.733333334,12053162.666666666,38860390.4,42715818.666666664,25143296.0,138470195.2,39939549.86666667,10384452.266666668,51297211.733333334,3084288.0,9659460.266666668,36.8,62.6,2.6,175.26666666666668,2.7333333333333334,28.066666666666666,2.2666666666666666,323.1333333333333,42.0,16.8,0.09673789430799565,0.40955690324056776,0.9473305322128851,0.2360532664931614,0.004600000000000001,4.7057647532129305,0.049094966736694674,0.23016121219284774,0.32059853107944036,0.053844433822480026,0.0
1685270340,2.311717710552703,95.62415543585836,0.94743269440208,17.982356781494016,0.8097630064321902,17.66934473574169,17.9556091676575,1.4205207533855426,11.58623051279035,12.024978859737187,0.24130118617377874,0.820326424955285,101300224.0,63389149.86666667,11890961.066666666,38774101.333333336,42668032.0,26423569.066666666,138494225.06666666,40276104.53333333,10032742.4,50507776.0,3101354.6666666665,9834222.933333334,33.59793333333333,58.53333333333333,1.6,171.73333333333332,1.1333333333333333,29.897433333333332,1.9333333333333333,344.1809666666667,44.53333333333333,17.2,0.09525437823517044,0.43957631162121996,0.9384622430728063,0.2345628381323587,0.004600000000000001,4.720321062327713,0.0473546626984127,0.2310680630452149,0.304531944658336,0.0640241686849075,0.0
1685270370,3.4179229722741247,95.53292146211152,1.107483894011869,18.68280916244617,0.7847517767353005,18.184737566287666,16.7979179379855,1.6132633738043534,10.575289974747083,11.040508061753368,0.23938242544891467,0.8838948624548357,101367808.0,64301602.13333333,11996364.8,38709930.666666664,42668032.0,26260957.866666667,138559488.0,40738816.0,9962018.133333333,50507776.0,3049062.4,9891703.466666667,38.0,53.6,2.1333333333333333,196.26666666666668,1.9333333333333333,31.066666666666666,2.6,359.0,46.2,19.066666666666666,0.09763286220117418,0.6472626135135363,1.214016563146998,0.2328186127935046,0.004600000000000001,4.750643183567785,0.048255406746031744,0.22992417898345116,0.2799959545757098,0.07610824424286726,0.0
1685270400,3.034174896915594,93.99763702738231,1.000997416758511,18.0709450555968,0.8566195758398331,17.781594390453915,18.00062388640036,1.7580153569619306,9.095395641597273,12.622419602350401,0.25222991738078804,0.8419509826742705,101302272.0,63402803.2,12064631.466666667,38782566.4,42668032.0,25639731.2,138575872.0,40508757.333333336,10004889.6,50507776.0,3109410.1333333333,9529480.533333333,33.8,52.93333333333333,1.6666666666666667,175.4,1.6,33.22636666666667,1.4666666666666666,324.50826666666666,45.86666666666667,17.8398,0.10071853806675904,0.381138317723127,1.085205662393162,0.23261942970036223,0.004600000000000001,4.803697538267211,0.05183511904761904,0.2341836348074889,0.3193944909059067,0.08592486807363701,0.0
1685270430,3.4049132666963273,97.52524508013425,1.025691934651935,16.789683619520257,0.8380435689443375,17.529516654049683,17.493092725667015,1.278097568063949,10.216096719680312,11.522810653435352,0.28639491276289725,0.9205740034234179,101099110.4,63455368.53333333,12201437.866666667,39088537.6,42686054.4,24757179.733333334,138590208.0,40369766.4,10358510.933333334,50507776.0,3083332.2666666666,9526203.733333332,51.5336,90.26666666666667,4.6,282.06666666666666,4.866666666666666,46.86666666666667,4.733333333333333,507.0,62.93333333333333,27.533333333333335,0.09397586922345186,0.21155593526840322,0.5689598314195089,0.21905405735284192,0.004600000000000001,4.65070702173179,0.03739176587301587,0.22818974412930088,0.30574137447679056,0.07622835318237517,0.0
1685270460,2.19262981555422,95.01644316625953,1.458715306426867,11.859837234706173,0.9004726471040249,18.34090134737954,11.803859831935164,0.7005648705481592,9.92919908614021,7.724373423688988,0.48857894630913656,1.2583917898202293,101133653.33333333,63444992.0,12027904.0,41039872.0,42669533.86666667,22207965.866666667,138604544.0,40341777.06666667,9932800.0,50516650.666666664,3278165.3333333335,9676800.0,63.733333333333334,97.93333333333334,4.066666666666666,318.06666666666666,3.8666666666666667,53.86666666666667,4.266666666666667,580.6,73.93333333333334,29.733333333333334,0.06373654143380544,0.1485724581421173,0.34496496456442116,0.1373238089602358,0.004600000000000001,3.529861684752822,0.01590093752753547,0.15001726038617305,0.18613980341536693,0.02751581027530194,0.0
1685270490,1.7598855472262818,99.86313534639383,1.6222447224525955,9.1887470180506,0.8772362967811892,18.27841984802561,8.57021527081681,0.44914115662294807,10.1885973198767,6.584395050570491,0.5718252443309624,1.2760075016735433,101029478.4,63398707.2,12023808.0,40248934.4,42669943.46666667,22643234.133333333,138604544.0,40510259.2,10155076.266666668,50507776.0,3096712.533333333,9679667.2,44.355533333333334,82.90533333333333,3.7926333333333333,250.70036666666667,3.7333333333333334,36.333333333333336,3.466666666666667,441.1046333333333,56.882799999999996,23.151766666666667,0.010477390435939659,0.037940743206370864,0.08183930533270731,0.014329121123367133,0.004600000000000001,0.500121487344566,0.005186978727671025,0.013338692410511332,0.028445013088446006,0.005250593370475359,0.0
1685270520,2.672569827556094,95.70214168670789,1.2924361597253409,13.656289340249382,0.8675301153199826,17.670453836919812,13.433303436623582,0.9129578532265084,10.483503365858589,10.625704864951905,0.3951558777838105,1.0182994171055737,101000669.86666666,63426696.53333333,12130440.533333333,38914184.53333333,42684279.46666667,25288157.866666667,138608093.86666667,40785237.333333336,10311816.533333333,50507776.0,3044966.4,9537399.466666667,37.53333333333333,50.93333333333333,2.0,187.2,1.8666666666666667,31.333333333333332,1.8666666666666667,308.26666666666665,41.733333333333334,17.2,0.07437858154629952,0.16442904646845116,0.5308287037037039,0.16110040213030144,0.004600000000000001,3.732934851338739,0.03093051346801349,0.1744299204982009,0.19468173243301884,0.030009487674337955,0.0
1685270550,2.9196284678799005,94.82478189547768,0.9589107346760103,16.551169535889137,0.803170975606234,17.956994151899327,15.982968844538323,1.2335578014778839,11.405416973637832,12.211092375013466,0.2718466686817138,0.8023249999214065,101132697.6,63395566.93333333,12274073.6,38624324.266666666,42668032.0,25990485.333333332,138645504.0,40863880.53333333,9997243.733333332,50507776.0,3029538.1333333333,9780974.933333334,38.0,60.0,1.8,179.37176666666667,2.066666666666667,31.077133333333332,2.1333333333333333,320.85516666666666,42.52576666666666,17.119566666666667,0.11670619599021202,0.21495541250755387,0.6970401774151774,0.22706219737610897,0.004600000000000001,4.756549856244892,0.04562739502213186,0.225148374769645,0.27715646745409134,0.04609945059676924,0.0
1685270580,2.7490288596227574,94.77597637600937,0.9138344423272747,17.49368827112205,0.795639803612438,18.067614919671495,17.881319834197004,1.3159258413598829,9.355396749434487,10.847205424712802,0.24841336296171454,0.8177838368616743,101179392.0,63391880.53333333,12083473.066666666,38931387.733333334,42668032.0,26121966.933333334,138649600.0,40597913.6,10407116.8,50510233.6,3096439.466666667,9655773.866666667,33.86666666666667,65.53333333333333,2.1333333333333333,192.26666666666668,2.066666666666667,26.4,2.0,358.73333333333335,46.6,18.4,0.10774054530395744,0.23654844782976234,0.8815849149488855,0.23278252715484535,0.004600000000000001,4.811787029088879,0.045815850815850816,0.2302961842213989,0.35588759863207237,0.05038254025672904,0.0
1685270610,2.5539669195292,91.70465640252608,1.0933602420106459,18.34344769060967,0.8687983999146127,17.0760312691502,20.05056850095277,1.6519521093629623,11.33220293779764,13.377148969454655,0.2510999179899431,0.8821988619308583,101035758.93333334,63403349.333333336,12031317.333333334,39789363.2,42668032.0,26254813.866666667,138658201.6,41015569.06666667,9948501.333333334,50509824.0,3085789.8666666667,9566208.0,34.953266666666664,55.04233333333333,1.0666666666666667,186.04039999999998,1.1333333333333333,33.24443333333333,1.3333333333333333,311.2944,40.1881,16.127033333333333,0.09812541815971762,0.24963803957818703,0.9232847279712605,0.2350060325386702,0.004600000000000001,4.75110172900504,0.04292108585858587,0.23487791119963858,0.36138590708957263,0.05368022958745089,0.0
1685270640,2.68651797007185,93.12751526042273,1.077406136167421,19.01653452883722,0.829839879605776,17.805991437196507,18.483379147203348,2.3864639738484925,11.27702843474264,13.908607149742533,0.24853857567687307,0.891236346954559,101536836.26666667,63523089.06666667,12053299.2,38634291.2,42825864.53333333,26873856.0,138664755.2,38398771.2,9996014.933333334,50507776.0,3164842.6666666665,9833676.8,34.8615,55.198,2.2666666666666666,186.91503333333333,1.9333333333333333,28.6,2.0,341.8908,41.333333333333336,15.465066666666667,0.09837203999515695,0.23186912792171882,0.8074124579124579,0.2339938900669473,0.004600000000000001,4.749834546204119,0.04352233877233877,0.23333477771027683,0.31957009745577725,0.05706487591601549,0.0
1685270670,3.007907706832382,91.76031858902986,1.028092888611911,16.997895367163355,0.8370656280454389,17.866974585558868,16.850959186902255,2.1033861127753046,10.3874270939391,11.992374186673155,0.24225204733652198,0.8399745533167031,101640465.06666666,63527594.666666664,12019712.0,38921557.333333336,43615027.2,25319150.933333334,138681002.66666666,36135048.53333333,10156441.6,50507776.0,3217954.1333333333,9498214.4,34.333333333333336,66.13333333333334,2.7333333333333334,177.93333333333334,2.933333333333333,29.533333333333335,3.1333333333333333,334.6666666666667,45.93333333333333,18.8,0.09509889935400476,0.2213230058059712,0.7885497043261751,0.23079614040625698,0.004600000000000001,4.742329141884212,0.04291372053872054,0.2287468262332393,0.26752879817195246,0.0629738407921948,0.0
1685270700,2.6074222375720355,93.54248402166188,1.2582049454106936,17.264427515879618,0.8292761000422436,17.40555495990189,16.905269071750624,1.5933391965915171,11.165887737311937,12.301355656323533,0.2647782459440075,0.888953566122665,101072622.93333334,63520904.53333333,12226560.0,39503735.46666667,42668032.0,25719876.266666666,138682368.0,36114022.4,10387456.0,50511325.86666667,3100262.4,9556923.733333332,30.7635,56.6,2.1333333333333333,169.70936666666665,2.2,24.7917,2.066666666666667,350.1444,46.0,19.666666666666668,0.09355506696985284,0.22155175859152357,0.8412198491122405,0.23254554731912716,0.004600000000000001,4.7221291259538125,0.04221515594541911,0.22675237705089565,0.24931240574279626,0.05687932909726016,0.0
1685270730,2.577728969700877,96.09281309950858,1.2637158945834521,16.963018126952143,0.8721146337193122,17.328384097249465,16.807030049734934,1.6471751210888308,10.858669431810194,10.986808639026314,0.2831757721422542,0.9690781887778478,101167104.0,63493324.8,11905979.733333332,39286920.53333333,42668032.0,25372262.4,138702028.8,36186658.13333333,10077934.933333334,50507776.0,3102173.8666666667,9478826.666666666,56.53333333333333,87.46666666666667,3.066666666666667,294.3333333333333,3.066666666666667,47.733333333333334,2.6666666666666665,486.4,65.86666666666666,27.733333333333334,0.09476894713005228,0.22082983116973193,0.7235540174990304,0.22567421925369813,0.004600000000000001,4.632915762809563,0.04086676403017348,0.2239377335113252,0.27690243891504657,0.05948714263161849,0.0
1685270760,2.0314254366055846,97.6475053243708,1.5599480639278427,11.624088038860094,0.9408314586460903,17.896310658126513,11.363501949014594,0.800316798937402,9.889074097395802,7.870186384897763,0.5078218046284717,1.2749418140204491,101184853.33333333,63390242.13333333,12114739.2,39150933.333333336,42668032.0,22197589.333333332,138706944.0,35798903.46666667,10335163.733333332,50507776.0,3018752.0,9489066.666666666,59.8991,98.4,3.533333333333333,305.87960000000004,3.4,55.9368,3.533333333333333,585.3697,76.26666666666667,31.7799,0.061511378705308685,0.17701962057972856,0.4581270659422833,0.15135775005109883,0.004600000000000001,3.6213630383067628,0.022136554001554006,0.14592580359517837,0.1949792946459214,0.03000798826441576,0.0
1685270790,1.62911478222732,99.87591972579288,1.5780893738945958,9.417553799264795,0.9251444398379924,17.68549377545128,8.783260108416423,0.41367902802865175,10.253909194722713,6.995264553702481,0.5710565422414704,1.387688822889507,100940868.26666667,63396386.13333333,12079923.2,40326212.266666666,42668032.0,22020778.666666668,138706944.0,35806412.8,10227712.0,50507776.0,3021346.1333333333,9647991.466666667,42.53333333333333,83.0,3.4,270.8666666666667,3.3333333333333335,38.666666666666664,3.2666666666666666,433.93333333333334,58.333333333333336,22.933333333333334,0.009321929932120098,0.047181136362721844,0.16639943032114085,0.01784758343857777,0.004600000000000001,0.6113284953553877,0.008374807097351979,0.014630608423236272,0.033923406280273335,0.0056368270741845965,0.0
1685270820,1.9911911880150726,95.49281019079187,1.2494886917073198,14.169384228046662,0.8347027956626515,18.520396259792083,13.834044507544869,1.14480217539032,11.042719405897596,9.601177379702404,0.4211696868655693,1.1209359642532855,101320021.33333333,63423829.333333336,12040328.533333333,39276953.6,42668032.0,25645602.133333333,138706944.0,36084940.8,10108381.866666667,50507776.0,3145454.933333333,9443191.466666667,33.2,51.8,2.066666666666667,179.4,1.8,31.933333333333334,1.7333333333333334,333.6666666666667,42.333333333333336,19.866666666666667,0.07497483452467074,0.19645941315607762,0.6058388490164807,0.179822857835415,0.004600000000000001,3.7720357570924117,0.027775225607725613,0.17018917925617927,0.2131135853433391,0.03525918554489456,0.0
1685270850,2.9797919580818606,96.12028988637263,1.0129553112056968,18.50595246410147,0.8545571187319845,17.415782273314186,18.248662747962733,1.6871996243670206,10.492237754022192,11.752098104033855,0.24470261863962467,0.8790908037406763,102122018.13333334,63351193.6,12053435.733333332,39279001.6,42668032.0,26096162.133333333,138706944.0,35818154.666666664,10063189.333333334,50507776.0,3036774.4,9557879.466666667,33.4649,54.53333333333333,1.4666666666666666,189.30403333333334,1.5333333333333334,33.075,1.6,326.9371,40.93333333333333,15.0,0.10202387331981991,0.3831312085007034,0.9256497821350763,0.24100310841578104,0.004600000000000001,4.700684166294172,0.0624436026936027,0.225814869896856,0.32792303330539535,0.063657813121873,0.0
1685270880,3.438571965380755,95.97807608462158,0.9599949349846039,19.06773600529215,0.8072539409845818,16.988591288498853,19.272778595486603,1.3415038968651332,10.853318995079595,11.382678737198017,0.24958872687793543,0.8247450142158859,102880324.26666667,63647880.53333333,11991313.066666666,39033105.06666667,42668032.0,26885734.4,138715136.0,36136004.266666666,10061277.866666667,50511189.333333336,3059302.4,9704789.333333334,35.666666666666664,59.4,2.7333333333333334,193.13333333333333,2.6,27.866666666666667,1.8666666666666667,366.2,47.13333333333333,18.2,0.0969250786069648,0.5167682625009031,1.3100000000000003,0.24352948110430717,0.004600000000000001,4.770029701463504,0.06082275132275133,0.2310868493496203,0.3105661530419361,0.06793255593917227,0.0
1685270910,2.708598898419347,96.97805781368115,1.0289893664356622,20.711867410734992,0.8042297160419252,16.408241191845494,18.312467406838596,1.1505693068195202,11.769948096255183,11.53883612140778,0.23425829115521335,0.7965172377023539,102978653.0909091,63381504.0,11933509.818181818,38903063.27272727,42668032.0,26171205.818181816,138715136.0,35717120.0,9633792.0,50518946.90909091,3142004.3636363638,9533998.545454545,29.922818181818183,62.92818181818182,2.546909090909091,192.21263636363636,2.5454545454545454,23.09090909090909,2.1818181818181817,333.6832727272727,35.65690909090909,15.507363636363635,0.09561480468306599,0.39857255244755235,1.3289772727272728,0.24561467868510967,0.0046,4.780994656821654,0.047221557682084005,0.23048883656186162,0.2835608927190003,0.06986196198168029,0.0
