time,adservice_cpu,cartservice_cpu,checkoutservice_cpu,currencyservice_cpu,emailservice_cpu,frontend_cpu,main_cpu,paymentservice_cpu,productcatalogservice_cpu,recommendationservice_cpu,redis_cpu,shippingservice_cpu,adservice_mem,cartservice_mem,checkoutservice_mem,currencyservice_mem,emailservice_mem,frontend_mem,main_mem,paymentservice_mem,productcatalogservice_mem,recommendationservice_mem,redis_mem,shippingservice_mem,adservice_load,cartservice_load,checkoutservice_load,currencyservice_load,emailservice_load,frontend_load,paymentservice_load,productcatalogservice_load,recommendationservice_load,shippingservice_load,adservice_latency,cartservice_latency,checkoutservice_latency,currencyservice_latency,emailservice_latency,frontend_latency,paymentservice_latency,productcatalogservice_latency,recommendationservice_latency,shippingservice_latency,frontend_error
1685549850,2.4693234967724007,5.711906134779328,1.3110061552419527,5.573614243024435,1.0771768628520477,18.6780214117543,6.459458963590333,0.5331692226932628,9.637259751793291,10.632445249807136,0.4130574976693139,1.143146240405609,102282345.93103448,54956032.0,12011731.862068966,38810588.68965517,42422272.0,27324980.96551724,108606287.44827586,36365417.93103448,10214717.793103449,49897472.0,3078920.827586207,9452155.586206896,32.62358620689655,61.52368965517241,1.5933793103448275,184.41913793103447,1.5614137931034482,33.34996551724138,2.107965517241379,321.8025517241379,43.04168965517242,16.114103448275863,0.09556606639620999,0.2110509295302935,0.5698611111111112,0.13581851723450192,0.00470338009454354,4.489188512190632,0.0046,0.22035416272294564,0.2822972604562968,0.06170418726985261,0.0
1685549880,2.491782251596149,5.640995302706987,1.381174614238418,5.333994720007256,1.0758154075372681,17.889059209668478,6.1386889477602,0.5179605577442211,9.856067950719332,12.255318416106071,0.3875744506241168,1.0916917616857402,102283537.06666666,54952891.733333334,11986534.4,39063552.0,42422272.0,26993732.266666666,108709751.46666667,36454126.93333333,10522624.0,49897472.0,3090568.533333333,9549414.4,40.4243,64.59726666666667,3.0792333333333333,212.6907,3.185,30.593433333333333,3.7139666666666664,340.8611333333334,46.56773333333333,22.941466666666667,0.09673261378567542,0.22503060466741093,0.5726958689458691,0.1662302986758794,0.004631143288084464,4.748297779636192,0.004600000000000001,0.23600319010677512,0.3313952762739205,0.07250229936110922,0.0
1685549910,3.326865894743934,6.203023498238761,1.512062148268249,5.700659519583042,1.2267341183434237,18.95739326725311,6.112847485850504,0.607690955529318,10.619538217045504,11.712245889516556,0.44015111492353004,1.2223045343969352,102345932.8,54960537.6,12144640.0,38704742.4,42422272.0,27248230.4,108725725.86666666,36594619.733333334,9985365.333333334,49938432.0,3088384.0,9503675.733333332,32.19873333333333,62.9137,3.0090999999999997,193.01703333333333,3.0925333333333334,28.579900000000002,3.1652,330.58976666666666,38.409933333333335,20.006833333333336,0.09416996846258487,0.21474598627758612,0.49938611773335784,0.1597426909080942,0.0047013811573187,4.723521870310957,0.004600000000000001,0.23390135063393014,0.2962323474175889,0.0743408863971437,0.0
1685549940,3.282380354757757,6.369364121752267,1.4613507811031425,5.119759904012847,1.0258210880755603,18.306106002712877,5.9964690893686905,0.5655263471137856,11.15302999343451,12.218727353686495,0.439461742821822,1.150190597358444,102439048.53333333,55044096.0,12099857.066666666,38657774.93333333,42422272.0,26394624.0,108769280.0,36684322.13333333,10266487.466666667,50552832.0,3084288.0,9372467.2,33.87316666666667,65.94760000000001,3.9300333333333333,200.1925,3.7885666666666666,33.234433333333335,3.124166666666667,350.653,49.227733333333326,22.42393333333333,0.09566049656187219,0.21246955516936913,0.4884859576841945,0.16316727815405113,0.004663500751273566,4.7359299631250735,0.004600000000000001,0.23125365183118926,0.2975667496315693,0.07257015962253172,0.0
1685549970,2.7802922185631287,7.086508412026529,1.6633817071912207,5.642136918277947,1.0463631755693004,18.215223088064484,6.047134336577768,0.4684581567774094,11.21555297358683,12.207096016010372,0.4855208453679302,1.1456764958118948,102440960.0,55041774.93333333,11981892.266666668,38761267.2,42422272.0,26810231.466666665,108769280.0,37018419.2,10450534.4,49897472.0,3163613.8666666667,9577403.733333332,36.4162,62.95463333333334,1.5651666666666666,176.20870000000002,1.6214666666666666,30.415000000000003,1.5893000000000002,314.16659999999996,44.75116666666667,16.357,0.09823366931311034,0.21120410678407092,0.4788583090864768,0.18460123272282344,0.004764306411798603,4.7639811199035655,0.004637601101086227,0.23271907525081528,0.3217829343442159,0.0660377085960286,0.0
1685550000,2.3573009705301664,7.129515186663595,1.4353711355383585,5.369215284062033,1.0605981816450203,18.58865064938017,5.897312395742721,0.4794913173437586,10.915858953605921,11.36071000424222,0.544655062949728,1.0928852555923083,102120925.86666666,55042594.13333333,12122521.6,38956373.333333336,42422272.0,27082342.4,108772283.73333333,36928170.666666664,10540373.333333334,50368785.06666667,3083605.3333333335,9458073.6,29.72713333333333,59.774966666666664,2.9320999999999997,184.21686666666668,2.6379,30.831,2.6152333333333333,337.4297666666667,45.123866666666665,17.710433333333334,0.09753352641719391,0.2113502523882577,0.470392539383435,0.18561879315250565,0.0048207888867346,4.7369769933248564,0.0046491959894377636,0.2299056736155167,0.32031056698384597,0.06815603441815073,0.0
1685550030,2.280384083030054,5.835804672003433,2.29897937076601,9.194227147547908,1.434790443001561,18.702945499921373,8.798224894217325,0.7942984179544433,10.950681578624675,11.802423255714684,0.4499724631392462,1.6029683036661644,102277120.0,55053516.8,11979025.066666666,39531724.8,42422272.0,25364616.533333335,108773376.0,37103616.0,10231398.4,50136678.4,3088384.0,9453568.0,58.72136666666667,95.74183333333333,4.069866666666667,280.9476,4.0595,51.380833333333335,3.870166666666667,554.9709666666666,73.143,32.0009,0.08905605341113677,0.20060728506350642,0.4604330606390945,0.15501361762469332,0.007415541152639745,4.5621243370668205,0.0072799995658980364,0.21979833028427923,0.2816882427952182,0.06354168968444925,0.0
1685550060,2.1387963655564195,6.673144505093262,3.7700736393932455,16.36252139016856,2.0110724403237956,18.892403511940604,12.791394517176817,1.15340654290836,10.546225681986618,8.873647420410002,0.5567680444640568,2.9840576938023546,102277120.0,55085602.13333333,12194884.266666668,39515613.86666667,42422272.0,23542169.6,108773376.0,37067707.733333334,10277819.733333332,49897881.6,3088384.0,9399227.733333332,59.0,98.26350000000001,3.4650666666666665,313.2608333333334,3.731733333333333,54.666666666666664,3.731733333333333,549.4624333333334,70.53333333333333,28.930166666666665,0.04254230924889134,0.1082740365037441,0.3631194699091758,0.07565578684320087,0.008383230994152047,3.165308763186923,0.008694988344988346,0.13174366304674284,0.1647845139243783,0.028410997725676172,0.0
1685550090,1.752065807415425,5.858470067529404,2.7385420385343475,12.821938517668778,1.2263216865329905,18.81632468763406,10.9507535087022,0.7855008021326858,10.158370132718376,7.018033582904507,0.5131209817068533,2.3644737943536307,101997226.66666667,55021568.0,12139588.266666668,39281049.6,42422272.0,23414784.0,108773376.0,37345962.666666664,9955737.6,49901021.86666667,3083195.7333333334,9420800.0,56.82616666666667,92.06400000000001,3.0533333333333332,279.99826666666667,3.0497666666666663,47.41713333333333,3.3206333333333333,532.3372666666667,71.56456666666666,24.762800000000002,0.004726674788163536,0.005792456881816599,0.09873326306046896,0.011229495321884915,0.005866110635816019,0.2751052123816231,0.005870654505749574,0.004959569180003015,0.010324456755061237,0.0058184121599609,0.0
1685550120,2.078661444906762,5.460207195166161,2.3268206932378197,9.236740417117563,1.1455895695054084,18.02845945040848,8.689056200074868,0.602488400267535,9.808558349101679,8.520514740693331,0.5171480969899169,1.6681944366805554,102230289.06666666,55011328.0,12235571.2,39700889.6,42422272.0,26113092.266666666,108773376.0,37581482.666666664,10349363.2,49899383.46666667,3156104.533333333,9293004.8,34.916266666666665,56.91963333333333,1.9114333333333333,187.388,1.9574,31.3298,2.1627666666666667,322.4062,39.263133333333336,17.002966666666666,0.03559307975101766,0.11049556260440048,0.25506280973928036,0.04833607991708558,0.00470275754541147,2.2153702100172583,0.004729569199649613,0.10632037648519214,0.14047604143711526,0.020986492234843755,0.0
1685550150,2.552647592316495,4.9200983987466405,1.3410192004049069,5.70707957872492,1.033684520440689,17.907801920551258,6.209452156946189,0.475178344260128,10.51100846525848,11.568058245741556,0.4646544729832831,1.1982120189679566,102384708.26666667,54988800.0,11970969.6,38606028.8,42422272.0,26792618.666666668,108773376.0,37345689.6,10269764.266666668,49897472.0,3087291.7333333334,9404142.933333334,34.61483333333333,61.7232,2.2491,203.12863333333334,2.372066666666667,33.3555,1.9835333333333334,362.4344333333333,48.864266666666666,16.44353333333333,0.09060266139249105,0.22458823762042965,0.5489936615671911,0.14136252573414124,0.004702776931098922,4.4442766154638385,0.004604,0.21924534082917488,0.27135195604570855,0.05960483653538106,0.0
1685550180,2.4682653271699975,6.1510048626736,1.2387922548684367,5.447808144769326,0.9038342004995212,18.19396467935668,5.9761377280117065,0.4471581771242329,10.861037634001667,12.177159860191075,0.5454768768828042,1.0542354131919005,102390852.26666667,55142536.53333333,12352580.266666668,38734643.2,42422272.0,26517504.0,108777472.0,37288345.6,10617651.2,50218598.4,3221504.0,9377518.933333334,34.951800000000006,56.586133333333336,2.0719,183.63340000000002,2.015,34.646499999999996,1.6101666666666667,367.09636666666665,48.4952,15.348466666666667,0.09572795577694916,0.2254098530575306,0.5981305436930437,0.1734000103124034,0.004693348119671561,4.623523665621188,0.004600000000000001,0.23110208034972532,0.2941844899750822,0.07688813930616253,0.0
1685550210,2.4424685012318075,5.665943383940455,1.2189657645263705,5.164313034291883,0.9709478557762797,18.57169605101744,5.8445156991071245,0.4234373156159557,11.745806528441813,12.259487935371089,0.536584893527944,1.0461322359194987,102344567.46666667,55065395.2,13153621.333333334,38354670.93333333,42422272.0,25944337.066666666,108799044.26666667,37456554.666666664,10198766.933333334,50239078.4,3157879.466666667,9355127.466666667,36.89013333333333,69.2754,2.404433333333333,197.94423333333333,2.3035,29.486633333333334,2.396,334.78676666666667,44.01556666666667,18.231933333333334,0.09117215258339013,0.220497491921799,0.4712003181090353,0.15557163935431842,0.004600000000000001,4.597109924576951,0.004600000000000001,0.23117583423122612,0.30099951789446877,0.07337884441516657,0.0
1685550240,2.7176705981896,5.38308613584524,1.2669880754760228,5.135172744876454,1.0083931199698852,18.24860380598723,6.003396522848913,0.48714538696363374,11.212853197003287,11.25804991785766,0.4661173548024099,1.0922449100594187,102334464.0,55129702.4,12348620.8,38385390.93333333,42422272.0,26938026.666666668,108893798.4,37548851.2,10499276.8,50102272.0,3094801.066666667,9545045.333333334,30.683,56.217,2.070533333333333,185.65970000000002,2.0471333333333335,26.4648,2.6256,322.7806,41.67843333333334,16.549366666666668,0.09721763541673005,0.2973768657986811,0.49576002887714227,0.1720655567860502,0.00461673076923077,4.716122821575169,0.004600000000000001,0.2358717031187537,0.33823633436922657,0.0710561542032729,0.0
1685550270,2.856255519348868,4.902706350520382,1.298484040806882,5.006952527373708,1.0904097533987651,17.49876477939101,5.931878017400167,0.5088974427901507,9.880733301932203,10.844412618598556,0.4323893892978697,1.0348644512072636,102368187.73333333,55056384.0,12131669.333333334,38572714.666666664,42422272.0,27561847.466666665,108969164.8,37652480.0,10117939.2,49897472.0,3093299.2,9422711.466666667,39.184,60.14253333333333,2.0234,192.234,2.1837,28.5738,2.3605666666666667,330.4035,40.0861,17.148566666666667,0.12052424808054882,0.5549147496610137,0.7148089225589226,0.18795851561690594,0.0046712065807327,4.868996963785891,0.004600000000000001,0.24682096547467763,0.36613141546567246,0.07241082643395075,0.0
1685550300,2.926973251307435,6.2330634001900025,1.6621473210788447,5.306320140844023,1.1833548233342213,17.514677447309975,5.946822052839864,0.5227781700471201,10.84925373413595,12.125704562584016,0.48574153796364417,1.1640839748008038,102387712.0,55529745.06666667,12215227.733333332,38797312.0,42422272.0,27046024.533333335,108969984.0,37857280.0,10162176.0,49897472.0,3096302.933333333,9450427.733333332,30.687033333333332,61.92296666666667,3.1019,180.4768,3.2124,33.41676666666667,3.4594333333333336,333.79316666666665,38.090900000000005,17.254,0.1020280632565485,0.41451864370008346,0.6815023510971787,0.17633649517395591,0.004759855375085873,4.805473220312125,0.004600000000000001,0.2475401818393552,0.3367868662422919,0.07175871630084095,0.0
1685550330,2.412609313483514,6.160678101940096,3.088752229537772,9.340566325423937,1.7977645959110498,17.084098568477106,9.242741402485215,0.7813962144642893,10.096486613296792,12.09769743529443,0.645156742792753,1.834042426405191,102352213.33333333,55338734.93333333,12085521.066666666,38625280.0,42422272.0,23967334.4,108969984.0,37774404.266666666,10405478.4,49897472.0,3095483.7333333334,9431313.066666666,54.57533333333333,91.99783333333333,4.1339999999999995,302.71396666666664,4.258333333333334,47.193666666666665,4.397966666666666,539.9335333333333,70.84176666666667,29.699566666666666,0.09151509666023007,0.18841065085949887,0.4676051367679689,0.15554845485810667,0.0075587569173359665,4.584340078690754,0.006884875175808721,0.22536797039216122,0.2654238796728619,0.06834288371925275,0.0
1685550360,1.9799157329362438,6.759828951469489,3.9608161295229083,17.454205827646888,2.103468950145632,18.333676391029158,14.898044948390353,1.1765685008116185,10.240723548848104,8.832502055093482,0.6194011537854557,2.7988891412427788,102333781.33333333,55158647.46666667,12071731.2,40309555.2,42422272.0,23938662.4,108969984.0,37697672.53333333,10668441.6,49897472.0,3086745.6,9481830.4,48.6,82.1433,2.868,293.2060666666667,2.801333333333333,48.733333333333334,2.533466666666667,481.8458,61.46666666666667,26.136033333333334,0.05470911168963369,0.122656703530046,0.34185125985125986,0.0801125458514211,0.008690716952129996,3.4333127659435294,0.008351111111111111,0.13102537006548431,0.1697768098163249,0.032475475051772076,0.0
1685550390,1.6469769144188378,5.4702489611700456,2.233678148835196,12.302786325551063,1.2890935511199182,17.599246795131368,10.640421098741056,0.6306060902041567,9.379953445273907,6.836879649137705,0.48118334677084545,2.092691407014667,102331323.73333333,55089834.666666664,12091118.933333334,39084032.0,42422272.0,23481548.8,108969984.0,38059212.8,10269491.2,49897472.0,3084288.0,9516373.333333334,54.422466666666665,90.58026666666666,3.9352,274.8531333333333,4.0018666666666665,52.02663333333333,3.868533333333333,498.64509999999996,65.64789999999999,25.6786,0.005451641994325305,0.08820571118512177,0.12854698627162536,0.013276621601158759,0.006318339374365433,0.5098145717496153,0.005803607583899075,0.005613137292036094,0.015932154230161207,0.006245516125963083,0.0
1685550420,2.2432117445144844,5.72391685627018,2.4754514390540945,10.528300738807038,1.5141656817589384,18.01206659691919,9.84690434246067,0.7275540563430903,9.74108884034584,8.741030591281376,0.4652829251515237,1.8617806707632143,102326272.0,55157828.266666666,11950489.6,38711569.06666667,42422272.0,26102852.266666666,108981862.4,38310843.733333334,10147020.8,49898837.333333336,3083195.7333333334,9462306.133333333,40.504533333333335,61.12766666666666,2.5140666666666664,169.0366,2.6758333333333337,31.69046666666667,2.1518,341.15243333333336,50.2056,17.015233333333335,0.0413670334876257,0.1856766713143962,0.26413793995859225,0.050746405282199085,0.004844490646000654,2.324608707663327,0.004724760791783695,0.0950442740992291,0.12200124632991972,0.02236035425702855,0.0
1685550450,2.8669426251592385,6.337608858166129,2.0113104604954697,6.557732532407153,1.2119476448442437,19.047016045634557,6.829846699495986,0.6907592619650098,10.509836309340828,11.890067069690538,0.5451488477564834,1.2702995721011372,102285312.0,56086664.53333333,12122112.0,38629102.93333333,42422272.0,27311991.466666665,108991692.8,38156424.53333333,10310860.8,49898564.266666666,3084697.6,9396633.6,24.560866666666666,56.849466666666665,3.3406333333333333,170.2118,3.3686999999999996,29.021733333333334,2.9320666666666666,301.83979999999997,40.0469,17.786766666666665,0.0898260161730404,0.1863745549026192,0.4222479878146545,0.11741466224151612,0.004768571686101093,4.485743431859489,0.004742785001509981,0.21465128522014462,0.2325783488936485,0.05710922573588243,0.0
1685550480,2.4836258840131236,6.9408268967042694,1.5619743142318259,5.180192930629422,1.1005656907297203,18.463701966286155,5.65368880638284,0.5582336039340352,10.784968491681889,12.705922978957739,0.6560448861589798,1.1401871278488227,102247355.73333333,55266099.2,12390946.133333333,38621047.46666667,42422272.0,26798216.533333335,109013538.13333334,38251042.13333333,10800332.8,49897472.0,3085653.3333333335,9468723.2,34.522733333333335,61.348,3.8297666666666665,174.49316666666667,3.778833333333333,34.81923333333334,3.7420666666666667,335.55446666666666,48.6344,20.168433333333333,0.09526718526728735,0.21206895215387836,0.4541698154107075,0.14985260449945637,0.004643437757849856,4.746345620557912,0.004643517950311765,0.23212616255331872,0.24493053711776946,0.07027455500461889,0.0
1685550510,2.8187562760890748,6.695051070304513,1.5203812509379517,5.077744043083556,1.1117795898841842,18.641816977987805,5.8244559110307135,0.5311366009387495,10.869756466586814,12.723264747691825,0.5699815051193234,1.1566486257488968,102221414.4,55179673.6,12056712.533333333,38270566.4,42422272.0,27565670.4,109023232.0,38699281.06666667,10669397.333333334,50247270.4,3113779.2,9547229.866666667,37.576033333333335,58.178866666666664,1.5723333333333334,178.68953333333332,1.3202666666666667,33.28613333333333,1.1235666666666666,317.71770000000004,46.63806666666667,15.001233333333333,0.0959282016577557,0.21840520834529484,0.4823651351893419,0.1527052729949338,0.004601428571428571,4.697512596146012,0.004601428571428571,0.2371054656627955,0.2513922466143352,0.07573610358465249,0.0
1685550540,2.8387799152879043,6.301877088787421,1.4159743971869025,5.310580000887687,1.1457113632636926,17.85536527703464,6.060620177550126,0.6572638342735994,10.447167660975518,12.326972145206815,0.42135529639538744,1.1889855772398836,102330368.0,55187865.6,12053162.666666666,38410376.53333333,42422272.0,27470233.6,109023232.0,38552917.333333336,10080802.133333333,50188970.666666664,3128115.2,9574400.0,28.951933333333333,63.64593333333333,2.5511,203.7621,2.7997,34.82356666666667,3.1404,341.79839999999996,48.42326666666667,20.000133333333334,0.10863678448921063,0.2225072948494109,0.49941525765052686,0.16668669212200365,0.004600000000000001,4.7517096046501415,0.004600000000000001,0.24753610570151655,0.28924072563366393,0.06923346772339367,0.0
1685550570,2.740700559134646,7.203710052422349,1.4585100262926052,5.2866139049551375,1.186750701588325,18.082920911893762,6.160871002628377,0.5677536113017148,10.830830062052314,12.051274658457924,0.6076604794033257,1.1578263720338136,102330368.0,55164791.46666667,12041420.8,38528068.266666666,42422272.0,27188565.333333332,109052586.66666667,38674158.93333333,10325606.4,49897472.0,3090295.466666667,9584366.933333334,36.12343333333333,54.49496666666666,1.5141666666666667,182.45583333333335,1.6561666666666668,32.75593333333333,1.992033333333333,346.80046666666664,42.17613333333334,17.2696,0.10194258337563931,0.23021831533370848,0.5180992440992441,0.17739613803454993,0.004698437063339561,4.807583522693351,0.004684654444654445,0.2513751158040586,0.33192133045200034,0.06919591298327529,0.0
1685550600,2.748248200165679,6.4794600041135135,1.3816929501474933,5.3727434479007625,1.0963277844166157,17.584008284954848,5.763106786063641,0.5811206448062609,11.898422845132881,13.828737420940621,0.47912054931698644,1.1793557753222301,102260736.0,55103897.6,11904068.266666668,38537762.13333333,42422272.0,27480064.0,109068834.13333334,38844279.46666667,10141969.066666666,49897472.0,3139174.4,9476096.0,37.6324,59.320166666666665,1.5003,180.6028,1.5715666666666666,29.972233333333335,1.3432333333333333,325.1816,41.14393333333333,17.107366666666667,0.09716116141055106,0.2408504994657318,0.77875,0.17346403958622403,0.004843792945891354,4.737642695483996,0.004717635671889649,0.2379483037298256,0.35013514726743716,0.08117871206901395,0.0
1685550630,2.3590186355715788,6.268619612080131,2.2324017820551703,7.580864224853004,1.3791408318967873,18.08164960230078,7.733496779860643,0.6726037843031598,10.11714298901241,12.805046164068433,0.5285654883066339,1.5442314059125983,102222097.06666666,55125196.8,12121702.4,38507997.86666667,42422272.0,24659694.933333334,109076480.0,38678801.06666667,10375850.666666666,49897472.0,3094937.6,9682944.0,57.34156666666667,100.63276666666667,4.732666666666666,294.8185666666667,4.469333333333334,50.083099999999995,4.401366666666666,554.2205666666666,73.59756666666667,32.91356666666667,0.09462699796710711,0.2251150786375578,0.696356628121334,0.15744711601869174,0.00849882615644314,4.5890279921543655,0.005732476912726807,0.2249092886808258,0.28572114025887024,0.0679610969608008,0.0
1685550660,2.131131423948967,5.402151707975545,4.017503429700886,13.71947189159159,2.045988440216901,18.388440430172587,12.531108283765398,0.9710012095633875,9.63194829456729,8.236626615276746,0.5654444772207747,2.786830998999482,102174173.86666666,55061845.333333336,12115968.0,38962790.4,42424456.53333333,23281937.066666666,109076480.0,38929612.8,10227029.333333334,49897472.0,3081966.933333333,9342976.0,58.53333333333333,100.26666666666667,3.7333333333333334,321.3355,3.7333333333333334,50.733333333333334,3.8,577.0021666666667,76.53333333333333,30.066666666666666,0.05353644110293418,0.15518108137522138,0.3884172951231775,0.07969343068519578,0.011373921911421914,3.4117801028297845,0.007736574074074075,0.14334934509746697,0.15205797944195376,0.03272921567414108,0.0
1685550690,1.7754430668279964,5.46552666268117,3.197304727144083,14.294239217084082,1.5768678509238163,18.93246549918916,12.250149283456519,1.0718365541507242,10.241045722731917,6.992740714584481,0.5342853129213786,2.5680571757558557,102111368.53333333,55080413.86666667,11897787.733333332,40109943.46666667,42422272.0,23057749.333333332,109076480.0,39089766.4,10180198.4,49897472.0,3082240.0,9472409.6,54.452999999999996,93.3936,2.8693666666666666,281.6757666666666,2.8693666666666666,46.55023333333334,2.7360333333333333,501.4855666666666,65.42783333333334,25.48456666666667,0.0048865805478530795,0.011744814072349683,0.12870261622435533,0.012844789715912021,0.008280301506034182,0.33843310238398466,0.0062160972038448085,0.005179369505795436,0.011667333308628536,0.006790535607013539,0.0
1685550720,1.9206937695447435,5.495808140789832,2.128800718540806,10.799547232049067,1.3958021299700827,18.464050106749678,10.170469272361922,0.7364922100615258,10.693266465201225,8.21661509996754,0.6320394069923787,1.9736081572376847,102111914.66666667,55160832.0,11978342.4,39060821.333333336,42422272.0,25352192.0,109083989.33333333,39183974.4,10201770.666666666,49897472.0,3150097.066666667,9379566.933333334,38.55963333333333,69.01516666666666,3.4103,202.52513333333334,3.8576333333333332,32.96093333333333,2.8020333333333336,343.2114666666667,42.96726666666667,20.878466666666668,0.03675928429886111,0.09916229431318428,0.2937083448355188,0.053000642020205,0.004804236143118227,1.904681390956583,0.004795019081987308,0.08798272971587529,0.13837215754783863,0.01854016144676267,0.0
1685550750,2.755078327324453,5.487362626166116,1.5934090362481705,5.600573745660167,1.2267639929813077,17.925498772098738,6.702786666865722,0.5665925843008994,10.817238492653713,12.077477797016998,0.6191755968720394,1.3062424006533466,102166528.0,55263914.666666664,11913762.133333333,38926336.0,42422272.0,26087560.533333335,109107882.66666667,39339076.266666666,10076160.0,49897472.0,3181636.2666666666,9526203.733333332,32.105333333333334,55.8777,2.4433333333333334,188.87556666666666,2.526733333333333,28.5136,2.8512333333333335,336.7391666666666,41.453133333333334,16.9223,0.08682765543313985,0.20806332275453782,0.4860279593477129,0.12528477895875334,0.004670909856972116,4.3420770157081146,0.004631134262393284,0.21748774495441417,0.27209669133451586,0.052684647294501466,0.0
1685550780,2.8374087740331877,6.203756127427576,1.4687298866356995,5.399727512684229,1.2097856084919463,18.73963614450164,6.164256513438615,0.4914273460096475,10.373862254827353,13.306061834035791,0.6356495732193236,1.1028265981669245,102348117.33333333,55286579.2,11953493.333333334,38477141.333333336,42441796.266666666,27122346.666666668,109188710.4,39478886.4,10195763.2,50208768.0,3086062.933333333,9453977.6,32.47826666666666,64.15576666666666,2.7,188.8838,2.7126333333333337,30.200033333333334,2.6868666666666665,339.2592,45.154700000000005,21.6213,0.10579130904248817,0.2206315681237573,0.49570133653149606,0.17444983750771123,0.004741839535584899,4.775535989784359,0.004600000000000001,0.238480700040932,0.35140789700825764,0.07392899507763473,0.0
1685550810,2.0852330231359137,6.630213272416114,1.676654533345778,5.282086061552605,1.188383298721423,18.277957362296302,5.8518802494136155,0.6343904665941763,9.658213442097118,13.213942737424473,0.635726621228367,1.174757420661194,102351667.2,55258453.333333336,11989947.733333332,38345386.666666664,42422272.0,25843985.066666666,109195810.13333334,39421542.4,10100872.533333333,50706841.6,3084288.0,9614677.333333334,32.029399999999995,59.74083333333333,2.778966666666667,175.79,2.6343666666666667,30.723366666666667,2.762,343.30443333333335,48.993566666666666,15.9211,0.10610051944162543,0.21091688752424845,0.4688652651945689,0.1804261183986358,0.0046892368649474,4.793166183704613,0.004600000000000001,0.24219892100998738,0.3580452403871458,0.07584323560013408,0.0
1685550840,2.6355521996033975,7.248642884568969,1.4327968950066972,5.168168356639809,1.1273125314723496,18.473837973770138,5.888501037106108,0.638245089444491,10.23014869174584,11.834180779639444,0.8324965848732944,1.0548251867366532,102408465.06666666,55178035.2,12031726.933333334,38512093.86666667,42422954.666666664,26614579.2,109199360.0,39287466.666666664,10024550.4,49901841.06666667,3084014.933333333,9493845.333333334,40.061366666666665,64.08773333333333,3.0322,201.59029999999998,2.9944333333333333,32.86023333333333,3.2614333333333336,366.2044333333333,51.3195,19.104366666666667,0.09747547166948828,0.20708964009848937,0.47158729439046343,0.17923110834512815,0.004600000000000001,4.723762887431973,0.004600000000000001,0.2476096355205314,0.3441262261057182,0.06903671473147382,0.0
1685550870,3.3608153632283506,6.315151709061227,1.6162013551852874,5.581257270617913,1.1513928082165334,18.28924242015952,6.094296205268406,0.701583464195279,11.651230405168038,12.947091068959443,0.5901103324573237,1.2328448382782944,102454476.8,55158784.0,12060125.866666667,38945587.2,42423227.733333334,26657587.2,109202090.66666667,39299891.2,9941128.533333333,49897472.0,3078417.066666667,9394449.066666666,32.383966666666666,72.00023333333334,3.4390333333333336,183.54566666666668,3.258766666666667,35.616166666666665,3.6896,333.79966666666667,48.14026666666667,20.13853333333333,0.0975222629794693,0.2228416596796204,0.47905483196001775,0.17774335723806473,0.004643312361712362,4.685952943762925,0.004600000000000001,0.2438245975536491,0.36575804006744644,0.06219259168506104,0.0
1685550900,2.293205742904912,5.249814013115688,1.800132448803532,5.426587416929475,1.117839429109342,18.59486386867153,5.887678713599409,0.6707263080109572,10.612203155567695,12.7293152232069,0.3875086136182126,1.2347516225019652,102486835.2,55143082.666666664,12001826.133333333,38714572.8,42422954.666666664,26467123.2,109210828.8,39440384.0,10129408.0,49901568.0,3088247.466666667,9502993.066666666,37.06266666666667,65.23636666666667,3.3622,180.88656666666665,3.174,29.500233333333334,3.0050666666666666,352.02826666666664,46.21536666666667,20.6554,0.09717323942277699,0.2348953444846968,0.4921831281430504,0.17578291880409463,0.004729305598779939,4.706727039921762,0.004600000000000001,0.23542836430697353,0.32479620821528704,0.06776673802213451,0.0
1685550930,2.094537898011848,6.047258423501678,2.1287784137261383,7.014075558822831,1.3626219875217025,18.679281900363993,7.365472402339228,0.7001512089957471,9.578320233908284,11.400680294765376,0.5530220098646303,1.4116233466210035,102416520.53333333,55123831.46666667,12147916.8,38812057.6,42423637.333333336,23670784.0,109211648.0,39568179.2,9888563.2,49899246.93333333,3082513.066666667,9354717.866666667,63.64913333333333,92.0587,2.6670666666666665,285.94913333333335,2.8072333333333335,47.481033333333336,3.2334,535.0826666666667,71.46193333333333,26.615633333333335,0.09319418099817484,0.21245815555227535,0.46358177374561077,0.14802554745791494,0.0068685189659715975,4.565769566548864,0.004908894939067308,0.22582019490507238,0.2805674899315291,0.05675892318371463,0.0
1685550960,1.968734562399967,6.246200135214017,2.2913459059607204,11.144223524751544,1.4181551827962442,18.69022176290948,10.563840849304707,0.6876548037962915,9.78686758055581,8.463715044074103,0.5567008331164697,2.001921195578266,102171170.13333334,55163153.06666667,11976567.466666667,40327987.2,42422272.0,22816085.333333332,109211648.0,39904051.2,10029738.666666666,49901431.46666667,3079645.8666666667,9590374.4,60.2,102.19959999999999,3.933333333333333,331.59883333333335,4.2,53.86666666666667,4.133333333333334,584.4651,75.13333333333334,31.733333333333334,0.05246600850897461,0.11551931965011958,0.2968741883116884,0.06270102530052316,0.0069814814814814835,3.196216095425283,0.005481067603748327,0.13795024638480294,0.17894776236284685,0.024668121816570434,0.0
1685550990,1.7088811086179132,6.063995938769152,2.038930438521472,11.334682919652051,1.2072087941017657,18.709176997023587,10.345706917266272,0.6304747720351329,10.282034788464646,6.9794700561296,0.5238666910750185,1.8819681400163806,102014429.86666666,55130658.13333333,12123613.866666667,40254122.666666664,42422272.0,23290402.133333333,109211648.0,40019148.8,10133504.0,49899656.53333333,3154056.533333333,9536034.133333333,52.10196666666666,95.16483333333333,3.2664,291.26866666666666,3.1330666666666667,49.649366666666666,3.0643333333333334,525.7566,65.03423333333333,29.867433333333334,0.004728737433771471,0.006608685845682372,0.07228491011303512,0.008127068892017095,0.004959151802055046,0.2745298557404089,0.004962991892040821,0.004996322771069593,0.010275561635440295,0.004986289692641165,0.0
1685551020,2.004017729153759,6.168728994998397,1.5476623829849083,9.072869885406151,0.9705452740290694,18.944276205776763,8.656384744239222,0.5276927872061986,11.079972249270929,9.270739781101732,0.5354581992465278,1.4155702491151714,102102630.4,55187865.6,11983530.666666666,39102873.6,42422272.0,25535419.733333334,109218747.73333333,39979963.733333334,10179106.133333333,49897472.0,3084288.0,9477734.4,38.8865,58.23656666666667,2.2388666666666666,198.38963333333334,2.3707333333333334,31.45473333333333,2.4170666666666665,376.9501333333334,39.390233333333335,19.539333333333335,0.03487510117174434,0.10274928044120547,0.2860885040885041,0.044169007687896514,0.004641704500911003,2.1665866941009826,0.0047014951856041666,0.10499855618325962,0.133644552070661,0.022319797341839278,0.0
1685551050,2.3057035332563127,4.968215151522317,1.1867778199221546,5.36090923126432,0.9253508452331918,17.9522205319533,6.201422060576048,0.45239864873871327,11.363093658433796,12.890794746018267,0.5476687313159229,1.0461285223000796,102486289.06666666,55436219.733333334,12059443.2,38923332.266666666,42422272.0,26078958.933333334,109230216.53333333,39973683.2,10525354.666666666,50005606.4,3085926.4,9599112.533333333,30.087866666666667,48.9383,1.4425666666666668,170.33953333333332,1.3931666666666667,30.1647,1.6564333333333332,323.00843333333336,44.19723333333333,13.786200000000001,0.08733249595515785,0.22525790697589343,0.7069212962962965,0.12358381549772764,0.0046015,4.4150519192280715,0.004601481481481482,0.22379280319487557,0.30839357545753837,0.06252848883204724,0.0
1685551080,2.1434324536842957,4.518661361694351,1.1172874270628363,4.572236171302364,0.9393029525454232,18.493673399399327,5.756034311164725,0.4664638595725128,10.562422567043946,12.762564649766842,0.41075270103661654,0.9592393340908401,103639722.66666667,56083251.2,11982848.0,38895206.4,42424320.0,27319910.4,109239773.86666666,40215893.333333336,10050491.733333332,49897472.0,3131665.066666667,9553237.333333334,36.112766666666666,59.165333333333336,1.7000333333333333,208.2537,1.8617333333333332,34.60223333333333,1.8107666666666666,368.0648,43.2493,18.5376,0.09445718629230283,0.25535694798726244,0.7655303030303032,0.15910459382872547,0.004615986487541982,4.71423812237396,0.004600000000000001,0.2315060442415566,0.35669694782085326,0.07545733699154414,0.06473333333333334
1685551110,2.9665225842246925,5.009205670229231,1.2387273865445574,4.9210897286407755,0.911267429960194,18.068422204448243,5.68934060712379,0.40866738998295804,10.592248336697734,13.170936058842535,0.6349366189454314,0.9602344658621748,102113280.0,56430592.0,11817642.666666666,38643029.333333336,42422272.0,27028684.8,109242504.53333333,40480904.53333333,10122171.733333332,49897472.0,3101900.8,9481557.333333334,29.115766666666666,64.7101,2.5959,186.1003,2.5275000000000003,33.519333333333336,2.5355333333333334,362.86920000000003,50.9807,18.269233333333332,0.11435270204640077,0.2355470243143219,0.5839427469135804,0.15478647757909866,0.004659324055470123,4.680729276588958,0.004600000000000001,0.22939373900856044,0.3367660339864846,0.07837935966949862,0.0
1685551140,3.2686256705947367,6.714237132834317,1.349148518328717,5.024910512431589,0.8974806814009971,18.103889670535978,5.9811734216386725,0.45078769669958735,11.546441373292042,12.1551569202275,0.5660702832630595,1.007966382382344,102283264.0,55245482.666666664,12138496.0,38553053.86666667,42422272.0,25843302.4,109257523.2,40640785.06666667,10305672.533333333,49897472.0,3081966.933333333,9578222.933333334,31.522266666666667,65.11503333333333,2.3268666666666666,200.0403,2.347933333333333,31.37203333333333,2.1591,334.78603333333336,45.08296666666667,20.4824,0.13362011970930032,0.21178470325518012,0.5165319459478711,0.16987083145247717,0.004731776992367921,4.633058714273312,0.004600000000000001,0.23594860297817793,0.276653411450216,0.07861830691642441,0.0
1685551170,3.0531295915590224,7.056408252380907,1.1060216355256076,5.117589744351717,0.8684998501909379,17.77537256327768,6.331712930855843,0.39937625280580835,11.704738248645855,12.543693265461838,0.45594151975610425,0.9280070421985701,102351667.2,55269922.13333333,12161570.133333333,38554828.8,42422272.0,26465348.266666666,109260800.0,40478583.46666667,10149068.8,49897472.0,3145728.0,9575355.733333332,37.334666666666664,56.94023333333333,2.4859,174.68386666666666,2.4763666666666664,31.893033333333335,2.195533333333333,353.9566666666667,45.64763333333334,15.512366666666667,0.1068631528451982,0.20434195933183888,0.4816734559404861,0.17234684340552167,0.004718525421725719,4.6225128640709245,0.004600000000000001,0.23663891290430972,0.2612323919257766,0.06924230230962634,0.0
1685551200,3.011682735726875,5.936766656127146,1.0325345900117895,5.245664840345038,0.9111522363953094,18.18476971130749,6.107110208593649,0.4242505618951849,10.302370852382444,11.72553401745313,0.4252068753692315,0.9670866377604279,102420616.53333333,55204659.2,12109004.8,38577083.733333334,42422272.0,27081523.2,109264896.0,40408814.93333333,10207778.133333333,49897472.0,3099033.6,9676526.933333334,35.90936666666666,58.48206666666667,1.808166666666667,201.28866666666667,1.8989666666666667,29.0175,2.280333333333333,360.22069999999997,41.9776,17.090266666666665,0.09914506219231467,0.20483410086364143,0.4640931758533492,0.16600046811701796,0.004680490871887923,4.629829088606779,0.004600000000000001,0.2324732765703289,0.3091589032210104,0.06147079755434637,0.0
1685551230,3.181361532516393,6.2376710882981765,1.4918092039765403,7.520423528924023,1.2645494029693576,18.21406369211569,8.340248371868656,0.6706745209909801,9.644440458882634,11.704545540586222,0.4159519609175992,1.5676302077000455,102486016.0,55263914.666666664,12177271.466666667,38948454.4,42504738.13333333,25443532.8,109304490.66666667,35759172.266666666,10221294.933333334,49897745.06666667,3125930.6666666665,9546410.666666666,55.3418,95.86076666666666,3.3372,291.5152,3.3307999999999995,48.23133333333333,3.3361666666666663,527.4961666666667,66.9077,28.533433333333335,0.09305503385417592,0.1824620567664971,0.43517039613830283,0.1493053503932183,0.006752401936772905,4.519781274513888,0.00501671288271592,0.22243842146455794,0.26550235347131745,0.047836789228316294,0.0
1685551260,2.167334671224007,6.378711694568048,2.510603939249071,12.056979406108347,1.9219975374149914,18.32533696404868,11.052096495402777,0.8535291624396698,10.103880955241726,8.85641310524289,0.5106131410008116,2.196351915603018,102486016.0,55264324.266666666,11900518.4,39350545.06666667,42917068.8,23059933.866666667,109314048.0,35310796.8,10012262.4,49899929.6,3118967.466666667,9626146.133333333,54.340133333333334,101.93696666666666,4.735333333333333,334.9422,4.735333333333333,49.4,4.869066666666667,581.8731,74.93333333333334,31.738166666666665,0.057192510875668214,0.1042431634262999,0.2865346565199507,0.07519022388511486,0.006195202020202021,3.1889489996306346,0.004986197768042225,0.1381441143498006,0.15910492681523541,0.023696760085366874,0.0
1685551290,1.6646904862370888,5.559963271508754,2.5711841182246116,11.981117051168244,1.5041325691898924,18.295878253435912,9.803888069676503,0.6908516299525164,9.71434988217578,6.117832741844783,0.5073627217384533,1.9670149135304285,102211447.46666667,55186909.86666667,12097126.4,39609685.333333336,42422272.0,22836838.4,109314048.0,34878259.2,10169548.8,49897472.0,3076096.0,9476369.066666666,53.90473333333333,90.60813333333334,3.666033333333333,287.22796666666665,3.7327,45.388000000000005,3.3327,494.16673333333335,66.57156666666667,26.057666666666666,0.004799639388272073,0.012334454574834697,0.07135779660154663,0.010205631438988977,0.00469307471539041,0.3753380199337739,0.0047107134874768315,0.005325860193349326,0.012520661816624186,0.005011021331791554,0.0
1685551320,1.8104634300548788,4.919012389201757,2.012305493293141,9.34189184981231,1.1406950284437374,17.6053121367623,8.321900012389792,0.5927421229893798,10.20375191762378,8.471437790266451,0.6643429229282579,1.6490098122953614,102049245.86666666,55155370.666666664,12007970.133333333,39447756.8,42422272.0,26235835.733333334,109316096.0,35128661.333333336,10184430.933333334,49907302.4,3160610.1333333333,9561975.466666667,32.73056666666667,66.8892,2.2319,191.75006666666664,2.6278333333333332,34.7583,2.5938666666666665,348.0536,50.293,18.201466666666665,0.04282700491891025,0.19668579422978386,0.2069853294853295,0.04890943080871082,0.004616133738209667,2.053953335190506,0.004600000000000001,0.08709433729012513,0.1306843364543508,0.019609283356891938,0.0
1685551350,2.546215772140749,4.570515786720951,1.4601248296237341,6.060008489395146,1.061682207250154,18.136644671719857,6.736291986920355,0.5942345500793145,11.698911449134249,10.986390245473062,0.8042932428306112,1.2494178033370227,102157516.8,55223091.2,12177408.0,39104921.6,42422272.0,25794969.6,109326336.0,34988851.2,10306082.133333333,49897472.0,3085789.8666666667,9407692.8,35.61263333333333,64.4552,2.1334666666666666,180.33066666666667,2.1078666666666668,29.9696,2.303033333333333,330.68783333333334,44.60336666666667,16.175333333333334,0.0953518199050544,0.2853135538619553,0.5637083333333334,0.12217175184342362,0.004735980311076431,4.326738276165045,0.004647339646770886,0.21641502877868787,0.27917580122857394,0.058453223817542116,0.06666666666666667
1685551380,2.6743939568802393,4.864869329210518,1.3312844350138178,5.256865753309424,1.1199724899773142,18.014130768759063,6.049141888715946,0.5604176500167495,10.290523653963017,11.84176230434835,0.6219553939571636,1.1609095122141728,102491204.26666667,55251490.13333333,12095761.066666666,38787072.0,42422272.0,26439816.533333335,109399517.86666666,34964821.333333336,10198766.933333334,49904571.733333334,3085789.8666666667,9522380.8,35.89686666666667,62.510266666666666,1.9687,172.12449999999998,1.9569333333333332,31.47126666666667,1.6645,331.6727666666667,49.75403333333334,22.024866666666664,0.11903296124926019,0.37261447984367263,0.7233441142191144,0.15821950636055016,0.0048363054024129935,4.639631313422254,0.004659368138490638,0.236640873384339,0.33973662240267205,0.07070540903780612,0.0
1685551410,2.0761598992447885,5.366386872832277,1.3075132631193918,5.054140099806879,1.042289256266555,17.172827813071248,5.9771535838755145,0.4926279634713225,9.536440960855602,12.487740730400041,0.6311129263923649,1.0965653874664918,102490112.0,55291084.8,12376064.0,38862848.0,42422272.0,26119645.866666667,109489083.73333333,35073228.8,10174737.066666666,50011067.733333334,3082922.6666666665,9747387.733333332,38.12436666666667,66.40156666666667,2.554866666666667,205.013,2.5165,30.5327,2.265633333333333,330.314,43.98446666666667,20.228333333333335,0.0972816335674037,0.30334460272038727,0.6639189514189515,0.1647226180928718,0.004758620540035849,4.659256097216561,0.00460421052631579,0.23992929656135084,0.30851241994826073,0.06914401787028493,0.0
1685551440,2.6714938028422526,5.706327027737578,1.1779654659285979,5.386234077488761,1.0261197969351692,18.33043572220351,6.156645957618223,0.5410965601111543,10.382180213509393,13.527021907285087,0.5634768175578723,1.1246436870425052,102346752.0,55313612.8,12091118.933333334,38903808.0,42422272.0,26109815.466666665,109490176.0,34953625.6,10144972.8,49897472.0,3081284.2666666666,9757764.266666668,32.83646666666667,60.859966666666665,1.9795,199.39256666666668,1.8811666666666667,33.27993333333333,2.076033333333333,343.6877666666667,44.552299999999995,17.576733333333333,0.09880165119771853,0.21083991904502272,0.47994266570091043,0.1687493253388979,0.004648782838951534,4.612472023922259,0.004600000000000001,0.23675203389711347,0.24644769326789454,0.06583360544370716,0.0
1685551470,3.026389156556445,5.8869260084073884,1.3235794378389396,5.721330047605548,1.0964375922200682,18.353010713145576,6.434056287316042,0.5425337963736439,10.425427816599916,12.176401428670165,0.8924450420336212,1.162191013882972,102264012.8,55743556.266666666,12172492.8,38647534.93333333,42422272.0,26295637.333333332,109492087.46666667,35086882.13333333,10218700.8,49897472.0,3143680.0,9548322.133333333,34.290933333333335,61.682500000000005,2.1416,167.09900000000002,2.3169666666666666,31.6649,2.8792,310.14230000000003,42.37583333333334,17.6941,0.11877478153943478,0.2033390619514578,0.45498994360902256,0.1585546570683434,0.004600000000000001,4.593735182041261,0.004600000000000001,0.23008879796011641,0.23767938887679294,0.06574840968217359,0.0
1685551500,3.441531290648274,6.2031751703797084,1.2902122905660487,5.276114222475043,0.9775045658681243,18.17543471667192,6.066006924957429,0.4917639782072631,9.802447706842448,11.90385693943772,0.738722707980626,1.0395871309033848,102153693.86666666,55341056.0,12163072.0,38856567.46666667,42422272.0,26226141.866666667,109502464.0,34763571.2,10308403.2,49897472.0,3076096.0,9537536.0,37.25313333333334,60.21886666666667,2.4578333333333333,218.11933333333334,2.3779,32.455,2.6252333333333335,336.0781,46.27406666666666,19.9702,0.11332242141369378,0.20816454175401275,0.4797548297947802,0.16883143238432724,0.004704280200535934,4.744458575458524,0.004600000000000001,0.2359299497620965,0.2507979119765259,0.07084240754520268,0.0
1685551530,3.1942865009005508,6.179726219611081,1.628208757777376,6.12557748422025,0.966086641536631,17.636045152218454,6.497267065992181,0.4758467625943141,9.980361784993631,11.035911190095335,0.5881280984548545,1.1528894337435707,102202163.2,55317845.333333336,12102041.6,38891110.4,42422272.0,24608085.333333332,109502464.0,35036774.4,10335163.733333332,49955635.2,3078280.533333333,9713800.533333333,57.641600000000004,95.9689,3.541433333333333,300.2939333333333,3.5392,50.1055,3.805633333333333,550.4725333333333,72.47883333333334,28.277566666666665,0.09085795527926283,0.1890452285468962,0.45942581604219535,0.1524960098057138,0.004792347650404336,4.644941029765062,0.0046573614959957415,0.22964772995153168,0.25465513069810347,0.05965606919276609,0.0
1685551560,2.4099450976348673,6.641117584713579,1.8803566770121418,9.913784383491935,1.1487328148212401,19.03462367412034,8.905826367717582,0.5604236327571724,10.019818226727123,8.239613475186523,0.5316328478643959,1.6235642650945892,102236160.0,55306649.6,12289092.266666668,39904460.8,42424183.46666667,22739763.2,109502464.0,35334417.06666667,10046668.8,49899110.4,3079918.933333333,9483468.8,58.53333333333333,98.26546666666667,3.2662666666666667,317.1976,3.3329333333333335,53.2,3.6662666666666666,567.0646666666667,72.4,29.332533333333334,0.04826129736482914,0.0829028419014887,0.3032587782587783,0.06830401444734226,0.0047209903791737414,3.2391895707779663,0.004676173832836,0.13352552399661693,0.15832773699785602,0.025544318082591947,0.0
1685551590,1.7888774501733584,6.1401264740120185,1.6635403002777265,10.239805558138974,1.0719400540542243,19.161544051647358,9.172450831282783,0.5384228525654383,10.566812985941574,6.656918192208706,0.5411962843271834,1.4919967655469475,102103449.6,55233194.666666664,12163891.2,41118515.2,42422954.666666664,22555852.8,109502464.0,35158425.6,10159308.8,49897472.0,3078007.466666667,9478690.133333333,48.22233333333334,93.0638,3.2668000000000004,290.4443333333333,3.333466666666667,46.1844,3.1334666666666666,513.1128,70.29166666666667,26.9069,0.00480825931398084,0.005136953699384294,0.05171000082764164,0.006735968968146625,0.004625867346938776,0.2436387240175542,0.004622894908447906,0.004893219803960516,0.009687122235744972,0.004736668493878527,0.0
1685551620,2.012834329876659,5.317160816595431,1.4926556974061433,8.383961342854056,0.9259423710530795,19.14555181621427,8.281966880701312,0.4488583098122959,10.01686353540045,7.860728562982536,0.43921416393711815,1.2823953272275161,102131575.46666667,55263232.0,11905433.6,40026112.0,42422272.0,25766707.2,109518438.4,34969053.86666667,10386636.8,49897472.0,3083468.8,9547502.933333334,38.5741,62.67243333333333,2.0057,195.62226666666666,1.728,28.990000000000002,2.544366666666667,356.4873,44.5757,19.323,0.03583088461208214,0.07717981174426237,0.1624102665852666,0.0440440592102107,0.004600000000000001,2.1625717370189816,0.004600000000000001,0.08918476590224805,0.13712654283833275,0.023484673571344022,0.0
1685551650,2.452713558627944,4.64582797600427,1.1370496698973014,5.8230832652428255,0.8999332662219275,17.691673478511703,6.148154301257053,0.44421451298993925,10.466361501841934,11.101329229926526,0.44014543368480336,1.0007329860324448,102279304.53333333,55282756.266666666,12244718.933333334,39040614.4,42422272.0,26162790.4,109539328.0,35139584.0,10312089.6,49930240.0,3083059.2,9481693.866666667,25.4077,70.1232,2.3846333333333334,193.11293333333333,2.2226,33.431599999999996,1.9913666666666667,355.71586666666667,50.2538,17.971966666666667,0.0956094465157713,0.2987841239503785,0.7039481074481075,0.11998283508148382,0.004680858423222347,4.357727546837272,0.004639878137196244,0.2132717998521571,0.28840769720476483,0.07218280307715434,0.0
1685551680,2.6410399427252753,4.641707518501649,1.2260864374824718,5.024424710809552,0.9156066005535842,17.69607883869607,5.861056791643849,0.4429207617694823,11.249002395566063,12.983115710013541,0.6418854169003078,0.934320333474824,102359722.66666667,55234833.06666667,12081152.0,38978218.666666664,42422272.0,25432337.066666666,109545062.4,34807534.93333333,10443434.666666666,49904025.6,3090978.1333333333,9614950.4,39.672466666666665,64.15666666666667,2.8577999999999997,195.93563333333336,2.985866666666667,35.5776,2.8095333333333334,355.2436333333333,48.55903333333333,19.869500000000002,0.0992796635249535,0.4024962668891903,0.907476430976431,0.16064521709494234,0.004699713941163178,4.6834188271711525,0.004649175039902939,0.23339929687039546,0.35276821856458895,0.08071294558250382,0.0
1685551710,2.652020013278866,4.807955975251853,1.2090386898713483,4.9719627722265605,0.8330354048573867,17.926294092269707,5.682973015287927,0.45199678969789997,10.262577407057696,12.781768302395314,0.7848985159482865,0.9759884718050834,102383616.0,55296955.733333334,11934378.666666666,38823116.8,42422272.0,26590549.333333332,109549977.6,35074730.666666664,10180881.066666666,49897472.0,3090432.0,9519377.066666666,35.9484,59.184533333333334,2.2566333333333333,177.818,1.9695666666666667,28.482633333333336,1.1897333333333333,325.0921,45.936566666666664,19.141000000000002,0.09914451934730749,0.3975613088971289,0.8507471139971141,0.15238254183830474,0.0046248829431438125,4.718875264965889,0.004612124223602484,0.23563176405389905,0.3573776830923612,0.0715059242124476,0.0
1685551740,2.890656912059038,4.716816111657811,1.1838991014455282,4.750161003852436,0.9352347015438637,18.267814375744596,5.639689002953221,0.45192828886656167,10.421296959155097,12.259779727278945,0.6876208432319767,0.9482664264106385,102279850.66666667,55271424.0,11867886.933333334,38711842.13333333,42422272.0,26586043.733333334,109555712.0,34928503.46666667,10315366.4,49897472.0,3094937.6,9535078.4,37.0477,56.812866666666665,2.6355,180.45206666666667,2.9217,28.189,2.1920333333333333,317.4945666666666,42.69403333333333,17.625166666666665,0.1003677628089355,0.31908112548837686,0.8026329966329968,0.15466627316294643,0.004600000000000001,4.6971301399241865,0.004600000000000001,0.23244534768096045,0.3362163300889726,0.05747094078535385,0.0
1685551770,2.902693977234603,5.358783649858664,1.3313138912963702,4.773255911919111,0.9196056026674382,17.984912998757622,5.816504242987241,0.4449109115895141,9.302746775485385,12.131576581476706,0.6351169397419979,0.9511116432597276,102274662.4,55305557.333333336,12111052.8,38661324.8,42423091.2,26218222.933333334,109664665.6,34922496.0,10352093.866666667,49897472.0,3092480.0,9558152.533333333,34.884933333333336,56.00273333333334,1.9369,190.67036666666667,2.0006333333333335,31.137999999999998,1.9973999999999998,316.3936,41.2078,15.623233333333333,0.09428875301282112,0.28349989226896927,0.6226792900710559,0.17355685691043263,0.004600000000000001,4.712739373954742,0.004600000000000001,0.23082762054250336,0.3221086660523087,0.056446291816805154,0.0
1685551800,2.6533326027425206,5.604934091099098,1.1765175389355733,4.83461159267456,0.8553817224768447,17.488875301955787,5.489993551390378,0.45467967010025423,9.580684752837588,12.176476579063324,0.7271649073918991,0.9606560175066691,102383616.0,55269376.0,12156654.933333334,38401092.266666666,42423091.2,26664960.0,109779899.73333333,35107771.733333334,10104832.0,49897472.0,3093981.8666666667,9620548.266666668,34.4887,61.57899999999999,2.8611666666666666,188.90279999999998,2.481933333333333,31.80913333333333,2.0663333333333336,320.6783,44.73603333333333,17.113933333333332,0.09405164355344482,0.23819249065186637,0.4883450612967061,0.1702544226400499,0.004600000000000001,4.7056477048534955,0.004600000000000001,0.23409226011637743,0.37917875263043566,0.06776239315536031,0.0
1685551830,2.905630932992941,6.025598156329685,1.2985541559576261,5.659635669801603,0.9554648139619484,17.801677068818798,6.568732634742369,0.43370438355270663,11.343043597315859,11.98421210894357,0.7731132765264098,1.0456119984910448,102362316.8,55350613.333333336,12295918.933333334,38857932.8,42422272.0,23936477.866666667,109780992.0,35259733.333333336,10131729.066666666,49897472.0,3091387.7333333334,9493845.333333334,55.10316666666667,91.55236666666666,3.5332,295.9889333333333,3.7872333333333335,49.27523333333333,3.9995666666666665,526.8307666666667,66.84076666666667,27.10533333333333,0.08794428532606856,0.20523192781652355,0.4691149226340149,0.13403754064475742,0.004600000000000001,4.56929454083532,0.004600000000000001,0.23020759343828132,0.3251907964697988,0.06304308290831404,0.0
1685551860,1.9532566659899644,6.950207780366367,1.755403434748181,9.0194029498512,0.9777099321396763,18.91379847504373,7.8001544434502765,0.5747712320143071,10.885522703269338,7.9239532248489315,0.6220404291022207,1.4381060110079298,102279168.0,55388706.13333333,12046062.933333334,39804381.86666667,42422272.0,22441984.0,109780992.0,34933555.2,10051447.466666667,49897472.0,3089885.8666666667,9464490.666666666,61.6,104.06743333333334,4.131466666666666,328.9943333333333,3.9981333333333335,52.86666666666667,4.5992,587.2642333333333,76.26666666666667,31.9963,0.04691882829980591,0.08060822121031323,0.3124902597402598,0.06396533721650065,0.004600000000000001,3.4244495409896176,0.004600000000000001,0.1452502188159244,0.15474904027315808,0.02698639548935511,0.0
1685551890,1.7670372517805448,7.5186568738561785,1.8192079881746654,9.95272681359226,1.0269160966512987,19.54338595638701,9.226730006613462,0.551484531412983,10.280156082767267,6.964125421782476,0.5189206376520104,1.5406433716393275,102092800.0,55436492.8,12072004.266666668,40651161.6,42422272.0,22728430.933333334,109780992.0,35204027.733333334,10031104.0,49897472.0,3085107.2,9696051.2,53.38483333333333,93.88383333333333,4.067066666666666,284.07956666666666,4.267066666666667,45.8827,4.4004,524.1345666666667,68.66653333333333,26.671499999999998,0.004699678745922028,0.005179901560105618,0.05557797071842016,0.006245589537043167,0.004600000000000001,0.2568882060275866,0.004600000000000001,0.004729244957390004,0.00919022384547153,0.004709193475849038,0.0
1685551920,2.022632038503528,7.679733558269147,1.6526298828904162,7.895376127628319,0.9386832712180188,19.161163813906896,7.960978452531726,0.457037170251619,11.054583379304972,9.699075649136036,0.5801914891692739,1.4101142853842015,102135944.53333333,55412599.46666667,11859148.8,39258248.53333333,42425548.8,24973721.6,109780992.0,35053977.6,10270993.066666666,49909077.333333336,3079645.8666666667,9563886.933333334,33.2739,69.7909,2.0250333333333335,178.68013333333334,1.8311333333333335,33.03476666666667,2.6863333333333332,338.3744,43.2269,17.5528,0.04579053130975041,0.07011560048021485,0.22363069914834624,0.043382505525038945,0.004600000000000001,2.0031230516271386,0.004600000000000001,0.0949198840478389,0.12759836404427624,0.016953295920757314,0.0
1685551950,2.7210950912883916,7.506600999253968,14.46215359262006,5.402154650537838,0.899631678844816,18.709988711575964,6.333525493821453,0.464994669097755,9.71887004551927,12.870982013378852,0.4831243603712599,1.0155866417308779,102372147.2,55431987.2,16063692.8,38874180.266666666,42428279.46666667,26877132.8,109785361.06666666,35090432.0,10435515.733333332,49900748.8,3078826.6666666665,9522380.8,32.08983333333334,52.18183333333333,1.9407,171.21689999999998,2.1287666666666665,28.66303333333333,1.6568,304.0383,41.5772,16.15843333333333,0.10724751820242909,0.1846687738861307,0.43485004191026183,0.1349992418302629,0.004612856486796785,4.444164971001777,0.004600000000000001,0.2166785099766663,0.24690509785347625,0.057662453104245844,0.0
1685551980,2.732187858998114,6.849959459899093,75.38502489236177,4.642513257156475,0.8503390862093514,18.79033943289638,5.535521503067873,0.4495881947508671,9.965648363511782,11.79714525608302,0.5789309937989892,0.907112284388545,103461273.6,55427481.6,16608324.266666668,38556876.8,42422272.0,26167978.666666668,109797376.0,34976426.666666664,10522487.466666667,49897472.0,3084014.933333333,9630515.2,36.63323333333334,63.094500000000004,1.5040666666666667,191.98146666666665,1.4665333333333335,32.095099999999995,1.1744333333333332,350.97363333333334,42.5716,16.388766666666665,0.11291963098300385,0.20317111023471826,0.4798964544395579,0.18115614599638613,0.004659929486419149,4.78552290212152,0.004600000000000001,0.23385556770094015,0.3403826704259121,0.0741343901756332,0.0
1685552010,2.6038022707725017,7.108005556946666,99.4103392199669,4.883545270229538,0.8658102770383499,17.79846984148064,5.970418537839391,0.4088146620262472,10.48516338986678,12.890027424866348,0.636449292857897,0.9249698703278645,102591692.8,55403588.266666666,16610372.266666668,38747340.8,42422272.0,27158937.6,109797376.0,34781593.6,10148113.066666666,49897472.0,3090568.533333333,9550916.266666668,35.19553333333333,62.9347,1.7817666666666667,200.96553333333335,1.7447666666666668,33.128166666666665,2.871566666666667,320.23536666666666,44.189499999999995,20.0288,0.12354547372701058,0.20622103180469167,0.5133270397273596,0.1826075523230134,0.004648460875216591,4.81436861659474,0.004600000000000001,0.23676869953107577,0.34456463199662385,0.07423529191028222,0.0
1685552040,2.0629452274732474,6.439839321761849,99.44946244757857,4.757660005931992,0.8767821623227611,18.057351995842275,5.745252566808988,0.4124402923864065,9.746534173892776,12.54440397888616,0.54170025225857,0.9152216605904457,102444509.86666666,55384200.53333333,16821998.933333334,38415291.733333334,42422272.0,26382199.466666665,109799833.6,35024076.8,10250649.6,49897472.0,3197474.1333333333,9679667.2,39.5404,58.2844,2.4783,206.02443333333335,2.5501666666666667,31.8807,2.3697999999999997,354.75249999999994,44.742333333333335,19.0254,0.10684745503759083,0.2164252730335712,0.5367855805592876,0.1823258336652564,0.004600000000000001,4.806189402281482,0.004600000000000001,0.23502857172234204,0.3018586883427501,0.0691483399877068,0.0
1685552070,2.135293664031146,6.207122893858412,98.35924518503721,4.793669575057677,0.8831231050812313,18.170961142026325,5.436017062661155,0.47062868522931195,9.999866747022415,11.877403712873274,0.475211115624175,0.8632434046953852,102490521.6,55446869.333333336,16784179.2,38360541.86666667,42422272.0,26197196.8,109811029.33333333,35105177.6,10513885.866666667,49897472.0,3077734.4,9758310.4,35.21743333333333,60.88276666666666,2.1443,196.23943333333332,2.1379666666666663,33.8166,1.7311666666666667,350.2930666666667,45.0371,16.28023333333333,0.0947535693060726,0.21083354091937545,0.4808869256928651,0.17668291430743413,0.004600000000000001,4.749641421522453,0.004600000000000001,0.2291100837018253,0.2877965812640324,0.06578506736601823,0.0
1685552100,2.5395708591743547,6.313933453619601,96.7675242511862,4.5937862469590005,0.8230508706122726,18.408481812850383,5.366889729149658,0.43519036533933775,9.8254337549324,11.215283723366856,0.5304186338839215,0.8787084942011784,102368870.4,55304465.06666667,16801928.533333335,38409147.733333334,42422272.0,26078958.933333334,109813760.0,35339741.86666667,10187707.733333332,49897472.0,3156650.6666666665,9629696.0,40.361666666666665,55.32236666666667,2.3981666666666666,180.94153333333333,2.4661,31.444733333333332,2.2051000000000003,319.0529666666667,43.26969999999999,16.476666666666667,0.09586859789063021,0.22590584762715588,0.4805227690669764,0.1776416039602869,0.004600000000000001,4.719535744303371,0.004600000000000001,0.23006727362488846,0.3116476043786206,0.06387530781893741,0.0
1685552130,2.8398965045569087,5.558851987247108,97.71535977319861,5.116729018945613,0.8600213815034382,17.71232601152652,5.565253114316779,0.4060825876714445,8.9795148432505,11.680508718492995,0.5721342583347772,0.9785936040380042,102279987.2,55017881.6,16750045.866666667,38616951.46666667,42422272.0,24378572.8,109813760.0,35125248.0,10037930.666666666,49897472.0,3091660.8,9408648.533333333,59.218833333333336,101.7293,4.2037,298.78796666666665,4.269266666666667,46.802566666666664,4.8045333333333335,551.4767666666667,74.14693333333334,29.094566666666665,0.09260029161346492,0.3737030798056846,0.46521640989729224,0.1496396498602596,0.004740359046295156,4.621046047146924,0.004600000000000001,0.22623814850603946,0.3164224811591064,0.060165906211023586,0.0
1685552160,2.103864806103287,5.386575896288685,97.24947396106468,8.058329994436354,0.9908550641801736,17.989169717904858,7.7023123052754725,0.5383997664001042,9.683080663822654,8.672603997174967,0.49850465575432673,1.276179575979122,102201890.13333334,55004091.733333334,16582929.066666666,39106150.4,42423910.4,22555033.6,109813760.0,34970555.733333334,10234948.266666668,49900748.8,3078280.533333333,9614540.8,60.266666666666666,98.5278,4.197466666666667,313.52406666666667,4.3308,53.666666666666664,4.464133333333334,554.4803666666667,73.8,29.06113333333333,0.049653124744922846,0.2481212936960859,0.23001343101343105,0.06484524285121067,0.004746912662530703,3.4354244629171533,0.004600000000000001,0.1395450394101312,0.18459340380300926,0.02609724310344085,0.0
1685552190,1.7590207776692002,5.2150735560017525,99.26984551837502,9.318153496372792,0.924388518363266,18.081164985569735,8.346565429594678,0.4781851765517125,9.392431584265832,6.652763868528198,0.482401797370002,1.3650117786281437,102178816.0,55040136.53333333,16745540.266666668,41100765.86666667,42425002.666666664,22661256.533333335,109813760.0,35071453.86666667,9971712.0,49897472.0,3124155.7333333334,9489339.733333332,50.79216666666667,90.19093333333333,3.7827333333333333,269.1507,3.8459333333333334,45.53736666666667,3.7222333333333335,496.5504,67.62650000000001,26.685299999999998,0.0050384844967925144,0.013887691113854598,0.05362567601002964,0.008083187249211924,0.004629410935722806,0.35178232952468735,0.004600000000000001,0.0057509011041781185,0.014156081673026325,0.004745575397016622,0.0
1685552220,2.0051987744572792,5.245236876428056,99.83636315918086,8.000996029566345,0.8810253309596949,18.489151856862648,7.472732957965963,0.4593812355006345,10.087040653618224,8.263754912750013,0.5257026937000198,1.2436152031301486,102306338.13333334,55102668.8,16718916.266666668,40030208.0,42422272.0,25653111.466666665,109813760.0,35141222.4,10392371.2,49897472.0,3111185.066666667,9584503.466666667,34.3906,56.108466666666665,1.6292,173.5064,1.6699666666666666,28.6495,1.4648666666666665,325.52660000000003,42.7245,18.534233333333336,0.03234184044269619,0.13240863533561364,0.19174023118590117,0.049698217748018476,0.004600000000000001,2.1295839504292973,0.004600000000000001,0.09278875033308234,0.13172594513399755,0.017203636253822905,0.0
1685552250,2.7088370390474443,4.08081982185881,99.90026479915397,5.206479384589396,0.804147378043927,18.782797108962573,5.632123255647031,0.4089698863882417,10.173625946722495,11.664272118441751,0.5586358140726583,0.782181699532304,102455296.0,55075635.2,16605457.066666666,38978901.333333336,42422272.0,26014105.6,109819084.8,35082103.46666667,10437700.266666668,49897472.0,3086472.533333333,9735099.733333332,35.239333333333335,65.89046666666667,1.4634333333333334,167.2923,1.3224666666666667,30.8932,2.3787666666666665,307.0387666666667,39.1128,15.467066666666666,0.08857592432181031,0.36154488100795656,0.5344887057387059,0.12883765451849413,0.004600000000000001,4.509494272342457,0.004600000000000001,0.2185266081742192,0.29195594953228104,0.05743663754083333,0.0
1685552280,2.87544876624372,4.42182647938851,98.18685998848741,4.485860772828621,0.8130083154743378,18.12097710931601,5.407467217850593,0.43082235673372915,10.27354009414938,11.511237808985147,0.45712617473546635,0.8826331574802576,102477824.0,55052014.93333333,16565316.266666668,38930432.0,42422272.0,25897779.2,109821952.0,35161429.333333336,10268808.533333333,49897472.0,3083741.8666666667,9551325.866666667,38.6716,57.0991,2.0620333333333334,176.61023333333333,2.1427666666666667,30.719066666666667,2.7499333333333333,350.69186666666667,38.65193333333333,21.80933333333333,0.10783378911334898,0.5457770115122104,0.7528174603174604,0.1583032882094111,0.004600000000000001,4.742970154071329,0.004600000000000001,0.23184222252922293,0.3768683557055637,0.07515568592069445,0.0
1685552310,2.433605353039368,5.773379005572283,97.26290758946739,4.599108493728051,0.8557512563781903,17.80848779012922,5.414357848200808,0.42876720026547066,9.55946073537484,12.668000696522267,0.47212836100329586,0.9252392660259211,102371054.93333334,55835306.666666664,16674816.0,39238860.8,42422272.0,26900889.6,109822907.73333333,35374421.333333336,10145518.933333334,49897472.0,3081966.933333333,9495347.2,35.27193333333334,63.10126666666667,2.7481333333333335,179.65586666666667,2.5156,26.2514,2.4619333333333335,343.1426,43.72476666666667,18.1054,0.09775950607557539,0.3645418294821337,0.7132242063492065,0.14706514628246786,0.004600000000000001,4.709249995411936,0.004600000000000001,0.2334981008320988,0.3780737165490418,0.06864931959331165,0.0
1685552340,3.0792469177190167,5.177864341402754,99.90428351643371,4.881668354783612,0.9142927355473828,18.011550322661545,5.695551122317145,0.4257336992231125,11.030390278887843,12.82207533370423,0.603526112188235,0.9111489251590645,102386210.13333334,55029760.0,17037858.133333333,39040750.93333333,42423910.4,26610892.8,109826048.0,35052475.733333334,9984409.6,50719266.13333333,3146547.2,9507089.066666666,32.82346666666667,57.32193333333333,3.055066666666667,182.4558,3.0266333333333337,34.07216666666667,2.9849,336.66493333333335,41.84,17.229866666666666,0.09812091211527894,0.24639344749544592,0.7300449735449737,0.15210274189932205,0.004600000000000001,4.718476139046592,0.004600000000000001,0.2352225359763027,0.3239911760500123,0.07243904699279494,0.0
1685552370,2.9896001151789884,5.115968489718982,94.58807226744362,4.875873056644734,0.9119796909421038,17.773841072577248,5.4629669087032315,0.49082055620859794,10.756620011655345,12.259838823398528,0.758722431575382,0.9237789090314019,102384162.13333334,55102805.333333336,16802201.6,38782293.333333336,42424456.53333333,26443229.866666667,109826048.0,35492659.2,10064145.066666666,49897472.0,3088930.1333333333,9436364.8,31.80663333333333,57.12263333333333,2.4646,188.33316666666667,2.5273666666666665,34.4796,2.3930000000000002,321.5636666666667,38.99093333333334,16.029866666666667,0.1117227132583892,0.24275057033774142,0.5959430203091195,0.160437895408276,0.004600000000000001,4.724731918249225,0.004600000000000001,0.23374838365577666,0.2819140314493064,0.0765149829570468,0.0
1685552400,2.741612433708687,6.177893339099169,99.88103634879825,4.920039506776296,0.8210523871736225,17.81478446602485,5.411177115316025,0.4132674154789063,10.988775709254217,11.221118396643991,0.6433291528330789,0.9093788075116985,102325452.8,55108266.666666664,16798515.2,38773555.2,42422681.6,25658163.2,109826048.0,35189009.06666667,10244096.0,49899929.6,3126067.2,9531528.533333333,40.64276666666667,66.17503333333333,1.8007333333333333,198.1327,1.8342333333333334,35.504933333333334,2.266366666666667,334.5664,42.3207,17.094333333333335,0.09590022180285972,0.22006856115257048,0.47440441122306365,0.16084107681296897,0.004600000000000001,4.681158138470218,0.004600000000000001,0.23256220349215367,0.2579633062780649,0.07699635222494254,0.0
1685552430,2.561843161962569,5.894988373715677,95.50768431937833,5.55018243906468,0.863838304256927,17.880162948998404,5.9779458917396555,0.39903954369111827,11.404776087549568,12.32815067556101,0.49491179506364635,0.940729147286364,102418841.6,55060889.6,16703897.6,39149294.93333333,42458589.86666667,23903163.733333334,109852808.53333333,35360085.333333336,10245188.266666668,49899383.46666667,3126203.7333333334,9456162.133333333,57.044333333333334,86.12213333333334,3.6666666666666665,275.1945333333333,3.5967333333333333,48.83736666666667,3.8669000000000002,519.013,63.85973333333333,28.001133333333332,0.0904524816718024,0.24222817842831298,0.4373324938949939,0.1360262793478233,0.004600000000000001,4.480915909551761,0.004600000000000001,0.2228196291119634,0.31573142683970545,0.06015205847385421,0.0
1685552460,2.0015456316554636,5.989217224674502,95.5571353054107,7.724694805380212,0.9483801427417079,18.028357963328226,7.305942274056014,0.45887722715371665,9.697747212089903,9.126604025747646,0.5652756807691702,1.2850225375375863,102452565.33333333,55130794.666666664,16715776.0,39105604.266666666,42463778.13333333,23106628.266666666,109883392.0,35316121.6,10289971.2,49899520.0,3136170.6666666665,9470771.2,55.62826666666667,92.9238,2.8666666666666667,281.6748666666666,2.7333333333333334,48.93333333333333,2.6666666666666665,526.3361666666666,69.4,27.4667,0.056988858801823396,0.18532262297486513,0.2582972222222223,0.06629690458297265,0.004600000000000001,3.293216374889488,0.004637804841712083,0.13564296902789377,0.20729535251327041,0.026292835295953776,0.0
1685552490,1.7926935317292931,6.957532499592934,98.14015096074466,9.272021883390503,0.8578060016525348,18.613747327365218,7.956321907038248,0.4920401868267103,10.472650785085278,7.102872135026229,0.5156826260340541,1.3525713834394935,102111505.06666666,55136529.06666667,16733115.733333332,40632046.93333333,42422272.0,22831923.2,109883392.0,35437909.333333336,10170641.066666666,49898973.86666667,3083878.4,9316352.0,54.43633333333333,93.49956666666667,3.9108333333333336,296.8183333333333,3.9339999999999997,46.08823333333333,4.000666666666667,526.1512666666666,68.0943,27.188966666666666,0.0049332372095405004,0.00929479923403837,0.05117257547314431,0.006806740268465219,0.004600000000000001,0.29235883859408474,0.00463901591548715,0.005177717350374154,0.011798456485082208,0.004717767436677166,0.0
1685552520,2.0950693734619823,7.116215069500099,98.04364164144168,7.829443034304989,0.8570509966491787,18.879415754509868,7.378554866445092,0.47001261797803573,10.535989491945974,8.545911980037769,0.5889596549853808,1.2398664333126197,102032861.86666666,55132160.0,16552618.666666666,39308219.733333334,42422272.0,26866892.8,109892403.2,35500305.06666667,10149068.8,49897472.0,3084288.0,9511867.733333332,33.52426666666667,58.40396666666666,2.5759666666666665,193.28563333333335,2.577,30.27123333333333,2.1100333333333334,329.9000666666667,37.10823333333334,17.878266666666665,0.04016729553227664,0.05451181360297288,0.23303736923302146,0.046826223609431755,0.004600000000000001,2.1230825694973254,0.004602608695652174,0.09304100812951197,0.1281284135747869,0.016869719989370275,0.0
1685552550,2.9677689371306566,6.139423572537595,97.32040841459188,5.19491237702537,0.8595405211557045,17.309938224488747,5.520148316332802,0.4387005462132133,10.715010659057572,11.824785715702886,0.5671968985987469,0.9301073643026706,102178133.33333333,55649621.333333336,16607232.0,38658048.0,42432102.4,26717252.266666666,109914931.2,35741422.93333333,10635537.066666666,50236074.666666664,3082922.6666666665,9712844.8,35.44116666666666,59.990199999999994,2.1089666666666664,192.45486666666665,2.0723666666666665,30.5934,2.4097999999999997,339.99263333333334,38.55883333333334,16.658233333333335,0.08541558921487541,0.15683231629176472,0.46784927032843704,0.13025505275013513,0.004643174283374968,4.512868020718938,0.004600000000000001,0.21737789837223295,0.26874087986846085,0.05316789126820692,0.0
1685552580,2.448297816451297,6.487353214595931,99.37945971140628,4.723506912733021,0.8920779203374815,17.905791279553267,5.23585526156219,0.47386773122403264,10.814209795961963,12.703930986044123,0.6853859366761188,0.9364298798266177,102310297.6,55346380.8,16862958.933333334,38495300.266666666,42437017.6,26024345.6,109946333.86666666,35880277.333333336,10628027.733333332,49897472.0,3081011.2,9483332.266666668,36.90806666666666,58.5453,2.3682333333333334,193.76633333333334,2.1333333333333333,33.954966666666664,2.507366666666667,339.7427333333333,42.935066666666664,16.484866666666665,0.09659053908274719,0.20718074776514808,0.4850804700984749,0.18287371809513947,0.0046490720287218745,4.720456066147118,0.004600000000000001,0.23703110531965463,0.3158127988280513,0.06829807647990335,0.0
1685552610,3.3095622915039393,6.858029043881808,99.42031811619732,4.669587370130718,0.7964820473440817,17.597410577162744,5.241521325882201,0.43303824199347385,10.283313122504303,13.109297756913431,0.7459655357568483,0.8578689581106704,102449152.0,55350886.4,16731750.4,38400819.2,42422272.0,27115246.933333334,109953024.0,35466990.93333333,10159445.333333334,49897472.0,3086062.933333333,9628876.8,32.96286666666666,54.7854,1.6648,167.15313333333333,1.5215333333333334,28.2137,1.8671666666666666,291.40023333333335,39.75063333333333,17.5298,0.11120151535177746,0.2120713271923058,0.46235211051696556,0.1861964206359338,0.004605142857142857,4.795319444245125,0.004600000000000001,0.2402430897836213,0.28414768270735974,0.07241498649910662,0.0
1685552640,3.451881412533399,6.212092852559213,99.0284420055149,4.685739880715397,0.8495876652547245,18.260687334833577,5.222367435221648,0.4072715149015481,9.913887332547715,11.77666972012421,0.6470320343578463,0.8362573596757573,102396586.66666667,56145783.46666667,16879616.0,38431539.2,42432512.0,27092582.4,109953024.0,35641753.6,10174464.0,50870272.0,3083468.8,9738649.6,35.1897,65.36883333333334,2.2581333333333333,185.06293333333332,2.2932,32.72273333333333,2.216533333333333,355.90663333333333,46.06033333333333,19.753,0.12207892743300398,0.2100528844728772,0.458868291857806,0.1809908729508809,0.004600000000000001,4.904440973983324,0.004600000000000001,0.23674092313892434,0.295169016208353,0.07545800326913647,0.0
1685552670,3.1619756977686553,7.040622525338587,98.40290580436586,4.563839074358068,0.8493891312754618,18.45992980946483,5.112329242990808,0.43441831692185867,10.133707338725621,13.012145621428042,0.7509521763051851,0.8865324526373504,102280942.93333334,55157282.13333333,16693930.666666666,38574353.06666667,42422681.6,26714931.2,109960396.8,35631650.13333333,10201224.533333333,50156885.333333336,3088384.0,9570440.533333333,29.924266666666668,57.4655,2.4740666666666664,185.7646,2.460733333333333,31.664533333333335,2.4483666666666664,331.85116666666664,45.3973,16.3679,0.12485456934856122,0.20911733018635975,0.46548963125274967,0.17188127575427045,0.004600000000000001,4.780990121964643,0.004645915649256924,0.23276966851965214,0.28240620084089846,0.08117969726675366,0.0
1685552700,2.620374049339993,6.192605220213088,98.97218649764842,4.693100440894356,0.8726759340367529,18.43920194780961,5.285878005578786,0.4731374960629579,9.848545762061054,13.194479582673592,0.6145585302960687,0.9083481672453615,102348117.33333333,55185954.13333333,16688878.933333334,38326818.13333333,42454084.266666666,26576213.333333332,109965312.0,35719168.0,10237952.0,49897472.0,3079099.7333333334,9647854.933333334,29.873466666666666,62.21276666666667,2.7918666666666665,192.2198,2.5782000000000003,35.280366666666666,2.504,339.8823333333333,44.78306666666666,16.563066666666668,0.11023327894954753,0.2075314834321054,0.4762938156948106,0.17849076714731232,0.004600000000000001,4.702787763564009,0.0046467176146725445,0.23457744869052036,0.28672017256324617,0.0803706148070788,0.0
1685552730,2.821359009071666,5.898507471960716,96.96883469105428,5.135036262256597,0.8556685918484038,18.261195971567165,5.615482943939706,0.46550320659234967,10.66757130633921,11.148670353505137,0.4774679365373008,0.9882737944046119,102354944.0,55186090.666666664,16583611.733333332,38507997.86666667,42422272.0,23869030.4,109967496.53333333,36127675.733333334,10553617.066666666,49897472.0,3081420.8,9533576.533333333,59.18236666666667,91.5561,3.735,285.89643333333333,3.6700333333333335,53.3699,2.870033333333333,537.3432333333334,68.83003333333333,28.4629,0.09434228898654905,0.1822451617985417,0.4451784063586419,0.16678445477314835,0.004600000000000001,4.6053706495922455,0.0046048,0.22291055189287265,0.30152105432410287,0.06041478136103851,0.0
1685552760,2.0677027562729062,6.464368245516218,99.85637523890635,8.227519308281776,0.8637311967105367,18.94093270811402,7.492552546818201,0.5028016629837959,10.682823235594677,8.622950427406531,0.5097718877408701,1.2643112112196124,102358220.8,55126835.2,16731886.933333334,38838954.666666664,42429644.8,22637090.133333333,109969408.0,35801224.53333333,10269491.2,49897881.6,3078826.6666666665,9607850.666666666,56.131366666666665,99.68023333333333,4.134933333333334,314.06873333333334,3.9349333333333334,51.09943333333333,4.067733333333333,554.5004333333333,73.53333333333333,31.268433333333334,0.04189483520228528,0.08179058464504797,0.1895888760362445,0.07028441187995972,0.0046077696387976765,3.357691405437911,0.004632577985213165,0.12995189582590447,0.17170946608203733,0.025162686761407153,0.0
1685552790,1.76783460359107,5.867378413516454,95.78332800820944,9.706190395422619,0.9599094599722168,18.5072727048208,8.307775132083407,0.540098996034571,10.505606212090255,6.937110025883649,0.5325702269341003,1.4158955728949074,102087611.73333333,55095296.0,16760285.866666667,39903232.0,42422272.0,22305723.733333334,109969408.0,35848192.0,10216516.266666668,49898564.266666666,3170304.0,9497531.733333332,52.27256666666666,95.09156666666667,2.5379,286.0330666666667,2.5371,47.445233333333334,2.6035,523.8317666666667,67.90079999999999,24.48036666666667,0.004837506049537949,0.005374854792919583,0.04876652224959318,0.00655914178762881,0.004632053892213302,0.2521273885200691,0.004632053892213302,0.004770224649512295,0.009641839111374485,0.004723245746689269,0.0
1685552820,1.9172262656939663,5.956860658836695,99.38158443044286,7.912891203704268,0.876532998573531,18.95205652229315,7.370078472959083,0.48526254370286137,10.17820825127438,8.723837275527991,0.5782173779222454,1.2209213086271857,103233399.46666667,55095296.0,16652561.066666666,38830080.0,42422272.0,24637440.0,110009821.86666666,35767227.733333334,10292292.266666668,50301474.13333333,3102037.3333333335,9537399.466666667,32.1382,55.85746666666667,2.6028666666666664,177.21556666666666,2.1441333333333334,30.392766666666667,1.9081000000000001,321.4694,47.10696666666667,14.054766666666666,0.04052929826984249,0.09788973792173326,0.2869641203703705,0.04825296304783415,0.004647117960511957,2.180465739504553,0.004603564356435644,0.10770757248529422,0.14074767555778647,0.018430532929747025,0.0
1685552850,2.6683514457681787,5.68502121280638,98.28960476579292,4.929163611041536,0.8114009998755424,17.938232401651067,5.541724517975208,0.4574413818422326,10.780477336901816,10.996845516493547,0.6241709708122997,0.9245147765883238,102443963.73333333,55080277.333333336,16606549.333333334,38305928.53333333,42424320.0,26507127.466666665,110125056.0,35751253.333333336,10085171.2,49938978.13333333,3078007.466666667,9451246.933333334,32.748066666666666,55.490766666666666,2.2725,201.9596,2.3352999999999997,31.838,3.0635666666666665,332.3932666666667,46.24203333333333,17.018800000000002,0.09003151664383688,0.2776454664748629,0.7115842490842491,0.14028862063804745,0.004646337830398071,4.630451909148696,0.004600000000000001,0.22962350018983485,0.3351118972832529,0.053594838811205525,0.0
1685552880,2.8327103491446617,5.280967155833803,98.21243471709903,4.532723134107615,0.8191507603530332,17.559420967806098,5.192971624065764,0.4293491351147206,11.54007971513592,12.108754580829181,0.4659776316092267,0.8759183692814976,102353305.6,55070446.93333333,16850944.0,38405188.266666666,42422408.53333333,27141461.333333332,110125056.0,36067328.0,10252014.933333334,49902933.333333336,3157060.2666666666,9615906.133333333,40.465199999999996,54.533566666666665,1.7715333333333334,175.51346666666666,1.6186666666666667,28.6601,2.1833666666666667,314.5262333333333,37.96203333333334,17.815533333333335,0.09583135832785435,0.3765952771824937,0.7782407407407408,0.17956105335739592,0.004659150036238272,4.877697678912272,0.004706178341655765,0.24122403319623217,0.3545012438077382,0.05479519669245814,0.0
1685552910,2.2181208043856615,5.532640390851466,98.8146128263026,4.292295383069203,0.8198533130389869,18.523728127715703,4.802122526449708,0.44966837321439546,9.76795127148409,11.487945388474802,0.5516258674663715,0.8010727150347795,102389350.4,55034948.266666666,16783906.133333333,38596744.53333333,42422272.0,26461115.733333334,110125056.0,35845188.266666666,10279321.6,50351854.93333333,3081830.4,9467084.8,44.59026666666667,63.94786666666666,1.9443666666666668,170.32056666666668,2.0826000000000002,30.49636666666667,2.0432333333333332,329.56346666666667,46.725366666666666,20.846366666666665,0.10906064015763431,0.27057174123707717,0.7489392361111114,0.17726603786018355,0.004660626860628586,4.96046080302188,0.004787199257410322,0.24670237214883206,0.31709085584679825,0.057240931663854924,0.0
1685552940,2.3582964562591333,5.2168848726744175,98.22384709127356,4.418434524446421,0.8018768889106458,18.180640071195725,5.0325384791094425,0.4071861958916386,10.906628003469816,10.460429183642413,0.6897267872008701,0.8490703500782941,102468539.73333333,55097890.13333333,16961536.0,38544315.733333334,42422272.0,26906624.0,110125056.0,35858978.13333333,9943040.0,49897472.0,3083468.8,9542587.733333332,40.20656666666666,55.04066666666667,2.3141000000000003,202.87716666666668,2.283533333333333,30.721566666666668,2.580233333333333,344.2416666666667,40.09896666666667,20.62933333333333,0.09975321053900178,0.5045880824474579,0.5716534391534391,0.17355485203584572,0.004628977320373547,4.9067823005801126,0.0046728170996824655,0.2431242013926764,0.3481865676734567,0.05669584120026728,0.0
1685552970,2.7361058527457787,5.8191480818851185,98.72847555884003,4.441585347561373,0.8020993787211955,17.889090171175337,5.341408343608525,0.3937853183572102,11.313038665968172,11.273227924588777,0.663634407513351,0.8825766205255976,102422937.6,55201245.86666667,16778581.333333332,38878276.266666666,42422272.0,26710016.0,110129561.6,36198809.6,10237269.333333334,49897472.0,3084424.533333333,9520196.266666668,34.68486666666667,55.943,2.6010666666666666,181.49926666666667,2.593166666666667,35.11383333333333,2.2513,332.46686666666665,44.53046666666667,19.392133333333334,0.09784779480560951,0.3292592217716908,0.4721584180766347,0.17856727031218397,0.004600000000000001,4.752695808624396,0.00472279557828741,0.23844348943034255,0.332544575843821,0.06440459233014423,0.0
1685553000,2.5629240715824704,6.351841983732868,96.71155191336642,4.663542110555074,0.8935871367839409,18.173341143686063,5.391977112668434,0.43880793154691633,10.514302956209805,11.22914790704986,0.5962348199947698,0.9155313769980744,102327227.73333333,55204386.13333333,16572416.0,38730956.8,42470058.666666664,25937510.4,110139801.6,36351180.8,10516070.4,49911125.333333336,3079918.933333333,9368917.333333334,43.379266666666666,59.21846666666667,2.2527666666666666,193.42996666666667,2.1739666666666664,29.480466666666665,1.5594000000000001,320.3260333333334,41.89013333333333,16.740833333333335,0.12374947286017596,0.22169125213892368,0.48101813010150296,0.17507226242405308,0.00465730670350332,4.801683006964363,0.0046980887890648165,0.2408201875091265,0.29922732461677176,0.07260308536375187,0.0
1685553030,2.7239537302161727,5.648735964238999,98.2090482693928,5.49239954447448,0.8405332178080568,18.10787364529308,5.870708015739958,0.4273402600108545,10.22765625153698,10.410729045063686,0.5639928855558444,1.086983747924654,102473728.0,55130794.666666664,16814626.133333333,38839773.86666667,42422272.0,24648499.2,110141440.0,36214510.93333333,10870647.466666667,49907029.333333336,3097395.2,9322496.0,52.94703333333334,86.04983333333332,2.9371666666666667,278.15903333333335,3.205966666666667,48.383766666666666,3.1231,493.342,64.1669,26.238833333333332,0.10352742583869763,0.21881362887898229,0.5150067758328629,0.1317682437903137,0.004698274648299794,4.619894302911752,0.004600000000000001,0.2280520063254125,0.2824162892325063,0.0568193632794822,0.0
1685553060,2.0736654691261323,5.637721412211046,96.55116188638603,8.43660920922709,0.9376088555571346,18.18795755954594,7.3644158201301,0.5363671336416129,10.161189796338588,8.239462309704987,0.5044003787733018,1.3827266023263285,102418432.0,55091200.0,16926856.533333335,39801241.6,42423910.4,22839296.0,111017984.0,36321962.666666664,10314547.2,49897472.0,3211264.0,9469132.8,59.266666666666666,100.7336,3.8668,314.8002666666667,4.0603,51.46666666666667,3.933466666666667,575.6713666666667,76.07123333333334,31.733600000000003,0.0462776318331009,0.13372979303540536,0.39055710724460724,0.06556145045906933,0.0046432112604744185,3.3024435811403317,0.004602526315789474,0.1354179239199772,0.1641442170087862,0.024031629962647644,0.0
1685553090,1.813729658680626,5.725672581545344,98.32096435066686,9.71021646315442,1.0735228881731844,18.73664370908883,8.659758110724068,0.5093191648334144,9.982245439227233,7.1250737967840925,0.5403656490670335,1.5507758829900327,102265514.66666667,55091200.0,16815172.266666666,39692151.46666667,42422954.666666664,22811852.8,111456256.0,35991961.6,10209689.6,49899793.06666667,3101354.6666666665,9470907.733333332,52.754933333333334,101.6049,4.1339999999999995,292.39076666666665,4.2046,50.10086666666667,3.4685333333333332,525.4926666666667,71.57073333333332,30.5175,0.004808175182075587,0.007620972021913433,0.058914971797453905,0.008076841932696458,0.004634139664428741,0.2967684613761349,0.004634199070369336,0.005225961885101633,0.011632369099653367,0.004737843171255392,0.0
1685553120,2.1605113453793607,5.667283440169852,97.72801542915909,8.087082574194245,0.9267561371775026,18.131170818706785,7.761265919918526,0.5099703707575162,10.50724212720723,8.416817933130982,0.5753954787431902,1.354710148742616,102182229.33333333,55401676.8,16659660.8,39212646.4,42422272.0,24932215.466666665,111456256.0,36115660.8,10264439.466666667,50586965.333333336,3078280.533333333,9458756.266666668,35.41526666666667,56.5721,1.466,165.82306666666668,1.5487,31.5064,1.0028333333333335,310.1682333333334,45.13926666666667,17.076466666666665,0.03616126615812998,0.09073193598156001,0.1318231618192955,0.0469079350545391,0.0046631585776527856,2.2912448653037223,0.00463416591423087,0.10159944628904415,0.14392381720093778,0.02083149177339599,0.0
1685553150,2.6371744794977916,4.916931265311184,99.90139410279582,4.794696710591609,0.8478201215548639,18.366597483606657,5.478267436800758,0.38534745220759936,10.471360787717488,11.169369934342939,0.6028156117802078,0.9046964813382076,102199296.0,55308970.666666664,16764381.866666667,39019861.333333336,42428279.46666667,26834534.4,112525038.93333334,36016128.0,10036292.266666668,49959048.53333333,3170304.0,9513369.6,27.5906,48.1048,2.4290000000000003,162.98803333333333,2.3308000000000004,28.50906666666667,2.615466666666667,302.94286666666665,38.09793333333334,15.005500000000001,0.09231921762596886,0.2153309811365484,0.5083333333333334,0.1271565396252167,0.004660597680354539,4.595413562303494,0.004600000000000001,0.2284337892471299,0.2917586817897754,0.056852042912858544,0.0
1685553180,2.78550345944416,4.871474959236277,99.87087762714735,4.478637739152476,0.8127173456697943,18.588506061562715,4.790758960851312,0.39130434104166895,10.433617303790482,11.214255121735029,0.4867437163513052,0.9080500743041231,102285721.6,55095842.13333333,16522717.866666667,38912546.13333333,42422272.0,26716569.6,112796057.6,36506009.6,10048170.666666666,50555016.53333333,3132347.7333333334,9498624.0,32.978566666666666,60.97946666666667,2.1105666666666667,184.42999999999998,2.147,33.47743333333333,1.5921333333333334,323.26433333333335,44.719166666666666,17.1807,0.09620547397101273,0.22899790387284188,0.694593253968254,0.17940161874422147,0.004618169934640523,4.884028264849063,0.004600000000000001,0.2426551671976466,0.30267615373868356,0.06970308974559164,0.0
1685553210,2.9238682030751213,5.864439781869115,99.88421664189423,4.556177934349092,0.8531940399690615,17.587350640270294,5.250936322483382,0.42171561151244724,10.005302311100223,11.599861128972412,0.6311821251207886,0.9001621831954246,102453111.46666667,55144038.4,16720691.2,38625280.0,42422272.0,26647756.8,114563481.6,36355003.733333334,10275225.6,50268569.6,3084288.0,9595153.066666666,26.223666666666666,50.45816666666666,2.7691666666666666,181.65966666666665,2.4666333333333332,29.599333333333334,2.8498333333333337,337.68676666666664,43.183,16.937366666666666,0.09228182673038039,0.22817686390165287,0.6279616044616045,0.1863084018462346,0.004600000000000001,4.809312720402177,0.004600000000000001,0.23949210122537137,0.3141456732996621,0.0705294091088822,0.0
1685553240,2.2784747773243157,5.36645086653078,99.34051279209122,4.565755501392377,0.9192392731893645,18.19580028027012,5.114154690150611,0.45138670162648825,9.929475969983157,12.426152333908371,0.6418125174671985,0.9406655820108694,102418022.4,55672968.53333333,16820360.533333335,38644531.2,42422272.0,26352025.6,115758694.4,36607863.46666667,10173781.333333334,50564300.8,3089612.8,9537809.066666666,31.872633333333333,55.2288,2.2256333333333336,173.83643333333333,2.1806666666666668,31.322766666666666,2.0978666666666665,332.4812333333333,42.789633333333335,15.426166666666667,0.0981258379373927,0.2581108124699867,0.6135317460317461,0.18245285847041776,0.0046015,4.762217215991691,0.004600000000000001,0.23911928507268615,0.37276477814573067,0.07454642224098805,0.0
1685553270,2.417437729969536,5.304373438041993,96.98192232740391,4.509779517463914,0.8524127760945894,17.413964602275847,5.255017367392711,0.44148955640000215,10.120904912456119,11.858013866569092,0.5564805094930432,0.9092441597224749,102428125.86666666,55132433.06666667,16798788.266666666,38384844.8,42422272.0,26472994.133333333,117128260.26666667,36691694.93333333,10258978.133333333,50321817.6,3088384.0,9670929.066666666,34.073033333333335,60.36796666666667,2.0671,193.05810000000002,2.202566666666667,32.2999,2.1876333333333333,346.3772,48.8459,15.814866666666665,0.12688503200111553,0.35598600012420334,0.667295634920635,0.1780655543712473,0.004649924005223104,4.781393697798858,0.004600000000000001,0.24033515480606096,0.37568456041322823,0.0704514901764366,0.0
1685553300,2.759823625906719,5.506239561986055,99.31287544395106,4.701302202271753,0.8419813536145297,17.978851752599812,5.339346127992928,0.4049574225138578,10.731116510170352,12.337274510599533,0.5317980775919666,0.8876390848839508,102508407.46666667,55140488.53333333,16643140.266666668,38449152.0,42422272.0,26573346.133333333,118221619.2,36574822.4,10287923.2,50095718.4,3082922.6666666665,9718169.6,35.4037,64.31696666666667,2.3287,205.36193333333333,2.338833333333333,32.09213333333334,2.4087666666666667,326.18576666666667,40.60386666666667,17.093733333333333,0.11890604442638047,0.23927505059533993,0.5625335103637303,0.17322967239035555,0.004656192257092087,4.740616751374008,0.004602068965517241,0.2366350116852583,0.3461014880488982,0.06584069059869017,0.0
1685553330,2.4667796232192467,5.967027055122655,98.79231122318252,5.540458276717599,0.9562116774109689,18.3952712414281,5.852591524323965,0.4875238277026121,10.562825344277396,12.438571576378584,0.49811540893610323,1.15184777535636,102533666.13333334,55095569.06666667,16789230.933333334,39097412.266666666,42422272.0,24132949.333333332,119492608.0,36855671.46666667,10279321.6,49899383.46666667,3082649.6,9520742.4,56.192099999999996,95.59376666666667,4.662366666666667,303.07233333333335,4.539933333333334,49.37173333333333,4.669233333333334,541.1639666666666,68.57683333333333,31.03666666666667,0.09551731711425342,0.20612883160542275,0.47333994736035895,0.13871049664239124,0.004664956106444593,4.595550245294911,0.004649167430366947,0.22714150716015047,0.2896651600877585,0.0621228149654745,0.0
1685553360,1.9344585248677868,5.990929810795789,95.66876634340512,8.711869409459855,1.0443513910600997,18.791903446430407,8.236429425234261,0.5541757941481023,10.325106829310778,8.968110715423064,0.49700976609496555,1.4159702620594572,102410649.6,55085192.53333333,16698845.866666667,39382903.46666667,42422272.0,22915072.0,120281497.6,36721868.8,10052266.666666666,49897472.0,3080465.066666667,9449881.6,59.0,96.5976,2.5984,308.3940333333333,2.731733333333333,49.86666666666667,2.7984,553.2808333333334,72.0,26.730133333333335,0.04702774295428964,0.12464146284667628,0.3649361111111111,0.06554217260995411,0.004675061832394164,3.4552349551045416,0.004634928863455039,0.14862753554503064,0.18591308859366001,0.029267733249861032,0.0
1685553390,1.7485076611381736,5.695183321558772,99.86064435253574,10.154270889791201,1.0039324304408495,19.074123331915988,8.92898651453195,0.4989162969099297,10.273680456916527,7.112276452348277,0.5210889428421706,1.5769385811346974,102170624.0,55107584.0,16701303.466666667,39643136.0,42422272.0,22710135.466666665,120807424.0,36972817.06666667,10115754.666666666,49897472.0,3161292.8,9539584.0,56.608666666666664,95.1625,3.195266666666667,290.10103333333336,3.195266666666667,47.51123333333333,3.1286,544.5678666666666,70.27713333333332,26.140033333333335,0.0047524329245270894,0.005930248214401033,0.05509468101943403,0.007685631041995761,0.004648282211032606,0.2759023119151585,0.004613536632356825,0.005046470614338732,0.010945231481901919,0.004743283836406451,0.0
1685553420,1.979972813389866,5.473282763712362,96.70038809750632,7.930792067686051,1.0418875592187873,18.9533690462901,8.034091440794162,0.48207254541677896,10.649659109978248,8.520458180501128,0.5516645352141248,1.4288295796771118,102240119.46666667,56107963.733333334,16731340.8,39091677.86666667,42422272.0,25342225.066666666,120811520.0,36936908.8,10387592.533333333,49897472.0,3137536.0,9446741.333333334,37.43286666666667,52.609366666666666,2.3722,164.16326666666666,2.5656666666666665,29.5227,2.4091333333333336,312.83993333333336,50.31276666666667,18.411366666666666,0.03725975353874478,0.07855232278461793,0.20117903439153442,0.04956657704215246,0.004833703636335818,2.181508420958438,0.004643283391409987,0.09845311951232141,0.12554326948658717,0.018469138254913378,0.0
1685553450,2.5718603507003,4.707730997986451,98.21786111281844,5.335771328576407,0.9280606934078681,18.374233514761407,5.7599463158799,0.480667191609153,10.498577202519192,11.895029475713104,0.7404841818407107,1.0222729856877544,102381704.53333333,55134208.0,16717414.4,38751709.86666667,42422272.0,26572253.866666667,120815616.0,37338999.46666667,10225937.066666666,49899520.0,3118011.7333333334,9431040.0,39.45633333333333,60.394866666666665,2.6557,178.15043333333332,2.640333333333333,29.383133333333333,2.2941,323.81850000000003,41.48116666666667,18.335533333333334,0.0870855057626741,0.1877546972111722,0.44400378335324575,0.12825829448073828,0.004898064024552065,4.525703093307417,0.0046314249482401655,0.22247024166902507,0.24692663622357852,0.0610608631045211,0.0
1685553480,2.3913347653855954,4.981146257759138,96.64608391867448,4.532553937977198,0.9383837083610421,18.129621588814974,5.1020163495260045,0.47025698953867945,10.303106144753057,12.146827932154574,0.7128704277752685,0.9771282314935601,102432768.0,55153732.266666666,16542515.2,38426214.4,42422272.0,26794393.6,120821077.33333333,37121501.86666667,10366566.4,49897472.0,3079372.8,9436364.8,27.112399999999997,59.0705,1.8427666666666667,194.3224,1.7785666666666666,30.161166666666666,2.3378,310.8328666666667,33.69436666666667,17.271633333333334,0.098840842677445,0.22297576918314396,0.470460665884201,0.17802156116120452,0.004650081261252473,4.789406247032858,0.004600000000000001,0.2366325633782927,0.25672388390253353,0.07636039288727907,0.0
1685553510,2.714789156698955,4.709189360595464,98.86167386393763,4.730816505032225,0.9319021892030611,18.499894675468916,5.201952707687337,0.437032309509774,9.669631729851755,12.24178950255136,0.5184426632822284,0.9487317867619346,102470451.2,55133525.333333336,16758510.933333334,38779562.666666664,42422272.0,27013939.2,121875660.8,37206152.53333333,10192759.466666667,49897472.0,3084288.0,9543133.866666667,33.5396,59.704299999999996,1.9973999999999998,180.36156666666665,2.1471,32.63596666666667,1.9837333333333333,341.6151,44.4877,17.4907,0.1217099624256553,0.2408441814958331,0.634920634920635,0.18192471497538007,0.004600000000000001,4.80855238033573,0.004600000000000001,0.2371310084771918,0.30355234972646694,0.07604748436636702,0.0
1685553540,2.513180300939685,4.877503060575731,94.87112191460572,4.66729529505928,0.9161565031309332,18.563408833438416,5.392983464571463,0.43598390211021304,10.800486434741464,11.476562900055475,0.5002565660525095,0.9374227823713096,102679347.2,55113864.53333333,16922760.533333335,38486835.2,42423773.86666667,26867302.4,122142173.86666666,37324800.0,10588979.2,49900475.733333334,3085653.3333333335,9582182.4,36.795700000000004,59.6274,2.6210333333333335,199.9671,2.5114333333333336,33.09936666666667,2.6595333333333335,322.2866666666667,38.53853333333333,18.939533333333333,0.10496185984290242,0.2349413889219215,0.6075030721966207,0.18533930357775769,0.004600000000000001,4.804773300638016,0.004600000000000001,0.23803233596633136,0.3354361658962126,0.06646159727389332,0.0
1685553570,2.6765811438236247,6.147840196603755,99.91221891080026,5.093809597165248,0.8912894067125259,18.43477136020909,5.436398978150406,0.45292679795689045,10.37201841301537,12.437250359111042,0.8191415654740651,1.001848811264338,102725222.4,55164654.93333333,16603409.066666666,38528204.8,42422272.0,26782924.8,122149137.06666666,37674188.8,10573960.533333333,50709572.266666666,3083468.8,9548322.133333333,35.265433333333334,59.973600000000005,2.871,197.57796666666667,2.9356333333333335,30.578866666666666,3.6824,367.47173333333336,37.923766666666666,18.965700000000002,0.09714287400418392,0.21220534454107776,0.4642853516694034,0.1842953458027844,0.004600000000000001,4.722218475809197,0.004600000000000001,0.23684802964827964,0.3231630514986754,0.0646499822198252,0.0
1685553600,2.4438487937119535,6.312934329983134,99.36309825745555,4.671819079203777,0.9053175676975694,17.656488592701432,5.4164951121273255,0.40851654147846966,10.003493496865426,12.096687983547765,0.7270123739180961,0.9861795189088409,102703923.2,55212578.13333333,16701166.933333334,38443008.0,42422272.0,27153203.2,122203477.33333333,37402214.4,10298436.266666668,49897472.0,3078690.1333333333,9414382.933333334,39.62746666666667,48.54416666666667,2.0423666666666667,171.63546666666667,1.8868,27.554233333333332,1.6821333333333333,331.0815666666667,37.041066666666666,15.126766666666667,0.09616726374566437,0.2115034941048327,0.47097370033563024,0.18467359641853123,0.004600000000000001,4.716312729160103,0.004600000000000001,0.2424925159281074,0.3391988199052893,0.06585443012906438,0.0
1685553630,2.226387400327799,6.6135961531774745,98.39157350205564,5.32692150236328,0.8778089543386246,18.417463397701333,5.47784485029858,0.43065722295254166,9.532666247555772,11.977651185719404,0.6919666710792192,0.9642211793588502,102646852.26666667,55221179.733333334,16856132.266666666,39065190.4,42422272.0,24708164.266666666,122265600.0,37807035.733333334,10286694.4,50514875.733333334,3191193.6,9729228.8,57.82606666666666,91.28613333333332,3.2811666666666666,311.07480000000004,3.1615666666666664,51.9116,2.9474,550.8087666666667,74.93523333333333,27.943433333333335,0.08931237429693369,0.20655376816453863,0.4545162363188179,0.1652488846180708,0.004629134149431189,4.791879209841153,0.004600000000000001,0.2389511146477116,0.2728733984984058,0.062020199883967245,0.0
1685553660,2.073024201951199,7.288200789203327,98.75266228748619,8.759438618258752,0.9927280545931656,19.244270040745334,7.78475552894871,0.5199395788856329,10.121384922849298,8.866290603396324,0.5709572374956106,1.3644069534707355,102440823.46666667,55275929.6,16788411.733333334,40503432.53333333,42422272.0,22985113.6,122265600.0,37724433.06666667,10078208.0,49897745.06666667,3126067.2,9735372.8,60.46666666666667,100.79973333333334,3.9335999999999998,314.46806666666663,4.000266666666667,52.6,3.6002666666666667,568.2680333333334,75.8,28.80053333333333,0.0527174552404516,0.09736212781176777,0.22598145359542426,0.06961591109198119,0.004712641758396073,3.3535635796255643,0.004625621289685261,0.14016446209755232,0.1478745181511209,0.02575399988661967,0.0
1685553690,1.8825850839388816,7.601643090192224,97.57329317857146,9.797007637531932,1.0301378778740944,19.383602624518744,8.915015247428594,0.5478095310720751,10.354983862284808,7.082386544763136,0.53825637370046,1.52730259404844,102099899.73333333,55205614.93333333,16731750.4,40231185.06666667,42422272.0,22888174.933333334,122265600.0,37728802.13333333,10123673.6,49900475.733333334,3080192.0,9510365.866666667,54.100366666666666,97.66296666666668,4.3266,311.8550333333333,4.593266666666667,49.70626666666667,3.9938,531.2274,71.69520000000001,29.304066666666664,0.004715664948451448,0.005282573998461491,0.04837954133362718,0.006312464705119156,0.004703528684747741,0.231042930154956,0.004629934243431912,0.004714277962404938,0.009398926840305799,0.004715503166712079,0.0
1685553720,2.1751019307565627,7.147383206089162,99.82924627777606,8.65758806843178,0.9106225139126344,19.35128454078377,7.672493736176118,0.47055105956543763,9.819058160675173,8.748187441081296,0.5439972432206734,1.2691795034453575,102060032.0,55191552.0,16631671.466666667,39929036.8,42428279.46666667,24796364.8,122270788.26666667,37906022.4,10243549.866666667,49897472.0,3080465.066666667,9503266.133333333,37.0387,65.51466666666667,1.9973666666666667,183.94556666666668,1.6733333333333333,34.50063333333333,1.7254666666666667,337.51053333333334,45.76213333333333,18.888333333333332,0.044206232380514285,0.06652680274031701,0.17349755892255903,0.05098265382964419,0.0046350019885130385,2.07836628294838,0.004608465600508013,0.09506106232897711,0.12235155781410181,0.021049019304821875,0.0
1685553750,2.801743688335154,6.326540399398096,98.84971561255533,5.227775869702084,0.8694659420705277,18.042775967385694,5.756746187556753,0.445440591921486,9.926692846520982,12.308408321643126,0.6570157049577087,0.9720724432624234,102669243.73333333,55164928.0,16809847.466666665,39013034.666666664,42422272.0,25592354.133333333,122274065.06666666,38335146.666666664,10156441.6,50544640.0,3084288.0,9594743.466666667,33.7065,57.08336666666666,2.2481999999999998,197.84756666666667,2.4067999999999996,32.6971,2.0146666666666664,303.8472333333333,39.4471,19.1255,0.09154842714177386,0.18449859479415057,0.42659217171717173,0.14198550222676423,0.004677822260094813,4.429888380573329,0.004600000000000001,0.21355210125996096,0.23365189510935544,0.06305156223369039,0.0
1685553780,2.6087112535231856,6.364772886862275,96.06067740661224,4.720431317988672,0.8457405423366743,17.6057766462816,5.417544783342962,0.46695715645257774,10.860267461529586,13.575756183294976,0.6385278386111917,0.940905010081382,102162432.0,55273745.06666667,16848213.333333332,38890427.733333334,42422272.0,26261640.533333335,122277888.0,38021939.2,10388684.8,49962188.8,3082103.466666667,9605256.533333333,35.20726666666667,64.64446666666667,2.0617,191.631,2.0904333333333334,34.437333333333335,2.1398,338.62039999999996,41.11833333333333,17.855133333333335,0.09642917169451717,0.2202083855735321,0.4689915887299788,0.18016024961600535,0.004708733545053411,4.700841797303363,0.004600000000000001,0.23358606001158513,0.252955019143931,0.0726032258593699,0.0
1685553810,3.0622639446311863,5.385733110093338,98.46394290999596,4.581781111459283,0.8326727654187153,17.349165411408443,5.338067569118532,0.4040322846176768,10.279510134864706,12.19162444730235,0.6327492231996477,0.9320708836652384,102264832.0,55081096.53333333,16664166.4,38483558.4,42422272.0,26225049.6,122277888.0,38190011.733333334,10267033.6,49897472.0,3219456.0,9431313.066666666,31.6311,52.29023333333334,1.656,179.32250000000002,1.5839,34.15323333333333,1.8655333333333333,314.62143333333336,38.51023333333333,15.721599999999999,0.09584433832016441,0.4047714879234244,0.7666745522995524,0.17087377692819716,0.004628702136573104,4.68288673864698,0.004600000000000001,0.2322626526515057,0.31389012741851846,0.068679616146719,0.0
1685553840,2.6947850722543945,4.969677244296988,99.90605316110327,4.669988819560083,0.8408772328272096,18.31784548616928,5.227300918353578,0.4318164703633347,10.19293657612211,12.380849160487656,0.5760606388778312,0.8936070650626676,102316441.6,55125879.46666667,16589892.266666668,38725632.0,42422272.0,26856516.266666666,122291541.33333333,38490521.6,10991069.866666667,49897472.0,3099306.6666666665,9533166.933333334,38.5753,65.55306666666667,2.9280666666666666,181.67346666666666,2.5974,29.387766666666668,2.1288,345.91613333333333,50.238733333333336,16.703333333333333,0.09808423900203338,0.5719190796700886,1.2261805555555558,0.16093229208165855,0.004600000000000001,4.686948483332736,0.004600000000000001,0.23016843616231544,0.36947622555866366,0.07350758571781163,0.0
1685553870,2.6739390607640448,5.303958534745206,96.06438306012902,4.578888107150806,0.81843879404558,18.55411133830416,5.300317170076865,0.40829424257972136,11.065021512370855,11.774926047034752,0.6263611568450554,0.8811523025365452,102464716.8,55170662.4,16623752.533333333,38795946.666666664,42422272.0,25822412.8,122294408.53333333,38339925.333333336,10905600.0,49897472.0,3087837.8666666667,9704516.266666668,41.73603333333333,65.16746666666667,3.0767333333333338,184.39266666666666,2.9534000000000002,33.17786666666667,2.759866666666667,336.5598,47.998866666666665,20.598433333333332,0.09684826664785477,0.3914390907391925,0.8733399470899472,0.16971696433758282,0.004600000000000001,4.67274796161588,0.004600000000000001,0.23211381991112182,0.3376861432517035,0.07053296935946267,0.0
1685553900,2.9431881455411566,5.281015680699064,98.32301629885471,4.673489968076305,0.8491563615745459,17.685033684257114,5.368018454881122,0.40680027314353245,10.883073623131732,12.389527755740794,0.6317539618928847,0.952236451975224,102481920.0,55145267.2,16808072.533333335,38841139.2,42422272.0,26466986.666666668,122311475.2,38117376.0,10252288.0,49897472.0,3082786.1333333333,9436501.333333334,33.693266666666666,63.05393333333333,3.3297666666666665,197.20506666666668,3.2057,34.44866666666667,2.7239999999999998,331.70526666666666,45.87696666666667,22.906433333333332,0.09758336270243954,0.2397259268814897,0.5896474867724868,0.17377982272810918,0.004600000000000001,4.652692416457538,0.004600000000000001,0.23303080292397763,0.31443115112661496,0.060457114642960046,0.0
1685553930,2.7539908089226075,4.644223472111857,95.4697164478514,5.3621568285273655,0.8065140601055073,17.2090544346175,5.498343464584574,0.45270609582979177,9.873809303565611,11.220078184554895,0.5271084991055331,1.0001797769666623,102510318.93333334,55115776.0,16539921.066666666,38810555.733333334,42422272.0,25401753.6,122362538.66666667,38784750.93333333,10336665.6,49897472.0,3083332.2666666666,9569621.333333334,53.327666666666666,95.4992,3.2741333333333333,293.15483333333333,3.2674666666666665,46.48786666666667,3.6152666666666664,539.4714,70.58146666666667,29.150166666666667,0.09350847666176663,0.2229893215798577,0.8005555555555558,0.14487981796944763,0.004755821164605972,4.615990894211459,0.004600000000000001,0.23120749786484218,0.28762631925931254,0.05078008585098939,0.0
1685553960,2.3363391351727176,5.65594545953374,98.39393050911845,7.855907389523379,0.9388423522197652,18.375851508736545,7.365772275082711,0.48035337419074675,10.22612563869944,8.2614926014696,0.5143365854882108,1.2780908262620323,102531208.53333333,55162197.333333336,16731750.4,38741333.333333336,42422272.0,22806254.933333334,122368000.0,38619136.0,10354961.066666666,49897472.0,3084288.0,9667242.666666666,59.6,98.92943333333332,3.1325333333333334,311.86620000000005,3.1992,52.585633333333334,3.1325333333333334,561.467,73.2,28.46513333333333,0.053817572593884706,0.14287402431959245,0.601097113997114,0.06433917620056794,0.004794530873489599,3.299111231217337,0.004600000000000001,0.15041207790210803,0.17512224744659732,0.022245197816901274,0.0
1685553990,1.7072811061520439,5.671951096538801,97.7148746116519,9.397666372706466,0.9430102182628743,18.7326729353519,8.369943610171985,0.4822952101853444,10.252378428414435,7.072597472078393,0.5116291921037177,1.4545504233602504,102239436.8,55158920.53333333,16696388.266666668,40517632.0,42422272.0,22682282.666666668,122368000.0,38746248.53333333,10256247.466666667,49897472.0,3142860.8,9451929.6,59.40486666666666,94.16683333333334,2.4656000000000002,298.2789333333333,2.4656000000000002,46.28923333333333,2.5311,556.9217333333333,75.46726666666667,25.75293333333333,0.0048011018111522195,0.008231275568365778,0.054006679571661345,0.007540080416724075,0.004654854669140384,0.30753561779432076,0.004600000000000001,0.005215748366007272,0.011603504774345264,0.004714979506639098,0.0
1685554020,1.8784206323645338,6.369689606019504,97.28410812488093,7.980595429301486,0.8636920535968785,18.60875632288578,7.54594249916774,0.4596202938240093,10.264458149173555,8.808826201710007,0.5656536561801558,1.240663555736227,102251861.33333333,55233194.666666664,16677273.6,39090585.6,42422545.06666667,24535586.133333333,122446643.2,38603025.06666667,10017587.2,49897472.0,3082786.1333333333,9439095.466666667,41.02243333333333,56.6345,1.7719333333333334,201.8852,1.7397666666666667,28.2418,1.9390333333333334,342.90610000000004,41.38663333333333,16.624100000000002,0.04159798007030461,0.10935681793105985,0.20613752204086763,0.051184224831177565,0.004600000000000001,2.2707015165024016,0.004600000000000001,0.10196792524760667,0.11976626375434436,0.021935193679258096,0.0
1685554050,2.4005422655468243,6.719741770720336,99.88706993494183,6.1285198659838604,0.8075451922198619,18.712481542699315,6.370204749927799,0.448107584711932,10.69981796292705,10.064801377395172,0.5793095250092571,0.9417325604505372,102371328.0,55263232.0,16977920.0,39026688.0,42426368.0,26820608.0,122515456.0,38621184.0,9908224.0,49897472.0,3084288.0,9515008.0,53.207,41.55,6.2219999999999995,145.82100000000003,5.9879999999999995,15.164000000000001,0.0,314.5455,17.9645,4.2305,0.079475,0.17117059623321068,0.38970588235294124,0.09656797316374013,0.0046,4.202516233766234,0.0046,0.1972641250611042,0.21453846153846148,0.041172111261028016,0.0
