time,adservice_cpu,cartservice_cpu,checkoutservice_cpu,currencyservice_cpu,emailservice_cpu,frontend_cpu,main_cpu,paymentservice_cpu,productcatalogservice_cpu,recommendationservice_cpu,redis_cpu,shippingservice_cpu,adservice_mem,cartservice_mem,checkoutservice_mem,currencyservice_mem,emailservice_mem,frontend_mem,main_mem,paymentservice_mem,productcatalogservice_mem,recommendationservice_mem,redis_mem,shippingservice_mem,adservice_load,cartservice_load,checkoutservice_load,currencyservice_load,emailservice_load,frontend_load,paymentservice_load,productcatalogservice_load,recommendationservice_load,shippingservice_load,adservice_latency,cartservice_latency,checkoutservice_latency,currencyservice_latency,emailservice_latency,frontend_latency,paymentservice_latency,productcatalogservice_latency,recommendationservice_latency,shippingservice_latency,frontend_error
1685292780,2.505703082823168,6.90322161337599,1.169339880212333,19.53141151557014,0.85427539956723,17.80312392894438,16.571497555836306,1.8971429879154713,11.130774888355637,12.98742635651899,0.28508410319963345,0.9240915196747043,102662144.0,57415406.93333333,12226286.933333334,38959240.53333333,42904234.666666664,26636288.0,159436800.0,36760098.13333333,9696870.4,51433472.0,3099033.6,9674342.4,40.2,60.93533333333333,1.1333333333333333,218.06706666666665,1.2666666666666666,38.6582,1.3333333333333333,386.60836666666665,50.86666666666667,19.002,0.08278822256945059,0.1607771567729764,0.49325483348180715,0.20367185936110857,0.004600000000000001,4.093446247294678,0.03871411227661227,0.1978507182996228,0.2222984478425369,0.04520632668710388,0.0
1685292810,2.3214240536440913,6.085503608950095,1.0317084095936322,22.77015739377373,0.8285485289661337,17.601114872145512,18.227614205400762,2.3792302655108446,11.18255171705446,12.850810675636149,0.2877494671642848,0.9104372811735338,102695867.73333333,57358062.93333333,12209902.933333334,38947089.06666667,42903278.93333333,26495522.133333333,159436800.0,36994252.8,9807735.466666667,51433472.0,3139993.6,9587234.133333333,34.743399999999994,71.5443,3.2666666666666666,191.88836666666666,3.466666666666667,33.46666666666667,3.1337333333333333,381.0,49.266666666666666,18.9979,0.08346955883756225,0.20496075870265348,0.5860509057819427,0.20055025298875304,0.004600000000000001,3.9393072876325532,0.036821824009324,0.19786499013003175,0.22466197903376442,0.04511924409243132,0.0
1685292840,2.943350335251728,6.065346983160326,1.211348040461157,19.458667765954264,0.871145339735475,18.132139093959662,18.44907615496883,1.685448100170873,10.681751000761938,12.530323135916312,0.2719607847245999,0.9582638193690082,102715392.0,57339630.93333333,12385757.866666667,39479432.53333333,42903142.4,26236791.466666665,159436800.0,37096652.8,9809237.333333334,51433472.0,3082103.466666667,9761587.2,40.59323333333334,62.06666666666667,2.533333333333333,201.46666666666667,2.466666666666667,35.99786666666667,2.2666666666666666,346.2,47.333333333333336,19.333333333333332,0.0854235460222336,0.22410869127162858,0.6480630711880713,0.19589133884584362,0.004600000000000001,3.878092712301574,0.038968101343101344,0.19884269577020472,0.226490061493937,0.050995992295573375,0.0
1685292870,2.6733909654829984,7.062392822735351,1.2348555017204441,17.558946832380265,0.8694434003175018,17.527805854376084,19.501130793214895,1.5125549158862905,11.279675364588545,13.495793109384326,0.2894570784034391,0.9684529835486021,102702967.46666667,57409126.4,12087842.133333333,39445026.13333333,42902323.2,26089335.466666665,159436800.0,36894310.4,9696051.2,51433472.0,3093026.1333333333,9629149.866666667,40.733333333333334,66.06666666666666,2.533333333333333,191.06666666666666,2.8666666666666667,36.125366666666665,2.8666666666666667,371.47846666666663,46.4,22.133333333333333,0.088039221626451,0.16528959916257477,0.6778199300699302,0.19438045392492556,0.004600000000000001,3.7240236311109935,0.04085746305100989,0.1970339609333659,0.22608862585201908,0.05180385913683103,0.0
1685292900,3.1655797570575763,7.276987272817916,1.1574604206751904,19.052826259652946,0.8798331632321585,18.707279691883063,19.072056264122846,2.154814928731201,11.323906364455734,13.165782983942819,0.2990034795084956,0.938227380072244,102675524.26666667,58191325.86666667,12354901.333333334,39408162.13333333,42904917.333333336,26501120.0,159436800.0,37106756.266666666,9768140.8,51433472.0,3020663.466666667,9714892.8,41.40206666666666,65.25686666666667,2.2661333333333333,213.83553333333333,2.1986666666666665,32.5904,2.0661333333333336,365.14683333333335,50.266666666666666,18.4664,0.08761829942772571,0.13114780716547786,0.5881663073768338,0.1971333765462492,0.004600000000000001,4.019687584017025,0.039475786842514786,0.19912477061898035,0.22820426613344363,0.046147001882832966,0.0
1685292930,3.177513471633339,7.358929219354016,1.2538854444334253,16.683904732247292,0.8885295986064043,17.779058674934433,17.48536611128217,1.3258396709940141,12.103461241428063,12.741607225614915,0.2945906891174982,1.030077276336191,102716620.8,59004245.333333336,12562432.0,39517661.86666667,42902186.666666664,26205661.866666667,159436800.0,37278242.13333333,9783705.6,51433472.0,3112550.4,9753941.333333334,56.0,97.4599,4.066666666666666,298.1686,4.1996,49.45753333333334,4.466666666666667,537.0153666666666,72.33333333333333,30.6,0.07799980730142182,0.11110154234248072,0.5040955589114191,0.18631642669024745,0.004600000000000001,3.7738121477499087,0.03496650326797386,0.19157400080724976,0.22080957896998868,0.04375065809723233,0.0
1685292960,2.0146976973110027,5.747418516230519,1.4249228729835834,10.600925573860023,0.9610789524009178,18.033942334536516,11.555808806013223,0.9142807745102064,10.362978888132206,8.848448447041177,0.47828721587142903,1.2674127556979358,102715392.0,58908262.4,12235434.666666666,41072366.93333333,42903415.46666667,23902890.666666668,159436800.0,37369446.4,9949730.133333333,51433472.0,3037184.0,9488520.533333333,64.53333333333333,105.33333333333333,3.8666666666666667,321.22623333333337,3.866,54.266666666666666,3.7333333333333334,596.7779666666667,78.24463333333333,28.7976,0.04186266321240429,0.09006319059249503,0.3375386002886003,0.0999383671224278,0.004600000000000001,2.1844359603280354,0.017068254662004664,0.10786534305505434,0.1521065771637325,0.025596253960862635,0.0
1685292990,1.6171064270574527,5.483546866859059,1.5584760796018835,8.154048043657946,0.9383074788742718,18.545967885091677,7.6305450890273265,0.3985739717885689,9.928093376576408,6.601825640896917,0.5473670910602061,1.2964460316647564,102634291.2,58927513.6,12207035.733333332,41101721.6,42903415.46666667,24105096.533333335,159436800.0,37287662.93333333,9611673.6,51433472.0,3068313.6,9457800.533333333,58.4611,98.57736666666666,3.731466666666667,298.8429,3.731466666666667,49.4,3.5322666666666667,558.8650666666667,73.33333333333333,28.461266666666667,0.005806181060287743,0.013649604793314344,0.05985088522588522,0.007271577001516417,0.004600000000000001,0.36765633837517964,0.00461651376146789,0.007902469792453974,0.014909082077557452,0.00503119761376319,0.0
1685293020,1.9146036783870948,6.298217181177938,1.4459998539807308,9.58830583733299,0.8891792581776087,18.956111767024673,8.756925163900311,0.5934310194925393,10.06674408810074,7.558177353463808,0.5145572209324586,1.312806872939189,102584046.93333334,58947993.6,12331144.533333333,39617058.13333333,42902459.733333334,25570781.866666667,159436800.0,37079722.666666664,9841868.8,51433472.0,3097804.8,9489612.8,44.333333333333336,65.33333333333333,1.6666666666666667,221.86666666666667,1.8666666666666667,37.2,2.0,408.73629999999997,59.06963333333333,20.33216666666667,0.018928201886742876,0.049152741665361176,0.19625204999600168,0.037552320333747224,0.004600000000000001,0.9649533888083036,0.008682015718908928,0.03687386155341323,0.07051070512791467,0.011650365272940798,0.0
1685293050,2.842558725349995,5.972063109646054,1.1368960739184117,14.34590253749525,0.8660437931014113,17.627701836509164,16.784199372005094,1.304921493101096,12.126183569350548,11.80364884562845,0.35005916286576205,1.0124282271813563,102753075.2,58884915.2,12159112.533333333,39987882.666666664,42901504.0,26331545.6,159440759.46666667,37672277.333333336,9973213.866666667,51433472.0,3025578.6666666665,9552691.2,39.70356666666667,67.93603333333333,1.9349333333333334,199.75,2.066666666666667,32.666666666666664,2.066666666666667,377.76613333333336,46.804833333333335,15.601066666666666,0.05423761402611547,0.18248999425450402,0.4908849524658348,0.15532474892545695,0.004600000000000001,3.234054534474519,0.02313089947089947,0.15050354666877463,0.21108047867244323,0.040359674866262865,0.0
1685293080,3.2703479016482224,6.23021943553949,1.103259000377224,19.630221928180834,0.8701215447774157,17.400115360148696,17.95817107943829,1.6372314751377661,13.08356791651961,13.341133134207428,0.28530109552139976,0.8962928890718451,102751163.73333333,58952499.2,12224102.4,39126493.86666667,42906282.666666664,26098073.6,159440896.0,37186491.733333334,9807735.466666667,51433472.0,3118557.8666666667,9658914.133333333,41.39626666666666,71.4,2.3333333333333335,226.26666666666668,2.3333333333333335,37.4,2.3333333333333335,399.1333333333333,55.4,21.131466666666665,0.07934206026963968,0.19986422484093813,0.6416710758377426,0.20638020891281386,0.004600000000000001,3.9525851484159173,0.04434890803640804,0.19680379838999296,0.22826584676927772,0.04634533448359553,0.0
1685293110,2.6628799785167567,6.954619444548317,1.097037721617911,18.948714490806175,0.8576976251622789,18.451489996605275,17.781956627759765,1.5651529573401826,13.434646384694759,14.094949000885604,0.29857906305269455,0.9562776517542417,102600704.0,59169996.8,12453478.4,38962926.93333333,42903688.53333333,26422340.266666666,159440896.0,37603737.6,9975534.933333334,51433472.0,3065173.3333333335,9618636.8,37.4707,66.08983333333333,2.933333333333333,193.99406666666667,2.8002666666666665,32.333333333333336,2.6,370.64343333333335,45.46553333333333,21.138966666666665,0.08765552106826388,0.1683078157699855,0.5811327808901338,0.20540582595521553,0.004600000000000001,3.822195216829614,0.048696486928104576,0.19721315371686857,0.2237588748577779,0.044765683707825105,0.0
1685293140,2.912293102966288,6.9642625103858355,1.2086809408937667,17.81390009859397,0.888865717205525,17.804555865275447,18.235553643340236,1.5817690991198075,13.470369007740187,13.95735743410631,0.2925111726141774,0.967682850332821,102616678.4,59001514.666666664,12398182.4,39124309.333333336,42902323.2,26321578.666666668,159440896.0,37638417.06666667,9600477.866666667,51433472.0,3073638.4,9644168.533333333,37.5939,69.127,2.2670666666666666,194.116,2.4670666666666667,36.74466666666667,2.9337333333333335,401.9520333333333,52.72936666666667,22.601766666666666,0.08779478836413818,0.17329478795438547,0.517788418244106,0.2032764325366128,0.004600000000000001,3.9243506201388096,0.042512663398692814,0.19991670454851823,0.22620967927736635,0.04581594844094709,0.0
1685293170,3.2177137019406437,7.541745645333932,1.4089656151629752,17.996833702364746,0.8747733013574648,18.423661073845604,18.78629816737822,1.6064357943643286,11.918486917148726,13.28547026032913,0.2905404282351257,1.0123776632989894,102757853.86666666,59017489.06666667,12342886.4,38672793.6,42902459.733333334,26693495.466666665,159445538.13333333,37532603.733333334,9653043.2,51433472.0,3020936.533333333,9868902.4,34.6,55.11836666666667,3.3312000000000004,180.40293333333332,3.6645333333333334,33.53333333333333,3.597466666666667,369.92906666666664,47.864000000000004,20.729133333333333,0.0874263906537713,0.18175320466167827,0.5815545843045843,0.21056487758121326,0.004600000000000001,4.236889983846463,0.037483552631578945,0.20859519807804774,0.23569393148456383,0.046400189951399856,0.0
1685293200,3.599705657211891,7.178861524554006,1.1876620749424196,17.378162797041163,0.8768162198788415,18.143961118938645,18.646778153432237,1.3574308095573475,11.240041412317352,13.532524302170279,0.27151631928028663,0.9456191373787639,102756352.0,58928742.4,12292505.6,38663782.4,42903825.06666667,26082781.866666667,159449088.0,37650841.6,9713800.533333333,51433472.0,3025578.6666666665,9644168.533333333,39.266666666666666,55.664300000000004,1.8669333333333333,203.50853333333333,1.9336,35.709399999999995,2.0002666666666666,384.96543333333335,46.333333333333336,18.464433333333332,0.09098624654613122,0.2147370522354913,0.6806709303768128,0.21214425379438098,0.004600000000000001,4.356621721954124,0.03606330777925206,0.21302106553069686,0.26434677632543935,0.04791109400384008,0.0
1685293230,3.6787498895556356,5.903532994677066,1.171954547975432,17.229120848496898,0.8598956098543499,17.95842724409743,17.443614680723332,1.164857475332566,11.37045420738787,12.26616910902018,0.29223432041886377,0.9549774763885022,102718122.66666667,58990592.0,12513962.666666666,39401062.4,42903005.86666667,25142886.4,159449088.0,37586124.8,9688678.4,51434837.333333336,3158016.0,9648128.0,52.94473333333334,86.73333333333333,3.066666666666667,275.46666666666664,3.1981333333333333,48.4,3.2666666666666666,505.4,60.86666666666667,26.004033333333332,0.08804760700590382,0.2217438642501964,0.5712997723328184,0.20249088139020152,0.004600000000000001,4.279549099369998,0.0373546361046361,0.2061110366906373,0.24369302813772603,0.05355131397759557,0.0
1685293260,2.5246075524545617,5.291065956628783,1.3790490806456561,12.281608821876171,0.8617299471268964,17.86034644903567,11.436363855079659,0.6789694892135746,10.004402569281295,8.664332628290955,0.44095835377200127,1.2296887780618275,102613401.6,58880546.13333333,12312029.866666667,39258931.2,42901777.06666667,24414208.0,159449088.0,37603191.46666667,9930342.4,51433881.6,3075822.933333333,9523063.466666667,58.251999999999995,95.61703333333334,3.8635,321.2416666666667,4.266266666666667,51.99336666666667,3.9996,593.9453,81.5825,33.326100000000004,0.05323447700373596,0.1501451962973919,0.3943602956139722,0.13031644001440543,0.004600000000000001,3.152106906183813,0.02212951770451772,0.1324156233992422,0.16159163805115204,0.03212715192359369,0.0
1685293290,1.5783363554774743,5.297514180773164,1.6028327025714713,8.327498917025796,0.956798286887199,17.718324796056166,7.784991073383776,0.4227714725620308,9.512359312575558,6.280055434796044,0.5149269126083779,1.38201052674182,102663236.26666667,58922325.333333336,12323362.133333333,38622003.2,42903552.0,23873126.4,159449088.0,37706820.266666666,9613312.0,51433472.0,3155012.2666666666,9719808.0,58.682633333333335,99.34783333333333,3.8677333333333332,328.36449999999996,3.6,52.53333333333333,3.6,550.8150666666667,72.2785,28.869633333333333,0.005527040572200992,0.031311026805560215,0.07971452516680239,0.007955957427923521,0.004600000000000001,0.4307666636426142,0.004732362691305558,0.008538746980313153,0.01639156660774237,0.004823608880576618,0.0
1685293320,1.964116322519214,6.098724959816167,1.357710143891715,10.090587035827818,0.8915738722518802,18.669336973637023,8.823850887400486,0.5525300582414555,10.027796610283211,7.028813572767865,0.49648586865175115,1.2632580734212437,102671701.33333333,58910720.0,12143411.2,39271219.2,42903278.93333333,25036800.0,159452091.73333332,37984119.46666667,9543270.4,51433472.0,3135214.933333333,9774830.933333334,41.39443333333334,76.0664,2.7997333333333336,222.86533333333333,2.333066666666667,35.962266666666665,2.0664,394.72900000000004,53.242533333333334,19.861933333333333,0.018720188670363402,0.04778370781481324,0.15144020909359374,0.038725773822084676,0.004600000000000001,0.9924883274444868,0.007511799593250151,0.03446803904048861,0.06487849909671282,0.009329830661463609,0.0
1685293350,2.699825677528378,5.9174125796686825,1.1180227068023678,17.002479961811968,0.8474379646729999,18.01777301587644,16.655319851566485,1.478940545166051,10.79273859076579,11.76212336631258,0.32925219667617855,1.0424564106372827,102764544.0,58867712.0,12166621.866666667,38898756.266666666,42942054.4,26813235.2,159457280.0,37937834.666666664,9877640.533333333,51732343.46666667,3043328.0,9555968.0,41.00429999999999,60.95346666666667,1.7341333333333333,200.3122666666667,1.8674666666666666,35.9368,1.9341333333333333,373.3036,47.2,20.6016,0.0653799828027743,0.12909762603593397,0.4269093946057955,0.16355288783126584,0.004600000000000001,3.461351138016006,0.022871567982456143,0.16205129019441752,0.22475906138362456,0.039930342605437714,0.0
1685293380,2.62307147728688,4.704437934140822,1.1046363382347586,19.486575667297775,0.8342356724583444,18.552011701482247,18.200642963722615,1.8032568488637477,11.721058168339061,12.17551587277735,0.27323820391477,0.9205844993591021,102897254.4,58929152.0,12374016.0,38901760.0,42903961.6,27112243.2,159459601.06666666,38405461.333333336,9900032.0,51433472.0,3079372.8,9521425.066666666,37.53803333333334,67.13226666666667,2.7325333333333335,215.2526,2.8666666666666667,31.469333333333335,3.3333333333333335,386.7248,50.6545,21.265866666666668,0.09397497774815365,0.24006710266447662,0.4893959497542281,0.20488649083411878,0.004600000000000001,4.315702366172071,0.0370300925925926,0.21147296079911518,0.3005939475759575,0.04769125508431303,0.0
1685293410,3.211812602152536,4.5224575434761025,1.1149947503230726,19.226082570801324,0.8150296528315953,18.32556421244052,17.194547920094116,1.4348427761828513,11.392430720631715,12.517862469397329,0.2685284676111534,0.9259283239381233,103058090.66666667,58940211.2,12285952.0,38742971.733333334,42903142.4,27286050.133333333,159670272.0,38306474.666666664,9933892.266666668,51433472.0,3028855.466666667,9445376.0,38.46666666666667,58.53333333333333,1.3333333333333333,199.66666666666666,1.4,32.4798,1.1333333333333333,335.1967333333333,49.6,14.9344,0.09282202534824856,0.3005189374795262,0.7363329124579124,0.21763012004452864,0.004600000000000001,4.513110762141256,0.04728441697191697,0.2168305430011632,0.263919065674412,0.05192701725641171,0.0
1685293440,3.6446151683433308,5.470185881770454,1.0396310426091355,20.879814821278853,0.84820994993706,17.16734855242556,18.434815497337798,1.6437401299902352,11.388708868157774,13.117349306626927,0.26162499514286064,0.873445022088957,102887697.06666666,58925056.0,12137130.666666666,38942173.86666667,42902732.8,26906624.0,159670272.0,38340608.0,9951641.6,51433472.0,3024622.933333333,9486336.0,39.93333333333333,61.20093333333333,2.6670666666666665,199.8004,2.6670666666666665,34.333333333333336,2.2670666666666666,369.9243333333333,54.991,17.400399999999998,0.08966746431587326,0.3479549737860743,0.9078303167420815,0.2201855866514485,0.004600000000000001,4.417217520136839,0.06335185185185185,0.21423925681759878,0.24860117858742234,0.06149656442058034,0.0
1685293470,4.021578490900758,5.119860332339056,1.0075793591903415,21.825628023848605,0.8350966044801201,17.737781956847144,18.0045132545968,1.6525352395254735,11.944140747537665,12.93430323566995,0.26716118254168036,0.8828899648528179,102848648.53333333,58834944.0,12376200.533333333,38949819.733333334,42904098.13333333,26722986.666666668,159670272.0,38181683.2,9954372.266666668,51451904.0,3028309.3333333335,9673932.8,35.266666666666666,64.33333333333333,2.6,186.8,2.6,34.0,2.8666666666666667,354.6,47.8,21.666666666666668,0.09344775789875288,0.3262348796134066,0.8767476636853573,0.21409353949266582,0.004600000000000001,4.277204111732658,0.052401620370370376,0.21133449036170923,0.24686435393212214,0.05766533308472569,0.0
1685293500,2.962377471296072,4.858909682219929,1.1461498175983436,19.580857632684513,0.9096512294086835,18.114267301033202,18.40808805463649,1.725788167595532,10.765471566212202,12.334884757948311,0.2594206809982921,0.9929774699896591,102757171.2,58893107.2,12416887.466666667,38815061.333333336,42905600.0,26701004.8,159670272.0,38171443.2,9535488.0,51440435.2,3075140.2666666666,9574809.6,36.6,74.73333333333333,3.533333333333333,201.13333333333333,3.6,37.6,3.6,390.21326666666664,50.68653333333334,23.2,0.08930653287555747,0.24810695475413258,0.8567496656894876,0.20710227708907164,0.004600000000000001,4.336502661193021,0.0414549062049062,0.2096488612101372,0.24287299211640886,0.047953985342482915,0.0
1685293530,2.9468227018158357,5.982436950201547,1.3427083559237165,18.861599490777962,0.9209094254402469,17.18878635934427,18.49293358618614,1.4196211999984452,11.187532199099595,12.096017983080708,0.29137456270665546,0.9763653414923283,102793898.66666667,58895018.666666664,12332509.866666667,39247462.4,42902459.733333334,26619084.8,159677098.66666666,38679347.2,9669563.733333332,51433472.0,3099852.8,9534259.2,52.8719,95.2491,4.6651,289.3583,4.4651000000000005,49.46666666666667,4.398433333333333,528.1286,69.53333333333333,28.86753333333333,0.08279660272572013,0.23579068121702484,0.7919407814407814,0.18676493256414414,0.004600000000000001,3.9937599978555145,0.0340194917929293,0.1996615560463108,0.23428075288462805,0.042942238715676116,0.0
1685293560,2.343448257409791,5.969623494626201,1.5847637588469399,12.548536941216343,0.9442751418846201,18.441394146070728,11.76029016434034,0.6640393291281831,10.816868865807775,8.50152419165134,0.47767986737237716,1.287514077176395,102797312.0,58938982.4,12154197.333333334,41124522.666666664,42915293.86666667,24118749.866666667,159678464.0,38863121.06666667,9862894.933333334,51435656.53333333,3080192.0,9641301.333333334,62.07176666666667,101.08193333333334,3.734,321.22263333333336,3.8004000000000002,51.86666666666667,3.9337333333333335,567.7689333333333,75.0067,29.069066666666668,0.050239798514883804,0.12082086627945293,0.43381445406445407,0.09923677818405591,0.004600000000000001,2.4836929046821017,0.0181761450652755,0.12426211232601517,0.17386947424042784,0.024568116822483346,0.0
1685293590,1.6563052580806972,6.166691211481017,1.593582502364004,8.412229074487076,0.9537729618346293,19.047044076255677,7.867499755562137,0.43619290889541606,10.347534795939834,6.5601490293174685,0.5559726798205723,1.332679255762043,102657911.46666667,58966425.6,12256460.8,40323891.2,42913518.93333333,24212275.2,159678464.0,38955827.2,9809237.333333334,51433472.0,3033907.2,9542860.8,54.266666666666666,96.93333333333334,3.2,300.93333333333334,3.1333333333333333,51.4414,3.2666666666666666,557.3045333333333,72.0,31.333333333333332,0.0047155619001590455,0.007988306945304596,0.050070654646726644,0.0061843646553346125,0.004600000000000001,0.3124952123958883,0.004635052100840336,0.006522267059940482,0.010966166128924591,0.004711649270597488,0.0
1685293620,1.7126050201878265,5.865904815821819,1.4588368935188056,9.475628432617867,0.8846161348848146,17.94358761226117,9.299730476314314,0.5587388859143976,10.303120928086532,7.450850824908623,0.5208339861735456,1.3448679105376928,102519603.2,58920823.46666667,12237209.6,39961395.2,42904780.8,25884262.4,159686929.06666666,38687539.2,9872725.333333334,51433472.0,3210990.933333333,9503539.2,44.59723333333333,61.93333333333333,2.6666666666666665,217.53333333333333,2.3333333333333335,35.666666666666664,2.4,393.73333333333335,54.6,19.533333333333335,0.017062363187684816,0.049218513547382284,0.17151644968062912,0.03576635595002756,0.004600000000000001,1.041867236966592,0.009309264184397167,0.03552251459217573,0.06612931587984988,0.008746074507982341,0.0
1685293650,2.646411933401806,6.58721188271855,1.2422413196928743,15.210409095949684,0.9124677204305264,18.478277603690874,16.092002564031112,1.0974327647287294,11.977482115462859,11.62292956432694,0.36616016352785885,1.0486846218047652,102719351.46666667,58919048.53333333,12213179.733333332,39666073.6,42901504.0,26000861.866666667,159703040.0,39098231.46666667,9799680.0,51433472.0,3169894.4,9711069.866666667,45.666666666666664,68.0,3.2666666666666666,212.6,3.2666666666666666,37.666666666666664,3.3333333333333335,406.2,54.666666666666664,22.266666666666666,0.0681692914503247,0.15352529211987076,0.5544740571928074,0.1469675614001436,0.004600000000000001,3.0248459471417224,0.03483261060834591,0.1568875353646026,0.2125732306066599,0.03498738252348569,0.0
1685293680,2.676816814347481,6.349725374743653,1.2227204559172917,17.659407939176724,0.8672552953110084,17.47285327646816,18.58420480512359,1.5590025233703433,11.53831394332271,12.62715488196278,0.2858996013770046,0.9805131458595437,102899712.0,59115520.0,12151466.666666666,39365563.733333334,44199116.8,26392302.933333334,159703040.0,39145472.0,9866171.733333332,51433472.0,3032541.8666666667,9672977.066666666,39.46666666666667,62.06666666666667,3.3333333333333335,210.0,3.1333333333333333,34.1327,2.7333333333333334,369.87413333333336,53.13333333333333,19.6,0.0859113364531407,0.21804724172799128,0.773609535480859,0.2043923605545297,0.004600000000000001,3.9015671219015235,0.04203216911764706,0.20313122049009152,0.23559024388838848,0.048329996698509396,0.0
1685293710,2.604495360893066,5.335922144712993,1.1308580567872433,19.29498576655366,0.858167817731772,17.920317868798787,17.523813156492825,1.6320652365780908,11.357573408766246,13.214702406070158,0.27694313944133037,0.9646637936522802,102948044.8,58834534.4,12430950.4,39441612.8,42901504.0,26628369.066666666,159703040.0,39307946.666666664,9708612.266666668,51433472.0,3088520.533333333,9628330.666666666,40.86666666666667,70.93333333333334,2.2,199.66666666666666,2.466666666666667,36.13333333333333,2.6013333333333333,398.46666666666664,50.93333333333333,20.394466666666666,0.08458833292649773,0.2335336908529146,0.7671976911976912,0.21369029384331292,0.004600000000000001,4.153367363115454,0.04251365546218488,0.20469912917235134,0.2340180688245646,0.04788960485763359,0.0
1685293740,2.9719256515646943,5.784562255989624,1.0190011514573865,17.298318708128065,0.8747124370754685,18.12109823531968,16.87709411744444,1.7348058319606845,12.486236799875819,14.50239581256843,0.2813661189709368,0.904415931989617,102929476.26666667,58891741.86666667,12634385.066666666,39705804.8,42903688.53333333,26318984.533333335,159703040.0,39216469.333333336,9736465.066666666,51433472.0,3147912.533333333,9608260.266666668,42.670433333333335,69.58226666666665,2.0,203.68686666666665,2.066666666666667,33.4269,1.8666666666666667,375.80536666666666,54.129933333333334,18.4987,0.08297301543775468,0.2299517171737037,0.6473838383838384,0.2029251026003352,0.004600000000000001,3.9899478222940963,0.0395875496031746,0.19665544960030676,0.23141898953761028,0.04683184894137958,0.0
1685293770,3.061104647365331,5.5585575394172,1.0659667719657848,17.804836361053162,0.847414077696446,18.068135432659254,16.297882468354388,1.9011161079937628,12.053824574321206,14.133377523960213,0.2788850967224095,0.8993596907589236,102756352.0,58858154.666666664,12508364.8,40003584.0,42901640.53333333,26552456.533333335,159703586.13333333,39461683.2,10629939.2,51433472.0,3108454.4,9729365.333333334,39.73123333333333,64.86533333333334,3.2,186.6,3.6666666666666665,34.666666666666664,3.7333333333333334,376.6444333333333,46.179899999999996,25.066666666666666,0.08323282340215285,0.4100992687891765,1.0812752525252525,0.18852640164560838,0.004600000000000001,3.78152734357869,0.036773268398268395,0.19986874612566444,0.25213265901402454,0.047471113309716456,0.0
1685293800,2.6633205868336303,5.763209925432565,1.1774412106151826,18.838947523820767,0.8751483145900001,17.91493220134802,17.963877020931374,1.406014822023099,12.20839831928921,13.890691931010767,0.27409404168768153,0.9398958992828049,102770278.4,58857062.4,12207445.333333334,39921527.46666667,42901504.0,26049740.8,159711232.0,39787588.266666666,9795447.466666667,51433472.0,3021073.066666667,9912593.066666666,39.7913,68.60576666666665,3.667466666666667,223.54889999999997,3.6668000000000003,34.37103333333334,4.0004,403.61466666666666,50.6,20.86616666666667,0.0822257321052249,0.3490554837319548,1.132424242424243,0.1934874152654632,0.004600000000000001,4.06450023549202,0.03877513227513228,0.21078805394245748,0.26156539636674525,0.0466012808963634,0.0
1685293830,3.1358611888929864,6.529477805232456,1.3133332472443147,17.681656546270336,0.9116977988138086,18.147692696297366,17.177573933529246,1.3634814591996045,12.06520142094235,13.40605851696187,0.30334320254541663,1.0545968312771035,102993646.93333334,59387084.8,12315579.733333332,38989277.86666667,42903415.46666667,25182754.133333333,159711232.0,39853397.333333336,9988096.0,51433472.0,3019025.066666667,9683217.066666666,51.26426666666667,83.52933333333334,3.933333333333333,276.3206,3.7333333333333334,46.13333333333333,3.8,515.5803333333333,75.13013333333333,27.198666666666668,0.0785446972852428,0.20132464142637874,0.6231842725274225,0.1877465781642466,0.004600000000000001,3.7419418889434795,0.035512265512265516,0.19680970802584064,0.23824649499366324,0.04510360200847623,0.0
1685293860,2.2627372654791316,6.019359696540669,1.3685511666822643,11.47892524628175,0.9296087049278186,18.806697066739478,10.647374809251382,0.8730765481518483,10.8679231489748,9.307534599206992,0.46739840012463796,1.2856437833575645,103018496.0,59383534.93333333,12310118.4,40536746.666666664,42901504.0,24050210.133333333,159711232.0,39710720.0,9937715.2,51433472.0,3020253.8666666667,9597747.2,58.5334,104.725,3.6646666666666667,306.83723333333336,4.1328,54.780833333333334,4.2,588.2644333333334,78.19166666666666,31.92523333333333,0.04566733492722377,0.10242287425772362,0.3912218527086948,0.09899491575936516,0.004600000000000001,2.211504982965585,0.021631419457735255,0.10646990965250952,0.1776823175677999,0.031190632252848956,0.0
1685293890,1.7252830520469733,6.241880834909318,1.5194229423420174,8.214949137211716,0.9215208291776315,19.19044919706041,7.779843325877599,0.4161431033463337,10.600872012312216,6.753842803962452,0.5777223850779564,1.4214642279093788,102683579.73333333,58935159.46666667,12365277.866666667,39827182.93333333,42901504.0,23984401.066666666,159711232.0,39590570.666666664,9857706.666666666,51433472.0,3081966.933333333,9765956.266666668,60.5326,105.85833333333333,4.4,335.3852,4.5357666666666665,53.06666666666667,4.533333333333333,591.0,80.06666666666666,33.4831,0.004685015997560992,0.00652211804172599,0.06806947964606959,0.0053918453090403586,0.004600000000000001,0.3003795731491838,0.00470562223125893,0.005282591931656946,0.011998932647387292,0.0046834778808411,0.0
1685293920,2.217123806385238,5.612811853266128,1.5987323622665561,9.697668702257914,0.9375348634295452,18.87938459324421,9.54641561172874,0.7257546981025038,10.058756198057605,8.22701340697799,0.5281126648142447,1.358879676945893,102420753.06666666,58932428.8,12239121.066666666,39745809.06666667,42901504.0,24847701.333333332,159716966.4,39996211.2,9795993.6,51433472.0,3069132.8,9662054.4,38.4,66.07686666666667,2.8666666666666667,218.1899,2.6,32.13333333333333,2.5996,385.12406666666664,55.325399999999995,19.532533333333333,0.01742940200620403,0.043701685842022074,0.18179003650118813,0.04116680173875915,0.004600000000000001,0.9521937360971855,0.006968741496598636,0.03628106612417752,0.06301138351191936,0.009098715069028856,0.0
1685293950,2.7986721361786584,6.177240119346416,1.1901674465143768,16.77204467370769,0.8575481977173897,18.309556691488737,15.862541026808355,1.323820186913538,10.960249341031925,12.48195437446438,0.3360690756123769,1.0686646075947486,102535031.46666667,58900616.53333333,12275029.333333334,38834995.2,42903552.0,26624136.533333335,159719424.0,39863091.2,9543270.4,51433472.0,3110638.933333333,9742062.933333334,39.87826666666667,61.34603333333334,2.5332,212.18326666666664,2.2668000000000004,37.27526666666667,2.1337333333333333,375.0387,49.43613333333334,20.000533333333333,0.06686005342424761,0.19220052770669166,0.45742741105234036,0.17473052728180644,0.004600000000000001,3.3377376330390383,0.03397298534798535,0.16628113182893475,0.20823239046234893,0.03359568175818,0.0
1685293980,2.9740231730227666,5.625699298172842,1.039102552379198,19.281588493648584,0.8397442502033668,18.033941523285815,18.786239551954203,1.3162378615888757,11.361866590801265,13.479911918690997,0.2701347273317062,0.9087998035915533,102600704.0,58845866.666666664,12220962.133333333,39231488.0,42901640.53333333,26767633.066666666,159719424.0,40203878.4,9890474.666666666,51433472.0,3095347.2,9607850.666666666,42.9893,77.6566,2.332266666666667,209.43756666666667,2.1981333333333333,37.333333333333336,2.3333333333333335,394.09683333333334,51.193666666666665,20.9287,0.08737170473067025,0.26245581055794187,0.713381673881674,0.20376250519729056,0.004600000000000001,4.102807677548328,0.04366946522761152,0.20322103730459337,0.2326496491571525,0.044330773645385964,0.0
1685294010,2.8100356445892682,4.9234131324220645,1.0589888992015304,18.295411096320652,0.8649715445244142,17.244756506801018,18.75208095658634,1.4843310934850096,10.956607871652057,13.28886502216511,0.26930575279294644,0.8853912595464382,102653952.0,58849689.6,12282675.2,39102600.53333333,42903415.46666667,26886826.666666668,159719424.0,40252757.333333336,9602935.466666667,51658752.0,3111458.1333333333,9680486.4,35.86666666666667,70.46666666666667,2.8,208.53333333333333,2.7333333333333334,35.518633333333334,2.8666666666666667,404.31373333333335,51.46666666666667,22.333333333333332,0.08924278325919104,0.4543613845944163,0.8857657828282828,0.2001414542650325,0.004600000000000001,4.173635612236466,0.03744286616161616,0.1986587784370559,0.23908163369060592,0.04774840709425107,0.0
1685294040,2.8843407494765927,5.119400439760079,1.133544882470838,19.067162594408924,0.8614667458854953,17.985068592026007,17.781466905728752,1.8578302280668095,11.488347402238308,13.07609665813044,0.27217991583320256,0.931365321429971,102630058.66666667,58929561.6,12323225.6,39015219.2,42901504.0,26884778.666666668,159721062.4,40213981.86666667,9699737.6,51493546.666666664,3055342.933333333,9660006.4,40.13333333333333,68.26666666666667,1.4666666666666666,185.53333333333333,1.6666666666666667,35.666666666666664,1.7333333333333334,363.06666666666666,48.333333333333336,18.066666666666666,0.08708885191091502,0.39172370803373074,0.7857592592592595,0.20469271579799267,0.004600000000000001,4.238590852716749,0.04326732886136911,0.19761239184360552,0.23803164591574866,0.05185138205402713,0.0
1685294070,2.793828971602423,5.575692401226477,1.1283048665788349,17.417602870235353,0.8272518044844649,17.882829115989693,17.18642265295569,1.812647959817088,11.848272491830508,12.41561494344872,0.2835849046331874,0.9454093578958048,102551552.0,58940211.2,12209083.733333332,38835131.733333334,42905463.46666667,27068142.933333334,159729800.53333333,40269414.4,9699601.066666666,51433472.0,3099989.3333333335,9884467.2,39.2,69.46666666666667,1.4666666666666666,212.2,1.5333333333333334,34.8449,1.6,373.07483333333334,44.4,19.333333333333332,0.08348247615271664,0.17375372759257043,0.5496026220811359,0.20804670980138462,0.004600000000000001,4.240229439744359,0.04403300158447218,0.1960148289437968,0.22937126365453123,0.048451630528732165,0.0
1685294100,2.5737635703929973,6.095923373756087,1.0296297883996988,18.33106934073074,0.8768445234689703,18.82741652055473,17.554542759950444,1.8462805660732031,12.160036656692416,14.035119420624568,0.27704480931249265,0.9402807442453119,102526702.93333334,58845593.6,12309572.266666668,38802909.86666667,42907511.46666667,26849006.933333334,159734033.06666666,40453734.4,9867127.466666667,51433472.0,3068313.6,9804185.6,39.06666666666667,70.86666666666666,2.533333333333333,219.2,2.466666666666667,34.733333333333334,2.3333333333333335,385.8,48.333333333333336,20.466666666666665,0.08358923313135921,0.1901355920438568,0.5516461003241191,0.20660346265371535,0.004600000000000001,4.14192480231676,0.028907106782106784,0.19439069931265077,0.23206407090180853,0.04660847135920387,0.0
1685294130,2.56730701556786,6.423221479826901,1.1696242427275663,19.081522351314206,0.8483377180301213,17.96112962276643,17.081451204077243,1.6469907102726014,10.723285616486438,11.83394166715012,0.31076553227020565,1.0040598045468891,102500488.53333333,58850235.733333334,12375381.333333334,38943812.266666666,42903552.0,25906790.4,159739494.4,40269004.8,9761587.2,51433472.0,3156241.066666667,9597474.133333333,56.0,86.73440000000001,3.4005333333333336,274.2677333333333,3.5341333333333336,47.8,3.6005333333333334,503.94353333333333,65.80966666666667,28.134400000000003,0.07876947666319709,0.19929769437153502,0.7640146520146521,0.19271953866441877,0.004600000000000001,3.7800401209319165,0.02776191317873303,0.18015663473043686,0.22490398009985177,0.04507761242087794,0.0
1685294160,2.1175019737778156,5.763941913658149,1.4712147191382974,12.240360198648322,0.9409053234649114,18.813512493262692,11.105988535574104,0.5787099024481351,10.510047604237002,7.964950874546828,0.48130700031121504,1.2944887684651998,102494208.0,58886553.6,12253457.066666666,40151449.6,42901640.53333333,23982353.066666666,159739904.0,40673006.93333333,9883784.533333333,51433472.0,3078007.466666667,9535761.066666666,57.06666666666667,95.8,4.4,291.46666666666664,4.133333333333334,49.6,4.066666666666666,556.2666666666667,74.66666666666667,30.0,0.04360212518278594,0.1096632379420884,0.5434798368842487,0.10540217218232671,0.004600000000000001,2.400008188657794,0.02107349053724054,0.09796680735113009,0.1526159547569919,0.028523867459057498,0.0
1685294190,1.7123881104927698,5.8534919747788745,1.5260438516710704,8.092112717117582,0.9501928204434635,19.141037878925413,7.992950191099083,0.4386712356797071,10.324376786537142,6.481803296258813,0.5760728965417108,1.3396869120173962,102324497.06666666,58953181.86666667,12406237.866666667,40790698.666666664,42901777.06666667,24033553.066666666,159739904.0,40936379.733333334,10001885.866666667,51433472.0,3065719.466666667,9520742.4,61.06666666666667,102.4,3.4,313.06666666666666,3.6,52.13333333333333,3.8,592.6666666666666,77.2,30.133333333333333,0.005172119058917781,0.00983133162260989,0.09585893463382825,0.006288667948189616,0.004600000000000001,0.330823110793995,0.0046721260455164365,0.006425667885709389,0.012207277860621032,0.004893790985636828,0.0
1685294220,1.9045795483782015,6.5537916556060285,1.46442560808609,10.413562934682604,0.8966743250450736,18.440387518587407,8.63374690118472,0.7411211049933508,11.006817407549677,7.941600213996496,0.5220669352652684,1.3118862971093739,102285312.0,59045205.333333336,12234342.4,39772296.53333333,42905463.46666667,25791692.8,159745092.26666668,36152524.8,9891293.866666667,51433472.0,3126886.4,9763498.666666666,39.733333333333334,65.0,2.1333333333333333,205.2,1.8,34.9844,1.6,357.7178333333333,48.8,18.933333333333334,0.01789817604418804,0.039535259406045235,0.10904519654073902,0.03882169908001595,0.004600000000000001,0.9675925778571427,0.006775387426444834,0.03269421459962201,0.05756511857044029,0.010809063930663028,0.0
1685294250,2.556556215020007,6.699280623181621,1.0420008787849306,17.198759252944324,0.8717540609542719,18.81045805320112,15.618595639245468,1.173490224421905,12.424850063745309,12.354381921545377,0.3522546637336739,0.9549078864790239,102461849.6,58998784.0,12144640.0,39695428.266666666,42901504.0,26605977.6,159834794.66666666,35733913.6,9923925.333333334,51433472.0,3056571.7333333334,9708066.133333333,39.666666666666664,70.0,3.6666666666666665,211.86666666666667,3.466666666666667,38.46666666666667,3.1333333333333333,366.4,46.0,20.066666666666666,0.06519385879824001,0.14735547611371114,0.510674630924631,0.17592524226482809,0.004600000000000001,3.8126164720968307,0.027643174533799542,0.15723784893933967,0.2037060698421345,0.0398551319721552,0.0
1685294280,2.9654753772203435,7.632592241563006,1.2523879673565432,19.968928712138336,0.9078636799273936,17.86899439049658,19.297343251533473,1.5502324295722323,11.195479352653875,12.904525191798045,0.29670406777434155,0.96425204251242,102488337.06666666,59015304.53333333,12275848.533333333,39808477.86666667,42905053.86666667,25973555.2,159842304.0,36026641.06666667,9820842.666666666,51433472.0,3113096.533333333,9763362.133333333,40.266666666666666,65.0,3.2666666666666666,227.33333333333334,3.2666666666666666,36.6,3.1333333333333333,397.93333333333334,49.266666666666666,20.0,0.08503765441318206,0.19897986534736187,0.7208803418803419,0.20677402053605817,0.004600000000000001,4.122586935852505,0.04169781607281607,0.1987818725282197,0.22742048237004425,0.04671987144480857,0.0
1685294310,3.481841770251932,7.350575096082483,1.138472304951996,20.53373136514958,0.8200717819643782,18.048927042406905,17.280089966152005,1.9102184510223261,11.774444937511696,12.53242718157164,0.28525078755891314,0.8966156938330947,102535304.53333333,59017898.666666664,12240213.333333334,39162402.13333333,42903825.06666667,27656738.133333333,159882717.86666667,35838225.06666667,9870677.333333334,51433472.0,3022848.0,9548458.666666666,32.53333333333333,51.46666666666667,2.0,171.26666666666668,1.8,30.666666666666668,1.7333333333333334,351.8,49.93333333333333,16.266666666666666,0.08360512147579463,0.18467438006873266,0.7093677156177155,0.2088376985709404,0.004600000000000001,4.156375488563614,0.03997339466089466,0.20614840104823315,0.2361828177748787,0.04781724922736586,0.0
1685294340,2.8960690400919007,5.975493874501677,0.9609371225784156,18.73549551732722,0.8267068193580459,18.006969288725674,17.580950522162752,2.172004668135697,11.637207798528637,11.94145725386135,0.26426671127563905,0.8707041637717777,102656136.53333333,59052578.13333333,12324181.333333334,39022182.4,42901640.53333333,27460676.266666666,159993856.0,36125491.2,9822481.066666666,51433472.0,3022848.0,9603345.066666666,40.06666666666667,58.733333333333334,1.8,214.73333333333332,1.8666666666666667,36.666666666666664,1.7333333333333334,362.06666666666666,47.2,17.8,0.09155089636153431,0.19579454630492563,0.6929734848484849,0.22255899112590705,0.004600000000000001,4.635160807497912,0.04131349206349207,0.22300706908497855,0.24882996738573596,0.06166391929005699,0.0
1685294370,2.573919349258127,6.5138332005795965,1.0444535437812585,18.265418638252356,0.8215860924604732,17.98112277155874,17.663401640445176,1.7804322598207813,11.20941077579984,11.028725733282226,0.28181577406070396,0.8678580038420223,102700646.4,58942668.8,12351897.6,39235037.86666667,42903278.93333333,26907443.2,159956992.0,36268441.6,9677482.666666666,51433472.0,3120469.3333333335,9631334.4,40.13333333333333,67.66666666666667,2.066666666666667,208.46666666666667,2.066666666666667,36.266666666666666,1.8,360.555,49.42166666666667,18.266666666666666,0.09399734253478195,0.19437503186052382,0.647757215007215,0.21988367708207912,0.004600000000000001,4.55656006942393,0.04112713675213676,0.2198294347420053,0.23990388772419727,0.05801793053049723,0.0
1685294400,2.5045621398761244,6.549518764465208,1.0898440080097143,18.7405902481086,0.885494230087611,18.186155747757603,18.44817014651364,1.7578462674112536,11.850033551358026,12.553890821062756,0.2864087436733085,0.9661241725864353,102740923.73333333,58920413.86666667,12319402.666666666,39360921.6,42901504.0,26989772.8,159964637.86666667,36123170.13333333,9799270.4,52842496.0,3112140.8,9591739.733333332,38.8,65.66666666666667,3.4,208.86666666666667,3.466666666666667,33.666666666666664,3.533333333333333,395.0,47.6,22.333333333333332,0.08570672186115652,0.17604626423318123,0.5287191500256017,0.2051909276770525,0.004600000000000001,4.185667043890026,0.04012941919191919,0.20431876906459787,0.22774365166877336,0.04793780036692668,0.0
1685294430,3.2320230718417777,7.113362871233093,1.1251056044431622,18.324693537241142,0.8872197989273841,17.84509649571936,17.92339895689127,1.4490586168032766,10.463845198828556,13.627127705495262,0.3151819366647989,1.0080139440867377,102668697.6,58974208.0,12161024.0,39292928.0,42901504.0,25494323.2,159965184.0,35990323.2,9844189.866666667,51433472.0,3022984.533333333,9831765.333333334,53.2,90.46666666666667,2.466666666666667,281.3333333333333,3.066666666666667,46.86666666666667,3.1333333333333333,527.7333333333333,67.46666666666667,28.733333333333334,0.07765983838047523,0.14875955711262534,0.48509890214150175,0.1913952068805311,0.004600000000000001,3.9170895927318834,0.03498958333333335,0.1918612628310378,0.2194984415847742,0.04603621692328747,0.0
1685294460,2.244884308138004,6.779468726826364,1.565523265422804,12.161772114834887,0.9514175559932868,18.374812473776817,12.401629740597139,0.7686237528107254,10.426296304604167,9.004915975203524,0.4671531528133476,1.2790348740165036,103171959.46666667,58960691.2,12263424.0,40477354.666666664,42901504.0,24427042.133333333,159965184.0,35737190.4,9723084.8,51433472.0,3104768.0,9657821.866666667,63.666666666666664,104.13333333333334,3.2,316.4,3.2666666666666666,53.0,3.3333333333333335,585.0666666666667,77.4,27.2,0.04593099501295968,0.08851956980411671,0.3526841726084374,0.11028118152460015,0.004600000000000001,2.571868467018764,0.020035101540616253,0.10926209151777241,0.14321270378661105,0.027567959174394745,0.0
1685294490,1.585117802063885,5.816698435590106,1.542193549194819,8.527685467075496,0.8756804239884416,18.308269304743856,7.712868037165767,0.4117637044297052,9.82844398275418,6.416764507726259,0.552810748938668,1.3667852677486558,102432494.93333334,58938982.4,12415249.066666666,40910028.8,42902869.333333336,24344985.6,159965184.0,35991552.0,9769642.666666666,51433472.0,3070907.7333333334,9628876.8,58.86666666666667,102.06666666666666,4.133333333333334,330.93333333333334,4.066666666666666,53.13333333333333,4.133333333333334,572.2968,73.76346666666667,31.316466666666667,0.006130884241353601,0.019309325238831117,0.07645352564102563,0.008979854000813059,0.004600000000000001,0.4005962428132005,0.0047127329362393455,0.007897862338408704,0.01596193486751524,0.004709523563369363,0.0
1685294520,1.8945587294627722,6.360522846116472,1.4883347519144186,9.51459111855444,0.9289093441382069,18.218003749842314,8.683641482017991,0.5518346064187317,10.329243533903817,7.290990110865753,0.49128356925365413,1.312265280455847,102486835.2,58975573.333333336,12247995.733333332,40002218.666666664,42902732.8,25925768.533333335,159965184.0,35780471.46666667,9760768.0,51435246.93333333,3150643.2,9571532.8,47.0,77.73333333333333,2.6666666666666665,219.0,2.7333333333333334,40.86666666666667,2.533333333333333,433.6666666666667,52.2,22.6,0.014974048117521965,0.06293546809739295,0.20128309272426925,0.02935300136925073,0.004600000000000001,0.9562584366705738,0.009818109479305743,0.03394588886262823,0.061271207808519926,0.01016742927257502,0.0
1685294550,3.0255052358960817,7.214439612970884,1.2351796083909015,16.286343386691,0.8245350662957152,18.43548520820952,14.653826392953354,1.378670356736003,11.61584099925642,11.228077381047571,0.3532755359388581,0.9795172653440453,102506496.0,59048891.733333334,12228061.866666667,38847692.8,42901504.0,26210986.666666668,159965184.0,35687901.86666667,9959014.4,51433472.0,3149824.0,9587507.2,39.93333333333333,71.46666666666667,2.2,214.53333333333333,2.3333333333333335,39.0,2.3333333333333335,399.06666666666666,50.0,20.066666666666666,0.058847086336831694,0.15737640968730487,0.4973365849754863,0.13808715702111365,0.004600000000000001,2.979416866844116,0.03155999331550803,0.15222794200744755,0.19899617029254602,0.03640408963698715,0.0
1685294580,3.1681479380097435,6.936408248786914,1.1322879060285282,20.02675000084862,0.8697251671448284,17.910486916853664,17.108348310650417,1.7610901771036456,11.945457747029081,13.669505722823876,0.29889668215869136,0.9069278612690361,102554419.2,58930790.4,12313941.333333334,39514658.13333333,42901504.0,26493610.666666668,159968597.33333334,35832354.13333333,9767458.133333333,51480166.4,3127159.466666667,9836407.466666667,40.06666666666667,66.73333333333333,2.3333333333333335,208.46666666666667,2.4,34.06666666666667,2.2666666666666666,365.74746666666664,49.63296666666667,17.466666666666665,0.08212316918847998,0.2179910430113782,0.6370454545454545,0.1975639499307265,0.004600000000000001,3.8658818321818256,0.04415518162393162,0.20026147432185323,0.23431881105072444,0.04700434647802347,0.0
1685294610,2.955568485691318,5.678690271658616,1.1450443942185384,19.73940051967115,0.8342314589103289,17.405107166318817,16.734753270543134,1.5869972750151955,11.183292540597257,12.588498115940792,0.28194531081396074,0.9334231184388291,102559744.0,58938982.4,12122521.6,39741440.0,42903825.06666667,27113062.4,159985664.0,35989094.4,9765273.6,51434837.333333336,3023803.7333333334,9709841.066666666,35.0,63.266666666666666,2.533333333333333,213.66666666666666,2.6,34.13333333333333,2.6666666666666665,355.8,46.666666666666664,19.933333333333334,0.08399427305974902,0.34957180612880995,0.9326785714285714,0.2019873591078679,0.004600000000000001,4.178172361365003,0.04216864644249512,0.20573345006855306,0.24717401041778542,0.04651236861567084,0.0
1685294640,3.0474602472065206,6.38053819815092,1.0934030064474345,19.341694848598063,0.8523713143307036,18.090354222624466,18.69252659572186,1.2029772408384263,11.537955209275996,12.198337494748333,0.2817257275528491,0.9397237838998114,102673203.2,59001514.666666664,12320358.4,39023001.6,42903415.46666667,26906897.066666666,159990715.73333332,35624550.4,9972121.6,51676774.4,3156241.066666667,9649220.266666668,36.333333333333336,58.6,3.1333333333333333,218.13333333333333,2.8666666666666667,35.65476666666667,1.9333333333333333,377.2568,50.46666666666667,20.0,0.08438419448160389,0.3181832823236728,0.9808492063492065,0.2058075715464372,0.004600000000000001,4.288440012988163,0.042383928571428565,0.20328694601905115,0.23875112617742558,0.04470847674257132,0.0
1685294670,2.4516107727481513,6.1519257030738705,1.1581047591817044,17.915100444569553,0.853740557714214,17.473941908642555,17.5093169399565,1.3127805033444762,12.164799448636028,12.029414933170765,0.27181061454131494,0.9423426933268496,102631833.6,58893380.266666666,12297284.266666668,39075566.93333333,42902186.666666664,27568810.666666668,160013789.86666667,36073881.6,9946862.933333334,51868467.2,3069269.3333333335,9673659.733333332,36.733333333333334,63.6,2.533333333333333,208.2,2.533333333333333,35.733333333333334,2.2666666666666666,397.8666666666667,51.266666666666666,19.733333333333334,0.0857873632963838,0.37436525277262744,1.0249785492285493,0.20591117104304407,0.004600000000000001,4.26898464633248,0.043406746031746025,0.20225534884860216,0.24029525937471471,0.04647566544113539,0.0
1685294700,2.8763067770363735,5.341524229883052,1.1220032535808326,17.1875187439952,0.8483190749668219,18.459685814707928,17.52125044680184,1.2611400806322082,10.543113409965231,11.908013205336841,0.2624365032688021,0.9017087387005106,102587187.2,58929971.2,12297693.866666667,38829397.333333336,42901777.06666667,27954926.933333334,160066218.66666666,36039884.8,10088721.066666666,51468970.666666664,3059302.4,9742745.6,42.333333333333336,74.13333333333334,2.8,218.13333333333333,3.0,33.277033333333335,2.533333333333333,366.85516666666666,47.06666666666667,17.733333333333334,0.08719511065937961,0.44358847358695674,0.9717123015873016,0.20588041097968984,0.004600000000000001,4.363129366104321,0.04241596638655463,0.20882582687032977,0.2433903320232456,0.04758634698063711,0.0
1685294730,3.130264131141458,5.607347009525431,1.1165205228144022,16.845842505266273,0.8946471022133089,18.663656435480036,17.207004148878248,1.5695319420593286,10.41478764337184,12.306830965393026,0.300484594772348,0.979264686987072,102608896.0,58953728.0,12248678.4,38917188.266666666,42903415.46666667,25860232.533333335,160074274.13333333,35995648.0,9840366.933333334,51476070.4,3084424.533333333,9738240.0,55.266666666666666,91.6,2.933333333333333,285.1333333333333,2.6666666666666665,47.53333333333333,2.8,511.93333333333334,65.2,27.066666666666666,0.08310789332334817,0.21098237356075641,0.5650714438599943,0.19954528354851206,0.004600000000000001,4.2145037614936705,0.03601133241758243,0.1993088533811849,0.22357625577094767,0.046552200274904004,0.0
1685294760,2.3273894124931616,6.208297556938553,1.487172792379458,12.185359003016051,0.9778911910169519,19.06953403234663,11.337504173238214,0.8964766940395226,10.687872788768626,9.549087444574837,0.4827911353064964,1.2952018564545564,102561245.86666666,58981034.666666664,12261512.533333333,40204424.53333333,42901504.0,24221286.4,160075776.0,36280593.06666667,9760768.0,51433472.0,3153920.0,9611400.533333333,61.733333333333334,100.0,3.6,310.8,3.6,53.30436666666667,3.6,579.3752666666667,73.46666666666667,29.333333333333332,0.047407197087854444,0.09552062704281948,0.41125371588069354,0.11593063703975019,0.004600000000000001,2.701114064215806,0.022744762413512417,0.11099778021381605,0.14775334133818144,0.026307968482563657,0.0
1685294790,1.6124779159083447,6.853703780900721,1.611471991484556,8.292503509803257,0.9320925076166813,19.373450485414196,7.920488353187417,0.45892444506057684,10.253249213368042,6.658321474254748,0.5703597028113677,1.3767911497196574,102282854.4,59032234.666666664,12226423.466666667,39533499.733333334,42901504.0,24352904.533333335,160075776.0,35578402.13333333,9651404.8,51433472.0,3040324.2666666666,9763225.6,57.733333333333334,96.06666666666666,3.1333333333333333,311.06666666666666,3.066666666666667,49.06666666666667,3.066666666666667,545.0666666666667,70.53333333333333,29.133333333333333,0.005553137917715729,0.008197470147133961,0.06391848358676633,0.007732122951207002,0.004600000000000001,0.3122919675984438,0.006489575621793623,0.006672660686088575,0.011092720887670927,0.004719058891756602,0.0
1685294820,1.8382444862144376,7.432710918705207,1.293810102095116,9.602949300013027,0.8751291323910443,19.14718940316587,9.049991770679043,0.6120268363843091,10.43629813662761,7.668078377010206,0.512052232395188,1.355152049296939,102288042.66666667,59048891.733333334,12281036.8,39550702.93333333,42901504.0,24687411.2,160088473.6,35638340.266666666,9783296.0,51433472.0,3019025.066666667,9600887.466666667,38.733333333333334,63.8,1.8666666666666667,212.73333333333332,2.1333333333333333,34.2,2.1333333333333333,402.1616,54.9616,19.933333333333334,0.019483158730852632,0.03918067582271598,0.1751537992675122,0.03950626610067518,0.004600000000000001,0.9599291706035621,0.012702869381397437,0.040433889717526594,0.06706476131319467,0.010987198388701649,0.0
1685294850,2.4614431870148037,7.096346696080288,1.186472963467882,14.329708994951636,0.8479028027900746,18.09048396222714,13.92881547769182,1.3934994134487726,11.081587735482746,11.469579784614297,0.33847398492966396,0.9902358901344797,102078464.0,58960554.666666664,12275848.533333333,39751406.93333333,42903005.86666667,26226824.533333335,160117828.26666668,36040977.06666667,9886924.8,51433472.0,3021073.066666667,9777425.066666666,41.86666666666667,62.06666666666667,2.0,200.93333333333334,1.8666666666666667,36.6,2.066666666666667,395.06666666666666,50.13333333333333,20.8,0.06293926754006571,0.1681496818577602,0.5689646510778223,0.1717013139219662,0.004600000000000001,3.554136162911734,0.037385416666666664,0.17243330379981628,0.2153741876780425,0.0439593609269899,0.0
1685294880,2.7452052233967725,6.533631781609121,17.75766212246923,18.675020293721353,0.8775355642234238,17.947246337374718,17.516249305416203,1.7336254912462747,12.223529368412638,13.24242810420305,0.2845295323462364,0.9363264330213626,101658624.0,58944170.666666664,15204625.066666666,39107788.8,42901504.0,26709060.266666666,160133120.0,36068693.333333336,9828625.066666666,51433472.0,3029538.1333333333,9314850.133333333,42.333333333333336,73.66666666666667,2.6,222.93333333333334,2.533333333333333,35.2761,2.466666666666667,375.6415666666666,48.46666666666667,21.333333333333332,0.08329118193179082,0.2037236380892237,0.7227393162393163,0.20838510435829324,0.004600000000000001,4.1852676079098154,0.039185987623487635,0.208919597301875,0.23574670308048135,0.05438752880604293,0.0
1685294910,3.056071257592681,6.952832029550157,75.46083583711153,18.60442747301422,0.8159408442860256,18.297041680222247,17.669052023911846,1.3973481162631005,11.36766708506695,12.274381767511992,0.2775546495244511,0.9562400090557088,101680605.86666666,58949632.0,17008093.866666667,38967705.6,42901504.0,26337553.066666666,160137898.66666666,35837132.8,9899212.8,51433472.0,3150643.2,9572898.133333333,36.0,67.6,1.3333333333333333,206.93333333333334,1.6666666666666667,33.2,1.7333333333333334,368.46666666666664,45.0,20.6,0.08478618548434759,0.1836938968827408,0.711137529137529,0.20396792771921576,0.004600000000000001,4.1641945742082145,0.033239087301587304,0.20989760009012315,0.2317616061012884,0.04937706895182614,0.0
1685294940,3.291481664854024,6.224639827722781,100.00428006919385,17.35633848817587,0.8327367790726437,18.20047126378878,17.430773749611365,1.4315144019536983,11.15245276761154,12.080084204246184,0.27339581949056047,0.9346802949954539,101812906.66666667,59021994.666666664,16896000.0,39195170.13333333,42901504.0,26715477.333333332,160161792.0,35894886.4,9930342.4,51434973.86666667,3025169.066666667,9731549.866666667,41.0,65.8,2.3333333333333335,217.66666666666666,2.466666666666667,35.801833333333335,2.2666666666666666,396.26059999999995,47.266666666666666,21.933333333333334,0.08313615013642098,0.17371999053437695,0.6151455026455027,0.20023372298327813,0.004600000000000001,4.18993935777599,0.036145833333333335,0.206596574052555,0.2359200103174262,0.047190744475879016,0.0
1685294970,2.5629881772749683,6.460141604296185,99.48784227856116,17.58227174631423,0.8372231206359421,17.9344797193281,16.674885872078466,1.422910036699366,11.062913384434664,12.530996462019875,0.2715103045629898,0.899787316336568,101888682.66666667,58991684.266666666,16997580.8,39161446.4,42905326.93333333,26347929.6,160161792.0,35959057.06666667,10553207.466666667,51433472.0,3094391.466666667,9592285.866666667,41.06666666666667,74.53333333333333,2.1333333333333333,225.8,2.3333333333333335,33.666666666666664,2.2666666666666666,368.6,45.46666666666667,19.6,0.08506480982962786,0.17179531791119115,0.6725634920634921,0.1981113607854777,0.004600000000000001,4.05619920323608,0.04288607804232804,0.202345549656965,0.22967080927638148,0.04575723156797632,0.0
1685295000,3.0686714015282726,6.453645302871158,100.00264839996682,18.174827348212137,0.8533005136767485,18.198504159332547,17.791664174138926,1.403135842291796,10.509393461914165,13.436539115697451,0.26418968206966864,0.9416018907385096,101830656.0,59035511.46666667,16949248.0,39310404.266666666,42901913.6,27058449.066666666,160200157.86666667,35770914.13333333,9693184.0,51433472.0,3070634.6666666665,9701239.466666667,39.6,78.0,2.0,216.13333333333333,2.0,34.53333333333333,1.9333333333333333,372.93333333333334,46.666666666666664,17.0,0.08558348286135598,0.1732847678168408,0.7338442113442113,0.1984650737321177,0.004600000000000001,4.187930247371542,0.05913194444444444,0.20745667184306127,0.23673965291208918,0.04756862864313949,0.0
1685295030,2.8949449710399957,6.783734488509127,98.24205784531304,17.546297989958383,0.838124357519031,18.47080275378574,17.781765911836498,1.5067521121749023,10.021302023061995,12.405864883998976,0.29508405892258693,0.9798204851384444,101841305.6,58971067.733333334,17026525.866666667,39297024.0,42969088.0,25854361.6,160289860.26666668,35921373.86666667,9540676.266666668,51433472.0,3151462.4,9610717.866666667,50.86666666666667,80.46666666666667,3.0,268.26666666666665,3.2,45.35216666666667,3.1333333333333333,484.0201666666666,60.284800000000004,25.466666666666665,0.07703280472815591,0.1509954726734174,0.6201313187492274,0.20106030539363895,0.004600000000000001,4.173971093991863,0.04498424723424723,0.20484124463749262,0.23561253367216556,0.047273393603356424,0.0
1685295060,2.4156525766201704,5.4720356441523395,97.8868285736797,11.78177903526687,0.9161881737970788,18.30055501377028,11.700519584806996,0.8661321522726381,9.940410782754864,9.028582810320533,0.43912887299396525,1.2393149807557127,101883904.0,58925602.13333333,17014647.466666665,39590161.06666667,42916522.666666664,23570568.533333335,160337920.0,36001655.46666667,9996697.6,51433472.0,3152281.6,9576994.133333333,60.666666666666664,94.6,4.0,317.26666666666665,3.8,48.2,3.7333333333333334,555.2666666666667,71.93333333333334,27.266666666666666,0.04175462206240239,0.10390289367883704,0.37263847447191445,0.1316311759758439,0.004600000000000001,2.7495878585857687,0.017376388888888886,0.12713751209840585,0.15921390969880028,0.026344547594376082,0.0
1685295090,1.6488562570031853,5.636006575004172,99.96565853604588,7.951162588342635,0.8768099401148716,18.368620836983347,7.755609377583372,0.45066250379616346,9.869047783960907,6.729510097624628,0.5084663423371895,1.3271400820054622,101847040.0,58923144.53333333,16719325.866666667,40794385.06666667,42901504.0,23286169.6,160337920.0,36130679.46666667,10247099.733333332,51433472.0,3032268.8,9603208.533333333,58.53333333333333,97.46666666666667,3.066666666666667,304.1333333333333,3.0,50.20943333333333,3.0,568.2804333333333,74.28663333333334,28.533333333333335,0.0064389653509638,0.016964710491121228,0.05446162759209154,0.00745946992326807,0.004600000000000001,0.399092566500924,0.00472585767600071,0.006779604386718995,0.013097854106649782,0.004693203425598177,0.0
1685295120,1.9158712815500158,6.36403775203587,97.83109435006585,10.100421563305197,0.8669801802912279,19.183520907957014,9.303741254805006,0.46120657508094826,10.684758779807852,8.028495109742439,0.48379054392641435,1.257495518755217,101468842.66666667,58952635.733333334,16910745.6,39196808.53333333,42902869.333333336,25148620.8,160339968.0,35889288.53333333,10202316.8,51433472.0,3019571.2,9496985.6,39.53333333333333,72.4,2.8666666666666667,224.33333333333334,2.933333333333333,38.46666666666667,2.7333333333333334,419.3333333333333,55.666666666666664,21.266666666666666,0.01529364499871386,0.039656744169489194,0.16759267025412858,0.043746816168055126,0.004600000000000001,1.0186775491159756,0.008637117216117216,0.03894570092833237,0.060938240498733726,0.009134887819830977,0.0
1685295150,2.847451179484182,7.1244675536413435,96.18002448440781,16.555937836475746,0.7714798727953153,18.114915139511126,15.084147109795168,1.1844133933824958,10.878516899932585,12.553114588430564,0.3224769675787728,1.0375916459239383,101606195.2,59026500.266666666,16994986.666666668,39384268.8,42903005.86666667,26386432.0,160342016.0,35868535.46666667,9762542.933333334,51435656.53333333,3099716.2666666666,9789440.0,37.666666666666664,74.66666666666667,2.533333333333333,221.66666666666666,2.6,31.933333333333334,2.6666666666666665,398.94203333333337,47.14203333333333,17.933333333333334,0.06964329629120881,0.1303174062050563,0.5888855218855221,0.18243283169817445,0.004600000000000001,3.8686556150364213,0.029648214285714295,0.17117492316528435,0.2065825058130949,0.039771708143216684,0.0
1685295180,2.887649995029475,7.614980768127263,97.01141883904867,15.679798192437774,0.8255365258910288,17.42976511809424,16.335225815961852,2.2405913739110326,11.24232699073446,13.429233285354762,0.26143438785009354,0.9213813250995827,101609472.0,59072512.0,16960853.333333332,39264529.06666667,42902869.333333336,24715400.533333335,160342016.0,35954005.333333336,9925154.133333333,52161194.666666664,3031040.0,9636522.666666666,38.93333333333333,70.07136666666666,2.3333333333333335,223.68933333333334,2.3333333333333335,34.86666666666667,2.3333333333333335,375.2,47.06666666666667,19.729633333333332,0.09021789170353754,0.17629178587674782,0.5989093365263579,0.21048147860228456,0.004600000000000001,4.350523754306548,0.03876620370370371,0.2085550942013606,0.2317995806800077,0.04807627122645446,0.0
1685295210,2.559548510482903,5.829009109634999,97.60208035056226,18.466843931291283,0.8685481568241509,17.179082844295458,16.79784566083141,1.413445357150884,12.055738446960065,12.378332609807558,0.2710964427812332,0.8634477852452612,101678284.8,59022813.86666667,16877294.933333334,39102737.06666667,42903278.93333333,25491729.066666666,160342016.0,35551232.0,9686766.933333334,52530244.266666666,3135078.4,9870540.8,37.93333333333333,60.733333333333334,1.5333333333333334,198.06666666666666,1.5333333333333334,34.1023,1.6666666666666667,364.7267333333333,45.06666666666667,19.133333333333333,0.08631998786363725,0.19558747608221244,0.5468050618558835,0.20396273163297401,0.004600000000000001,4.146830069157226,0.03985532407407407,0.2063206576084688,0.2329747557605769,0.04742937711868324,0.0
1685295240,2.6236428514120194,5.401051583654092,98.91396700466947,18.69359711604636,0.829675222882053,18.636627395968684,18.185642362285797,1.5905600603512153,11.653793399146483,12.288514929697614,0.2530541849972966,0.9001634080812294,101781504.0,58923963.733333334,16989798.4,39290060.8,42903005.86666667,25880849.066666666,160348296.53333333,35991552.0,9950685.866666667,51501738.666666664,3076232.533333333,9727044.266666668,42.93333333333333,80.46666666666667,2.7333333333333334,220.53333333333333,2.8,35.0,2.7333333333333334,367.8,51.666666666666664,18.8,0.0816416394913179,0.21431448676295503,0.7208842592592593,0.2052446218431853,0.004600000000000001,4.136258452456364,0.041897889147889146,0.2035496744431303,0.23516439250847443,0.04528790530585932,0.0
1685295270,2.85624829254981,5.523061682742441,97.76288023086097,21.942070044660337,0.8631747422945011,18.371309270199426,18.893645979130106,1.6339918182952435,11.325976660556405,13.49504719233302,0.26948199473146034,0.9312463301370845,101772629.33333333,59017625.6,16848896.0,39103965.86666667,42903278.93333333,26996189.866666667,160350208.0,35806412.8,9984955.733333332,51433472.0,3129617.066666667,9613858.133333333,38.86666666666667,66.6,3.3333333333333335,196.33333333333334,3.1333333333333333,35.558,2.7333333333333334,386.14906666666667,56.7381,17.533333333333335,0.0824605703039232,0.19593936549945776,0.6904297138047139,0.21082835412180564,0.004600000000000001,4.276719646051505,0.04284632034632035,0.20303666471014595,0.23597953580562994,0.04346744939306071,0.0
1685295300,2.4713645278536185,5.987053520178153,99.42689221467096,19.811977424087804,0.8636029470632516,17.921194577910672,17.406786670493663,1.4939244927410988,11.3565893313239,13.094185663089245,0.27739067990699773,0.9283897691333335,101749282.13333334,59041518.93333333,17111859.2,39122944.0,42901913.6,27089715.2,160353484.8,35789209.6,9857570.133333333,51433472.0,3153920.0,9626828.8,37.266666666666666,67.86666666666666,2.2,219.33333333333334,2.066666666666667,34.93333333333333,2.0,380.93333333333334,47.06666666666667,20.0,0.08673899614229512,0.17654181244386413,0.6574572649572649,0.21186479081815499,0.004600000000000001,4.341454656799046,0.0415993265993266,0.20565359656467488,0.2342698642266776,0.04468631584510174,0.0
1685295330,2.2839034124940825,5.901314971726774,98.88689243867799,17.83204599393393,0.8438103144368411,18.535779654244525,16.172865998163868,1.5353437347681504,10.507999458154494,12.859025556148476,0.2757571976652821,0.9843007406093426,101805124.26666667,58916044.8,16954026.666666668,39220565.333333336,42903005.86666667,24825856.0,160367547.73333332,35685444.266666666,10137600.0,51433472.0,3042918.4,9592422.4,51.666666666666664,87.2,2.7333333333333334,271.73333333333335,2.8666666666666667,47.333333333333336,2.8,487.0,64.73333333333333,29.4,0.08507304879239148,0.17166644803499678,0.5953054908054909,0.20022555424546593,0.004600000000000001,4.268369694423431,0.038723824786324794,0.19539975198505993,0.22474489839933515,0.044636092384022344,0.0
1685295360,2.072141264811917,5.876176334984469,98.34750041623052,11.94650615350877,0.9076342008224592,18.83849521302632,11.478301079263296,0.8735961025742643,10.491580809243805,8.751255535953627,0.4476089076187654,1.252681157718147,101834752.0,58944716.8,16994304.0,41247129.6,42906555.733333334,23497523.2,160370688.0,35991961.6,9792443.733333332,51433472.0,3043328.0,9641984.0,61.733333333333334,103.8,3.8,323.46666666666664,3.8666666666666667,52.93333333333333,3.933333333333333,589.0,76.33333333333333,30.266666666666666,0.052207513740705015,0.0936263891211938,0.35878306878306887,0.10939696918629963,0.004600000000000001,3.210373591635776,0.0248414351851852,0.10859536844928783,0.1597862961424524,0.028611980006194155,0.0
1685295390,1.6550574365814232,6.22768115964077,96.67188815155846,8.37492494261508,0.9326354871821749,19.18637668239173,8.10603468704614,0.4196439796042865,10.096156413728208,6.616838176448968,0.5394921147800371,1.4709719409884765,101644834.13333334,58969565.86666667,17021064.533333335,41093666.13333333,42901504.0,23163699.2,160370688.0,36423543.46666667,10272358.4,51433472.0,3098487.466666667,9484697.6,60.13333333333333,110.4,5.333333333333333,338.73333333333335,5.0,57.666666666666664,5.0,604.2,76.06666666666666,34.46666666666667,0.005170958151199903,0.007162728080115921,0.07668089607187904,0.00652249018727174,0.004600000000000001,0.3439399341385191,0.005367018716698081,0.006330478350114189,0.011336851239010137,0.00490443556706975,0.0
1685295420,2.213906525915632,6.521807017334733,98.8927062760941,10.329199352355694,0.9422744292698654,18.362589159034993,9.293971889456774,0.5369688725732769,10.258199676650714,7.637505519078492,0.503137770915939,1.346328404856617,101501883.73333333,58980488.53333333,16905011.2,39262071.46666667,42903005.86666667,24135680.0,160374237.86666667,36271718.4,11501841.066666666,51687424.0,3162931.2,9591193.6,41.6,70.73333333333333,2.7333333333333334,217.8175,2.6666666666666665,35.666666666666664,2.466666666666667,403.68123333333335,50.414566666666666,24.2,0.017667576730514455,0.03757984182166417,0.11628742091242089,0.031788453681697464,0.004600000000000001,0.9168893404136856,0.007160097192561786,0.03410736399124308,0.06111502408271561,0.010159723944729988,0.0
1685295450,3.661836665661278,6.212181205731664,95.16733377766535,14.64079868755645,0.7961831780634456,18.534845069414523,15.1769970620116,1.2729037849573954,11.232433850343462,11.411521698685707,0.3257720993161138,1.0324748098852792,101562231.46666667,58994005.333333336,16922214.4,39187387.733333334,42907784.53333333,26580172.8,160396902.4,36068829.86666667,9665331.2,51636633.6,3188599.466666667,9646899.2,34.8,71.13333333333334,3.2,204.93333333333334,3.2666666666666666,32.333333333333336,3.466666666666667,352.46666666666664,47.6,18.933333333333334,0.0680135074881418,0.1280882749628395,0.5557729076479077,0.15053152770341324,0.004600000000000001,3.601386158939074,0.025784788359788365,0.16300358119861355,0.20653153394699236,0.0377383588523446,0.0
1685295480,3.2804779873317296,6.299931187925287,98.44686498223082,16.589701594572333,0.881984690822145,17.536195703883216,18.06090711307682,1.259041167612231,11.534180091944428,13.014629774774475,0.25545563145406075,0.928183552812968,101723340.8,59717222.4,17205657.6,39416354.13333333,42952430.93333333,26429849.6,160445098.66666666,36060091.733333334,9777425.066666666,51544883.2,3117875.2,9583274.666666666,35.06666666666667,76.73333333333333,3.066666666666667,226.86666666666667,2.933066666666667,30.585866666666668,2.732666666666667,380.12663333333336,49.6,18.066666666666666,0.08856016743123113,0.18213750391644976,0.7571641136641138,0.21038284659825254,0.004600000000000001,4.390598232364501,0.0355923174048174,0.2085991245123902,0.23169179929609166,0.043599989087820125,0.0
1685295510,3.0571348422867763,5.721844315086748,95.44713533465163,18.22510034905084,0.8183074102917692,18.27993442232789,17.24450579758473,1.3508247986069186,11.433546457393055,12.918314335297163,0.25810462158950254,0.929084825523246,101719790.93333334,58946491.733333334,16883985.066666666,39499912.53333333,42977280.0,26087424.0,160448512.0,36311859.2,9877640.533333333,51433472.0,3090022.4,9746841.6,48.46666666666667,58.13333333333333,1.6666666666666667,214.53333333333333,1.4666666666666666,36.46666666666667,1.3333333333333333,397.26666666666665,48.6,19.6,0.08821265382626947,0.22611091626864666,0.860608044733045,0.2102334991639858,0.004600000000000001,4.308360924519464,0.03528030303030303,0.2099344112313125,0.23039562498675364,0.04374771994727363,0.0
1685295540,2.6921445285866525,5.788411286036739,97.19802858006025,19.624165410569525,0.7946081619366652,18.193969601783937,17.45401008592788,1.4974938250189505,10.916130867713456,12.693304307174119,0.24709805853779626,0.8669134093736234,101736448.0,58967517.86666667,16941329.066666666,39165952.0,42901504.0,26465894.4,160451788.8,36182425.6,10064008.533333333,51433472.0,3140676.2666666666,9706700.8,42.4,60.93333333333333,2.1333333333333333,214.53333333333333,2.2666666666666666,33.06666666666667,2.4,382.1333333333333,54.2,19.733333333333334,0.08399058353940553,0.2660821522500524,0.8964252645502647,0.2045474029650631,0.004600000000000001,4.1697956117847585,0.039052884615384614,0.20930502836594336,0.2369030904002392,0.046478935918304924,0.0
1685295570,2.762139786937376,6.206661072091891,100.00409790465567,19.587576755113606,0.839701762272087,18.472328884673654,18.37626778331569,1.3007596289225427,10.94891304379714,13.16120430589216,0.25230354108999775,0.8970558696381977,101884313.6,58963968.0,16838246.4,39281732.266666666,42906009.6,26335778.133333333,160452608.0,36534135.46666667,9675571.2,51433472.0,3040870.4,9682124.8,39.46666666666667,77.13333333333334,3.8666666666666667,202.33333333333334,4.066666666666666,35.53333333333333,3.933333333333333,367.59576666666663,52.1291,23.5746,0.08636216394174978,0.2492384638031208,0.7520185185185185,0.2107785882393323,0.004600000000000001,4.314040604971868,0.042783386752136755,0.21373373043515126,0.24078657737769674,0.046585270852163886,0.0
1685295600,3.035889115075213,5.2238149725599055,100.01046670894033,18.49729706111661,0.844755394768976,18.05177819282436,17.818688449220094,1.6319211027803289,11.499689392621484,13.428744674241337,0.252188414122795,0.9650431418943245,102418841.6,58913587.2,16770662.4,38708974.93333333,42904098.13333333,25667447.466666665,160452608.0,36774570.666666664,9729638.4,51433472.0,3155831.466666667,9706018.133333333,41.06666666666667,78.6,1.7333333333333334,206.93333333333334,2.066666666666667,33.666666666666664,2.466666666666667,402.6,48.8,22.666666666666668,0.08476704884464252,0.36724885981073124,0.7580658887824137,0.20728511238810746,0.004600000000000001,4.217806006811383,0.042179849664224674,0.2132037455305146,0.24867231623208993,0.04511185885747341,0.0
1685295630,2.8367773229771656,6.837897650703011,98.85016073037941,19.286445163345,0.8373591524933542,17.963334084947178,17.89618765648317,1.4167685924634557,11.15129397023543,12.797579434378557,0.28335704843167586,1.0408885795074123,102409011.2,58995643.733333334,16920302.933333334,39055086.93333333,42901504.0,24373930.666666668,160452608.0,36429550.93333333,9895389.866666667,51433472.0,3077324.8,9625326.933333334,52.93333333333333,86.93333333333334,2.933333333333333,273.46666666666664,3.0,47.2,3.1333333333333333,515.6,65.6,27.066666666666666,0.07182644350419344,0.22913484332069387,0.644233155733156,0.18916308081461936,0.004655895579285692,3.6383247441657907,0.035608537296037315,0.19809050149029309,0.24034869259849126,0.042151000870912655,0.0
1685295660,1.9258739321862113,7.219761665124829,96.7602414602115,11.881045472044102,0.9034919188130283,17.70645574107056,12.162672329313507,0.6522674813908229,10.04638178730914,8.990973901687342,0.45492916206882533,1.2008945198887016,101781504.0,59048072.53333333,16784725.333333332,39991296.0,42904098.13333333,23557734.4,160452608.0,36276906.666666664,9825211.733333332,51433472.0,3068313.6,9725952.0,59.2,97.73333333333333,3.4,275.6,3.4,51.9847,3.3333333333333335,581.8699,73.73263333333333,31.533333333333335,0.03823982110547086,0.09388886378595987,0.38202810977267504,0.1176082123087006,0.004674541653464604,2.320646742068077,0.01897495048524461,0.1193420158503327,0.16285161412563362,0.024860078682023744,0.0
1685295690,1.6410006228948932,7.074844934058576,98.8384628447695,8.330628703074389,0.9124904396665982,19.07073860114257,7.698426465591696,0.4490535091593154,10.62608991557391,6.559855870465937,0.526545057885986,1.34809544921043,101584622.93333334,59087257.6,16961945.6,40700313.6,42904917.333333336,23399082.666666668,160452608.0,36797917.86666667,9744657.066666666,51433472.0,3107362.1333333333,9613721.6,60.266666666666666,101.8,4.866666666666666,300.73333333333335,4.866666666666666,50.333333333333336,4.866666666666666,569.4666666666667,76.2,30.6,0.005133445399506539,0.007535229560053992,0.06620293164256072,0.007980130712303097,0.004620871143375681,0.27425440124240213,0.004713094196814192,0.007104061418857413,0.011820187390259232,0.004683573579578909,0.0
1685295720,1.8594733429441233,6.632875335914619,98.8292381300837,10.017285381830169,0.9523524599241332,18.361013796719213,8.832345116502017,0.7209789903314704,10.505567963122557,7.7900939460894145,0.4575552271529216,1.3494066960631375,101546939.73333333,58978167.46666667,16882756.266666666,39519982.93333333,42901504.0,24985736.533333335,160452608.0,36711355.733333334,9835178.666666666,52180718.93333333,3069269.3333333335,9747660.8,41.2,85.66666666666667,2.533333333333333,239.0,2.466666666666667,35.956300000000006,2.1333333333333333,409.52996666666667,51.87966666666667,19.533333333333335,0.016548080465900675,0.034433695707734704,0.129459493459535,0.03638626389974574,0.004600000000000001,0.9153688559298947,0.007697653336798127,0.036394015965083036,0.050032507492714165,0.011087587352897475,0.0
1685295750,2.695804900873431,6.728514250077982,100.01115784453752,16.02050809583144,0.8146431283501463,18.333072003471276,15.795835081790047,1.2609698575694017,10.8503954775497,11.802202593790954,0.3311028463452157,1.0325856409129532,101757747.2,58949632.0,16966587.733333334,39324330.666666664,42902732.8,25690931.2,160452608.0,36463684.266666666,9828078.933333334,51818769.06666667,3069542.4,9551052.8,43.333333333333336,58.8,2.2,183.53333333333333,2.066666666666667,38.46666666666667,1.8,368.0,46.733333333333334,18.133333333333333,0.06041581995345449,0.11761551397395807,0.5369133412883412,0.1465064627407764,0.004600000000000001,2.681137607343056,0.03671006944444445,0.15139574484493223,0.19105461782954383,0.03735400660081919,0.0
1685295780,3.182415456159725,6.144386478231727,99.01368321364517,18.36735105702645,0.8017025211965032,18.32414186691731,18.6594785971309,2.002337019450909,11.915812233434881,13.215130502782294,0.25750702603458364,0.9081833921036806,101773312.0,58985130.666666664,16905830.4,39112021.333333336,42903005.86666667,25934370.133333333,160452608.0,36512017.06666667,9743428.266666668,51433472.0,3019025.066666667,9718715.733333332,44.333333333333336,73.26666666666667,2.933333333333333,210.4,3.0,35.53333333333333,3.2,410.2,48.93333333333333,22.866666666666667,0.07907661840178747,0.200418577517687,0.715399089472619,0.2012324092996245,0.004600000000000001,3.719837711147298,0.04357704924074893,0.19318168929564164,0.22622405756121997,0.04438869519855789,0.0
1685295810,2.757792914363553,5.820255775750925,100.01172716553788,18.334644272676368,0.8520432487596267,17.899680283665777,18.046810706757707,1.6943121477815586,12.945268853435453,13.889140456874994,0.280405539548133,0.9537898113203159,101666816.0,58972842.666666664,16903645.866666667,39122397.86666667,42901504.0,26002090.666666668,160452608.0,36796006.4,10331613.866666667,51433472.0,3020663.466666667,9795720.533333333,39.9328,67.26666666666667,2.1333333333333333,219.98433333333332,2.4,35.13333333333333,2.4,379.6,51.13333333333333,24.133333333333333,0.08251383586274925,0.22652950199324565,0.6418809246309247,0.19936476848729942,0.004600000000000001,3.6828799649777424,0.03732460826210826,0.1949753195356566,0.2318272525505781,0.04628605676274089,0.0
1685295840,3.4178394053801893,6.771164323123363,100.00751742012896,17.553342564054375,0.850033234557276,18.528521326727805,18.24059700577271,1.487129980555842,12.294072814223364,13.08543369500228,0.28411681492457325,0.9829892774537762,101693440.0,58997418.666666664,16867328.0,39468236.8,42901504.0,25893273.6,160487014.4,37518131.2,9930752.0,51433472.0,3087428.2666666666,9516782.933333334,38.0,70.86666666666666,2.8666666666666667,229.8,3.0,34.53333333333333,3.2,381.4,49.4,20.333333333333332,0.08188798991122463,0.1960095718885283,0.516493637153467,0.1969035190751173,0.004600000000000001,3.784127053836363,0.0377459693084693,0.19165234873880713,0.22831343114516725,0.04729810695926081,0.0
1685295870,3.2679083790284404,6.804070487360031,98.60279841784855,17.847085316096,0.8494538354650615,18.287909338831234,18.925322873691197,1.70209137471403,12.117326869004671,11.70963121078293,0.277494679012131,0.9796421256542994,101757337.6,59050257.06666667,17074039.466666665,39543603.2,42957482.666666664,26206208.0,161422813.86666667,37216256.0,10028919.466666667,51433472.0,3018752.0,9617408.0,35.266666666666666,63.266666666666666,2.933333333333333,204.26666666666668,2.8666666666666667,31.893933333333333,2.533333333333333,362.2023,47.9528,17.2,0.08252175315764282,0.157377266017985,0.4923420601030895,0.19989196726594985,0.004600000000000001,4.086639111589915,0.043048849026790195,0.19516478728702014,0.22139180572467654,0.047032673974157606,0.0
1685295900,3.3311942693235626,6.564005628470048,99.46802432062921,17.288755099656154,0.8583353021150391,18.153877470832516,17.515175854688597,2.0634217197267968,11.082261445174925,12.768458023442872,0.2880284669380451,0.9989983736499713,101775496.53333333,59084663.46666667,16909107.2,39401745.06666667,42926899.2,26127837.866666667,163192832.0,36764194.13333333,9794355.2,52787609.6,3056844.8,9577949.866666667,40.6,60.4,2.8,201.13333333333333,2.533333333333333,34.6,2.533333333333333,395.06666666666666,49.13333333333333,20.333333333333332,0.082203465202708,0.17754198476376296,0.6422536352536352,0.19906985722404258,0.004600000000000001,4.053134964002028,0.0443495115995116,0.20039590099024795,0.21965427268226886,0.04591416303315967,0.0
1685295930,2.786642278030502,5.8518525140380975,99.49129380216604,17.277375644003936,0.8655341986605837,18.652483664912555,17.355775085054088,1.8448887106719385,10.615093542583947,13.62644139624815,0.28592209746556335,1.0246933515120276,101762662.4,58964104.53333333,17036356.266666666,39253196.8,42902732.8,25855590.4,165930052.26666668,37011865.6,9893068.8,51433472.0,3074457.6,9676390.4,51.93333333333333,90.26666666666667,3.6666666666666665,289.0,4.0,46.0,3.933333333333333,513.4666666666667,64.8,29.333333333333332,0.07027650881134341,0.2106874630052383,0.7069528619528621,0.1920896653635386,0.004600000000000001,3.9349177421529262,0.040239748677248686,0.19494381427330196,0.21972638105982892,0.04269387204450182,0.0
1685295960,2.3352608087904048,5.8214851365482945,97.47794069570702,12.19049018072743,0.9278957668285753,18.906613299348685,11.240558570310712,0.7053464573194049,10.774358261370747,8.545460649278185,0.4563381326277115,1.26726807856238,101728256.0,58998510.93333333,17193233.066666666,38741333.333333336,42980010.666666664,23472810.666666668,170246144.0,37060198.4,9970892.8,51433472.0,3046741.3333333335,9671202.133333333,59.333333333333336,99.26666666666667,4.4,298.46666666666664,4.2012,50.78463333333333,4.133333333333334,558.9271333333332,74.26666666666667,29.2,0.03642786399368836,0.13640457334625491,0.4728881020799125,0.11643073419708926,0.004600000000000001,2.8242492388616816,0.027126529720279725,0.12092913140622333,0.15912636506781802,0.02577494616465942,0.0
1685295990,1.6080993006606072,6.387925548360628,100.00420806524814,8.498092774237458,0.9206262673878957,19.22223971243115,7.891334382617646,0.41441929888846535,9.917372069699756,6.740373935859429,0.5239976733715423,1.3788473896910147,101632409.6,59127398.4,17058747.733333334,39561625.6,42903552.0,23479227.733333334,173744128.0,36915882.666666664,9695505.066666666,51433472.0,3069815.466666667,9644578.133333333,60.4,96.8,3.7333333333333334,314.8,3.533333333333333,52.2,3.466666666666667,554.1333333333333,74.13333333333334,27.933333333333334,0.005017397797338855,0.01029162554045012,0.08614026085703204,0.007823186157770314,0.004600000000000001,0.35032417285100986,0.006047999999999999,0.007053601581247697,0.013032579563638826,0.004694396693604972,0.0
1685296020,1.8836253695326914,7.312490738129548,95.60385418656007,9.454496155124778,0.8863755282362243,19.249061456877975,8.752187082975919,0.5979197051979216,9.977222000139525,7.707720939765659,0.4822964157515767,1.2423643171979506,101588582.4,59137228.8,17163605.333333332,39910058.666666664,42901504.0,24316177.066666666,174269235.2,36891033.6,9822481.066666666,51433472.0,3019571.2,9616452.266666668,39.66773333333333,62.736533333333334,1.7333333333333334,191.5456333333333,1.9333333333333333,32.76756666666667,2.066666666666667,379.5980333333334,54.004,17.8,0.016884735774884117,0.031985136974288585,0.13516731487988762,0.034420593246728325,0.004600000000000001,0.8609868213026363,0.0073535844797910895,0.0309739493425321,0.056580311092896705,0.007625885026262527,0.0
1685296050,3.580730652921416,7.322542092691254,98.27198552112462,15.017618275754701,0.8169704945960892,17.91328219252681,14.709917774272842,1.7260239449091914,10.586635882797781,11.89489825418371,0.3213199521155842,1.0561023915034207,101642786.13333334,59205222.4,17137390.933333334,39780898.13333333,42912972.8,26093977.6,181702929.06666666,37040128.0,9637614.933333334,52394666.666666664,3102993.066666667,9514598.4,39.13333333333333,65.93333333333334,2.466666666666667,182.33333333333334,2.8,32.6,2.933333333333333,359.93333333333334,44.93333333333333,21.533333333333335,0.06526056285467471,0.11821114860089743,0.41630152979066026,0.16998173769724367,0.004600000000000001,3.296953257880941,0.028681921550671553,0.15134937861718908,0.20415705317240962,0.038358397482729685,0.0
1685296080,3.4282302612285833,6.999145600712699,97.30875965421515,16.313190936503503,0.8640239020948496,18.380071945714025,17.30476710212881,1.9993836147143798,11.42713728086201,12.414109646514508,0.2620788765867752,0.9386532180941968,101720200.53333333,59146240.0,17263001.6,39665254.4,42905326.93333333,26862387.2,184346760.53333333,36891443.2,9731959.466666667,51433472.0,3072409.6,9564023.466666667,38.93333333333333,68.73333333333333,2.3333333333333335,208.0,2.4,34.333333333333336,2.8,380.3333333333333,46.46666666666667,18.333333333333332,0.08225508882986401,0.19133102142793942,0.49890435555471485,0.20759415324661043,0.004600000000000001,4.327320810354852,0.04110750605066588,0.20748709972122376,0.23113964679250684,0.04854173169896118,0.0
1685296110,3.041431186347944,5.734212671060115,99.52212010530106,17.00575553850295,0.8420880619452615,18.39216794489428,17.815433156893132,1.4307956420121224,11.574531447884233,11.801971239754202,0.24515885251588265,0.8799108209179685,101772629.33333333,58974890.666666664,16763972.266666668,39558621.86666667,42905600.0,25833472.0,184434688.0,37196049.06666667,9846920.533333333,51433472.0,3018752.0,9698099.2,34.0128,68.8,3.066666666666667,199.0,3.1333333333333333,33.53333333333333,2.466666666666667,352.32506666666666,42.454299999999996,18.9492,0.08203763031600818,0.36625912668835564,0.8433829365079366,0.20250185642331728,0.004600000000000001,4.264701696548851,0.03996710815736551,0.21051040801314275,0.2414549177637906,0.0458293270829183,0.0
1685296140,3.177240828447753,5.693623462752616,97.39504538321532,18.65703881514352,0.8758365849180517,18.08603914872345,17.85459415082823,1.3093626495808504,11.445386175486147,13.205228139287815,0.24896046295312768,0.8991251775198488,101910528.0,59037969.06666667,17062024.533333335,39414442.666666664,42902323.2,26451148.8,184434688.0,37315652.266666666,9987413.333333334,51465420.8,3075549.8666666667,9768004.266666668,39.2,70.13333333333334,3.066666666666667,190.33333333333334,2.6666666666666665,35.6,2.8,343.2,43.06666666666667,19.733333333333334,0.0829052531453583,0.47040324375321674,0.8534049773755658,0.20485781368243766,0.004600000000000001,4.190851750336936,0.04091128812636166,0.20605627711270474,0.2582614088599456,0.04642303444096059,0.0
1685296170,3.006650005893069,7.8611154256710485,98.94432218340931,17.490759755265152,0.8621297392334547,18.39698122838904,17.48746437375991,1.4821354324737872,10.70328571533878,13.41601823186746,0.2639752360238873,0.9079623443489102,101933056.0,59133132.8,16883985.066666666,39986107.733333334,42909696.0,26807773.866666667,184434688.0,37221034.666666664,9783022.933333334,51433472.0,3078007.466666667,9789849.6,36.126999999999995,61.0,2.6,181.6,2.533333333333333,31.333333333333332,2.6666666666666665,366.92990000000003,46.06323333333333,19.333333333333332,0.0827730587173923,0.20564976787261563,0.5624020832959299,0.20029843573358586,0.004600000000000001,4.129690299386076,0.03901939573906486,0.20235883505643829,0.23656341891458485,0.04713945907819708,0.0
1685296200,2.7385644598390853,6.411922995847861,98.97542372011388,17.413139537409744,0.8351079867619272,17.91962443885658,18.400838281216,1.5120510436299464,11.11143473511884,12.83377198489313,0.2684767555005361,0.8989068091380987,101933465.6,59128763.733333334,16870877.866666667,39291972.266666666,42903825.06666667,26737322.666666668,184450525.86666667,37139251.2,9889928.533333333,51433472.0,3105177.6,9654545.066666666,39.80873333333333,70.34140000000001,2.8672,207.64103333333333,2.6666666666666665,37.13333333333333,2.533333333333333,378.77063333333336,48.4094,22.000533333333333,0.08548315787701123,0.17544416102573482,0.5398436779471238,0.2002273559251013,0.004600000000000001,4.192854164162726,0.033909722222222216,0.20950839523253723,0.22576097387820374,0.0483207833382724,0.0
1685296230,2.7734183331285824,7.05293627659943,97.34825954968272,18.619539789662795,0.8816511011148954,17.90764392156323,18.798441476318654,2.1262850889685656,11.361451427559087,13.191210868919457,0.307751928412975,1.0658573920330674,101898376.53333333,59155797.333333336,17158553.6,39403110.4,42911061.333333336,24308804.266666666,184451072.0,37145804.8,9957922.133333333,51433472.0,3084561.066666667,9589282.133333333,55.92106666666667,90.78923333333334,3.5981333333333336,287.7253666666667,3.7306666666666666,50.2,3.7981333333333334,522.5934666666667,66.53333333333333,29.796266666666668,0.08224605964115986,0.1755013831547116,0.6242424242424244,0.19817526876790784,0.004600000000000001,4.175615568875766,0.03593253968253969,0.20523230729910574,0.22307563412511805,0.053150506316805145,0.0
1685296260,2.209171369426046,7.502317173983637,100.00451991605729,11.796633310229735,0.9452568223580775,18.945843012190153,11.829880909755504,0.7283912849631513,9.963773179983546,8.967073032880608,0.4692330222044634,1.3520158982011155,101901789.86666666,59166446.93333333,16910745.6,40486229.333333336,42901504.0,22498235.733333334,184451072.0,37355246.93333333,9685947.733333332,51433472.0,3090022.4,9644032.0,59.58136666666667,102.5306,4.399466666666667,318.91569999999996,3.932166666666667,54.121,4.0012,575.8174666666667,74.71419999999999,30.7404,0.04604940058224126,0.09682580860998737,0.4053336940836941,0.10879430515399574,0.004600000000000001,2.5950146204076856,0.023902097902097907,0.12206363595874085,0.1568073561845193,0.02968056450480306,0.0
1685296290,1.6811175734655197,7.142499271604149,96.11635364073977,8.304000013399161,0.8873599711818162,18.95590040666077,7.944810928548035,0.42394452072486505,10.318411436177673,6.664259931980068,0.5373584857425945,1.3572293750446531,101632273.06666666,59116475.733333334,16711270.4,41488520.53333333,42908330.666666664,22377813.333333332,184451072.0,37423513.6,10171050.666666666,51433472.0,3015748.2666666666,9518284.8,61.0,101.87123333333334,4.4,306.4,4.066666666666666,53.733333333333334,4.0,576.2666666666667,77.33333333333333,28.937066666666666,0.0046927916504657125,0.005908443247171782,0.058566754205105834,0.005265011728384746,0.004600000000000001,0.2584308891977129,0.004686837436318357,0.005207318254845073,0.010494394943157893,0.0046812759827944425,0.0
1685296320,1.8817395337400358,7.238748247409884,98.7928762282937,9.605520381366857,0.9239388793175642,19.300062173458702,9.824517436977965,0.5633727069426098,10.082700500031967,7.432630205099475,0.48986622052441436,1.280038542869204,101549670.4,59673804.8,16894361.6,40471483.733333334,42956117.333333336,24335018.666666668,184451072.0,37458466.13333333,9768960.0,51433472.0,3066265.6,9663419.733333332,43.666666666666664,63.266666666666666,2.1333333333333333,209.53333333333333,2.2,37.0,2.2,377.8,48.86666666666667,18.866666666666667,0.01489483929111724,0.03383416531568469,0.17053482943816548,0.0345332700396253,0.004600000000000001,0.9213109905843885,0.011369679355597732,0.031572344539511965,0.052919316324329495,0.00935288027331058,0.0
1685296350,2.482627090258046,6.502252149835715,97.69673177425385,15.268225796704797,0.8162474786937679,18.222815937912028,15.392838240408105,1.1677606539863399,10.568105146182308,11.293763333816816,0.32108116725691416,0.96827897621387,101790651.73333333,59007249.06666667,16816537.6,39481344.0,42901504.0,24877602.133333333,184451072.0,37328486.4,10182656.0,51530956.8,3025442.1333333333,9817292.8,37.92986666666666,69.19436666666667,3.066666666666667,208.24173333333334,3.0001333333333333,32.7881,2.7334666666666667,366.0251,49.62606666666667,18.998966666666668,0.057880478515936806,0.12811747301765358,0.47132848483654943,0.147284450331057,0.004600000000000001,3.2810412596714995,0.036352753727753734,0.1394916540952895,0.18749768149658172,0.03788681012048618,0.0
1685296380,3.1451034569161207,5.970328925046041,97.82120004798593,18.246200110012392,0.791490127097869,18.319883559683056,17.210937255704074,1.4464385096004544,11.569734377237133,12.640934035567119,0.26830151279260966,0.9547704690832692,101867520.0,59103232.0,16783496.533333335,39469465.6,42902732.8,25850675.2,184464452.26666668,37602372.266666666,10073019.733333332,51433472.0,3076096.0,9600750.933333334,39.2,65.26666666666667,3.8,203.2,3.6666666666666665,33.93333333333333,3.6,393.26666666666665,55.666666666666664,21.066666666666666,0.08589956032614655,0.19478691046234387,0.6281712962962964,0.2025873591167984,0.004600000000000001,4.213534351899164,0.04608580553433495,0.19853071429573968,0.22504020289040866,0.04500771436042137,0.0
1685296410,3.566858793722235,5.551721340628213,96.21563804640633,18.51404272697787,0.8813518125313962,18.216824382071838,16.67734400445877,1.134319800990807,10.908235780919577,13.552527198671832,0.27329677612022085,0.9326288716714513,101998865.06666666,59056810.666666664,16809301.333333332,39995255.46666667,42902459.733333334,24485478.4,184479744.0,37642240.0,9995332.266666668,51598677.333333336,3065582.933333333,9705472.0,40.19563333333333,62.997233333333334,1.9994666666666667,217.59056666666666,1.8654666666666666,36.6647,2.0661333333333336,376.78589999999997,50.2607,17.933100000000003,0.08699109215439811,0.1826512241998053,0.6342910052910055,0.20653317452093314,0.004630869130869131,4.245482980084113,0.044075606684981686,0.20258253526008566,0.23202335306356436,0.04382413745865124,0.0
1685296440,3.2034028541418658,5.484131030796024,100.00542916401355,17.77088736571736,0.8233488843411931,18.23280287931319,17.46040012572221,1.468130517977037,10.862027592272543,12.816726989325314,0.2827090367097024,0.9455426685456152,102055936.0,59002743.46666667,16883848.533333335,40451003.733333334,42901913.6,24949145.6,184481382.4,37514581.333333336,9715029.333333334,51565636.266666666,3015202.1333333333,9601024.0,45.666666666666664,64.24753333333334,1.8666666666666667,211.551,1.7996,41.8,1.8666666666666667,414.93333333333334,50.06666666666667,19.33373333333333,0.08397911969291792,0.1730546897918635,0.6243716931216932,0.20621533508431264,0.004649236429502084,4.162076142679738,0.040930712197159574,0.20256051093510494,0.23122768926349932,0.044878938242383495,0.0
1685296470,2.937956236474259,5.9306951644681165,99.55414797518588,18.626076867346747,0.818478411074673,17.489569069166784,18.936282075473663,1.6490609869460437,11.07637808460185,12.5484743011182,0.2581802258597497,0.9158883940436695,102883737.6,59066777.6,17030758.4,39367065.6,42903278.93333333,25004168.533333335,184492032.0,38068360.53333333,9689224.533333333,52085691.733333334,3015202.1333333333,9677209.6,37.594966666666664,69.26166666666667,1.7328000000000001,205.11236666666667,1.7328000000000001,33.993633333333335,1.9322666666666668,397.8070333333333,44.06666666666667,20.064799999999998,0.08391414591859327,0.16578964658574472,0.5216947809799821,0.20567112884425734,0.004618754578754578,4.121297960211291,0.04012300893550893,0.20379171793089285,0.22723620218491,0.04730200207626129,0.0
1685296500,3.1100182061050483,6.816611007513444,99.05502993558744,17.915124310453475,0.8727485712282363,18.505257603553712,18.187930001030775,1.2425675514465269,10.236880537427501,13.871513062216838,0.2776215907913134,0.9313405599319696,102060032.0,59463270.4,16984473.6,40898013.86666667,42901504.0,25101926.4,184492032.0,37685384.53333333,9750937.6,51433472.0,3037320.533333333,9677073.066666666,40.06873333333333,64.39593333333333,2.5992333333333333,201.67213333333333,2.5328333333333335,35.663000000000004,2.4680000000000004,387.59509999999995,57.27773333333333,18.0845,0.08065290983343316,0.1754608336542392,0.609314622802526,0.19781517315735006,0.004600000000000001,3.9119118587525836,0.03986111111111112,0.2040685757487637,0.22689925967937766,0.04574675790418496,0.0
1685296530,2.9011253072160703,6.132290899335905,97.51321471800787,17.946258793254927,0.8912694246618034,18.32248694919944,17.42111595791839,1.5818049203366624,11.609054271658518,13.434781604149874,0.27875107428330814,0.9710029693143472,101758566.4,59093401.6,16795101.866666667,40016964.266666666,42903278.93333333,24534493.866666667,184496674.13333333,37636232.53333333,9838318.933333334,51433472.0,3070634.6666666665,9737693.866666667,53.51023333333333,99.9291,4.6004,299.70930000000004,4.4008,50.733333333333334,4.333200000000001,557.5984000000001,70.86666666666666,31.06673333333333,0.07360317571408122,0.20176318062418158,0.7447985625485626,0.17747818778629712,0.004600000000000001,3.5156810496185527,0.03834668803418804,0.18756396864533834,0.22466769350666047,0.04112586088313823,0.0
1685296560,1.956669826107949,5.69922953026066,99.43923040949657,11.548041126339344,0.9038005419729889,18.189372040712904,12.029516859515459,0.7788004303727454,10.395230435901572,9.272650314990496,0.4260666894449456,1.2833450695261364,101667362.13333334,59079884.8,16906649.6,40702498.13333333,42901640.53333333,22475844.266666666,184500224.0,38155059.2,9929659.733333332,51433472.0,3084561.066666667,9582182.4,59.26233333333333,101.03103333333334,4.196433333333333,325.63826666666665,4.331733333333333,51.785833333333336,4.198133333333334,563.8876,72.7503,30.450966666666666,0.03980740126779902,0.1349989622208875,0.3887470376845377,0.08755219068903562,0.004600000000000001,2.2616146796644983,0.01662797470113984,0.09995585896269275,0.1686027742967058,0.023302166599914555,0.0
1685296590,1.5256978020663496,5.855828907078763,99.99765847349444,8.157182986191746,0.9313592274529469,18.64900633633223,7.921817038525102,0.4323472021655625,9.777915033439307,6.581552636262841,0.5221385785037744,1.3093244588443225,101557316.26666667,59074150.4,16892040.533333335,40426427.733333334,42915293.86666667,22257937.066666666,184500224.0,38234248.53333333,9756945.066666666,51433472.0,3062715.7333333334,9635430.4,59.5404,111.18509999999999,4.866666666666666,306.45366666666666,4.733333333333333,54.2,4.733333333333333,612.8417666666667,75.8113,34.137100000000004,0.005301735437748283,0.015510801982866607,0.06804298756798759,0.0069214226338006465,0.004600000000000001,0.4187309123730747,0.004740969633709094,0.007340819448284153,0.016827985227693566,0.004733635078819571,0.0
1685296620,1.643120719649878,5.601693241863677,98.42381709298655,9.351417555560632,0.9155567239874213,18.300008356795516,8.549645708175177,0.5222979653640901,9.799943063909135,7.711645057566106,0.48486854494934467,1.3116802164592871,101564416.0,59124394.666666664,16737894.4,39800149.333333336,42901504.0,23443046.4,184502545.06666666,38173354.666666664,9978675.2,51433472.0,3151872.0,9764317.866666667,41.805899999999994,78.34263333333334,2.8650666666666664,245.96153333333334,2.7984,34.9887,2.731733333333333,406.31696666666664,52.3776,20.930166666666665,0.015358457088112601,0.06438793495194207,0.1660733125942684,0.04002355740362663,0.004600000000000001,1.0323641228166984,0.007815187562111107,0.03346083477899236,0.05362817026543624,0.0070517702788341395,0.0
1685296650,2.9193211704465,5.5017430261633296,98.17942108252556,16.338581600066913,0.8515760005898316,18.583645071736047,13.69505957315666,0.9378238638564642,11.024365872486328,11.56480780956434,0.32706683193243025,1.0504596153573995,101627767.46666667,59158937.6,17219857.066666666,39159398.4,42901504.0,25790327.466666665,184504320.0,38528614.4,9955328.0,52276292.266666666,3037866.6666666665,9441826.133333333,34.01033333333333,70.21350000000001,2.1344,239.35133333333334,2.5343999999999998,33.06666666666667,2.667466666666667,386.1813,48.667233333333336,23.937633333333334,0.06136395484472546,0.13931652031898473,0.49118560606060613,0.16069998655470014,0.004600000000000001,3.5305817027684925,0.03492424242424243,0.15674721026666044,0.18921307365955567,0.031600076665931454,0.0
1685296680,3.094993583567534,6.316920118971807,100.00681481690614,18.432018447313105,0.8392986824266392,18.236666167466733,16.684029738956195,1.5734491501554546,11.82136417779007,13.651027512846799,0.2714597923895959,0.9742052702161906,101641284.26666667,59071146.666666664,17156505.6,39565038.93333333,42903961.6,24973312.0,184504320.0,38762905.6,9872725.333333334,51433472.0,3018752.0,9569348.266666668,37.99046666666666,69.45946666666667,2.4,197.76773333333333,2.3333333333333335,31.733333333333334,2.2,374.53616666666665,51.002833333333335,19.468666666666664,0.08092959098778806,0.15762412185749372,0.6121672325495855,0.19775010682567876,0.004600000000000001,4.140664860112865,0.04819391025641026,0.202987457083575,0.22361361232784543,0.04720901770109622,0.0
1685296710,2.2166888323767666,5.982266514394322,98.28316840206826,17.445037123500164,0.834627692435988,17.348661729347707,18.521643771573647,1.8697379788650912,11.023130226529462,14.280353987676579,0.2591387083710279,0.9353489156795207,101776588.8,59080157.86666667,17645294.933333334,38709248.0,42903825.06666667,24433186.133333333,184517836.8,38462395.733333334,10145792.0,51433472.0,3095756.8,9884194.133333333,41.268566666666665,57.655,1.7992,215.23763333333332,1.9994666666666667,35.93333333333333,2.1988,392.59883333333335,55.6537,22.064833333333336,0.08167116491239475,0.18026093322853223,0.6097857142857143,0.19847068368677548,0.004600000000000001,4.004961553335513,0.04540740740740743,0.2050058869424675,0.22361709646206096,0.04814388491546484,0.0
1685296740,2.1094379687724887,5.342752653403769,97.15882226747051,17.113634919637594,0.8735188672534477,18.401701077982327,17.79244349611336,1.586394338026563,10.799855623469709,14.014062484845827,0.2578387105133649,0.9052269010854684,101789696.0,59101184.0,16911018.666666668,39151752.53333333,42903415.46666667,25009902.933333334,184567398.4,38841275.733333334,9944814.933333334,51433472.0,3021482.6666666665,9727317.333333334,39.13333333333333,63.8008,2.6005333333333334,196.33706666666666,2.4672,38.6,2.2009333333333334,361.67136666666664,47.2012,19.9344,0.0866009260245746,0.2773864499703979,0.8152449494949495,0.19902179180774018,0.004685790444825935,4.0016538915521105,0.0444659090909091,0.20188483104662044,0.2317803099311992,0.04528940063101156,0.0
1685296770,2.227640606038949,6.313934930290982,98.27429934977887,17.867405694803853,0.8305967903092654,18.538993095983407,18.556860937021053,1.597130898355762,11.168699965383327,12.920301084462004,0.24774184031038135,0.9164842060943283,101771673.6,59150882.13333333,16807253.333333332,38978082.13333333,42902186.666666664,25968093.866666667,184645085.86666667,38813969.06666667,9953962.666666666,51433472.0,3016840.533333333,9692774.4,39.66096666666667,62.655033333333336,2.1333333333333333,187.49523333333335,1.8666666666666667,36.514133333333334,1.6,388.61696666666666,52.16063333333333,19.398933333333332,0.0876264383819812,0.24888410209190404,0.8075531135531137,0.2003625910653675,0.004708104311868102,4.150621705287702,0.043013888888888886,0.20063419858019363,0.23499252507467147,0.04534411607887289,0.0
1685296800,3.2391358306415077,6.791451525939424,98.79946922885932,18.28148378684039,0.82597393694098,17.77730975467969,18.207956263549338,1.562575132998881,12.563843906112343,13.878211553809667,0.27186454097530216,0.9588610784809295,101785190.4,59161941.333333336,16948155.733333334,38981358.93333333,42903415.46666667,25349324.8,184754176.0,38859434.666666664,10408209.066666666,51433472.0,3017659.7333333334,9671748.266666668,36.266666666666666,84.26666666666667,2.6,223.4,2.533333333333333,31.533333333333335,2.466666666666667,385.8,43.733333333333334,20.266666666666666,0.084573867188414,0.18945244183054635,0.5872895814115949,0.2010758654510652,0.004617391304347826,4.03212873242748,0.03933407738095238,0.20287848557936608,0.22612370742411567,0.04695547484371714,0.0
1685296830,2.929285697143388,5.982935156640222,95.5915584886593,18.070384112044856,0.8996479452894104,18.181142074901285,17.959074841156767,1.1845320856417216,10.81142302722596,13.019178400354928,0.30861129660197534,1.0051153949477865,101793792.0,59060633.6,16944332.8,39258112.0,42904507.733333334,24555246.933333334,184754176.0,39478067.2,9666560.0,51433472.0,3019025.066666667,9698508.8,51.18986666666667,83.58526666666667,4.3315,285.1567333333333,4.399466666666667,45.13333333333333,4.467066666666667,496.2449666666667,66.05376666666668,28.865666666666666,0.08210589361771276,0.21201034713085148,0.6641987179487181,0.18222873953313143,0.004600000000000001,3.6258161540008818,0.03512107683982684,0.1932584949038607,0.2250053159318951,0.04096365701759739,0.0
1685296860,2.112423241553314,5.3981408340742085,97.7076856866273,11.981605591868156,0.9098504337362221,18.543784217752147,12.443939573681492,0.5759039022742709,10.269460544821548,9.154113028318546,0.45184484235892314,1.2559459807455908,101766485.33333333,59145830.4,16728337.066666666,39818444.8,42914884.266666666,22875886.933333334,184754176.0,39148475.733333334,9945088.0,51433472.0,3141085.8666666667,9651950.933333334,64.0123,103.22533333333334,3.6,322.5357666666667,3.6666666666666665,53.53333333333333,3.6,596.0076333333333,79.34096666666666,29.666666666666668,0.04740337903961816,0.13226695748197134,0.3967457594148772,0.09474319092393321,0.004600000000000001,2.3621921568869677,0.014245202020202026,0.11501358187091153,0.17255515967977084,0.020728932966324203,0.0
1685296890,1.7066410520025848,6.598123482769196,97.79248088869471,8.324870916279371,0.8670856679783069,19.333702068025254,8.184889611017372,0.37955666934071985,10.428971358516867,6.702473411865925,0.5281073370527595,1.3564922391893777,101539976.53333333,59200034.13333333,16822681.6,40111172.266666666,42904644.266666666,22739626.666666668,184754176.0,39148202.666666664,9900168.533333333,51433472.0,3149824.0,9510912.0,56.4,94.66666666666667,3.6666666666666665,302.0,3.3333333333333335,50.13333333333333,3.3333333333333335,542.4605666666666,72.7939,29.6,0.005421596239075512,0.008916801538004627,0.060225223677162654,0.007967328376293485,0.004600000000000001,0.344487483175056,0.0046642716202953205,0.0076513642243257,0.014445013406908163,0.004846839111879265,0.0
1685296920,1.9033334189163245,6.782169704480982,98.88020491894295,10.36844895986455,0.9308113143221802,18.97592959435895,9.489618167541463,0.5535514839039359,10.650996410892704,7.339902235910183,0.4726873860512837,1.3346066149580058,101531648.0,59145011.2,16801928.533333335,39783355.733333334,42964582.4,24140185.6,184758272.0,39528448.0,10016358.4,51433472.0,3098350.933333333,9615086.933333334,40.333333333333336,67.4,2.466666666666667,218.53333333333333,2.4,34.0,2.466666666666667,381.55873333333335,51.825399999999995,20.533333333333335,0.01766786327526885,0.03857398830725471,0.14113973662616408,0.04240785495085765,0.004600000000000001,1.0220858936201458,0.00913774300699301,0.04309041773101802,0.06712865591528253,0.010019187948226397,0.0
1685296950,2.6487156102207723,6.28014822695889,98.39328964587145,17.5844105551714,0.8343780191709728,18.005491484092392,15.969649072201118,1.4088490930470232,11.908490729908717,11.652680709615485,0.3265019662269415,0.9900246862137385,102738329.6,59076608.0,16902007.466666665,38967705.6,42958848.0,25035844.266666666,184769740.8,39228757.333333336,9901397.333333334,51433472.0,3135078.4,9717350.4,38.266666666666666,67.4,1.8,224.4,1.6666666666666667,34.266666666666666,1.6666666666666667,372.1333333333333,46.6,14.333333333333334,0.065502977861425,0.13190532061420568,0.4271973285335354,0.17272949415197497,0.004600000000000001,3.686164788126158,0.03314277389277389,0.1753601233404668,0.2082789034721868,0.04031326915679393,0.0
1685296980,2.927422741957712,4.927857653257981,100.01745079830786,20.764142175321034,0.8091181435009994,15.77991551472043,15.786655283090523,1.7323861624619223,12.303948154755433,12.872479211441027,0.2610584681228213,0.9144528294300072,101838848.0,59092992.0,17203200.0,38928384.0,42901504.0,24981504.0,184770560.0,39206912.0,10174464.0,51433472.0,3014656.0,9932800.0,54.0,104.0,0.0,218.0,0.0,28.0,0.0,312.0,50.0,8.0,0.07888888888888888,0.1822067039106145,0.45705128205128204,0.20341246290801185,0.0046,4.140522875816993,0.04203125,0.20103925444789608,0.22771994134897364,0.05124999999999999,0.0
