time,adservice_cpu,cartservice_cpu,checkoutservice_cpu,currencyservice_cpu,emailservice_cpu,frontend_cpu,main_cpu,paymentservice_cpu,productcatalogservice_cpu,recommendationservice_cpu,redis_cpu,shippingservice_cpu,adservice_mem,cartservice_mem,checkoutservice_mem,currencyservice_mem,emailservice_mem,frontend_mem,main_mem,paymentservice_mem,productcatalogservice_mem,recommendationservice_mem,redis_mem,shippingservice_mem,adservice_load,cartservice_load,checkoutservice_load,currencyservice_load,emailservice_load,frontend_load,paymentservice_load,productcatalogservice_load,recommendationservice_load,shippingservice_load,adservice_latency,cartservice_latency,checkoutservice_latency,currencyservice_latency,emailservice_latency,frontend_latency,paymentservice_latency,productcatalogservice_latency,recommendationservice_latency,shippingservice_latency,frontend_error
1685209170,1.5858741375904233,6.479845976318206,1.9599191460159062,8.123740090297874,1.0669639173737837,18.815727232592998,7.689067942113464,0.44250245506069,12.327542240459293,6.617588138610909,0.6591582584961079,1.6185416113631064,95458067.6923077,53349297.23076923,11674860.307692308,41867421.538461536,42288994.461538464,17269051.076923076,75167113.84615384,40293139.692307696,9761555.692307692,47086040.615384616,3022690.4615384615,9225924.923076924,61.38461538461539,103.92307692307692,4.769230769230769,309.38461538461536,4.302115384615385,54.38461538461539,4.153846153846154,596.2375769230769,74.6221923076923,30.076923076923077,0.004599771244114179,0.004749220478072847,0.04890500480938135,0.004646230072153998,0.0046,0.2196161856505568,0.004611257779766505,0.004774113428451064,0.009229228360738116,0.00463958605586201,0.0
1685209200,1.654603187749378,7.254987196734786,2.040317327732949,8.042405479528796,1.060201651672345,18.945233217837806,7.7826140948832,0.45192484615008777,12.670504627308109,6.698244187637659,0.6760978054221239,1.6295102455290407,95394474.66666667,53359001.6,11671552.0,39676313.6,42288878.93333333,17228322.133333333,75169792.0,40243336.53333333,9436637.866666667,47074645.333333336,3011379.2,9464354.133333333,61.32803333333333,110.7111,3.9328,333.42379999999997,4.261833333333334,55.77943333333334,4.599733333333333,612.5648666666667,81.4802,33.21123333333333,0.004605283710196046,0.004764711407209892,0.048233718512261256,0.004644258908352449,0.004600000000000001,0.2196462167332673,0.004628165650845078,0.004789108699557882,0.009230080429691534,0.004627996507307947,0.0
1685209230,1.6650913193058656,7.380896700098431,1.9467456102622525,8.262375875381235,1.0755082238015612,19.23775222359576,7.82365801508011,0.47591587542971053,12.867194250271007,6.845300959320796,0.6548461325567938,1.6627399702677395,95371264.0,53371562.666666664,11476445.866666667,40241288.53333333,42288332.8,17174118.4,75185220.26666667,40387652.266666666,9583138.133333333,47069047.46666667,2966732.8,9499716.266666668,60.2,98.76693333333333,3.8,313.26666666666665,3.6008,52.149966666666664,3.7518333333333334,545.4100666666667,71.61006666666667,28.179,0.004610016367757946,0.004814456225353093,0.04807291327006091,0.004644720646065922,0.004600000000000001,0.21969288633349066,0.004619372686326451,0.004785302418278006,0.009218668484116989,0.00461888449387946,0.0
1685209260,1.6778003827527574,7.264210597982452,1.8543529382077926,8.130165303167823,1.0270713567566296,18.705496270445785,7.81311151190272,0.41945934665233764,12.188736694962637,6.506080939964941,0.6752450526167036,1.652375189098356,95462331.73333333,53413205.333333336,11579801.6,40346965.333333336,42287786.666666664,17173162.666666668,75206929.06666666,40744004.266666666,9617954.133333333,47171174.4,2967688.533333333,9393356.8,60.333333333333336,100.86666666666666,3.6,309.53333333333336,3.5951666666666666,53.86666666666667,3.6666666666666665,575.2,74.26666666666667,30.266666666666666,0.004604676719797183,0.004811469382415914,0.04801954551106856,0.004652181639110419,0.004600000000000001,0.2203317020557751,0.004604958677685951,0.0047953000177445035,0.00921669027465832,0.004614727457623991,0.0
1685209290,1.6230085886626215,6.862604240666858,1.8800171177787421,8.062036099943727,1.1028900407325504,19.276678458250565,7.663192023932082,0.44702873288387096,12.24757849626337,6.777486156089375,0.6445420972059879,1.6003696687387536,95561591.46666667,53341388.8,11725073.066666666,40844765.86666667,42287104.0,17129745.066666666,75236556.8,40514355.2,9749026.133333333,47154790.4,3037593.6,9466675.2,54.26246666666667,101.61886666666666,3.6666666666666665,313.3462666666667,3.1951666666666667,49.443099999999994,3.466666666666667,563.8659333333333,78.08146666666667,30.270699999999998,0.0046069046552955914,0.00482706466981485,0.04747580118506765,0.004693562778666302,0.004600000000000001,0.22597004260828682,0.004630243768740054,0.0048486818028720255,0.009407269585787562,0.004618402346934304,0.0
1685209320,1.6084319503306752,6.355486093356027,1.689696210520366,7.919726652778724,1.0212768820374283,18.509878227376205,7.573447149954665,0.4295558087742784,11.955712670153664,6.462943564024983,0.6205236631290497,1.5213675544369092,95618116.26666667,53349990.4,11769992.533333333,42143061.333333336,42287104.0,17485550.933333334,75247616.0,40694988.8,9622323.2,47077785.6,3056708.2666666666,9503948.8,55.9368,99.73816666666667,3.533866666666667,309.4171333333333,3.2623666666666664,50.93333333333333,3.466533333333333,549.4904666666666,72.33716666666666,30.333866666666665,0.004607816313310188,0.004855798008409557,0.047760609199245144,0.004699684385570471,0.004600000000000001,0.22767708449850674,0.0046287180799109255,0.004846585569475355,0.009461022608506215,0.004631595972233204,0.0
1685209350,1.6170738246972054,6.8867098955666455,1.7222309569400698,8.116230797952511,0.9765037466581208,18.886634806221668,7.548490182470216,0.4217890134550951,12.30326976328612,6.392235725967263,0.6549106467286442,1.5525386482016508,95729254.4,53346304.0,11454600.533333333,39851076.266666666,42291063.46666667,17685435.733333334,75277789.86666666,41011200.0,9533440.0,47069047.46666667,3003323.7333333334,9476915.2,63.98943333333333,95.97753333333334,2.332666666666667,310.41776666666664,2.2,52.34676666666667,2.0669333333333335,546.0293333333333,71.15673333333334,25.0675,0.004642783194474613,0.004855142829266164,0.048539668234904,0.004683440292808408,0.004600000000000001,0.2279965938831647,0.004648037361790811,0.0048239743100833956,0.009412197764091933,0.0046398413950217866,0.0
1685209380,1.592375516576229,5.541281043488751,1.508082253009927,7.953493450699196,0.9694846815739717,17.96160562491215,7.486738568435159,0.4096451012880143,11.715298548010754,6.321913467525088,0.6225434791623675,1.4662432754559553,95981568.0,53292782.93333333,11543210.666666666,40985122.13333333,42288469.333333336,17378372.266666666,75350425.6,40931464.53333333,9610717.866666667,47067955.2,3044693.3333333335,9327411.2,55.24753333333333,91.79363333333335,2.798666666666667,288.86800000000005,2.7336,48.67346666666666,2.4710666666666667,511.72796666666665,69.52926666666667,24.929166666666667,0.004746753897946038,0.006003292156734634,0.049031664979604005,0.004779908791576252,0.004600000000000001,0.2592507780641891,0.004684955009938454,0.005161855968246738,0.010048375196917881,0.004668705588099538,0.0
1685209410,1.4816647595155528,4.887648858229685,1.5612023605794192,7.493706699825803,1.0392633410891559,17.21476432488866,7.414547536096853,0.5091843934867825,11.979886050680555,6.453522091587266,0.6233914241154253,1.4418951205873285,96326724.26666667,53275033.6,11536793.6,39503735.46666667,42287104.0,17521868.8,75413094.4,36095180.8,10109883.733333332,47069457.06666667,3030220.8,9489066.666666666,57.53333333333333,103.6,4.0,317.8666666666667,3.7903666666666664,49.86666666666667,3.3324,569.2,77.4,26.866666666666667,0.004960883109641713,0.11802713571592688,0.05179919849417682,0.004939583930393232,0.004600000000000001,0.4414141410530528,0.004627840138296585,0.007618205802362447,0.017693721199034635,0.004696016933046278,0.0
1685209440,1.5212065140828512,4.688260191765221,1.8339962524397486,8.021513950539616,1.0938366529386003,17.374620143932933,7.513672124334935,0.49485340837053576,11.204492018408642,6.664030302353712,0.6049166813995756,1.5847456721967361,96464896.0,53225608.53333333,11603968.0,40404172.8,42287104.0,18504089.6,75423061.33333333,35154875.733333334,9819204.266666668,47068774.4,3043601.066666667,9412198.4,62.133633333333336,100.00136666666667,4.995633333333333,316.79696666666666,4.6,53.81013333333333,4.6596,561.1930666666667,70.70863333333334,31.316466666666667,0.005368923227695132,0.19661480150393654,0.070770512646946,0.0053759379483983,0.004600000000000001,0.4609215854059837,0.004615582275297394,0.007838786052797869,0.018518492802985044,0.0046779294821890265,0.0
1685209470,1.5728429007345113,5.633343469817748,1.9350514516287043,8.174063498511018,1.0444087155880142,18.42812058571267,7.555812606235564,0.44794646159071355,12.11694931790866,6.684603941969185,0.6530310841468812,1.6348358396257785,96134621.86666666,53296605.86666667,11715788.8,40165785.6,42289561.6,17609796.266666666,75423744.0,35568435.2,9945361.066666666,47104000.0,3054114.1333333333,9481966.933333334,56.8,104.66666666666667,4.933333333333334,319.0,4.4568,53.4,4.065333333333333,587.7301333333332,75.26346666666667,32.46666666666667,0.004819241361334465,0.013628000338912278,0.050818349599773716,0.004842389860464572,0.004600000000000001,0.2865765704066264,0.0046647737221185755,0.00552933802175684,0.010857546719237304,0.004636958034829994,0.0
1685209500,1.5598461717327727,6.70196504095667,1.9911757463632562,8.235708312251157,1.1265089683502565,18.598716048061966,7.789818275730513,0.4403707409083247,12.668437716736657,6.613430285013048,0.7243429166133043,1.7096644721394425,95821141.33333333,53321591.46666667,11504162.133333333,40637098.666666664,42288878.93333333,17451690.666666668,75423744.0,35366775.46666667,9819613.866666667,47150830.93333333,2971511.466666667,9337651.2,59.008066666666664,101.14686666666667,3.267333333333333,309.1905,3.4069333333333334,52.333333333333336,3.4006666666666665,549.2452666666667,71.16556666666666,27.326433333333334,0.00464997679253601,0.004823227007445062,0.048988331844097004,0.004670861231968607,0.004600000000000001,0.22679144109473537,0.004679947954757073,0.0048669774764809985,0.009383796255506486,0.004615297120360287,0.0
1685209530,1.6199176655041372,6.820654838380053,1.8500176084634308,8.053293041110045,1.0366804803205365,19.500046273168987,7.705619596836553,0.45600511915493835,12.747322463519703,6.65585605930348,0.7116182088933496,1.6639779217235442,95657984.0,53388902.4,11587037.866666667,39988565.333333336,42289834.666666664,17598600.533333335,75423744.0,35514914.13333333,9681032.533333333,47070958.93333333,3032268.8,9347072.0,61.5402,102.0189,3.7333333333333334,311.43926666666664,3.614633333333333,52.95473333333334,3.7479666666666662,574.2245,73.28009999999999,29.30816666666667,0.0046168338974539695,0.004779963881571492,0.048525397315968964,0.004658189387179999,0.004600000000000001,0.22208925517737818,0.004661110029817493,0.004856561882765142,0.009295509115195359,0.004632123640920167,0.0
1685209560,1.7457228762813923,6.727965647290892,1.785170485966924,8.575506470788904,1.1058766667309923,18.661068118403076,7.8431905928485754,0.4185417978949531,12.695539513933168,6.774632423447115,0.6802723732111409,1.5849268752235839,95680102.4,53429725.86666667,11526553.6,39337984.0,42287104.0,17590545.066666666,75423744.0,35468356.266666666,9586005.333333334,47071641.6,3022574.933333333,9373013.333333334,60.53333333333333,104.33333333333333,4.533333333333333,350.4,4.4,54.4,4.0,567.543,74.67633333333333,29.869066666666665,0.0046289279572269935,0.004816959312802547,0.04918525313209724,0.004687398307311222,0.004600000000000001,0.22567789648064504,0.004628007273590467,0.004862372657874025,0.009322928657950895,0.004652047527826424,0.0
1685209590,1.6797154845617988,7.3235349812028,1.997513639939636,8.764664768598157,1.10956196421958,19.305470741651153,7.957699948218452,0.43923789360948357,12.841479240157408,6.563003043740647,0.6865894259687708,1.6707259815101023,95618935.46666667,53445973.333333336,11588949.333333334,40072396.8,42287104.0,17453738.666666668,75423744.0,35582498.13333333,9960106.666666666,47067136.0,2971784.533333333,9488793.6,57.666666666666664,97.46666666666667,4.2,308.46666666666664,4.2,53.53333333333333,4.266666666666667,556.9333333333333,74.13333333333334,30.666666666666668,0.00462378679196283,0.00481463880650331,0.051071428844239396,0.004680844305272076,0.004600000000000001,0.22747051303051086,0.0046084955752212385,0.004855525206427226,0.009371913365348438,0.00466475546601967,0.0
1685209620,1.6672897782548144,7.04541739163524,1.929027462629439,8.380731363386168,1.0811218639383489,19.2849814422912,7.699544478986138,0.4567793044513531,12.650844943056029,6.416814357900141,0.7379103517455259,1.7929148782363034,95680102.4,53389448.53333333,11668684.8,40079086.93333333,42288059.733333334,17587131.733333334,75427566.93333334,35125930.666666664,9710933.333333334,47067136.0,3013154.1333333333,9544908.8,63.0615,98.35303333333333,4.132133333333333,328.29793333333333,4.060433333333333,56.599399999999996,3.7325333333333335,577.4876,73.72656666666667,32.264266666666664,0.004637666841631665,0.004870451560364969,0.04947210678825307,0.004687529266331269,0.004600000000000001,0.22867188120187962,0.00468838350437954,0.004904401810273708,0.009473175202202313,0.004669516100937629,0.0
1685209650,1.5474579105502861,6.015709759138583,1.8861948005757692,8.154204048745735,1.102340728714712,18.80171402813853,7.81064301390534,0.4831787474759841,12.771646972068487,6.76999648522978,0.692215343409328,1.7337633004295019,95787690.66666667,53329100.8,11730670.933333334,39971771.733333334,42337211.733333334,17815552.0,75432891.73333333,35542220.8,9827259.733333332,47067136.0,2970828.8,9351850.666666666,60.93333333333333,96.13333333333334,3.1333333333333333,290.2,3.732133333333333,50.6,3.466666666666667,549.1333333333333,71.2,27.066666666666666,0.004663327546819769,0.005189115643691477,0.04920798087763997,0.004735791400088464,0.004619076001502534,0.2351652322566319,0.004682938963019279,0.004991887202206087,0.009558819821205591,0.004658247666277434,0.0
1685209680,1.5528865094244104,5.63422961607318,1.752583788902983,7.866119395888155,1.0812757651516927,18.94065344056965,7.707622718308532,0.46834432864738235,12.497546890203342,6.315752423850596,0.6605110459735013,1.6547206527031757,95834112.0,53354905.6,11694899.2,40098747.733333334,42360832.0,17473536.0,75440674.13333334,35528567.46666667,9568938.666666666,47068501.333333336,2962773.3333333335,9361271.466666667,58.86666666666667,101.13333333333334,3.3333333333333335,312.0,3.533333333333333,51.333333333333336,3.466666666666667,561.4,76.2,27.933333333333334,0.004639495481698419,0.005327056798751457,0.04913415384523204,0.004738697493635712,0.004632953972777356,0.2344754959893139,0.004615246928916494,0.004995747540996531,0.009612711511399308,0.004650147441238783,0.0
1685209710,1.598924802074945,5.402799950758572,1.8078096251527935,8.061464187183692,1.0889182217238516,18.84975816745903,7.445417886811959,0.3960189525104866,12.013083964130884,6.503917467836162,0.6665197259150447,1.6081561909640385,95774720.0,53351082.666666664,11617075.2,40103389.86666667,42363016.53333333,17369497.6,75444224.0,35406370.13333333,9664238.933333334,47067682.13333333,2973149.8666666667,9443328.0,58.4,93.8,3.8666666666666667,305.06666666666666,4.333333333333333,49.6,4.0,538.8,72.8,28.0,0.0046145650461466015,0.004900885263971157,0.04946496794961526,0.004697795838322869,0.004611582919563059,0.22608532129058612,0.004635460566029934,0.004884365290406051,0.009508853236358647,0.004632040190780112,0.0
1685209740,1.6005447589386257,6.627263179158257,1.9919364801324817,8.281874025735418,1.04537298292059,19.48721349571964,7.5141271917634205,0.4385009582989149,12.91619692632214,6.39874557052494,0.6637751632821346,1.660295350860974,95715328.0,53389994.666666664,11800029.866666667,40154862.93333333,42360832.0,17270784.0,75446272.0,35284582.4,9527022.933333334,47067136.0,2970828.8,9355537.066666666,60.67963333333333,102.77156666666666,4.600666666666667,340.9524666666667,4.613866666666667,53.188599999999994,4.668833333333334,578.2723333333332,76.19623333333334,30.810533333333336,0.004606331831505593,0.004801007962337335,0.04972681471953674,0.004659002793807183,0.004600000000000001,0.2213273921299626,0.004646908854806771,0.004817204165304943,0.009241413025273298,0.004617554091317066,0.0
1685209770,1.6337807459926244,7.239855693439827,2.052351534670487,8.611143583822047,1.0937052375709417,19.165521649675277,7.987852963898837,0.45333578275381886,12.535013707891007,6.708917909434539,0.7220542422945305,1.72831752933595,95615931.73333333,53389312.0,11529830.4,40910574.93333333,42360832.0,17471214.933333334,75460061.86666666,35188189.86666667,9589009.066666666,47067136.0,3028309.3333333335,9322905.6,57.8,100.13333333333334,4.4,311.1333333333333,4.2004,51.333333333333336,3.8666666666666667,561.0666666666667,72.46666666666667,31.0,0.004602450217482111,0.0047798921148435765,0.04928019390735723,0.0046565245569870324,0.004600000000000001,0.22206868381224754,0.0046293422481626535,0.004829217936363681,0.00918075506661028,0.004618777791356345,0.0
1685209800,1.6213120567076422,6.52649314203414,1.9594844009167902,8.467413798418297,1.077760246655089,19.44006847395564,7.666457467280101,0.42993161557273224,12.997274361800615,6.524685057047421,0.6779268278138579,1.6643143283168556,95582071.46666667,53365145.6,11394389.333333334,41841868.8,42364928.0,17390796.8,75479040.0,35291682.13333333,9513369.6,47069047.46666667,2992128.0,9382024.533333333,61.39893333333334,103.2575,3.132833333333333,322.2972,3.069366666666667,53.60556666666666,3.535766666666667,571.8675000000001,73.02623333333332,29.651933333333332,0.004600410064367,0.0047958899448226865,0.04885178766321045,0.00467695086871917,0.004600000000000001,0.22437262269290814,0.004624452977283062,0.004808269366960164,0.009227704086550121,0.004615085876997319,0.0
1685209830,1.6388276953962975,5.882587938859005,1.8581925074450494,8.131247876468196,1.059494868747757,18.110845075422375,7.572526158185533,0.4623870217522466,12.471483267041124,6.5861596895863075,0.6716448933612228,1.6275384383775884,95548620.8,53338112.0,11681518.933333334,39976004.266666666,42364928.0,17242385.066666666,75583897.6,35573896.53333333,9305702.4,47067136.0,3062442.6666666665,9474594.133333333,53.147166666666664,90.21683333333334,3.267333333333333,290.325,3.477933333333333,46.415499999999994,3.466666666666667,548.0622999999999,73.75486666666667,28.862633333333335,0.004631614436840905,0.004856165817287308,0.04830030156606579,0.004704754961190976,0.004600000000000001,0.2283796344653096,0.004634234910133168,0.00482681575469166,0.009353450751285812,0.0046205908067553335,0.0
1685209860,1.6377312245424134,5.704140153212652,1.6920539371171728,8.18790345753196,1.0035609039869486,18.078258838588802,7.616008508559497,0.41459928543296093,12.16344418822875,6.619080208935456,0.6233456666915539,1.5963190914195537,95759291.73333333,53366784.0,11476582.4,40187767.46666667,42364928.0,17188044.8,75603968.0,35447876.266666666,9437593.6,47115195.733333334,3070907.7333333334,9437730.133333333,62.333333333333336,107.13333333333334,3.933333333333333,328.73333333333335,3.6723,54.86666666666667,3.6,575.7333333333333,73.06666666666666,30.6,0.004693832206647984,0.0049466877779165384,0.0483679997192542,0.004750913223273587,0.004600000000000001,0.233896692670666,0.00461151672698797,0.004902626767572619,0.00954584369755267,0.004638314341068467,0.0
1685209890,1.6249934040532368,5.594241112778784,1.8078923998242284,8.262259481801614,1.0596886432231527,18.81264615651436,7.724975836741524,0.4488338194638402,12.385026178394185,6.500144922507548,0.6248311716078819,1.5830655395232915,95854592.0,53342617.6,11489553.066666666,40922589.86666667,42364928.0,17676697.6,75608064.0,35744699.733333334,9627784.533333333,47067136.0,3059848.533333333,9318400.0,58.46106666666667,95.28563333333334,4.467066666666667,321.3274333333333,4.604733333333333,49.756766666666664,4.332933333333333,556.4026333333334,73.04933333333334,29.132033333333332,0.004687267627090788,0.005552188114380547,0.0492236671857706,0.0047771989445721695,0.004600000000000001,0.23856943087947827,0.004627140002531959,0.004939983990969214,0.009674877533760158,0.0046314309817158585,0.0
1685209920,1.5862509408026584,5.986836851434091,2.065218142160202,8.404323770434303,1.1087312436746148,17.98871714214654,7.726418269853394,0.45754230258353973,12.173202650749513,6.673484136129825,0.6942644639663444,1.688977525522045,95854592.0,55595827.2,11770675.2,39622929.06666667,42366702.93333333,17356117.333333332,75617484.8,35660595.2,9838865.066666666,47067136.0,3034453.3333333335,9447697.066666666,56.99653333333333,95.86666666666666,3.6,286.1846,3.7389666666666668,49.47776666666667,3.7333333333333334,559.4902999999999,76.26666666666667,29.866666666666667,0.004664831716356458,0.00494474248940567,0.049521043452300614,0.004761965574528848,0.004600000000000001,0.23792425496327171,0.004651682195796415,0.00494384311178876,0.009599797182559235,0.004624156537947269,0.0
1685209950,1.614537533317038,6.588677963465534,1.9513811134019663,8.040417515895774,1.0831881338950275,19.242182666184625,7.705389281669127,0.4376507378419225,13.073580769106792,6.68072067934552,0.7032875866253167,1.7180538600047914,95934873.6,53412659.2,11686434.133333333,41673796.266666666,42364928.0,17302323.2,75621307.73333333,35525836.8,9497395.2,47067136.0,3100398.933333333,9122065.066666666,62.26083333333334,105.38783333333335,4.2656,329.3613666666667,4.3892,53.2382,4.0027333333333335,582.3565666666667,74.874,31.264666666666667,0.004679752493325836,0.004888718897915988,0.04900748358541041,0.004711567564635912,0.004600000000000001,0.2307090790000001,0.004637248526937028,0.0048996105640167825,0.009410095346196743,0.0046411802039353555,0.0
1685209980,1.6215087720609465,6.084622651422819,1.9511497187701365,8.223425244932503,1.04250019886617,18.909638276739262,7.93436958629712,0.4545452381857845,12.590068299737313,6.544261828285459,0.6738046282573878,1.65238597266757,95981568.0,53365555.2,12069683.2,40063795.2,42364928.0,17402265.6,75630455.46666667,35369642.666666664,9569348.266666668,47067136.0,3083468.8,9333555.2,64.2406,108.15740000000001,4.268866666666667,346.7407333333333,4.6734,57.7515,4.532066666666666,580.1214,73.95479999999999,32.209266666666664,0.0046982216260106685,0.004900611710991488,0.04828233809534024,0.004685284551571818,0.004600000000000001,0.2296102242204247,0.004610771582082453,0.004897597024007338,0.009460609331344008,0.00465059484045531,0.0
1685210010,1.639206115737738,5.8451175653148395,2.006209937026635,8.569773479844137,1.0730359184566447,18.52776731179409,8.019593216511737,0.45079157528473685,12.409060922692676,6.7016638807619415,0.653239308713572,1.6109362265990874,95956992.0,53360776.53333333,11693533.866666667,40385877.333333336,42366839.46666667,17653213.866666667,75641651.2,35395584.0,9403460.266666668,47071232.0,2969600.0,9412608.0,62.06666666666667,104.34516666666667,3.8666666666666667,314.6,3.3333333333333335,54.93333333333333,3.4,566.0,71.86666666666666,27.4,0.0047017565402557296,0.0053292389119762446,0.04788554814478858,0.004723444448394559,0.004600000000000001,0.23528675760907788,0.004600000000000001,0.005133952899409416,0.009523242085998692,0.0046421558054671,0.0
1685210040,1.5956656800686069,5.1569776118908965,1.651240314314786,7.867426935297406,0.9889633440814453,18.119820693556893,7.577283953388433,0.44456194077878985,11.631698482779017,6.667823008379938,0.6096895069953006,1.4792704935706233,95976243.2,53292236.8,11638510.933333334,40913578.666666664,42364928.0,17191458.133333333,75681382.4,35639842.13333333,9650176.0,47067682.13333333,3023530.6666666665,9267609.6,65.15133333333333,107.07809999999999,3.666,306.8102,3.5948333333333333,54.29356666666667,3.933333333333333,587.7152666666666,76.46640000000001,29.934966666666664,0.00474848183506915,0.007827105622591113,0.04842689031138376,0.004809746954273468,0.004600000000000001,0.2559680710381884,0.004609818181818182,0.005841977564534156,0.010550510479951298,0.004639020403929742,0.0
1685210070,1.6397132271919912,4.99197317611221,1.6603471897443505,7.871053649719496,1.0118897648781064,17.41024446613557,7.470155016649651,0.40791259934234775,11.61405535238008,6.46503403592928,0.5915873322012095,1.503389948963108,95997952.0,53314901.333333336,11808631.466666667,39396147.2,42370116.266666666,17518592.0,75689984.0,35652403.2,9433770.666666666,47067136.0,3109410.1333333333,9520469.333333334,57.6,97.66666666666667,3.466666666666667,310.4,3.4722999999999997,51.13333333333333,3.8,544.3333333333334,72.93333333333334,28.533333333333335,0.004750666179854731,0.01412577260428906,0.04889444314914632,0.004792431002610095,0.004600000000000001,0.28283833693167776,0.004650525305280582,0.005824928772706776,0.01202833740651976,0.0046314631175136504,0.0
1685210100,1.6471047193353234,6.204953012545597,1.75675206960793,8.509588844744409,1.031364775769998,19.22878669039648,7.58068982053108,0.4514461969501534,12.272239798648476,6.668405679389404,0.6219711417212789,1.5642793978322174,95769395.2,53427950.93333333,11602329.6,40035123.2,42364928.0,17777595.733333334,75689984.0,35713706.666666664,9560473.6,47067136.0,3004552.533333333,9520196.266666668,56.86666666666667,100.13333333333334,4.0,312.6666666666667,3.7387666666666663,50.59676666666667,3.7993333333333337,557.3333333333334,74.33333333333333,31.0,0.004659051287139546,0.004876081425211701,0.048270543340068445,0.004688921828540785,0.004600000000000001,0.23025615876054217,0.004659107024709537,0.004848410225824539,0.009437365143144225,0.004644362413344613,0.0
1685210130,1.6745037477866946,6.798495216492475,1.6722793092484756,8.278587368527436,0.9668604265968779,18.846936281729782,7.631231216858073,0.41553099041249336,11.87948210694642,6.321573096021303,0.6307846729726088,1.593127088142801,95776768.0,53445017.6,11722752.0,39746355.2,42364928.0,17122508.8,75689984.0,35919325.86666667,9770325.333333334,47068637.86666667,2967142.4,9564706.133333333,59.15206666666666,98.9492,3.5347999999999997,325.84043333333335,3.9983666666666666,51.829433333333334,3.8014666666666668,544.3044333333333,70.60806666666667,28.339,0.004611341759315579,0.004753678702063761,0.04761700819400625,0.0046515454721755695,0.004600000000000001,0.220191480641753,0.004651993153612658,0.004767257938596838,0.009143212563735497,0.004659946599196867,0.0
1685210160,1.594083288572819,6.160602062200711,1.7302695045349952,8.262999913005176,0.9939440298231078,18.971044930867528,7.324371181572319,0.3785210379140399,12.361196165298416,6.269761057604419,0.6137894560770026,1.5306784881784532,95718741.33333333,53357226.666666664,11725209.6,40496605.86666667,42366156.8,17365674.666666668,75689984.0,35810235.733333334,9414792.533333333,47070549.333333336,2970692.2666666666,9404142.933333334,60.266666666666666,103.53333333333333,4.266666666666667,322.06666666666666,4.0,53.2,3.8,578.7333333333333,74.26666666666667,30.0,0.004618673935167316,0.004768628586434942,0.04754833728388936,0.004657539247061434,0.004600000000000001,0.2216929063670678,0.004670271405312492,0.004784664133694679,0.009219720382991067,0.004645640865722006,0.0
1685210190,1.628856748678846,5.607578894939121,1.6173148210093327,8.033330224632413,1.0064670255869885,18.96255085396493,7.507210488166536,0.4441953080886363,11.943691181339386,6.525488353728073,0.6401701115013476,1.4903656283318452,95776768.0,53338112.0,11795114.666666666,40645017.6,42365883.733333334,17162240.0,75698176.0,35705241.6,9393902.933333334,47070003.2,3014382.933333333,9280853.333333334,58.250099999999996,104.99956666666667,4.799066666666667,326.86336666666665,4.998433333333334,51.08513333333334,4.599466666666667,575.0867999999999,75.58066666666667,30.863,0.004630965581815136,0.004817255848850391,0.04768009964555088,0.004675686137858217,0.004600000000000001,0.226224637963491,0.004636341612067272,0.004839464533829074,0.009392040044714894,0.004636262813997014,0.0
1685210220,1.6081052366102342,5.7913850967476606,2.011515652441362,8.300402994949012,1.035333264084663,19.317441285349563,7.391003125910405,0.49413772502857384,12.528777474609514,6.528690513133955,0.6312469193687023,1.6543207399098374,95733213.86666666,53349034.666666664,11735176.533333333,40809813.333333336,42364928.0,17720934.4,75701043.2,35922739.2,9643622.4,47135539.2,2995541.3333333335,9309115.733333332,58.4,103.86666666666666,3.933333333333333,319.53333333333336,4.4,52.53333333333333,4.466666666666667,561.7928333333333,72.99283333333332,31.331733333333332,0.004619327525194296,0.004777231204371037,0.0479879251092625,0.004662349213835148,0.004600000000000001,0.22346336193819066,0.00464057009374806,0.00480811066547365,0.009303400057003815,0.004631422808333454,0.0
1685210250,1.6517084080184483,5.653058284620095,1.9932042816548483,8.319831764738531,1.0661312619584034,18.971040727890664,7.796257879989252,0.46760325698719696,12.25316866095481,6.592070782006903,0.652439336571867,1.6292013700333932,95558587.73333333,53349990.4,11617757.866666667,40204561.06666667,42364928.0,17466845.866666667,75706777.6,35816789.333333336,9693457.066666666,47069320.53333333,3104768.0,9373832.533333333,59.59076666666667,103.65213333333332,4.066,307.48580000000004,3.8666666666666667,52.55956666666667,3.8,577.7633333333334,77.98623333333333,29.887566666666665,0.0046061313238875,0.004743353634217651,0.048556374892947604,0.004652852606337339,0.004600000000000001,0.21959316101739076,0.004675583917383093,0.004770525511220457,0.009199071980986323,0.0046298197070404525,0.0
1685210280,1.5828549337154036,5.514501446168748,1.7470371052849136,7.819657658863639,1.0142654705643104,18.792653214347176,7.533059370673337,0.4268551417994005,11.523613449502998,6.263967640332065,0.638004715108402,1.4612661321245044,96043554.13333334,53389312.0,11781324.8,40954811.733333334,42364928.0,17644202.666666668,75837303.46666667,35618133.333333336,9486882.133333333,47069047.46666667,3043328.0,9399091.2,58.86336666666667,103.59536666666666,4.066666666666666,313.6422333333333,4.0,53.42126666666666,3.8666666666666667,560.7036333333333,72.13003333333333,28.198666666666668,0.004678387044624606,0.00540345271284741,0.04860253052319032,0.004773667046518717,0.004600000000000001,0.2409688701299331,0.004679657426238419,0.005063213698335974,0.009891319168989611,0.0046687142128322085,0.0
1685210310,1.5812248259639394,4.811714950739529,1.7886679648987651,8.320069592972162,1.0297641399970392,17.670156003317345,7.275648475665401,0.41261850992558796,11.096152197102613,6.461841948325341,0.5643740931777633,1.5066312470899121,96461073.06666666,53358045.86666667,11624038.4,39416490.666666664,42366702.93333333,17854464.0,75926186.66666667,35901986.13333333,9915187.2,47105911.46666667,3099170.1333333333,9557333.333333334,62.13333333333333,103.93333333333334,3.8666666666666667,322.2,3.9558999999999997,55.65313333333334,4.2,587.1333333333333,75.66666666666667,33.666666666666664,0.0048477122284684366,0.011675948882850628,0.048769173641397344,0.005207189661566852,0.004600000000000001,0.3962526793587724,0.00467204801872163,0.007393916116551819,0.016494968024031987,0.004698749603942862,0.0
1685210340,1.5453332515310063,6.045131007424002,1.9262667069789083,8.271613559404429,1.0224075718412147,18.75207749135045,7.72575588046083,0.45540139548251307,11.687004684411834,6.61917426580814,0.6301560286169738,1.6192345335962925,96468992.0,53400098.13333333,11550720.0,40331946.666666664,42364928.0,17202244.266666666,75927552.0,36124672.0,9679940.266666668,47104000.0,2973696.0,9461350.4,56.60646666666666,100.76116666666667,3.2674666666666665,315.0929,3.5524666666666667,52.4778,3.8010666666666664,576.9179,74.68563333333333,32.1091,0.00476689208502778,0.0073536290252912955,0.04892042899696071,0.00490155388241352,0.004600000000000001,0.2975892704514921,0.004693626310923129,0.006128108470775787,0.011254616694797718,0.004669974611154947,0.0
1685210370,1.5835110564017045,6.954273584275126,1.7528336582575907,8.339894987931586,1.0052074228343935,18.834648764613885,7.891347604428172,0.42183428135285445,12.273949496723693,6.648989520846637,0.6516879276372158,1.6159182414246458,96235520.0,53415116.8,11436032.0,39856401.06666667,42364928.0,17391616.0,75927552.0,36121941.333333336,9514325.333333334,47106048.0,2969326.933333333,9551598.933333334,63.266666666666666,102.8,3.1333333333333333,336.1252666666667,3.3389666666666664,53.47296666666667,3.466666666666667,573.6,72.73333333333333,30.133333333333333,0.004621945681952214,0.004792018234829077,0.04889308041325372,0.0046672113390123825,0.004600000000000001,0.22211154684356788,0.004704066804135371,0.004795358870043386,0.009131138209082668,0.004639342336490855,0.0
1685210400,1.6486467345387326,6.516062931331425,1.748390191919121,8.004480414167313,1.015683479721867,19.042438666698203,7.89603218167729,0.44599914667947976,11.802792716812977,6.593976086185365,0.6569706390156855,1.5734644722720712,96173806.93333334,53373883.733333334,11541708.8,39851758.93333333,42364928.0,17382877.866666667,75943936.0,36385041.06666667,9781248.0,47106184.53333333,3042781.8666666667,9327957.333333334,58.949533333333335,101.56153333333333,3.331233333333333,308.73580000000004,2.9368666666666665,53.27996666666666,2.9979,580.5218666666666,74.36373333333333,28.326233333333334,0.004713058736268855,0.0048877792685074325,0.04895354941215347,0.004742928704078771,0.004600000000000001,0.23087176119389569,0.004637039808737922,0.004881358072672182,0.0094415073575621,0.004635544861931548,0.0
1685210430,1.6657967354506706,5.928321648181553,1.7594926711187762,8.35381801623841,1.01354286090366,18.572251374384745,7.69874698253769,0.4231443069882478,11.64531400131611,6.766208920462872,0.6198754922513392,1.5797706661870559,96204800.0,53406378.666666664,11825834.666666666,40389836.8,42364928.0,17528285.866666667,75949943.46666667,35951820.8,9514871.466666667,47104136.53333333,3039505.066666667,9430630.4,60.4553,98.98026666666667,3.3341333333333334,313.8753666666667,3.134133333333333,51.32106666666667,3.4677333333333333,572.2282333333334,71.85163333333334,27.79393333333333,0.004743436028999399,0.006319998608463311,0.04880111414535616,0.004856002848042823,0.004600000000000001,0.2534174610338964,0.00460421052631579,0.005506721620986072,0.009799944089327023,0.004642620048092727,0.0
1685210460,1.7009831180942616,6.422820257013737,1.7755394533248778,8.337359144981313,1.071544553256739,19.11888885880666,8.142504357787763,0.4625179789193959,11.92113942194034,7.106917421577209,0.6328937221654901,1.6162729316074953,96025531.73333333,53412249.6,11651481.6,39649280.0,42364928.0,17153092.266666666,75952128.0,36095590.4,9453294.933333334,47104000.0,3070088.533333333,9287270.4,59.87526666666667,99.01613333333333,2.8672,321.60630000000003,2.7514333333333334,51.777566666666665,3.0005333333333337,558.2572666666667,72.46666666666667,27.40106666666667,0.004664793234570476,0.005795176700842459,0.04870373592962327,0.004813225129018725,0.004600000000000001,0.24529605001998694,0.004634213086010132,0.005091029758272387,0.009689438692624326,0.004658180422163172,0.0
1685210490,1.6768061120995563,5.963293704476644,1.7029498218179289,8.2247932274499,0.9912312439253552,18.79757451265378,7.71436025116272,0.43118181364311214,12.308401215159444,6.454084317493992,0.6280243097571514,1.5190320272331794,96108544.0,53449386.666666664,11524642.133333333,39768473.6,42421998.93333333,17334408.533333335,75957043.2,36512563.2,9767321.6,47106730.666666664,2967278.933333333,9513915.733333332,53.9377,93.03786666666666,4.134433333333333,289.34726666666666,3.977533333333333,52.354,3.8656,555.1614666666667,71.81173333333332,30.538766666666668,0.004655453897043137,0.0050928328680256004,0.048177700666596254,0.004751533919808508,0.004600000000000001,0.23838235304853467,0.004668139088359511,0.004939967705853889,0.009563485747014856,0.004666993089045146,0.0
1685210520,1.5461969178628368,5.568391997643995,1.718885696432497,7.378050697515726,1.016567671553056,18.42751045561565,7.521728827085707,0.40140231258718656,11.626725722537136,6.743801050506968,0.6492016093352082,1.5408415949097969,96160153.6,53350400.0,11599462.4,39710310.4,42366702.93333333,17064482.133333333,75975065.6,36379579.733333334,9830946.133333333,47105365.333333336,2967688.533333333,9466265.6,54.13333333333333,92.26666666666667,3.7333333333333334,298.26666666666665,3.4,48.28596666666667,3.8,535.4666666666667,74.33333333333333,29.8,0.004736450351823783,0.005591568980737806,0.0484627108957478,0.004823503292757627,0.004600000000000001,0.2659285035653734,0.004637136876612993,0.005333646178946985,0.009824011064798552,0.004645876593471875,0.0
1685210550,1.6392425377450157,5.2115804871613225,1.683061656521186,7.8386144193412814,1.0200098960658084,18.412996578257154,7.616283082108244,0.4031466329899788,12.051025991324035,6.568976957460037,0.6393406389251441,1.5903450875372447,96231424.0,53353267.2,11672507.733333332,40200328.53333333,42364928.0,17281024.0,75980800.0,36101870.93333333,9832584.533333333,47106457.6,2971511.466666667,9488930.133333333,61.19053333333333,99.91486666666667,3.666,323.303,3.134266666666667,53.28873333333333,3.4004,554.7352,71.14046666666667,27.07,0.004780275973331838,0.007543483645684316,0.04928115645824562,0.004848585647467454,0.004600000000000001,0.2896205012412188,0.004601224489795918,0.005971910096497628,0.010509821767722968,0.004649827501639932,0.0
1685210580,1.6191023909223452,5.876001718790664,1.7834289962320569,8.323655725264606,1.049533897992401,18.436355139959296,7.928756438520859,0.4757557888898981,11.739813268999216,6.625860868605358,0.6553112285111135,1.5120204790189418,96259276.8,53389038.93333333,11684795.733333332,40326894.93333333,42367658.666666664,18332876.8,75987080.53333333,36238677.333333336,9473365.333333334,47105774.93333333,3043328.0,9460121.6,61.8,103.6,5.066666666666666,319.1333333333333,5.151666666666667,53.733333333333334,5.0,578.4811333333333,76.52839999999999,31.197333333333333,0.004689767945931592,0.0055042565384589145,0.048876910470866744,0.0047520091008841185,0.004600000000000001,0.2388723000765717,0.004600000000000001,0.0050410149097560464,0.009666031411984662,0.004645193934426306,0.0
1685210610,1.6696111948969767,5.906058548081321,1.8747564557676424,8.881451056255534,1.046096551278377,19.19857516927399,7.668179831964826,0.47177761114162586,12.285548465774605,6.793997122438705,0.6503206872792927,1.641395122939332,96087244.8,53371153.06666667,11567104.0,40450048.0,42366020.266666666,17346013.866666667,75988992.0,36249873.06666667,9507908.266666668,47104682.666666664,2971238.4,9326865.066666666,57.0711,96.94136666666667,4.267066666666667,321.73156666666665,3.9401,51.143,3.8004000000000002,545.0883,71.49553333333333,29.1705,0.004611866622335134,0.004863214536482459,0.04902801074738033,0.004705399260003117,0.004600000000000001,0.22990804626919703,0.004600000000000001,0.004845323107613055,0.009442862785779656,0.004631208133656782,0.0
1685210640,1.6152583795827016,5.410462772392056,1.7281073346464149,8.536934084802617,1.0058862440744352,18.609582000168235,7.7826642559895935,0.3612250173392839,12.22374926905954,6.622216709803904,0.6322422529503526,1.595088848546338,95874525.86666666,53370197.333333336,11618304.0,40087961.6,42366702.93333333,17519001.6,75992541.86666666,36611140.266666666,9740288.0,47104000.0,2973696.0,9194973.866666667,59.451766666666664,100.8858,2.8655,309.4841666666667,3.3324,50.28883333333333,3.3321666666666667,578.0450666666667,73.93333333333334,28.730966666666667,0.004613451060041696,0.00526681212101494,0.05063695734152655,0.004780639930803317,0.004600000000000001,0.2417887715219309,0.004600000000000001,0.0050515682627022725,0.009687909822544673,0.00462564510937899,0.0
1685210670,1.5204995373515966,4.897379115253339,1.5814158446391842,8.316994899751366,0.9867644028020536,17.127406339307647,7.450936553251915,0.3974131086711344,10.81763175767748,6.6703012160156,0.5910356307822858,1.4890479553811007,96041642.66666667,53369105.06666667,11421559.466666667,39521757.86666667,42373802.666666664,17515315.2,76047974.4,36736341.333333336,9629696.0,47105365.333333336,2973696.0,9379430.4,53.6722,94.9038,4.122233333333333,297.9228333333333,4.7239,49.84983333333333,4.7897,548.4126666666667,75.67506666666667,32.9137,0.004744390162760658,0.1289037336245158,0.08085813492063491,0.0050308839034138965,0.004600000000000001,0.4360508699971485,0.004600000000000001,0.007441907613816523,0.017734119406310398,0.0046232348052319735,0.0
1685210700,1.578639312543244,4.865897418470239,1.9404045879122807,7.8179599192959195,1.0842633910247508,17.548350061875485,7.393711219764144,0.4525032651740825,11.395481641028844,6.401578737953325,0.5676990620756895,1.5212332875650236,96092706.13333334,53370880.0,11633732.266666668,40013687.46666667,42408072.53333333,17459200.0,76050432.0,36712174.93333333,9765683.2,47104000.0,3005098.6666666665,9592832.0,58.7968,95.6,3.2666666666666666,299.24673333333334,2.8,50.46666666666667,2.6,542.7923333333333,72.28183333333332,25.698766666666664,0.004829164301085483,0.18354427991347244,0.07719047619047618,0.004928245152925329,0.004600000000000001,0.4561498525597012,0.004600000000000001,0.007548784056671446,0.019525315749190628,0.004637421793441412,0.0
1685210730,1.608428381446303,5.35003135022089,1.718687403565689,8.215586093094135,1.0256882453829108,18.392756508360563,7.6703367071954345,0.4159358274927253,11.584444661223278,6.304105035165416,0.6130926215184532,1.5592945898071042,97009664.0,53373337.6,11673736.533333333,40729395.2,42369297.06666667,17236787.2,76054528.0,36645410.13333333,9762133.333333334,47104000.0,3058756.2666666666,9440187.733333332,57.32646666666667,98.58993333333333,3.9328,315.2873,3.9136,52.07736666666666,3.732266666666667,564.9311666666667,72.9735,31.47076666666667,0.004766084588837826,0.010605903485398104,0.05003232374208295,0.004794915008281084,0.004600000000000001,0.26980231100634106,0.004600000000000001,0.005495099563792169,0.011542814722012656,0.004629230860710349,0.0
1685210760,1.844054654716351,5.537652642799424,1.8292989002068558,8.425933474217087,1.0367537589912266,18.644776875323966,7.683144686756413,0.4616138708709288,11.395774307420428,6.777708893128707,0.590913556755405,1.5592201632071043,98028885.33333333,53458807.46666667,11744870.4,41201937.06666667,42369024.0,17141760.0,76075008.0,36371114.666666664,9690589.866666667,47106321.06666667,3029128.533333333,9385164.8,62.86666666666667,104.33333333333333,2.466666666666667,329.0,3.066133333333333,53.7748,3.8009333333333335,584.4,74.33333333333333,30.066666666666666,0.00471012430367112,0.006473433335676882,0.048904655308541455,0.004784298228138419,0.004600000000000001,0.24377968652739415,0.004632147750968692,0.00519279113599479,0.009868620917160457,0.00462890556395851,0.0
1685210790,1.7994978133264279,6.414914982725667,1.7156040578771032,8.522365723400725,1.0231828051550935,18.841931655185522,7.914919040608223,0.4506889309037206,12.200520379167392,6.799064867250065,0.655076961618034,1.5752129941758737,96194833.06666666,53494852.266666666,11573657.6,39923712.0,42369024.0,17263274.666666668,76075008.0,36476928.0,9610035.2,47104000.0,3031040.0,9425169.066666666,60.843133333333334,102.27833333333334,3.533733333333333,314.77116666666666,3.6,53.991233333333334,3.533866666666667,574.9839666666667,74.54573333333333,30.894266666666667,0.004642798164811071,0.004878299523457721,0.048246111407886254,0.00471715445830039,0.004600000000000001,0.23221789493755987,0.0046312302051617045,0.004888475714316141,0.009459468923866591,0.004654964431664328,0.0
1685210820,1.6804949778467873,6.958427770238171,1.7957098881725837,8.442322753029073,1.0595774649131084,19.142588441843554,7.896281711719875,0.42581424401345536,12.325377119191675,6.792278009842532,0.6786484026746823,1.6181896969928986,95741815.46666667,53494579.2,11504162.133333333,40342596.266666666,42369024.0,17315840.0,76075008.0,36637081.6,9477051.733333332,47104000.0,3058210.1333333333,9411242.666666666,61.1766,98.9041,2.3904,327.39906666666667,2.332266666666667,52.62286666666667,2.6010666666666666,551.0634666666666,75.01623333333333,28.2095,0.00462478874655361,0.004787511843145663,0.04823401670791192,0.004672332288390745,0.004600000000000001,0.2229716564548829,0.004630848770649036,0.004802436025266324,0.009210940703808321,0.00466353396155852,0.0
1685210850,1.6554124310835006,7.204155704270741,1.5837290708773384,8.235037562201786,1.0210323173292364,19.023660000975237,7.753184047597571,0.40733236634264686,12.1747198447283,6.5404765337461015,0.6584919563461927,1.5623969168974439,95741405.86666666,53457715.2,11601783.466666667,41591739.733333334,42369024.0,17128652.8,76075008.0,36813482.666666664,9696733.866666667,47105911.46666667,2973013.3333333335,9380659.2,57.46666666666667,96.33333333333333,3.466666666666667,328.26666666666665,3.181833333333333,51.53333333333333,2.9960666666666667,539.2,70.53333333333333,28.666666666666668,0.004620578620642294,0.004779796633140387,0.04810430708547282,0.004657256586720533,0.004600000000000001,0.21838510727459182,0.004637127736603277,0.004757563848207991,0.00917732685050496,0.004643383017899531,0.0
1685210880,1.6286947995086716,6.8059494983053686,1.654542550756457,8.652199085991025,0.9797899084904742,19.56164295641752,7.613572178825466,0.41152174290903587,12.201561889846595,6.621297536544051,0.6118323374752636,1.5536439768605013,95735398.4,53412522.666666664,11749239.466666667,41614404.266666666,42369024.0,17418240.0,76075008.0,37077128.53333333,9524565.333333334,47104000.0,3063261.8666666667,9389943.466666667,61.72163333333334,104.51426666666666,3.933866666666667,319.9683333333333,3.869666666666667,55.02883333333333,4.135233333333334,585.9858,75.4083,30.00293333333333,0.00460811165447587,0.004758962338507009,0.0479881537870315,0.004641903528799168,0.004600000000000001,0.2183525610659628,0.00460125,0.004731384602093301,0.00916408807526829,0.004623163375900226,0.0
1685210910,1.658700531615059,6.776919528673253,1.8761407285176583,8.216814377841091,1.0097316327079564,19.491324473932938,7.775759781403315,0.4478163509349427,11.853404351665082,6.664156762684674,0.6422220954851271,1.6440339222399536,95690752.0,53437781.333333336,11871027.2,42126540.8,42406297.6,17025160.533333335,76075554.13333334,36718045.86666667,9662737.066666666,47104409.6,3019161.6,9378747.733333332,58.32103333333334,96.32166666666667,3.332,310.93856666666665,3.2610333333333332,53.60363333333333,3.466,542.5652333333334,70.67540000000001,27.734733333333335,0.0046105040239483005,0.004782144471730359,0.048156386509235996,0.004642208632539726,0.004600000000000001,0.22106076807628397,0.004600000000000001,0.004760350701132959,0.009185862462416712,0.004618426426289926,0.0
1685210940,1.5904930894809712,6.298551794508765,1.7795591311529104,8.51631741563656,1.0194087667727163,18.82299665417809,7.9231836572634915,0.42992367839769463,11.99802779279479,6.698169238921191,0.6398749305673253,1.5566905474887904,95802709.33333333,53422080.0,11990903.466666667,40274056.53333333,42371072.0,17530880.0,76109824.0,36927214.93333333,9661371.733333332,47106048.0,3031586.1333333333,9461760.0,58.84596666666666,101.10123333333333,3.7986666666666666,320.9768666666667,3.466,53.2141,3.3993333333333333,563.6310333333333,73.6548,29.1254,0.004671714281415505,0.004917967406750881,0.048415633650752965,0.004738634000938612,0.004600000000000001,0.23248710693120678,0.004651039696344572,0.004872210750408876,0.009475477558739507,0.004649019986686977,0.0
1685210970,1.595702434040048,6.287071175639018,1.6145887637036747,8.387937306141483,0.9953418801508468,18.229817438436967,7.6419015841846205,0.4292827938419558,11.94431611924146,6.454813613437406,0.6203981594800488,1.49789627364285,95858688.0,53461538.13333333,11763165.866666667,39928900.266666666,42369024.0,17697860.266666666,76136448.0,37150720.0,9849514.666666666,47104955.733333334,3106679.466666667,9399227.733333332,60.53333333333333,95.73333333333333,2.7333333333333334,310.8,3.0,52.733333333333334,3.1333333333333333,546.1301333333333,69.73013333333333,27.664266666666666,0.004674538938417153,0.004882771280909863,0.04851833268473741,0.0047387890803524185,0.004600000000000001,0.23069029243760503,0.004672374588860711,0.004855163735376949,0.009494781217592506,0.00466821841324778,0.0
1685211000,1.6376823086891175,6.226468455134748,1.702402142484761,8.54202644876892,1.02177755036696,19.268348973561885,7.633743106659799,0.3992732145490648,11.840093579862403,6.382736955868963,0.6315530388318251,1.5335498272560273,95710958.93333334,53409928.53333333,11678788.266666668,40091101.86666667,42370662.4,17508078.933333334,76155016.53333333,36965717.333333336,9929659.733333332,47104819.2,2985574.4,9370965.333333334,60.7487,98.55053333333333,4.601066666666667,314.98536666666666,4.6744666666666665,53.062533333333334,4.533333333333333,550.5432,70.21123333333334,29.735466666666664,0.004622363796080067,0.004804547088823291,0.04844428146013287,0.004693488414401092,0.004600000000000001,0.22291570595010493,0.004613859398138198,0.00478249101889583,0.009314563329682139,0.004649292163571146,0.0
1685211030,1.619355583940735,5.930617856552669,1.8113515277464107,8.34356962298354,0.9525809216975704,17.947774271224684,7.458381235980058,0.4381105876873171,11.422363884515464,6.454941138900834,0.6194182805896116,1.4988995508317422,95705907.2,53377570.13333333,11664588.8,40655530.666666664,42369024.0,17645841.066666666,76652544.0,37058423.46666667,9796266.666666666,47104000.0,3054933.3333333335,9512004.266666668,60.458099999999995,96.32146666666668,3.1319999999999997,316.8917333333333,3.1892666666666667,52.038199999999996,2.7338666666666667,550.5188333333333,72.05086666666666,26.51993333333333,0.00464248112572082,0.004913132406474002,0.048626700502329506,0.004774598083563704,0.004600000000000001,0.2313923772873598,0.004600000000000001,0.004852390238626558,0.009461461138698755,0.0046403762023704085,0.0
1685211060,1.6333873798714564,6.062824505587612,1.6366153229106362,8.106159845682102,0.9810988017261743,18.995222445321364,7.717697946716138,0.4150013133590236,12.227863352132543,6.36272495923984,0.6339291549845784,1.454041691522217,95767756.8,53387400.53333333,11849045.333333334,39396147.2,42371208.53333333,17618261.333333332,76902400.0,37364531.2,9447560.533333333,47106730.666666664,3098214.4,9345160.533333333,60.333333333333336,100.4,3.8666666666666667,297.1333333333333,4.0,50.733333333333334,4.2,562.9882333333334,72.98823333333333,28.0579,0.004678794712638865,0.004953851675476682,0.04904965464858763,0.004769962203172147,0.004600000000000001,0.23411040769308414,0.004600000000000001,0.004884156787030963,0.009498515605415347,0.004630976679957177,0.0
1685211090,1.6153803678547531,5.714176871321198,1.7644891630175046,8.295126550137972,0.9927629203356356,18.82779161177742,7.728054986984871,0.42615987138602424,11.989366065344461,6.651912996659066,0.6067824848874543,1.5224433857092883,95850222.93333334,53358592.0,11850956.8,39842065.06666667,42373120.0,17459609.6,76920149.33333333,37382553.6,9565934.933333334,47104273.06666667,3055889.066666667,9266244.266666668,61.747733333333336,100.74973333333334,3.895566666666667,316.18213333333335,3.928,52.2067,3.7927000000000004,574.0585,74.03596666666667,30.1039,0.004696456144778368,0.0051755884287794755,0.04896622272038016,0.0047467943666868306,0.004600000000000001,0.236234097683126,0.004619981822947764,0.004920014833416805,0.009602483117579306,0.004625939579608938,0.0
1685211120,1.614076985663264,5.394845556937697,1.7097771293832593,8.0395177861204,1.0119927393636015,18.153355307210997,7.4755092415874085,0.4640176032796165,11.926735669520289,6.311175057743196,0.6111286470947489,1.4760251983290047,95984844.8,53388765.86666667,11748966.4,40089736.53333333,42373120.0,17620445.866666667,76926293.33333333,37821508.266666666,9540130.133333333,47106321.06666667,2971648.0,9497258.666666666,58.86666666666667,95.86666666666666,3.8,305.93333333333334,3.5280666666666667,51.4,3.6666666666666665,539.6,70.13333333333334,27.066666666666666,0.004727406398571926,0.005895414488972358,0.048467783271920695,0.004765888029229525,0.004600000000000001,0.24090092926475662,0.004634116115462066,0.004979776559788705,0.009810573846334705,0.004616833831821258,0.0
1685211150,1.627968820388711,5.822515130373795,1.748755384812253,8.047965856721314,1.021086684295006,18.394187519968355,7.363185569009483,0.4204517189993652,12.071184569022849,6.415433884921336,0.6046839973659356,1.4917054304807196,96015974.4,53397367.46666667,11863654.4,40930508.8,42380492.8,17460838.4,76927795.2,37565235.2,9647718.4,47104000.0,3056435.2,9454387.2,61.47206666666667,96.69076666666666,3.334,300.08403333333337,3.6,51.596000000000004,3.533333333333333,555.4087666666667,72.61213333333333,26.5394,0.004717152952128874,0.005031951704899795,0.04840620902150738,0.004710165171811225,0.004600000000000001,0.23192927721088263,0.004612210606160675,0.004899095733865702,0.009577747410714842,0.0046222381364228625,0.0
1685211180,1.5894953107486451,6.724624432516956,1.7965719590035902,8.24775682928503,1.0293825544984256,19.342633914850868,7.345859915450851,0.4430917370056927,12.381396354111116,6.277247187776117,0.6541941696482587,1.5365853980554747,95846263.46666667,53478604.8,11732992.0,41789030.4,42374758.4,17500569.6,76932710.4,37883084.8,9737011.2,47104000.0,2971374.933333333,9484151.466666667,62.92163333333333,95.40523333333334,2.8982,296.1270333333333,3.2356666666666665,51.504266666666666,3.5766666666666667,536.7337666666667,70.44073333333333,25.784633333333332,0.004637698050100134,0.004784181903457663,0.048206381174564245,0.004641983086406512,0.004600000000000001,0.21911455085054873,0.004600000000000001,0.00477977119410027,0.009178604365920632,0.004650355633991773,0.0
1685211210,1.5742042867047472,5.979858445766187,1.7865871331089198,8.247735683851078,1.0309234601790211,18.446164417056067,7.614088672906639,0.41368235589885166,11.992179930886225,6.602071683507334,0.620487244259767,1.5298618135375475,95805440.0,53430272.0,11641105.066666666,40340821.333333336,42375714.13333333,17645841.066666666,76991419.73333333,38003507.2,10132138.666666666,47104000.0,2977518.933333333,9337514.666666666,61.13333333333333,108.33333333333333,5.333333333333333,330.93333333333334,5.518866666666667,50.86666666666667,5.266666666666667,599.3333333333334,81.33333333333333,31.133333333333333,0.004720564470748695,0.005116489896542385,0.04858930215939138,0.004757681151224097,0.004600000000000001,0.24054232808323234,0.004613541111236876,0.004990734842574075,0.009691915785593103,0.004664891450606743,0.0
1685211240,1.711892654375886,5.515916830971489,1.9673949176681562,7.975572865100585,1.0420186102383526,18.20583780117017,7.7193762629421245,0.46321281608709824,12.169327572751888,6.474587305664693,0.6496666097409686,1.5223827945151476,97124761.6,53402692.266666666,11693397.333333334,40818278.4,42373120.0,17659221.333333332,78233190.4,38364774.4,10919389.866666667,47105501.86666667,2968644.2666666666,9433088.0,59.90363333333333,103.26353333333333,3.6651000000000002,320.7073,3.126933333333333,49.4051,3.3317666666666668,571.5736666666667,75.84086666666667,28.020033333333334,0.0047434606034635375,0.006957751879059138,0.04968241927114534,0.0048370870942156885,0.004600000000000001,0.28377473111929086,0.004653140048330144,0.005603337239024584,0.01023623434633216,0.0046529001683712585,0.0
1685211270,12.922166265548363,5.324092375256245,1.7216423984193843,8.053195490310179,1.0511888498233082,18.705490883923783,7.333758123117986,0.3924371180190016,11.959742135664465,6.496795826825066,0.6189518851113726,1.5191808215869367,101353472.0,53431773.86666667,11771767.466666667,39393416.53333333,42373120.0,17166882.133333333,78368768.0,38144546.13333333,9482240.0,47105774.93333333,2971784.533333333,9434180.266666668,58.93333333333333,102.42383333333333,3.533333333333333,314.26666666666665,3.5285,52.434200000000004,3.466666666666667,565.4767333333333,73.61006666666667,28.913,0.004669652673948381,0.005393557472931414,0.048995058740140714,0.0047562649659435826,0.004600000000000001,0.24091933213566225,0.004649638098362262,0.0049796322839276656,0.00964332250472074,0.004639770040375782,0.0
1685211300,70.22228561682977,5.566398079705893,1.7435976278664482,8.191773617938017,1.0202309461297814,18.46500517944478,7.472282527394478,0.434772346542976,12.164713269338897,6.459926668320544,0.6297174143631357,1.5096008988676552,101754470.4,53400371.2,11767125.333333334,39475200.0,42376942.93333333,17185041.066666666,78368768.0,38659276.8,9676253.866666667,47104000.0,2966186.6666666665,9435409.066666666,60.93333333333333,103.66666666666667,3.6,303.46666666666664,3.7333333333333334,53.71276666666667,4.133733333333334,581.9955000000001,75.86216666666665,32.0,0.004684881568144966,0.0058349182031525015,0.04780760527179026,0.004734196605339015,0.004600000000000001,0.22979193958983,0.004607075776397515,0.004860218051619954,0.009573233357080982,0.004630437411624595,0.0
1685211330,98.91071181157119,6.055712241414992,1.8077160384367723,8.163351548071702,0.9554272134144702,18.95581217743383,7.9681274846499015,0.4240212383100618,12.083341730855354,6.83329210877232,0.6275982673020015,1.5755306369712336,101573700.26666667,53458124.8,11667865.6,39625250.13333333,42376669.86666667,17528149.333333332,78369041.06666666,38715392.0,9422028.8,47106184.53333333,2972057.6,9321130.666666666,57.589866666666666,104.2456,3.933333333333333,322.19486666666666,3.932933333333333,53.07513333333333,4.266666666666667,586.1281333333334,76.26476666666667,33.68376666666667,0.004682077951408229,0.0057657023455190875,0.047879795793372204,0.004744514566117383,0.004600000000000001,0.2289978040464186,0.004603076923076922,0.004856750353749858,0.009639496906044709,0.004642141013306877,0.0
1685211360,100.00010778909929,6.178149265953513,1.739840367087944,8.217102323493108,1.0245097052391536,18.2374394861532,8.175484242694498,0.43154710017832537,12.300827459203372,6.990879198903591,0.6403343948276582,1.5975124598816166,101642240.0,53431364.266666666,11814912.0,41807325.86666667,42373666.13333333,17561600.0,78372864.0,38393856.0,9343385.6,47104000.0,3004279.466666667,9376563.2,60.57973333333334,99.82019999999999,3.2,331.99359999999996,3.0618333333333334,53.07223333333333,3.3333333333333335,572.0622000000001,73.61550000000001,30.140733333333333,0.004708110660391108,0.006124207040275954,0.048654959972033576,0.004757408661696571,0.004600000000000001,0.23284401061447982,0.004652809280544537,0.004907501065598367,0.009680830057102775,0.004691910500268418,0.0
1685211390,97.04740613143895,5.826376539836208,1.7649203400970503,8.566783018109966,0.9881999425508867,18.50903931589676,7.9958168266263145,0.4248676729701673,12.629783172118882,6.6859573969748185,0.621076875473925,1.5368668726608952,101616298.66666667,53433685.333333336,11736951.466666667,40111308.8,42373120.0,17496064.0,78375731.2,38408874.666666664,9384755.2,47104000.0,2984072.533333333,9530982.4,56.8,96.46666666666667,3.2666666666666666,329.26666666666665,3.3333333333333335,50.8,3.6,561.9333333333333,74.33333333333333,30.8,0.004709497880602345,0.006041027357597299,0.04957186474858733,0.004775293404385801,0.004600000000000001,0.2325218934896139,0.004662919001334096,0.004880322715240384,0.00954839435019213,0.004689288308289813,0.0
1685211420,96.64158944723944,5.7430148716055,1.8594446546245627,8.859109243505458,1.0593397692504976,18.349483382171684,7.964997415852851,0.41547277840941255,12.378817779307452,6.542921284076458,0.6498257926934271,1.6004713394042462,101564416.0,53491712.0,11668957.866666667,41621777.06666667,42412168.53333333,17237060.266666666,78391705.6,38734643.2,9452339.2,47143321.6,3053158.4,9313484.8,58.657133333333334,104.71443333333333,3.4,325.77496666666667,3.3333333333333335,50.80306666666667,3.066666666666667,584.5558666666667,79.00196666666668,28.26653333333333,0.004716634087006682,0.006402285466763799,0.05204412269958488,0.0047912580434202575,0.004600000000000001,0.23239506798863457,0.004613174143504765,0.0048538836718582485,0.009677800363340863,0.004646262831253777,0.0
1685211450,98.42985340445769,5.7564745287937455,1.81026410599949,8.671831301170632,1.0392551882217675,19.19030494311676,8.054157490470976,0.42546269390943775,12.597918760596306,6.708100182460705,0.6319937117837486,1.589405949544269,101597184.0,53437235.2,11736678.4,40805853.86666667,42810845.86666667,17682432.0,78644565.33333333,38977945.6,9522107.733333332,47109324.8,3066948.2666666666,9385847.466666667,62.1828,102.4516,4.865733333333334,337.1334666666667,4.333466666666666,54.8261,3.9985666666666666,574.1513666666667,72.81700000000001,30.99726666666667,0.004725589915151585,0.006033056120201176,0.05091882732445426,0.004761350924151351,0.004600000000000001,0.2304222334873254,0.004613770325646279,0.004853040226806121,0.009694245782358595,0.004637585715125488,0.0
1685211480,97.87568198959465,6.171607778267197,1.7035368453171935,8.778145906787417,1.0052462135183373,19.6086870227444,7.922484313995449,0.41756307549860183,12.549816814149656,6.550866373542557,0.652490879419582,1.582302648543634,101568785.06666666,53420441.6,11559048.533333333,41562794.666666664,42373120.0,17125376.0,79175133.86666666,39039931.733333334,9504085.333333334,47105365.333333336,2966459.7333333334,9521288.533333333,56.6,101.04973333333334,3.1333333333333333,320.0,2.7903666666666664,50.06626666666667,2.7333333333333334,558.0666666666667,73.8,28.066666666666666,0.004680125148566683,0.0050796130041625325,0.048672928081667934,0.004710978388573264,0.004600000000000001,0.2219013573996239,0.004633585918615681,0.004786155855409457,0.009395094984701603,0.004638099976944486,0.0
1685211510,97.70925595371222,6.023878681227095,1.6364850666234398,8.623552028196853,0.9987044792516576,18.668764507800688,7.486466172867689,0.42348238962903534,12.189150439730806,6.434245030033242,0.6193172545409522,1.5468035164998937,101048320.0,53444608.0,11680563.2,40352972.8,42373120.0,17170432.0,79155882.66666667,39089493.333333336,9642120.533333333,47104819.2,2967961.6,9402231.466666667,58.697266666666664,101.98423333333334,3.2933333333333334,310.03206666666665,3.5728333333333335,51.78856666666666,3.3275,572.0730333333333,77.53916666666667,28.762600000000003,0.004710569003786932,0.004971910079008101,0.04802904677661021,0.004731873837384308,0.004600000000000001,0.22394061593931452,0.00464244851019727,0.004819989690752767,0.00954379148009496,0.004648152599645679,0.0
1685211540,98.80718815224172,6.167144445214645,1.4922119320448597,8.153806143264138,1.0067339919096427,19.03043024346132,7.247275269952244,0.4191666876301038,12.242792784281512,6.532522246956197,0.6316113373244839,1.5620795214423222,100753408.0,53534720.0,11843720.533333333,40494694.4,42374758.4,17286485.333333332,79164074.66666667,39018359.46666667,9800362.666666666,47104000.0,2968234.6666666665,9367552.0,63.944766666666666,100.5515,2.4006666666666665,311.7979666666667,2.1951666666666667,51.4579,2.533333333333333,590.8922666666666,77.4148,27.0047,0.004711245814275871,0.005795637047074406,0.04774829575716467,0.004736987494480941,0.004600000000000001,0.2249510267444548,0.004639727321146346,0.004842715118320291,0.009622619187731872,0.004668833432962643,0.0
1685211570,99.41288975207915,5.911520759837427,1.572481026844357,8.060571036715482,0.9630042323711273,18.747483068093377,7.560239589379696,0.393033691594348,12.662893736337667,6.478960232340848,0.6090871262264301,1.546883913261809,100769109.33333333,53425493.333333336,11758523.733333332,40335633.06666667,42375031.46666667,17376597.333333332,79183872.0,39424000.0,9821661.866666667,47104000.0,3037457.066666667,9327138.133333333,59.55003333333333,99.95866666666667,4.135233333333334,313.14876666666663,4.201766666666667,52.206300000000006,4.333600000000001,575.7385666666667,74.81606666666667,31.870633333333334,0.004700798445828934,0.006000440450479464,0.04791991078436118,0.004735797023838508,0.004600000000000001,0.22411314314460873,0.00461590715735877,0.004812837077564713,0.009572216054004429,0.004668958036313706,0.0
1685211600,97.1451351516002,5.652856744056941,1.8822485368705444,8.28954938226849,1.0293955787811033,18.589478113914577,7.298181360452668,0.44883198974747623,12.43640880143079,6.702812578934567,0.6481022281689103,1.5002314502684617,100888576.0,53415116.8,11542664.533333333,41080422.4,42373529.6,17468074.666666668,79267566.93333334,39390685.86666667,9697689.6,47104000.0,2969600.0,9243852.8,58.9875,94.25503333333333,2.9985666666666666,306.6836,3.0617333333333336,48.93986666666667,3.394566666666667,551.4639333333333,73.98213333333334,27.528466666666667,0.004794633949440508,0.006193717543436733,0.048179811970241286,0.004791013736621685,0.004600000000000001,0.2310137561777552,0.004600000000000001,0.004859580455714994,0.009665955371544608,0.004647348710089724,0.0
1685211630,96.74545237287484,5.424397951904086,1.7052641965167425,8.241926170930729,0.9817778488288345,18.817035190411847,7.693926825990926,0.4245958390045724,12.074005826586147,6.519165182381795,0.6124973123132481,1.4696137833366525,101026065.06666666,53422626.13333333,11504298.666666666,41345024.0,42373120.0,17439539.2,79343616.0,39674675.2,9617271.466666667,47104819.2,2962773.3333333335,9406873.6,56.46743333333333,90.2102,2.8010666666666664,303.6804666666667,2.679866666666667,48.2766,2.9341333333333335,531.0462333333334,70.54086666666667,26.8027,0.004785269754166308,0.0059155302609271215,0.0482154043462867,0.0048020898577826494,0.004600000000000001,0.22792880051236403,0.004609142857142857,0.004848041748137046,0.009596837689673428,0.0046436234159463845,0.0
1685211660,95.88607720890259,5.280987561246932,1.6253141110673652,8.270399828562358,0.9834049294593209,18.567582928772417,7.51301574148312,0.39597142283763104,11.945453212141565,6.379896334587925,0.6024179934005808,1.542733899715001,101073442.13333334,53398732.8,11766579.2,41160157.86666667,42374485.333333336,17589589.333333332,79344571.73333333,39621700.266666666,9738922.666666666,47105638.4,3053704.533333333,9358267.733333332,59.4852,103.3815,2.4005333333333336,330.64433333333335,2.5242333333333336,52.907900000000005,2.7338666666666667,572.8371000000001,73.18196666666667,29.234266666666667,0.004736162322076411,0.00614575071009092,0.04889760539095885,0.004756862829469933,0.004600000000000001,0.22349601400434072,0.004637722259307513,0.004826050106838062,0.009638504923383622,0.0046314955485741265,0.0
1685211690,97.95182749251467,5.18210652970877,1.6204390757558218,8.521875145857729,0.9334259734732916,18.330912960986435,7.482736528337729,0.3760603178308564,12.30871161484155,6.320330531133681,0.6230680614176859,1.4808474357774242,101006131.2,53425493.333333336,11784874.666666666,39821448.53333333,42373666.13333333,17363899.733333334,79347712.0,39727650.13333333,9603754.666666666,47104546.13333333,3032951.466666667,9352396.8,60.5223,97.00303333333333,3.2648333333333333,305.29906666666665,3.1315,53.46666666666667,3.1981666666666664,570.6620666666666,73.73333333333333,28.663,0.0047343954744966665,0.0060906062304822,0.054573259209508666,0.004744668885482914,0.004600000000000001,0.22570659615936742,0.0046272611101307835,0.004824959228393425,0.009673188993297468,0.004616239388910008,0.0
1685211720,95.68767982493794,5.381266972013795,1.802841932802442,8.601826229099467,0.9930423980568085,19.126476871089032,7.813493393369474,0.41292290902141454,12.250357562164735,6.562566308325586,0.6291065639292669,1.541969801626066,100868505.6,53439010.13333333,11564373.333333334,41012838.4,42374621.86666667,17248256.0,79349760.0,39887803.733333334,9751483.733333332,47105638.4,2971784.533333333,9260509.866666667,61.74366666666666,101.2691,3.334566666666667,329.72996666666666,3.2012333333333336,52.75763333333334,3.1345666666666667,565.8349666666667,73.31256666666667,27.837733333333333,0.004736252637696628,0.006280706359480053,0.054420095992035976,0.004753758739755821,0.004600000000000001,0.2285773820823806,0.004631294779545363,0.004828108799521461,0.009637354995158921,0.004643873911131216,0.0
1685211750,97.11010950613033,5.488284283969758,1.8365280975402027,8.374702722763434,1.0534683488738226,19.18864965609904,7.538651187508964,0.41648322027822715,12.468624819282267,6.507457281408184,0.6336316082347071,1.5145877347036276,100909329.06666666,53433548.8,11625130.666666666,42188800.0,42375168.0,17277201.066666666,79352490.66666667,40161280.0,9641847.466666667,47169536.0,2973422.933333333,9404416.0,62.323033333333335,96.73333333333333,4.0,306.49493333333334,3.4618333333333333,52.99443333333333,3.533333333333333,572.4696333333334,75.07313333333333,30.895666666666667,0.004720082870065575,0.005367702422510163,0.0495517923128509,0.0047105337985411545,0.004600000000000001,0.22399553641104486,0.004686957076430434,0.004800816906329854,0.009495179537824909,0.004644032235915307,0.0
1685211780,99.97930648709233,5.574684952949855,1.7268916494594622,8.26082377250404,1.0449004037040506,18.776342815437093,7.497034236837086,0.4397257211316681,12.378843358873413,6.533552613505437,0.6213857603399369,1.5069638144477664,100931993.6,53430545.06666667,11654348.8,41083835.733333334,42374621.86666667,17554773.333333332,79399731.2,40320477.86666667,9565252.266666668,47130624.0,2969600.0,9385301.333333334,57.06666666666667,102.86666666666666,4.266666666666667,318.06666666666666,3.9285,53.47336666666667,4.133333333333334,574.8666666666667,74.33333333333333,32.266666666666666,0.0047214277272743885,0.0053575776676554445,0.0489916510713136,0.00472939863214256,0.004600000000000001,0.22408759557758293,0.004711466871166423,0.004844351802704409,0.00955425022607826,0.004630018064785801,0.0
1685211810,98.21307136796442,5.33199589424333,1.7919126686661215,8.003124728637223,1.0211088998107765,18.916520332742834,7.75417311037084,0.4244364525740758,12.526946948350531,6.456033049161369,0.6283806028415995,1.5688704751177704,100983330.13333334,53430681.6,11669640.533333333,41239620.266666666,42373802.666666664,17575526.4,80680277.33333333,40359662.93333333,9606485.333333334,47109051.733333334,2973422.933333333,9448243.2,60.8651,98.71503333333334,4.055666666666666,318.4208,4.523033333333333,54.37566666666667,4.9324,561.5071,72.46626666666666,31.753066666666665,0.00474337931676244,0.006273606853356113,0.04878870037503339,0.004797871692998507,0.004600000000000001,0.2290246241339583,0.004674805628647106,0.004901845532490943,0.009725074638200139,0.004657667209060825,0.0
1685211840,96.53535489156175,5.571677037731588,1.769454698842639,8.166666532355347,0.9767957449225213,18.326575361607066,7.71244079940879,0.3911589725260284,12.155189391223,6.3568390681405855,0.6150299104360156,1.4601652226968425,100965580.8,53439692.8,11561506.133333333,40354474.666666664,42373120.0,17470805.333333332,80691200.0,40601600.0,9659187.2,47105774.93333333,2971921.066666667,9272524.8,62.72336666666667,99.02836666666667,2.8680333333333334,328.7999,3.066033333333333,52.73823333333333,3.3350999999999997,555.1588666666667,70.19916666666667,27.736533333333334,0.004694949233631751,0.006083430230440057,0.04951858059918217,0.004775682557208792,0.004600000000000001,0.22731089490893017,0.004622512144142182,0.004867443476717468,0.009695509862701323,0.004669335922147894,0.0
1685211870,97.94521252362566,5.220438395073413,1.8009908486377204,8.166325583758068,1.0482466066554723,18.52523739683176,7.3794533282824695,0.43615265527288405,11.982037086180025,6.265444768236681,0.6213976347749847,1.5674547061677226,100889395.2,53453209.6,11851502.933333334,40238830.93333333,42373120.0,17589862.4,80696934.4,40764893.86666667,9802001.066666666,47105092.266666666,2971238.4,9231428.266666668,63.666666666666664,110.73333333333333,5.0,353.26666666666665,4.9237,56.4261,5.2,602.5333333333333,76.33333333333333,34.46666666666667,0.004715302534779192,0.007384990673352193,0.051342055901785436,0.00477033834343577,0.004600000000000001,0.23454463684255833,0.004600000000000001,0.004936911154281372,0.0098691486179244,0.004657795103902277,0.0
1685211900,100.00149164284599,5.812678106575179,1.9675351250438253,8.44795009724805,1.0915566429475463,18.766675194921053,7.967720316091478,0.4717022999908826,12.09630397064388,6.608607807844472,0.6283058439208807,1.5695349585192704,100916565.33333333,53470003.2,11604241.066666666,41094621.86666667,42373120.0,17344512.0,80705672.53333333,40605832.53333333,9463671.466666667,47115605.333333336,3039505.066666667,9275392.0,59.5984,94.75066666666666,3.6666666666666665,306.9089,3.1285000000000003,48.44813333333333,2.9994666666666663,534.6356333333333,71.55293333333334,25.556500000000003,0.004727631960135537,0.0069647207904389675,0.04902881807747158,0.004754096463418297,0.004600000000000001,0.2331405456883033,0.004600000000000001,0.004921956215026488,0.009768920409231175,0.004638559557106312,0.0
1685211930,96.47465647647134,5.28316188332301,1.6071987005864157,8.171324466951651,1.034581528379011,18.5218362719954,7.526122268286604,0.3988763599879367,11.762148323646688,6.138363765140247,0.6226123685321892,1.5044722079994448,101052825.6,53450615.46666667,11792110.933333334,40464384.0,42373120.0,17606792.533333335,80795648.0,40754380.8,9487564.8,47166259.2,3033497.6,9425169.066666666,62.36263333333333,102.60806666666667,3.066666666666667,305.89033333333333,2.8666666666666667,54.79446666666667,2.7333333333333334,562.6284666666667,73.40753333333333,28.2016,0.0047355894909197295,0.006364848655733653,0.04857518198497852,0.0047683377864493936,0.004600000000000001,0.23088508621776105,0.004600000000000001,0.004886988179236013,0.009978796022909294,0.004639379157537032,0.0
1685211960,96.54968264832463,5.203879618035987,1.64953529958095,8.065740820118318,1.0028416613050117,18.239664415372864,7.572030076166199,0.4109414998773836,12.149836015346358,6.24109218057884,0.5791893897125512,1.471935724506905,101098837.33333333,53449113.6,11660083.2,40505480.53333333,42373120.0,17786743.466666665,80809574.4,40796569.6,9663556.266666668,47171720.53333333,3031040.0,9363592.533333333,60.73733333333333,102.27283333333334,3.3333333333333335,322.8883333333333,3.594066666666667,51.78306666666666,4.2664,561.8993333333333,72.87123333333334,31.8016,0.004789692637438866,0.007884956829508353,0.04960812080947665,0.004849400421445507,0.004600000000000001,0.24241518504459095,0.004608581818181818,0.005026905754296417,0.010629069125916522,0.004666466361279967,0.0
1685211990,100.00808090436409,5.770585997726494,1.759176640802877,8.581426204992335,0.9772841138038707,18.199826087263553,7.443344608173015,0.4493475888521663,11.787742587870383,6.31682720632114,0.6166954643134318,1.52568775667072,100690056.53333333,53489664.0,11746372.266666668,39926306.13333333,42373120.0,17621401.6,80818176.0,38964428.8,9413700.266666668,47167761.06666667,3036091.7333333334,9393493.333333334,58.25713333333333,91.0,2.6,295.0301,2.8666666666666667,49.01866666666667,3.0,540.6086,72.26666666666667,26.4,0.004743359601251219,0.006904735539401399,0.049685906285364984,0.0047989299650019026,0.004600000000000001,0.2340234218289097,0.004634809973374262,0.0049117115776563065,0.009711292299716089,0.004668917820031642,0.0
1685212020,99.3986901013352,5.873671867418284,1.8783818720613443,8.414322256778863,1.043519563735099,18.32016757851672,7.741901382726786,0.5235011517677088,12.118869102783027,6.381705010963368,0.6080219548651322,1.5469621836912144,100548608.0,53445427.2,11605060.266666668,40694306.13333333,42373120.0,17520640.0,80819268.26666667,35768729.6,9680213.333333334,47168034.13333333,3048243.2,9341883.733333332,62.3559,111.32986666666667,5.133333333333334,336.65646666666663,5.2,54.651266666666665,4.866666666666666,600.0468999999999,77.98293333333332,34.87376666666667,0.004701692764681645,0.006303069250101929,0.04870251671919624,0.004731315564097145,0.004600000000000001,0.22504460203238535,0.004623415723402566,0.004848756615689734,0.00961675515090286,0.00466700755976846,0.0
1685212050,100.00439474912777,5.690318288171715,1.9485890898040341,8.626434576815567,1.0836860984249908,18.69437762536671,7.541600726038255,0.4652518029919743,12.248473125079263,6.399941151395388,0.6395276620289092,1.5917487260245022,100696883.2,53464678.4,11584170.666666666,40995771.733333334,42397149.86666667,17252352.0,80826368.0,35602568.53333333,9731686.4,47166532.266666666,3032541.8666666667,9311300.266666668,61.12136666666667,99.39843333333333,3.1325333333333334,314.6291,3.2658666666666667,52.6,3.0658666666666665,550.2400666666667,73.4,28.131766666666667,0.00473523901487254,0.006478577880400071,0.048361107859791676,0.004719491124622653,0.004600000000000001,0.22597721354466108,0.004644563189223733,0.004854399514998211,0.009662652786610184,0.004646138592427658,0.0
1685212080,100.00771245873155,6.446728425569019,1.7862006898119758,8.300877864520888,0.9871954523292603,18.775691672535665,7.672558680620402,0.44406015759992334,12.47229593188156,6.5611862970216075,0.625474469441183,1.5365263884090687,100716544.0,53576499.2,11663360.0,40133973.333333336,42401518.93333333,17754658.133333333,80826368.0,35585228.8,9659733.333333334,47170218.666666664,3033224.533333333,9397452.8,59.84656666666667,102.04763333333334,4.530166666666667,314.04813333333334,4.778833333333334,52.64186666666667,4.331466666666667,578.8280666666667,77.23493333333333,33.14266666666666,0.004701377399978285,0.004967377537316265,0.04818072698420685,0.00468579246200077,0.004600000000000001,0.219641294146665,0.004673385926406526,0.004779019871226408,0.009366221873227755,0.004626272108909899,0.0
1685212110,99.52637803303897,7.135316404000647,1.8145430122494195,8.633853012989947,1.015342921385329,19.11538901789221,7.7161725149386475,0.45712179154249577,12.564324533849762,6.539989270513283,0.6550701378672197,1.680997617885344,100386816.0,53553015.46666667,11745143.466666667,39775300.266666666,42373529.6,17418240.0,80829917.86666666,35307246.93333333,9580270.933333334,47169536.0,3101218.1333333333,9386666.666666666,57.53333333333333,100.90333333333334,3.6,317.77116666666666,4.138966666666667,51.7452,4.333333333333333,570.7333333333333,74.8,33.666666666666664,0.00465425157890018,0.004944302184058644,0.048214571070533715,0.004696222016500015,0.004600000000000001,0.2193818431980442,0.004665115469330716,0.004801739716674863,0.009273181657153249,0.004653725325397818,0.0
1685212140,96.38157605198768,6.691849096215658,1.9017811627637407,8.503859563413323,1.055516976213642,19.046965657357624,7.838915669289973,0.4216085514500289,12.148853696653521,6.3818751414868435,0.6249520845915517,1.611261567887629,100357461.33333333,53514240.0,11716744.533333333,39809160.53333333,42373120.0,17508352.0,80834560.0,35713297.06666667,9663556.266666668,47168307.2,2969873.066666667,9559381.333333334,62.06666666666667,105.66666666666667,3.933333333333333,331.4,3.6666666666666665,53.46666666666667,3.7333333333333334,576.8,73.6,30.4,0.0046810696314404186,0.005374392660243535,0.048705138436019944,0.004736585504005683,0.004600000000000001,0.2262669345134662,0.004682845394175049,0.0048593625401430526,0.009451933583286427,0.004666799582899248,0.0
1685212170,98.205441096527,5.460034740297582,1.8747538496547131,8.30998816818958,1.0356223550267172,18.289929717300375,7.61280015682036,0.41823547084210044,12.25147829011842,6.547638214011481,0.6162293360147651,1.588772251991442,100480068.26666667,53497582.93333333,11621034.666666666,41003554.13333333,42375441.06666667,17579485.866666667,80854357.33333333,35598062.93333333,9650722.133333333,47165986.13333333,2969600.0,9378201.6,60.597433333333335,100.05906666666667,3.4,301.46433333333334,3.5284,52.22246666666667,4.0,563.7058,72.99266666666668,29.115033333333333,0.004768383832492351,0.008019976292048786,0.04919843571926905,0.004804699807730516,0.004600000000000001,0.23879870252277874,0.004672038400894378,0.005065563880319881,0.010794912744076918,0.004654694206347085,0.0
1685212200,98.89403694157451,4.872323447956304,1.8831131005133306,7.937023943568979,1.0487315946387517,17.695273795924802,7.618291805135351,0.4244982389046921,11.342974697823587,6.183365080382985,0.5961746117194696,1.466960795536963,100614417.06666666,53496217.6,11623219.2,40227908.266666666,42383633.06666667,17953177.6,80936960.0,35465079.46666667,9509546.666666666,47168580.266666666,3047833.6,9392128.0,56.2632,94.92776666666667,3.7997333333333336,312.9601666666667,3.5937333333333332,49.8468,3.3317666666666668,535.0374666666667,74.19576666666667,26.198666666666668,0.004941871739305394,0.10494681333920379,0.049013323779591896,0.004928638772393768,0.004600000000000001,0.3583156499125474,0.004632667097460752,0.006451055287334544,0.017011670482699574,0.0046689229520436625,0.0
1685212230,99.9965124484282,5.465424702015511,1.8856582021492772,8.274538034521672,1.0763926296699529,18.225226120057847,7.753831773959301,0.4882874397388256,11.743772671966786,6.8844071004479614,0.6008259882104109,1.5562080366758297,100638720.0,53497856.0,11849181.866666667,39497591.46666667,42375168.0,17646250.666666668,80936960.0,35380838.4,9754214.4,47936307.2,2974515.2,9422438.4,54.744299999999996,97.80919999999999,4.665333333333334,298.7061333333333,4.5264999999999995,50.86743333333333,4.5984,554.2,73.74409999999999,30.866733333333332,0.004947072259866512,0.02124900690459602,0.04902850901831868,0.005007515204132369,0.004600000000000001,0.3441268338660512,0.004602033898305085,0.006519212656498051,0.01654394662712193,0.004673020986613243,0.0
1685212260,97.00221909248611,6.154832764601081,1.9488102933786429,9.312541410227189,1.0554708489627864,18.75188607916981,8.371982764597018,0.49850231540060286,12.247582897594189,7.228468087031227,0.6265582438441067,1.576424581456024,100442112.0,53497856.0,11974792.533333333,39616512.0,42374485.333333336,17742233.6,80936960.0,35721625.6,9774148.266666668,47357678.93333333,2974788.2666666666,9339426.133333333,62.80616666666666,101.57826666666666,3.3999,313.5064,3.4021666666666666,51.53333333333333,3.7331333333333334,566.4331666666666,75.88713333333334,28.837033333333334,0.00478525155917452,0.007956585048113371,0.04913251456633036,0.004848910108930133,0.004600000000000001,0.2409582854493816,0.004611871191965241,0.005091502203745098,0.010512475308181526,0.004645609282246571,0.0
1685212290,97.86688350290767,5.661350728357556,1.7243377012589771,8.587059063869377,1.024386398699015,18.836242888353627,8.208092873146041,0.4367647827216444,11.783274484125819,6.784764833934841,0.6422508114292482,1.498401250274401,100311040.0,53495261.86666667,11573930.666666666,40356795.733333334,42373120.0,17440768.0,80936960.0,35845188.266666666,10022775.466666667,47165440.0,3026124.8,9369600.0,63.4,102.53333333333333,2.6,332.8,2.9236999999999997,54.53333333333333,3.0,580.8,75.13333333333334,28.933333333333334,0.0046888600045288924,0.0065616606273551795,0.048751491423173025,0.00478817417149567,0.004600000000000001,0.2282479784597171,0.004632084831313763,0.004869610735904555,0.009662332886056313,0.004628249159122325,0.0
1685212320,99.34908605045145,5.661680526293009,1.706123381466748,8.316663186667206,1.0129844038293123,18.761628437476382,8.10218392664159,0.44501698224849295,12.34151901592637,6.976911727785051,0.6495193076833169,1.5719579878916832,100439108.26666667,53495261.86666667,11878536.533333333,40600371.2,42826410.666666664,17423701.333333332,80939690.66666667,35918643.2,10007893.333333334,47211315.2,2995950.933333333,9436228.266666668,55.9403,88.73996666666667,3.3333333333333335,288.0163,3.6618333333333335,48.731199999999994,3.9344333333333332,522.8453666666667,72.90953333333333,28.78966666666667,0.004691488737826361,0.007454602896473063,0.04867114268677176,0.004816446072633007,0.004600000000000001,0.2346623056458631,0.004620021041638076,0.004932848999576142,0.009862583528472421,0.004634258506932273,0.0
1685212350,99.99252357723748,5.449045935437423,1.8503928480281404,8.164426974644206,0.9949065044508462,17.8132720787654,8.06250834571923,0.4585726651645658,11.647537903792264,6.710864084670276,0.6207979700635428,1.5872471493913956,100517614.93333334,53498538.666666664,11556454.4,40089463.46666667,42939733.333333336,17349290.666666668,80945152.0,35745792.0,9469952.0,47165440.0,3166481.066666667,9534395.733333332,57.933933333333336,99.93193333333333,3.933333333333333,313.71343333333334,3.3182,52.691766666666666,3.5996,554.2112,73.81883333333333,30.940333333333335,0.004717111521157672,0.007615935666734749,0.04839028555699129,0.004796109393147827,0.004600000000000001,0.23869211581957595,0.0046228872042137666,0.00496215632650524,0.010568362083634758,0.004646062070169741,0.0
1685212380,96.54390762914055,5.981893791730698,2.007196952417131,8.319903510540211,1.041677247394476,18.752867418349876,7.754455937934528,0.43124368526438883,12.698992636515827,6.613168629542248,0.6585453787714369,1.661867553868383,100505053.86666666,53553834.666666664,11593045.333333334,39886848.0,42373120.0,17389158.4,80949248.0,35448695.46666667,9395404.8,47165440.0,2992947.2,9414929.066666666,58.804566666666666,98.67363333333333,3.7336,314.81846666666667,3.8,53.53896666666667,3.7333333333333334,571.8447333333334,72.74726666666668,30.67096666666667,0.004676096093338928,0.005775306901956033,0.04838737803451022,0.0047224867170168345,0.004600000000000001,0.22724135377723764,0.004630739771746048,0.00483194527147504,0.009788039517719168,0.004641964987184523,0.0
1685212410,96.58581376335496,6.570984231353744,1.7489468533329657,8.27461821943961,0.9959711931245482,18.376828150191763,7.631267693861832,0.4178722400661948,12.866531945434753,6.496187154430089,0.6321421640273786,1.6214954822396312,100413440.0,53596160.0,11621853.866666667,42209826.13333333,42375031.46666667,17687074.133333333,80956757.33333333,35340424.53333333,9375744.0,47183872.0,3052748.8,9551598.933333334,59.54383333333333,102.95893333333333,3.7348333333333334,305.0532,3.7903666666666664,54.2339,3.7327999999999997,597.4336999999999,77.6222,32.40313333333334,0.004645528853023378,0.004930656375639831,0.04856450855099972,0.004693101394976278,0.004600000000000001,0.21693553998622853,0.004607227371498558,0.004749488562593379,0.009404204558098456,0.0046330555322925985,0.0
1685212440,98.49019368564875,7.056432043572586,1.860250884309125,8.086911928136159,1.0234534549536802,18.84422577950996,7.642599186742317,0.43031693071806554,12.910417382058247,6.8563599389921395,0.662188825710455,1.6016789832329466,100413440.0,53606673.06666667,11780505.6,40017920.0,42373120.0,17257813.333333332,80957440.0,35399543.46666667,9587234.133333333,47169536.0,2970692.2666666666,9475686.4,62.39156666666667,101.0173,3.2661333333333333,302.76446666666664,2.8625,54.077,2.8669333333333333,565.3099333333333,73.3145,27.3671,0.004659067596126041,0.004959730651726124,0.048487720396744344,0.004671316097890736,0.004600000000000001,0.21405851674928694,0.004600000000000001,0.0047299266394546235,0.009410885618164106,0.004627460327911352,0.0
1685212470,96.66307727695438,7.214267202461566,1.7832290795289951,8.570015019218907,1.025324983447746,19.127843597862064,7.976621359906774,0.45262723717096065,13.007084623873455,6.6007185917754185,0.6314063640071867,1.48288082127903,100475699.2,53603942.4,11609429.333333334,40247705.6,42373120.0,17409774.933333334,80957849.6,35634517.333333336,9710933.333333334,47167488.0,3020253.8666666667,9410286.933333334,63.86666666666667,105.0,3.8666666666666667,339.7105,3.6614999999999998,55.0,3.8,583.3384333333332,75.40509999999999,28.866666666666667,0.004673784682867396,0.00496068981212705,0.04843597770620743,0.0046574247988526865,0.004600000000000001,0.21359225179877286,0.004615666143039491,0.0047392776906903114,0.009314248062308189,0.0046252204994674355,0.0
1685212500,98.88882504834237,7.298024188925118,1.885544195728134,8.384586242984144,1.0447808830579417,18.362904619495826,8.074252103318099,0.45120843580820963,12.531201483262493,6.6042167388351425,0.6503977175977785,1.5967949195435398,100486348.8,53640396.8,11749239.466666667,40590131.2,42373120.0,17151863.466666665,80965632.0,35754666.666666664,9644578.133333333,47165440.0,2967415.466666667,9426534.4,62.8836,109.44223333333333,4.4006,326.40903333333335,4.9325,57.25913333333333,5.002233333333334,608.4637333333334,79.44416666666666,34.754266666666666,0.004669636126739928,0.00496651573118956,0.04809220440347148,0.004668672092917685,0.004600000000000001,0.2168931092354394,0.004666477912894617,0.004772212351143915,0.00926950854888548,0.0046494556259278645,0.0
1685212530,98.90999947392893,6.677276098106037,1.9739655540779013,8.31254813476979,1.0533051709647336,19.055534035950494,7.835462060131817,0.39645567454899294,12.212811430887285,6.746199004724428,0.651253658346726,1.5476295197841214,100553250.13333334,53484202.666666664,11782144.0,41137493.333333336,42373120.0,17514496.0,81003042.13333334,35573760.0,9627648.0,47165440.0,2973286.4,9433907.2,60.4025,99.11550000000001,3.066666666666667,304.5083333333333,3.7333333333333334,51.5477,3.6,561.3417333333333,73.44633333333333,27.17823333333333,0.004701945013743517,0.006140563439344937,0.04795230863415813,0.004717509092278026,0.004600000000000001,0.22772085265625222,0.00473269091647263,0.004873816039993209,0.009571950312319239,0.004675582794541073,0.0
1685212560,97.36246188688648,5.721310092772016,1.7668424536889538,8.26038927482225,1.0556504898066514,18.193792373475564,7.855203193175439,0.4294741310625621,12.16899590855282,6.420251636612917,0.6406862291664137,1.5680595405331734,100607863.46666667,53281177.6,11750331.733333332,42013491.2,42374894.93333333,17712196.266666666,81075541.33333333,35555601.06666667,9719808.0,47165440.0,3041280.0,9569348.266666668,71.86666666666666,114.93333333333334,3.066666666666667,362.61873333333335,3.3333333333333335,56.94873333333333,3.3333333333333335,602.9544999999999,69.8,28.266666666666666,0.00474941927677513,0.020671829080082946,0.04894379522241154,0.004821723403364435,0.004600000000000001,0.2515069817474928,0.004729949970521791,0.005224247632509144,0.011657440248813038,0.004677833426596399,0.0
1685212590,98.80520776585134,5.352555929788219,1.6129534982548361,8.190830025010024,1.02998248089336,17.022006003592566,7.424133435627419,0.411656579112165,11.844549335866054,6.24684117658068,0.6013931828147759,1.4485637869794061,100700160.0,53309986.13333333,11803306.666666666,40584942.93333333,42373120.0,17400763.733333334,81135752.53333333,35367321.6,9652087.466666667,47165440.0,3037184.0,9389670.4,52.74173333333333,94.95456666666668,5.1324000000000005,302.05550000000005,4.814566666666667,49.8429,4.9477,547.2703666666667,74.85766666666667,32.93096666666666,0.004773623856003554,0.05232374928627241,0.04955277252966472,0.004913010692626598,0.004600000000000001,0.2930000447304236,0.004636329772627903,0.0055950169060924706,0.0154465750657851,0.004676068880545879,0.0
1685212620,97.61288564823845,5.734170053483606,1.9642062430932377,8.260357302281562,1.04722091713114,18.391120561639028,7.753331540921206,0.4271285660197021,12.04369171908092,6.547045884629346,0.6410558249357092,1.5382258139757503,100845704.53333333,53309440.0,11671278.933333334,40307370.666666664,42373120.0,18069230.933333334,81156232.53333333,35515460.266666666,9558698.666666666,47165440.0,2989670.4,9503948.8,63.13333333333333,106.26666666666667,4.266666666666667,314.53333333333336,4.4573,54.8,4.466666666666667,584.5434,77.47673333333334,30.2024,0.0047952581680218214,0.05178775059763471,0.04862634685516719,0.004859890922893974,0.004600000000000001,0.29497766992902974,0.004600000000000001,0.005527696487219169,0.014262171420022115,0.004665705900081362,0.0
1685212650,96.8702763722569,5.293083647462094,1.9333715978995498,8.17273960582852,1.0066523789372084,18.522491854962603,7.682739909867395,0.4615285610783481,12.329693939814597,6.5366895934443345,0.645122335110715,1.542287132669941,100868096.0,53288686.93333333,11699677.866666667,39476974.93333333,42374485.333333336,17597917.866666667,81158144.0,35746201.6,9593787.733333332,47165440.0,2970419.2,9300241.066666666,59.25263333333333,101.99123333333334,3.466266666666667,302.5761,3.6058666666666666,49.502066666666664,3.3996,573.8647333333333,76.28733333333334,30.436233333333334,0.004738547644860566,0.006502319220039164,0.048445584411512324,0.0047375733399767994,0.004600000000000001,0.23070842355102403,0.004617132162905216,0.0048788756227345804,0.009673575805296248,0.004657290582882537,0.0
1685212680,97.84388381707292,5.708071512008268,1.7995011805743242,8.045419372546716,1.0232378387023564,18.216418296603756,7.509798743690814,0.4200306856000939,12.46616544140774,6.592136017565679,0.6441103020122616,1.54920159215459,100675174.4,53333606.4,11803579.733333332,39730790.4,42377216.0,17345331.2,81158144.0,35733913.6,9516646.4,47165440.0,2970555.7333333334,9575355.733333332,60.27633333333333,100.41236666666667,3.6,321.18736666666666,3.9194666666666667,50.77536666666666,3.9984666666666664,587.0650666666667,77.6102,31.6016,0.0046679670717299174,0.005364656673508929,0.04846523166610886,0.004700737494655123,0.004600000000000001,0.22379518985862187,0.004634054676849134,0.00481987758055186,0.009480874097461576,0.004653171574206075,0.0
1685212710,100.00049908345707,6.856141430499473,1.8719316428536414,8.221296752924832,1.0510252695545053,19.17819685691479,7.8837550181369975,0.41461410019130474,12.893303229722555,6.4271178514428495,0.6637277427124625,1.6215781536804863,100535091.2,53353403.733333334,11785284.266666668,40267912.53333333,42374212.266666666,17539072.0,81239381.33333333,35637657.6,9556787.2,47165440.0,3032132.2666666666,9485926.4,59.57083333333333,102.91803333333334,3.7344,320.07976666666667,4.1884,53.55886666666667,4.3996,593.9005,78.10773333333333,32.789966666666665,0.004643726728020681,0.0049969098564115,0.048241369010108545,0.004703292035965244,0.004600000000000001,0.22047360502752125,0.004613471445270101,0.00479344141026845,0.009456567930644462,0.004643768708566284,0.0
1685212740,97.0362538310324,5.900418044424851,1.8718876752642637,8.593337167363305,0.989585141618651,18.470311799698557,7.936220737980755,0.446644409112729,12.211527734138432,6.708812008124889,0.6631845361098756,1.625099569909532,100477337.6,53279812.266666666,11677969.066666666,41050112.0,42373120.0,17535931.733333334,81179989.33333333,35835357.86666667,9662054.4,47169536.0,3040870.4,9441826.133333333,61.089600000000004,101.2314,3.669633333333333,312.2820333333333,3.1523666666666665,51.69456666666667,3.2680000000000002,574.5736666666667,77.617,27.8734,0.004649393683447789,0.0049581315873508105,0.04822553732551741,0.004704152867472601,0.004600000000000001,0.22176703561402183,0.004600000000000001,0.0047887596113355465,0.009481367794468232,0.004638071647581472,0.0
1685212770,98.93749140507762,5.683841143996347,1.7256875928822122,8.48254648370209,1.0096633988747166,19.349447122470007,7.508661097771476,0.40888167553965254,12.648151722702615,6.721642052379009,0.642625614232887,1.5708930664958916,100492629.33333333,53289642.666666664,11723298.133333333,39973410.13333333,42373120.0,17235968.0,81174528.0,35715481.6,9521425.066666666,47177728.0,2972057.6,9328230.4,62.12803333333333,106.7217,3.3333333333333335,341.05109999999996,3.6634666666666664,54.26266666666667,3.8008,599.393,76.97026666666667,32.4282,0.004648660584787839,0.004916697521064825,0.04822999026654687,0.0046759449330348625,0.004600000000000001,0.2198495876965031,0.004600000000000001,0.004772144797310149,0.009374138505912014,0.004630950540797178,0.0
1685212800,100.00456190289192,6.467638437050106,1.8771754886397132,8.391855381470391,1.0179020184875036,18.506720679853114,7.98289176074384,0.4543892047681217,13.054812813527954,6.808036100590759,0.6708629221953173,1.6403667380549052,100458496.0,53401190.4,11510852.266666668,41515008.0,42373120.0,17152409.6,81462886.4,36078250.666666664,9488384.0,47567530.666666664,2971238.4,9321130.666666666,61.93333333333333,104.8,3.933333333333333,302.2,3.605633333333333,52.6,3.7333333333333334,596.7913000000001,76.05796666666667,29.1307,0.00463046264750783,0.004908429284636324,0.04838760467610465,0.004651934281445545,0.004600000000000001,0.21465703808599285,0.004600000000000001,0.004731610291930394,0.009231364115017902,0.004630323019440121,0.0
1685212830,98.18154927169681,6.6666373047810445,1.5906342827083562,8.142242449245263,1.004245914654682,19.365323176144873,7.663423810575906,0.4284494224459378,12.756328120317782,6.490890358786758,0.6308287643443204,1.5410679324178014,100487168.0,53340296.53333333,11586218.666666666,42272904.53333333,42373120.0,17440221.866666667,81897335.46666667,35954961.06666667,9869312.0,47580091.733333334,2965913.6,9422711.466666667,60.348333333333336,93.63956666666667,3.066666666666667,305.4155,2.933333333333333,50.32143333333333,2.933333333333333,546.2073666666668,71.98103333333333,26.661633333333334,0.0046353455499523665,0.004919901235318881,0.04797030669933942,0.0046669493171476294,0.004600000000000001,0.21279245718650655,0.004650056274838676,0.004719259929357982,0.009225523415998246,0.004629612147704162,0.06666666666666667
1685212860,97.8608638774372,6.787763948710759,1.7329878798438474,8.537269107847699,1.003207036923558,19.430111288490174,7.568481899369966,0.4239825773802149,12.830242771611928,6.463113176774536,0.6440701734955091,1.6018307421332247,100562534.4,53353813.333333336,11743914.666666666,40254805.333333336,42373120.0,17602969.6,82262016.0,35946632.53333333,9818112.0,47166532.266666666,2967961.6,9390216.533333333,59.46666666666667,104.59623333333334,4.533333333333333,319.46666666666664,4.8116666666666665,54.06666666666667,4.666666666666667,595.4051,78.53843333333333,33.53333333333333,0.004627445623207222,0.004927981579823358,0.04790373744478592,0.004684439300141677,0.004600000000000001,0.21654748520447314,0.004670126339771238,0.0047456251500884224,0.009288556040538512,0.004628998706342312,0.0
1685212890,99.44973196726006,6.386610888458457,1.7724504116511184,8.443941438221485,1.011912944736109,19.098329493874566,7.826567589353562,0.4300471888548467,12.612574224029604,6.7820103627127075,0.6530816085540753,1.574730135282262,100606634.66666667,53311351.46666667,11694080.0,40172339.2,42373120.0,17272832.0,83249015.46666667,36498636.8,9831628.8,47166395.733333334,3009877.3333333335,9353898.666666666,59.21143333333334,98.8835,3.801333333333333,318.3313,3.8024333333333336,53.407066666666665,3.8008,569.5334666666666,73.79136666666666,29.5756,0.004627346617579539,0.0049417368081892165,0.04800572725420657,0.004701993115525394,0.004600000000000001,0.22121357395667082,0.004636320336688862,0.004764263574922101,0.009386294721284417,0.004644214482712157,0.0
1685212920,98.97035293111837,5.786661527893172,1.6347981914686802,8.567543790118203,1.034581139218506,18.770026927050296,7.50354696498974,0.3944551997842154,12.215771651508927,6.502313984834425,0.6364993290985891,1.5108413689686249,100691012.26666667,53270391.46666667,11754837.333333334,41171217.06666667,42373529.6,17442816.0,85943910.4,36068283.733333334,9816746.666666666,47167488.0,3032132.2666666666,9404006.4,59.882266666666666,99.78973333333333,3.0615333333333337,328.10513333333336,3.6440333333333332,50.2,3.457866666666667,558.8794999999999,73.53333333333333,28.189733333333333,0.004682424309799427,0.005780566036401539,0.0478459534847264,0.004745871137722243,0.004600000000000001,0.22736078405629268,0.004654606803706963,0.004822306794304805,0.009629543054878446,0.004647177270349584,0.0
1685212950,98.40897885798036,5.531233264081794,1.6885865672829756,8.299015935123057,1.0360642245704137,17.950686798798365,7.77086273970391,0.44411873736924873,11.955028684307054,6.531987710873965,0.6170954046224134,1.5643781810101551,100724736.0,53282816.0,11746781.866666667,40005085.86666667,42374212.266666666,17574434.133333333,86929271.46666667,36241954.13333333,9656320.0,47169262.93333333,2972057.6,9458073.6,62.7605,102.48916666666668,4.268566666666667,318.65743333333336,4.017166666666666,51.6839,3.6002666666666667,568.7762333333334,73.48366666666668,27.803766666666668,0.004733415072528103,0.007237793628564145,0.04836819336979751,0.0048003593971041,0.004600000000000001,0.23567812832499063,0.0046531916671383134,0.004902334387838389,0.009791007915761934,0.004642135051753122,0.0
1685212980,96.65305115997201,5.591060069699632,1.8396641886665484,8.450453740843473,1.0042326101061518,18.650221944358226,7.607707830838625,0.4753031064316098,12.555317883430972,6.592662418938831,0.6249657920036582,1.539007375017554,100729651.2,53287594.666666664,11691622.4,40268595.2,42375304.53333333,17390796.8,87772364.8,36441702.4,9651541.333333334,47166259.2,2971238.4,9297920.0,63.37966666666667,100.96253333333334,3.9409666666666667,319.2493333333333,3.8967666666666667,54.991933333333336,3.939833333333333,577.3850333333334,73.28596666666667,29.787100000000002,0.004734396788032108,0.007112058124521871,0.049374060709177596,0.004795043474830193,0.004600000000000001,0.23788597846672319,0.004707378503293171,0.004907566724311297,0.009711996773605285,0.004645702969713537,0.0
1685213010,98.85980868776446,5.447488059407858,1.843113467072624,8.394831714608236,1.0324185576726022,18.03200866524395,7.813339713750008,0.425966388680145,12.510696709283055,6.70020355924739,0.6592148568015984,1.5880796504429462,100744942.93333334,55097753.6,11858329.6,39784994.13333333,42373529.6,17620718.933333334,89015637.33333333,36025548.8,9960379.733333332,47165440.0,3033770.6666666665,9417659.733333332,60.0,102.46666666666667,4.4,334.4,4.138966666666667,53.000766666666664,4.400933333333333,574.6,77.26666666666667,33.2,0.004740697128571766,0.007044744260465879,0.052032727963865495,0.004804395445553957,0.004600000000000001,0.23805512652311575,0.004695117510251322,0.0049075721625039355,0.009772924918722265,0.004641184382864368,0.0
1685213040,97.31196001057509,5.398459457313573,2.0442486603640857,8.459389457419563,1.0190811529247983,18.017276925814283,7.589284559444563,0.4475285582896816,12.424844198970224,6.729198238774429,0.6266014228423339,1.6127303545222686,100812117.33333333,53291144.53333333,11762073.6,40805171.2,42377216.0,17678199.466666665,89025467.73333333,36287283.2,10101282.133333333,47165440.0,2969600.0,9486882.133333333,56.6889,91.15623333333333,3.8693666666666666,300.72206666666665,4.003,54.5666,4.2,536.1591,67.94883333333333,29.6054,0.004768501530000798,0.008600066983448233,0.04938630878228788,0.0048638589956603384,0.004600000000000001,0.2527696008349589,0.004648445510243111,0.005257158220429324,0.011652411008522144,0.004628994789423704,0.0
1685213070,99.42821525623069,5.400551903119278,1.877503063375868,7.623994618954163,1.021354725230744,17.793166986371435,7.673615368197392,0.41562501490676484,11.664372027255816,6.557913632229021,0.6017289551958183,1.5467408856493612,100946739.2,53328281.6,11770675.2,39779805.86666667,42375031.46666667,17687756.8,89038711.46666667,36315409.06666667,9477461.333333334,47165440.0,2969600.0,9512550.4,58.13333333333333,98.8,3.933333333333333,303.06666666666666,3.533333333333333,49.211866666666666,3.4,557.4666666666667,75.06666666666666,28.6,0.004795036324046131,0.009890431379372929,0.048863123904500934,0.0049024659530585895,0.004600000000000001,0.2702287700288594,0.004658224146843053,0.005388166376276571,0.013316665456806586,0.004618225458500004,0.0
1685213100,98.4241628240233,6.018882822891653,1.8289088331273533,8.348753270546862,1.0151895098451738,17.888515201508493,7.579196630327852,0.4451013014605772,12.179587894498486,6.587687425125926,0.6192301777709024,1.5392517470163265,101007360.0,53327872.0,11655850.666666666,41182958.93333333,42373120.0,17462476.8,89038848.0,36115797.333333336,9533849.6,47165440.0,3048243.2,9486336.0,59.13606666666667,96.59566666666666,3.2001333333333335,319.22856666666667,3.1946333333333334,50.665499999999994,3.3997333333333333,547.5975666666667,71.9324,29.6646,0.004748392100315436,0.007658482749445839,0.04880872860497517,0.004795562126841272,0.004600000000000001,0.24064974596552743,0.004641810177243688,0.00498908317652144,0.010803406835265528,0.004622631507897494,0.0
1685213130,97.68572984000846,5.993364652064004,1.7898987020274058,8.324242788728842,1.010013316204206,18.365513941303398,7.62010677227955,0.46577210555720383,11.895105886049743,6.602460092460119,0.6394265457654477,1.5683051348141628,100987562.66666667,53317768.53333333,12031590.4,40940202.666666664,42373120.0,17588224.0,89053866.66666667,36317866.666666664,9670382.933333334,47165440.0,2983253.3333333335,9391308.8,57.74893333333333,94.6148,3.6006666666666667,302.15340000000003,4.066666666666666,51.9706,3.9335999999999998,532.7373666666666,67.74476666666666,28.870033333333332,0.004707281548946832,0.0059173630227354595,0.048862299059757544,0.004745231214275768,0.004600000000000001,0.227991636466836,0.00463226070487222,0.004880533222413454,0.009590725596399495,0.004636213173079402,0.0
1685213160,99.99229766567755,5.589923010000032,1.7206192542326277,8.075223161426624,1.0530788987317061,18.463203594300175,7.880740857754058,0.40578770931354663,12.094306558943247,6.672600455730755,0.6192300957981429,1.5198624226080781,100915609.6,53338112.0,11666636.8,41286997.333333336,42374758.4,17497429.333333332,89128960.0,36257655.46666667,9365504.0,47165440.0,3026670.933333333,9501081.6,59.05393333333333,100.20313333333334,3.0,321.2740333333333,3.5997333333333335,51.05186666666667,4.2,565.3300999999999,74.66793333333334,31.931733333333334,0.004756825037516426,0.007287631395680124,0.04893470239245072,0.0048614557359802305,0.004600000000000001,0.24067693275201046,0.004616137076700347,0.004961170715215481,0.009804408769744078,0.004671798419191454,0.0
1685213190,97.00822121659579,6.467299435699387,1.9438448980508667,8.745725214515122,1.079293602175362,18.73962828421513,8.10084214006394,0.45832175197294406,12.421531857110994,6.6828284843126555,0.6665803469705022,1.670154034603859,100932539.73333333,53324731.733333334,11869388.8,40049868.8,42375168.0,17646387.2,89129506.13333334,36687462.4,9824665.6,47175680.0,3032951.466666667,9384891.733333332,58.05743333333333,97.12276666666666,4.6,320.0092333333333,4.2797,52.690900000000006,4.334266666666666,544.7331,70.4506,29.4771,0.004738519464423723,0.006282703446475403,0.04872116992391562,0.0047943296808362155,0.004600000000000001,0.23477815778744596,0.0046359379080186175,0.004917696969476944,0.009640117497291465,0.004671405069537359,0.0
1685213220,97.23789917022971,5.746905659817378,1.9655294871646576,8.353378476953177,1.0384283690702956,18.84309357031749,7.863294091891349,0.48539558201685057,12.385299042351336,6.4989001521756915,0.6632767754985213,1.5485236870552064,100981964.8,53280221.86666667,11570926.933333334,39811618.13333333,42373393.06666667,17289489.066666666,89142476.8,36422724.266666666,9437866.666666666,47166805.333333336,2989397.3333333335,9397043.2,57.4,99.6,3.6,308.33733333333333,3.8,49.8,3.6,552.2032,73.66666666666667,28.933333333333334,0.004771479055039631,0.00624392750821772,0.04881133474069183,0.004719308774218127,0.004600000000000001,0.23158096953686075,0.004651436726995417,0.004896405777067038,0.009680204387385743,0.0046394451690688334,0.0
1685213250,99.43703316814712,5.567119803832255,1.7934859461055743,7.640024378305719,1.052791102903282,17.738114316122857,7.666196093247153,0.42922958123377286,11.772293610769088,6.586912754984193,0.6234714674614228,1.547947912175174,101163417.6,53295786.666666664,11748693.333333334,39912243.2,42374758.4,17475993.6,89149440.0,36509696.0,9623142.4,47165440.0,3019161.6,9529617.066666666,57.52646666666667,105.31006666666667,3.9994666666666663,330.33520000000004,3.335366666666667,50.993433333333336,3.4687,582.7818666666666,78.0988,30.1275,0.004878387787436931,0.008155548810489775,0.048501486171754246,0.004829415475862422,0.004600000000000001,0.24565345040710174,0.0046519941325544574,0.005096259288841374,0.010552905547328831,0.004633481062507216,0.0
1685213280,98.32838216676106,5.626698522104856,1.6970340550806022,8.15669348049833,1.0113020873672156,18.196652638527265,7.734540395863371,0.4008783408788258,12.409908143130188,6.384431861516244,0.6343148199267014,1.5827284989128283,101185126.4,53311078.4,11698176.0,39758233.6,42374894.93333333,17186816.0,89150941.86666666,36832870.4,9743018.666666666,47167214.93333333,2976563.2,9442508.8,59.31413333333333,105.82233333333333,3.1985333333333332,328.70619999999997,2.7989333333333333,50.89956666666667,2.933066666666667,598.9544333333334,78.91073333333334,28.4586,0.004822320259170724,0.007800814644290084,0.048896011000711746,0.004826490462397536,0.004600000000000001,0.24202351584876475,0.004635056753115466,0.0049596467449887814,0.009899593253300277,0.004633306512412979,0.0
1685213310,99.99895675471443,5.388370083675986,1.6789178285580495,8.853018809082188,0.9918529957981642,18.169801830135405,8.012105591957885,0.3902205566728536,11.677157852744694,6.544158694605374,0.6272094507147948,1.5380698154934964,100980326.4,53286502.4,11636736.0,40844629.333333336,42373120.0,17278976.0,89189034.66666667,36654011.733333334,9943722.666666666,47165440.0,2968098.1333333333,9467084.8,58.0,101.0,3.6666666666666665,340.1333333333333,3.533333333333333,52.4,3.6,561.3333333333334,73.2,29.133333333333333,0.004734783531263384,0.007448274589080728,0.04924840646488638,0.004799369578574578,0.004600000000000001,0.23723206723170176,0.004637154717392735,0.00493648240150546,0.01005947642673043,0.004628547351034235,0.06666666666666667
1685213340,94.8376448976018,5.547768549540989,1.7783672255063194,8.791462549040855,0.9791910740516772,18.750668234753142,7.8716293265776445,0.4230841115606777,11.993441520469155,6.33839572906255,0.6176702977587623,1.5580158504078832,100904960.0,53287185.06666667,11795797.333333334,41121382.4,42373120.0,17488691.2,89197090.13333334,36592571.733333334,9492070.4,47165440.0,3019571.2,9327274.666666666,58.3931,102.73526666666666,4.666133333333334,329.08439999999996,4.783933333333334,50.13333333333333,4.598933333333333,574.2009999999999,76.73603333333334,32.10103333333333,0.004732242765772757,0.007170342421693804,0.04840744274207258,0.00480448424506129,0.004600000000000001,0.2357341090918529,0.004631007769722685,0.004935565740923223,0.01028169242400016,0.0046474389688924925,0.0
1685213370,100.00147539207897,5.572488783800577,1.967848566094829,8.706169704207884,1.0006486550487035,17.169097084296574,7.521378621831521,0.46052947991910004,11.456775192508804,6.386045312025009,0.5776096627004845,1.528233114563179,100904960.0,53285683.2,11575296.0,42625433.6,42373120.0,17555456.0,89198592.0,36786176.0,9596928.0,47165440.0,2966323.2,9236480.0,55.6,93.6,4.0,282.4,3.6,52.4,3.2,554.4,74.0,30.4,0.004727742680908681,0.007751174028302045,0.04876853146853147,0.004841627087346848,0.0046,0.23725822784810124,0.0046,0.00496417942410348,0.011222360248447185,0.004671064974350153,0.0
